timestamp,lead_leg,front_knee_angle,back_knee_angle,smoothed_front_knee,smoothed_back_knee,front_hip_angle,back_hip_angle,torso_angle,hip_tilt_angle,shoulder_tilt_angle,visibility,state,rep_count,left_reps,right_reps,form_status,feedback
0,,,,,,,,,,,0.0,UP,0,0,0,NO PERSON,Step into frame
33,,,,,,,,,,,0.0,UP,0,0,0,NO PERSON,Step into frame
66,,,,,,,,,,,0.0,UP,0,0,0,NO PERSON,Step into frame
100,,,,,,,,,,,0.0,UP,0,0,0,NO PERSON,Step into frame
133,,,,,,,,,,,0.0,UP,0,0,0,NO PERSON,Step into frame
166,,,,,,,,,,,0.0,UP,0,0,0,LOW CONFIDENCE,Adjust camera view
200,,,,,,,,,,,0.0,UP,0,0,0,LOW CONFIDENCE,Adjust camera view
233,,,,,,,,,,,0.001,UP,0,0,0,LOW CONFIDENCE,Adjust camera view
266,,,,,,,,,,,0.001,UP,0,0,0,LOW CONFIDENCE,Adjust camera view
300,,,,,,,,,,,0.001,UP,0,0,0,LOW CONFIDENCE,Adjust camera view
333,,,,,,,,,,,0.001,UP,0,0,0,LOW CONFIDENCE,Adjust camera view
366,,,,,,,,,,,0.002,UP,0,0,0,LOW CONFIDENCE,Adjust camera view
400,,,,,,,,,,,0.002,UP,0,0,0,LOW CONFIDENCE,Adjust camera view
433,,,,,,,,,,,0.002,UP,0,0,0,LOW CONFIDENCE,Adjust camera view
466,,,,,,,,,,,0.002,UP,0,0,0,LOW CONFIDENCE,Adjust camera view
500,,,,,,,,,,,0.002,UP,0,0,0,LOW CONFIDENCE,Adjust camera view
533,,,,,,,,,,,0.002,UP,0,0,0,LOW CONFIDENCE,Adjust camera view
566,,,,,,,,,,,0.002,UP,0,0,0,LOW CONFIDENCE,Adjust camera view
600,,,,,,,,,,,0.002,UP,0,0,0,LOW CONFIDENCE,Adjust camera view
633,,,,,,,,,,,0.003,UP,0,0,0,LOW CONFIDENCE,Adjust camera view
666,,,,,,,,,,,0.004,UP,0,0,0,LOW CONFIDENCE,Adjust camera view
700,,,,,,,,,,,0.005,UP,0,0,0,LOW CONFIDENCE,Adjust camera view
733,,,,,,,,,,,0.006,UP,0,0,0,LOW CONFIDENCE,Adjust camera view
766,,,,,,,,,,,0.006,UP,0,0,0,LOW CONFIDENCE,Adjust camera view
800,,,,,,,,,,,0.007,UP,0,0,0,LOW CONFIDENCE,Adjust camera view
833,,,,,,,,,,,0.007,UP,0,0,0,LOW CONFIDENCE,Adjust camera view
866,,,,,,,,,,,0.007,UP,0,0,0,LOW CONFIDENCE,Adjust camera view
900,,,,,,,,,,,0.007,UP,0,0,0,LOW CONFIDENCE,Adjust camera view
933,,,,,,,,,,,0.007,UP,0,0,0,LOW CONFIDENCE,Adjust camera view
966,,,,,,,,,,,0.008,UP,0,0,0,LOW CONFIDENCE,Adjust camera view
1000,,,,,,,,,,,0.008,UP,0,0,0,LOW CONFIDENCE,Adjust camera view
1033,,,,,,,,,,,0.008,UP,0,0,0,LOW CONFIDENCE,Adjust camera view
1066,,,,,,,,,,,0.008,UP,0,0,0,LOW CONFIDENCE,Adjust camera view
1100,,,,,,,,,,,0.008,UP,0,0,0,LOW CONFIDENCE,Adjust camera view
1133,,,,,,,,,,,0.008,UP,0,0,0,LOW CONFIDENCE,Adjust camera view
1166,,,,,,,,,,,0.008,UP,0,0,0,LOW CONFIDENCE,Adjust camera view
1200,,,,,,,,,,,0.007,UP,0,0,0,LOW CONFIDENCE,Adjust camera view
1233,,,,,,,,,,,0.007,UP,0,0,0,LOW CONFIDENCE,Adjust camera view
1266,,,,,,,,,,,0.006,UP,0,0,0,LOW CONFIDENCE,Adjust camera view
1300,,,,,,,,,,,0.006,UP,0,0,0,LOW CONFIDENCE,Adjust camera view
1333,,,,,,,,,,,0.005,UP,0,0,0,LOW CONFIDENCE,Adjust camera view
1366,,,,,,,,,,,0.005,UP,0,0,0,LOW CONFIDENCE,Adjust camera view
1400,,,,,,,,,,,0.005,UP,0,0,0,LOW CONFIDENCE,Adjust camera view
1433,,,,,,,,,,,0.004,UP,0,0,0,LOW CONFIDENCE,Adjust camera view
1466,,,,,,,,,,,0.004,UP,0,0,0,LOW CONFIDENCE,Adjust camera view
1500,,,,,,,,,,,0.004,UP,0,0,0,LOW CONFIDENCE,Adjust camera view
1533,,,,,,,,,,,0.004,UP,0,0,0,LOW CONFIDENCE,Adjust camera view
1566,,,,,,,,,,,0.004,UP,0,0,0,LOW CONFIDENCE,Adjust camera view
1600,,,,,,,,,,,0.003,UP,0,0,0,LOW CONFIDENCE,Adjust camera view
1633,,,,,,,,,,,0.003,UP,0,0,0,LOW CONFIDENCE,Adjust camera view
1666,,,,,,,,,,,0.003,UP,0,0,0,LOW CONFIDENCE,Adjust camera view
1700,,,,,,,,,,,0.003,UP,0,0,0,LOW CONFIDENCE,Adjust camera view
1733,,,,,,,,,,,0.003,UP,0,0,0,LOW CONFIDENCE,Adjust camera view
1766,,,,,,,,,,,0.003,UP,0,0,0,LOW CONFIDENCE,Adjust camera view
1800,,,,,,,,,,,0.003,UP,0,0,0,LOW CONFIDENCE,Adjust camera view
1833,,,,,,,,,,,0.002,UP,0,0,0,LOW CONFIDENCE,Adjust camera view
1866,,,,,,,,,,,0.002,UP,0,0,0,LOW CONFIDENCE,Adjust camera view
1900,,,,,,,,,,,0.002,UP,0,0,0,LOW CONFIDENCE,Adjust camera view
1933,,,,,,,,,,,0.002,UP,0,0,0,LOW CONFIDENCE,Adjust camera view
1966,,,,,,,,,,,0.002,UP,0,0,0,LOW CONFIDENCE,Adjust camera view
2000,,,,,,,,,,,0.002,UP,0,0,0,LOW CONFIDENCE,Adjust camera view
2033,,,,,,,,,,,0.002,UP,0,0,0,LOW CONFIDENCE,Adjust camera view
2066,,,,,,,,,,,0.002,UP,0,0,0,LOW CONFIDENCE,Adjust camera view
2100,,,,,,,,,,,0.002,UP,0,0,0,LOW CONFIDENCE,Adjust camera view
2133,,,,,,,,,,,0.002,UP,0,0,0,LOW CONFIDENCE,Adjust camera view
2166,,,,,,,,,,,0.002,UP,0,0,0,LOW CONFIDENCE,Adjust camera view
2200,,,,,,,,,,,0.001,UP,0,0,0,LOW CONFIDENCE,Adjust camera view
2233,,,,,,,,,,,0.001,UP,0,0,0,LOW CONFIDENCE,Adjust camera view
2266,,,,,,,,,,,0.001,UP,0,0,0,LOW CONFIDENCE,Adjust camera view
2300,,,,,,,,,,,0.001,UP,0,0,0,LOW CONFIDENCE,Adjust camera view
2333,,,,,,,,,,,0.001,UP,0,0,0,LOW CONFIDENCE,Adjust camera view
2366,,,,,,,,,,,0.001,UP,0,0,0,LOW CONFIDENCE,Adjust camera view
2400,,,,,,,,,,,0.001,UP,0,0,0,LOW CONFIDENCE,Adjust camera view
2433,,,,,,,,,,,0.001,UP,0,0,0,LOW CONFIDENCE,Adjust camera view
2466,,,,,,,,,,,0.001,UP,0,0,0,LOW CONFIDENCE,Adjust camera view
2500,,,,,,,,,,,0.001,UP,0,0,0,LOW CONFIDENCE,Adjust camera view
2533,,,,,,,,,,,0.001,UP,0,0,0,LOW CONFIDENCE,Adjust camera view
2566,,,,,,,,,,,0.002,UP,0,0,0,LOW CONFIDENCE,Adjust camera view
2600,,,,,,,,,,,0.002,UP,0,0,0,LOW CONFIDENCE,Adjust camera view
2633,,,,,,,,,,,0.002,UP,0,0,0,LOW CONFIDENCE,Adjust camera view
2666,,,,,,,,,,,0.002,UP,0,0,0,LOW CONFIDENCE,Adjust camera view
2700,,,,,,,,,,,0.003,UP,0,0,0,LOW CONFIDENCE,Adjust camera view
2733,,,,,,,,,,,0.003,UP,0,0,0,LOW CONFIDENCE,Adjust camera view
2766,,,,,,,,,,,0.003,UP,0,0,0,LOW CONFIDENCE,Adjust camera view
2800,,,,,,,,,,,0.004,UP,0,0,0,LOW CONFIDENCE,Adjust camera view
2833,,,,,,,,,,,0.004,UP,0,0,0,LOW CONFIDENCE,Adjust camera view
2866,,,,,,,,,,,0.004,UP,0,0,0,LOW CONFIDENCE,Adjust camera view
2900,,,,,,,,,,,0.004,UP,0,0,0,LOW CONFIDENCE,Adjust camera view
2933,,,,,,,,,,,0.004,UP,0,0,0,LOW CONFIDENCE,Adjust camera view
2966,,,,,,,,,,,0.004,UP,0,0,0,LOW CONFIDENCE,Adjust camera view
3000,,,,,,,,,,,0.004,UP,0,0,0,LOW CONFIDENCE,Adjust camera view
3033,,,,,,,,,,,0.004,UP,0,0,0,LOW CONFIDENCE,Adjust camera view
3066,,,,,,,,,,,0.004,UP,0,0,0,LOW CONFIDENCE,Adjust camera view
3100,,,,,,,,,,,0.004,UP,0,0,0,LOW CONFIDENCE,Adjust camera view
3133,,,,,,,,,,,0.004,UP,0,0,0,LOW CONFIDENCE,Adjust camera view
3166,,,,,,,,,,,0.004,UP,0,0,0,LOW CONFIDENCE,Adjust camera view
3200,,,,,,,,,,,0.005,UP,0,0,0,LOW CONFIDENCE,Adjust camera view
3233,,,,,,,,,,,0.005,UP,0,0,0,LOW CONFIDENCE,Adjust camera view
3266,,,,,,,,,,,0.006,UP,0,0,0,LOW CONFIDENCE,Adjust camera view
3300,,,,,,,,,,,0.007,UP,0,0,0,LOW CONFIDENCE,Adjust camera view
3333,,,,,,,,,,,0.007,UP,0,0,0,LOW CONFIDENCE,Adjust camera view
3366,,,,,,,,,,,0.007,UP,0,0,0,LOW CONFIDENCE,Adjust camera view
3400,,,,,,,,,,,0.007,UP,0,0,0,LOW CONFIDENCE,Adjust camera view
3433,,,,,,,,,,,0.007,UP,0,0,0,LOW CONFIDENCE,Adjust camera view
3466,,,,,,,,,,,0.007,UP,0,0,0,LOW CONFIDENCE,Adjust camera view
3500,,,,,,,,,,,0.008,UP,0,0,0,LOW CONFIDENCE,Adjust camera view
3533,,,,,,,,,,,0.01,UP,0,0,0,LOW CONFIDENCE,Adjust camera view
3566,,,,,,,,,,,0.012,UP,0,0,0,LOW CONFIDENCE,Adjust camera view
3600,,,,,,,,,,,0.013,UP,0,0,0,LOW CONFIDENCE,Adjust camera view
3633,,,,,,,,,,,0.015,UP,0,0,0,LOW CONFIDENCE,Adjust camera view
3666,,,,,,,,,,,0.015,UP,0,0,0,LOW CONFIDENCE,Adjust camera view
3700,,,,,,,,,,,0.015,UP,0,0,0,LOW CONFIDENCE,Adjust camera view
3733,,,,,,,,,,,0.014,UP,0,0,0,LOW CONFIDENCE,Adjust camera view
3766,,,,,,,,,,,0.014,UP,0,0,0,LOW CONFIDENCE,Adjust camera view
3800,,,,,,,,,,,0.013,UP,0,0,0,LOW CONFIDENCE,Adjust camera view
3833,,,,,,,,,,,0.013,UP,0,0,0,LOW CONFIDENCE,Adjust camera view
3866,,,,,,,,,,,0.012,UP,0,0,0,LOW CONFIDENCE,Adjust camera view
3900,,,,,,,,,,,0.012,UP,0,0,0,LOW CONFIDENCE,Adjust camera view
3933,,,,,,,,,,,0.012,UP,0,0,0,LOW CONFIDENCE,Adjust camera view
3966,,,,,,,,,,,0.012,UP,0,0,0,LOW CONFIDENCE,Adjust camera view
4000,,,,,,,,,,,0.011,UP,0,0,0,LOW CONFIDENCE,Adjust camera view
4033,,,,,,,,,,,0.011,UP,0,0,0,LOW CONFIDENCE,Adjust camera view
4066,,,,,,,,,,,0.011,UP,0,0,0,LOW CONFIDENCE,Adjust camera view
4100,,,,,,,,,,,0.011,UP,0,0,0,LOW CONFIDENCE,Adjust camera view
4133,,,,,,,,,,,0.011,UP,0,0,0,LOW CONFIDENCE,Adjust camera view
4166,,,,,,,,,,,0.011,UP,0,0,0,LOW CONFIDENCE,Adjust camera view
4200,,,,,,,,,,,0.012,UP,0,0,0,LOW CONFIDENCE,Adjust camera view
4233,,,,,,,,,,,0.012,UP,0,0,0,LOW CONFIDENCE,Adjust camera view
4266,,,,,,,,,,,0.013,UP,0,0,0,LOW CONFIDENCE,Adjust camera view
4300,,,,,,,,,,,0.013,UP,0,0,0,LOW CONFIDENCE,Adjust camera view
4333,,,,,,,,,,,0.013,UP,0,0,0,LOW CONFIDENCE,Adjust camera view
4366,,,,,,,,,,,0.013,UP,0,0,0,LOW CONFIDENCE,Adjust camera view
4400,,,,,,,,,,,0.012,UP,0,0,0,LOW CONFIDENCE,Adjust camera view
4433,,,,,,,,,,,0.012,UP,0,0,0,LOW CONFIDENCE,Adjust camera view
4466,,,,,,,,,,,0.012,UP,0,0,0,LOW CONFIDENCE,Adjust camera view
4500,,,,,,,,,,,0.012,UP,0,0,0,LOW CONFIDENCE,Adjust camera view
4533,,,,,,,,,,,0.013,UP,0,0,0,LOW CONFIDENCE,Adjust camera view
4566,,,,,,,,,,,0.013,UP,0,0,0,LOW CONFIDENCE,Adjust camera view
4600,,,,,,,,,,,0.013,UP,0,0,0,LOW CONFIDENCE,Adjust camera view
4633,,,,,,,,,,,0.014,UP,0,0,0,LOW CONFIDENCE,Adjust camera view
4666,,,,,,,,,,,0.014,UP,0,0,0,LOW CONFIDENCE,Adjust camera view
4700,,,,,,,,,,,0.013,UP,0,0,0,LOW CONFIDENCE,Adjust camera view
4733,,,,,,,,,,,0.013,UP,0,0,0,LOW CONFIDENCE,Adjust camera view
4766,,,,,,,,,,,0.013,UP,0,0,0,LOW CONFIDENCE,Adjust camera view
4800,,,,,,,,,,,0.014,UP,0,0,0,LOW CONFIDENCE,Adjust camera view
4833,,,,,,,,,,,0.015,UP,0,0,0,LOW CONFIDENCE,Adjust camera view
4866,,,,,,,,,,,0.016,UP,0,0,0,LOW CONFIDENCE,Adjust camera view
4900,,,,,,,,,,,0.018,UP,0,0,0,LOW CONFIDENCE,Adjust camera view
4933,,,,,,,,,,,0.019,UP,0,0,0,LOW CONFIDENCE,Adjust camera view
4966,,,,,,,,,,,0.02,UP,0,0,0,LOW CONFIDENCE,Adjust camera view
5000,,,,,,,,,,,0.021,UP,0,0,0,LOW CONFIDENCE,Adjust camera view
5033,,,,,,,,,,,0.022,UP,0,0,0,LOW CONFIDENCE,Adjust camera view
5066,,,,,,,,,,,0.021,UP,0,0,0,LOW CONFIDENCE,Adjust camera view
5100,,,,,,,,,,,0.021,UP,0,0,0,LOW CONFIDENCE,Adjust camera view
5133,,,,,,,,,,,0.021,UP,0,0,0,LOW CONFIDENCE,Adjust camera view
5166,,,,,,,,,,,0.021,UP,0,0,0,LOW CONFIDENCE,Adjust camera view
5200,,,,,,,,,,,0.02,UP,0,0,0,LOW CONFIDENCE,Adjust camera view
5233,,,,,,,,,,,0.02,UP,0,0,0,LOW CONFIDENCE,Adjust camera view
5266,,,,,,,,,,,0.02,UP,0,0,0,LOW CONFIDENCE,Adjust camera view
5300,,,,,,,,,,,0.02,UP,0,0,0,LOW CONFIDENCE,Adjust camera view
5333,,,,,,,,,,,0.02,UP,0,0,0,LOW CONFIDENCE,Adjust camera view
5366,,,,,,,,,,,0.02,UP,0,0,0,LOW CONFIDENCE,Adjust camera view
5400,,,,,,,,,,,0.021,UP,0,0,0,LOW CONFIDENCE,Adjust camera view
5433,,,,,,,,,,,0.021,UP,0,0,0,LOW CONFIDENCE,Adjust camera view
5466,,,,,,,,,,,0.022,UP,0,0,0,LOW CONFIDENCE,Adjust camera view
5500,,,,,,,,,,,0.023,UP,0,0,0,LOW CONFIDENCE,Adjust camera view
5533,,,,,,,,,,,0.026,UP,0,0,0,LOW CONFIDENCE,Adjust camera view
5566,,,,,,,,,,,0.031,UP,0,0,0,LOW CONFIDENCE,Adjust camera view
5600,,,,,,,,,,,0.039,UP,0,0,0,LOW CONFIDENCE,Adjust camera view
5633,,,,,,,,,,,0.047,UP,0,0,0,LOW CONFIDENCE,Adjust camera view
5666,,,,,,,,,,,0.056,UP,0,0,0,LOW CONFIDENCE,Adjust camera view
5700,,,,,,,,,,,0.067,UP,0,0,0,LOW CONFIDENCE,Adjust camera view
5733,,,,,,,,,,,0.076,UP,0,0,0,LOW CONFIDENCE,Adjust camera view
5766,,,,,,,,,,,0.085,UP,0,0,0,LOW CONFIDENCE,Adjust camera view
5800,,,,,,,,,,,0.071,UP,0,0,0,NO PERSON,Step into frame
5833,,,,,,,,,,,0.057,UP,0,0,0,NO PERSON,Step into frame
5866,,,,,,,,,,,0.04,UP,0,0,0,NO PERSON,Step into frame
5900,,,,,,,,,,,0.021,UP,0,0,0,NO PERSON,Step into frame
5933,,,,,,,,,,,0.0,UP,0,0,0,NO PERSON,Step into frame
5966,,,,,,,,,,,0.0,UP,0,0,0,NO PERSON,Step into frame
6000,,,,,,,,,,,0.0,UP,0,0,0,NO PERSON,Step into frame
6033,,,,,,,,,,,0.0,UP,0,0,0,NO PERSON,Step into frame
6066,,,,,,,,,,,0.0,UP,0,0,0,NO PERSON,Step into frame
6100,,,,,,,,,,,0.0,UP,0,0,0,NO PERSON,Step into frame
6133,,,,,,,,,,,0.0,UP,0,0,0,NO PERSON,Step into frame
6166,,,,,,,,,,,0.0,UP,0,0,0,NO PERSON,Step into frame
6200,,,,,,,,,,,0.0,UP,0,0,0,NO PERSON,Step into frame
6233,,,,,,,,,,,0.0,UP,0,0,0,NO PERSON,Step into frame
6266,,,,,,,,,,,0.0,UP,0,0,0,NO PERSON,Step into frame
6300,,,,,,,,,,,0.0,UP,0,0,0,NO PERSON,Step into frame
6333,,,,,,,,,,,0.0,UP,0,0,0,NO PERSON,Step into frame
6366,,,,,,,,,,,0.0,UP,0,0,0,NO PERSON,Step into frame
6400,,,,,,,,,,,0.0,UP,0,0,0,NO PERSON,Step into frame
6433,,,,,,,,,,,0.0,UP,0,0,0,NO PERSON,Step into frame
6466,,,,,,,,,,,0.0,UP,0,0,0,NO PERSON,Step into frame
6500,,,,,,,,,,,0.0,UP,0,0,0,NO PERSON,Step into frame
6533,,,,,,,,,,,0.029,UP,0,0,0,LOW CONFIDENCE,Adjust camera view
6566,,,,,,,,,,,0.062,UP,0,0,0,LOW CONFIDENCE,Adjust camera view
6600,,,,,,,,,,,0.108,UP,0,0,0,LOW CONFIDENCE,Adjust camera view
6633,,,,,,,,,,,0.164,UP,0,0,0,LOW CONFIDENCE,Adjust camera view
6666,,,,,,,,,,,0.229,UP,0,0,0,LOW CONFIDENCE,Adjust camera view
6700,,,,,,,,,,,0.276,UP,0,0,0,LOW CONFIDENCE,Adjust camera view
6733,,,,,,,,,,,0.329,UP,0,0,0,LOW CONFIDENCE,Adjust camera view
6766,,,,,,,,,,,0.379,UP,0,0,0,LOW CONFIDENCE,Adjust camera view
6800,,,,,,,,,,,0.422,UP,0,0,0,LOW CONFIDENCE,Adjust camera view
6833,,,,,,,,,,,0.462,UP,0,0,0,LOW CONFIDENCE,Adjust camera view
6866,,,,,,,,,,,0.495,UP,0,0,0,LOW CONFIDENCE,Adjust camera view
6900,RIGHT,125.2,107.0,125.2,107.0,122.5,173.6,33.7,161.7,136.2,0.523,UP,0,0,0,FORM ISSUE,Keep torso upright - don't lean forward
6933,RIGHT,140.6,134.6,132.9,120.8,146.1,163.5,33.1,119.1,96.4,0.546,UP,0,0,0,FORM ISSUE,Keep torso upright - don't lean forward
6966,RIGHT,111.0,136.6,125.6,126.1,129.4,164.5,31.7,126.2,134.5,0.569,UP,0,0,0,FORM ISSUE,Keep torso upright - don't lean forward
7000,LEFT,106.3,139.4,120.8,129.4,101.6,174.8,29.9,63.8,59.9,0.584,UP,0,0,0,FORM ISSUE,Keep torso upright - don't lean forward
7033,LEFT,108.6,149.6,118.3,133.4,127.9,176.6,31.1,66.8,70.0,0.595,DOWN,0,0,0,FORM ISSUE,Keep torso upright - don't lean forward
7066,LEFT,129.6,179.2,119.2,147.9,115.7,150.7,32.2,47.9,28.5,0.601,DOWN,0,0,0,FORM ISSUE,Keep torso upright - don't lean forward
7100,RIGHT,132.1,118.9,117.5,144.7,128.6,160.2,31.7,133.0,79.8,0.606,DOWN,0,0,0,FORM ISSUE,Keep torso upright - don't lean forward
7133,RIGHT,103.3,125.4,116.0,142.5,94.0,172.7,35.9,171.5,164.8,0.612,DOWN,0,0,0,FORM ISSUE,Keep torso upright - don't lean forward
7166,RIGHT,114.1,139.1,117.5,142.4,95.3,178.0,37.1,163.2,140.7,0.627,DOWN,0,0,0,FORM ISSUE,Keep torso upright - don't lean forward
7200,RIGHT,103.4,139.5,116.5,140.4,84.0,176.5,37.6,161.4,135.9,0.648,DOWN,0,0,0,FORM ISSUE,Keep torso upright - don't lean forward
7233,RIGHT,109.6,148.2,112.5,134.2,90.4,169.2,38.0,152.7,130.3,0.672,DOWN,0,0,0,FORM ISSUE,Keep torso upright - don't lean forward
7266,RIGHT,119.7,145.1,110.0,139.5,96.0,177.1,39.6,164.1,141.6,0.697,DOWN,0,0,0,FORM ISSUE,Keep torso upright - don't lean forward
7300,RIGHT,111.5,175.5,111.7,149.5,105.5,149.2,40.1,151.7,137.4,0.722,DOWN,0,0,0,FORM ISSUE,Keep torso upright - don't lean forward
7333,RIGHT,132.7,138.3,115.4,149.3,113.4,149.6,42.4,160.4,129.6,0.738,DOWN,0,0,0,FORM ISSUE,Keep torso upright - don't lean forward
7366,LEFT,127.6,143.9,120.2,150.2,95.7,155.9,43.9,175.1,158.8,0.75,DOWN,0,0,0,FORM ISSUE,Keep torso upright - don't lean forward
7400,LEFT,107.0,144.8,119.7,149.5,74.3,136.4,45.6,159.2,127.9,0.758,DOWN,0,0,0,FORM ISSUE,Keep torso upright - don't lean forward
7433,LEFT,124.9,149.7,120.7,150.4,93.4,149.6,44.4,157.4,149.7,0.764,DOWN,0,0,0,FORM ISSUE,Keep torso upright - don't lean forward
7466,RIGHT,106.0,99.0,119.6,135.1,82.2,93.5,44.1,171.7,134.7,0.765,DOWN,0,0,0,FORM ISSUE,Keep torso upright - don't lean forward
7500,RIGHT,97.3,88.1,112.6,125.1,77.6,91.1,44.3,155.8,123.6,0.769,DOWN,0,0,0,FORM ISSUE,Keep torso upright - don't lean forward
7533,LEFT,128.8,100.6,112.8,116.4,98.9,104.6,45.5,176.6,178.0,0.772,DOWN,0,0,0,FORM ISSUE,Keep torso upright - don't lean forward
7566,LEFT,118.8,100.6,115.1,107.6,86.1,96.7,47.0,174.2,170.9,0.773,DOWN,0,0,0,FORM ISSUE,Keep torso upright - don't lean forward
7600,LEFT,121.2,138.7,114.4,105.4,89.0,141.6,46.6,161.0,141.6,0.772,DOWN,0,0,0,FORM ISSUE,Keep torso upright - don't lean forward
7633,LEFT,118.1,159.8,116.8,117.6,85.5,166.5,47.6,123.4,69.4,0.771,DOWN,0,0,0,FORM ISSUE,Keep torso upright - don't lean forward
7666,LEFT,122.6,149.2,121.9,129.8,88.1,154.3,47.4,133.9,72.2,0.769,DOWN,0,0,0,FORM ISSUE,Keep torso upright - don't lean forward
7700,LEFT,153.4,179.0,126.8,145.5,150.5,174.9,48.4,79.0,78.6,0.76,DOWN,0,0,0,FORM ISSUE,Keep torso upright - don't lean forward
7733,RIGHT,121.6,136.8,127.4,152.7,116.6,126.1,47.3,107.8,75.6,0.751,DOWN,0,0,0,FORM ISSUE,Keep torso upright - don't lean forward
7766,LEFT,126.5,151.2,128.5,155.2,88.2,152.1,47.2,103.5,104.4,0.738,DOWN,0,0,0,FORM ISSUE,Keep torso upright - don't lean forward
7800,RIGHT,97.9,120.9,124.4,147.4,71.8,135.8,47.6,175.7,178.4,0.729,DOWN,0,0,0,FORM ISSUE,Keep torso upright - don't lean forward
7833,,,,,,,,,,,0.576,DOWN,0,0,0,NO PERSON,Step into frame
7866,,,,,,,,,,,0.43,DOWN,0,0,0,NO PERSON,Step into frame
7900,,,,,,,,,,,0.285,DOWN,0,0,0,NO PERSON,Step into frame
7933,,,,,,,,,,,0.28,DOWN,0,0,0,LOW CONFIDENCE,Adjust camera view
7966,,,,,,,,,,,0.27,DOWN,0,0,0,LOW CONFIDENCE,Adjust camera view
8000,,,,,,,,,,,0.395,DOWN,0,0,0,LOW CONFIDENCE,Adjust camera view
8033,,,,,,,,,,,0.395,DOWN,0,0,0,NO PERSON,Step into frame
8066,,,,,,,,,,,0.395,DOWN,0,0,0,NO PERSON,Step into frame
8100,,,,,,,,,,,0.258,DOWN,0,0,0,NO PERSON,Step into frame
8133,,,,,,,,,,,0.125,DOWN,0,0,0,NO PERSON,Step into frame
8166,,,,,,,,,,,0.0,DOWN,0,0,0,NO PERSON,Step into frame
8200,,,,,,,,,,,0.0,DOWN,0,0,0,NO PERSON,Step into frame
8233,,,,,,,,,,,0.0,DOWN,0,0,0,NO PERSON,Step into frame
8266,,,,,,,,,,,0.0,DOWN,0,0,0,NO PERSON,Step into frame
8300,,,,,,,,,,,0.0,DOWN,0,0,0,NO PERSON,Step into frame
8333,,,,,,,,,,,0.116,DOWN,0,0,0,LOW CONFIDENCE,Adjust camera view
8366,,,,,,,,,,,0.225,DOWN,0,0,0,LOW CONFIDENCE,Adjust camera view
8400,,,,,,,,,,,0.332,DOWN,0,0,0,LOW CONFIDENCE,Adjust camera view
8433,,,,,,,,,,,0.43,DOWN,0,0,0,LOW CONFIDENCE,Adjust camera view
8466,LEFT,167.1,161.9,133.3,149.9,166.1,169.3,6.5,178.1,170.3,0.518,DOWN,0,0,0,FORM ISSUE,Pelvis tilting - keep hips square
8500,,,,,,,,,,,0.482,DOWN,0,0,0,LOW CONFIDENCE,Adjust camera view
8533,,,,,,,,,,,0.445,DOWN,0,0,0,LOW CONFIDENCE,Adjust camera view
8566,,,,,,,,,,,0.404,DOWN,0,0,0,LOW CONFIDENCE,Adjust camera view
8600,,,,,,,,,,,0.365,DOWN,0,0,0,LOW CONFIDENCE,Adjust camera view
8633,,,,,,,,,,,0.329,DOWN,0,0,0,LOW CONFIDENCE,Adjust camera view
8666,,,,,,,,,,,0.297,DOWN,0,0,0,LOW CONFIDENCE,Adjust camera view
8700,,,,,,,,,,,0.269,DOWN,0,0,0,LOW CONFIDENCE,Adjust camera view
8733,,,,,,,,,,,0.243,DOWN,0,0,0,LOW CONFIDENCE,Adjust camera view
8766,,,,,,,,,,,0.219,DOWN,0,0,0,LOW CONFIDENCE,Adjust camera view
8800,,,,,,,,,,,0.198,DOWN,0,0,0,LOW CONFIDENCE,Adjust camera view
8833,,,,,,,,,,,0.179,DOWN,0,0,0,LOW CONFIDENCE,Adjust camera view
8866,,,,,,,,,,,0.162,DOWN,0,0,0,LOW CONFIDENCE,Adjust camera view
8900,,,,,,,,,,,0.147,DOWN,0,0,0,LOW CONFIDENCE,Adjust camera view
8933,,,,,,,,,,,0.133,DOWN,0,0,0,LOW CONFIDENCE,Adjust camera view
8966,,,,,,,,,,,0.121,DOWN,0,0,0,LOW CONFIDENCE,Adjust camera view
9000,,,,,,,,,,,0.11,DOWN,0,0,0,LOW CONFIDENCE,Adjust camera view
9033,,,,,,,,,,,0.1,DOWN,0,0,0,LOW CONFIDENCE,Adjust camera view
9066,,,,,,,,,,,0.091,DOWN,0,0,0,LOW CONFIDENCE,Adjust camera view
9100,,,,,,,,,,,0.083,DOWN,0,0,0,LOW CONFIDENCE,Adjust camera view
9133,,,,,,,,,,,0.076,DOWN,0,0,0,LOW CONFIDENCE,Adjust camera view
9166,,,,,,,,,,,0.07,DOWN,0,0,0,LOW CONFIDENCE,Adjust camera view
9200,,,,,,,,,,,0.064,DOWN,0,0,0,LOW CONFIDENCE,Adjust camera view
9233,,,,,,,,,,,0.059,DOWN,0,0,0,LOW CONFIDENCE,Adjust camera view
9266,,,,,,,,,,,0.055,DOWN,0,0,0,LOW CONFIDENCE,Adjust camera view
9300,,,,,,,,,,,0.051,DOWN,0,0,0,LOW CONFIDENCE,Adjust camera view
9333,,,,,,,,,,,0.047,DOWN,0,0,0,LOW CONFIDENCE,Adjust camera view
9366,,,,,,,,,,,0.044,DOWN,0,0,0,LOW CONFIDENCE,Adjust camera view
9400,,,,,,,,,,,0.041,DOWN,0,0,0,LOW CONFIDENCE,Adjust camera view
9433,,,,,,,,,,,0.038,DOWN,0,0,0,LOW CONFIDENCE,Adjust camera view
9466,,,,,,,,,,,0.036,DOWN,0,0,0,LOW CONFIDENCE,Adjust camera view
9500,,,,,,,,,,,0.033,DOWN,0,0,0,LOW CONFIDENCE,Adjust camera view
9533,,,,,,,,,,,0.031,DOWN,0,0,0,LOW CONFIDENCE,Adjust camera view
9566,,,,,,,,,,,0.029,DOWN,0,0,0,LOW CONFIDENCE,Adjust camera view
9600,,,,,,,,,,,0.028,DOWN,0,0,0,LOW CONFIDENCE,Adjust camera view
9633,,,,,,,,,,,0.026,DOWN,0,0,0,LOW CONFIDENCE,Adjust camera view
9666,,,,,,,,,,,0.025,DOWN,0,0,0,LOW CONFIDENCE,Adjust camera view
9700,,,,,,,,,,,0.023,DOWN,0,0,0,LOW CONFIDENCE,Adjust camera view
9733,,,,,,,,,,,0.022,DOWN,0,0,0,LOW CONFIDENCE,Adjust camera view
9766,,,,,,,,,,,0.022,DOWN,0,0,0,LOW CONFIDENCE,Adjust camera view
9800,,,,,,,,,,,0.022,DOWN,0,0,0,LOW CONFIDENCE,Adjust camera view
9833,,,,,,,,,,,0.023,DOWN,0,0,0,LOW CONFIDENCE,Adjust camera view
9866,,,,,,,,,,,0.024,DOWN,0,0,0,LOW CONFIDENCE,Adjust camera view
9900,,,,,,,,,,,0.025,DOWN,0,0,0,LOW CONFIDENCE,Adjust camera view
9933,,,,,,,,,,,0.026,DOWN,0,0,0,LOW CONFIDENCE,Adjust camera view
9966,,,,,,,,,,,0.026,DOWN,0,0,0,LOW CONFIDENCE,Adjust camera view
10000,,,,,,,,,,,0.026,DOWN,0,0,0,LOW CONFIDENCE,Adjust camera view
10033,,,,,,,,,,,0.026,DOWN,0,0,0,LOW CONFIDENCE,Adjust camera view
10066,,,,,,,,,,,0.025,DOWN,0,0,0,LOW CONFIDENCE,Adjust camera view
10100,,,,,,,,,,,0.024,DOWN,0,0,0,LOW CONFIDENCE,Adjust camera view
10133,,,,,,,,,,,0.024,DOWN,0,0,0,LOW CONFIDENCE,Adjust camera view
10166,,,,,,,,,,,0.023,DOWN,0,0,0,LOW CONFIDENCE,Adjust camera view
10200,,,,,,,,,,,0.023,DOWN,0,0,0,LOW CONFIDENCE,Adjust camera view
10233,,,,,,,,,,,0.024,DOWN,0,0,0,LOW CONFIDENCE,Adjust camera view
10266,,,,,,,,,,,0.024,DOWN,0,0,0,LOW CONFIDENCE,Adjust camera view
10300,,,,,,,,,,,0.024,DOWN,0,0,0,LOW CONFIDENCE,Adjust camera view
10333,,,,,,,,,,,0.024,DOWN,0,0,0,LOW CONFIDENCE,Adjust camera view
10366,,,,,,,,,,,0.024,DOWN,0,0,0,LOW CONFIDENCE,Adjust camera view
10400,,,,,,,,,,,0.024,DOWN,0,0,0,LOW CONFIDENCE,Adjust camera view
10433,,,,,,,,,,,0.024,DOWN,0,0,0,LOW CONFIDENCE,Adjust camera view
10466,,,,,,,,,,,0.024,DOWN,0,0,0,LOW CONFIDENCE,Adjust camera view
10500,,,,,,,,,,,0.023,DOWN,0,0,0,LOW CONFIDENCE,Adjust camera view
10533,,,,,,,,,,,0.023,DOWN,0,0,0,LOW CONFIDENCE,Adjust camera view
10566,,,,,,,,,,,0.023,DOWN,0,0,0,LOW CONFIDENCE,Adjust camera view
10600,,,,,,,,,,,0.022,DOWN,0,0,0,LOW CONFIDENCE,Adjust camera view
10633,,,,,,,,,,,0.022,DOWN,0,0,0,LOW CONFIDENCE,Adjust camera view
10666,,,,,,,,,,,0.021,DOWN,0,0,0,LOW CONFIDENCE,Adjust camera view
10700,,,,,,,,,,,0.021,DOWN,0,0,0,LOW CONFIDENCE,Adjust camera view
10733,,,,,,,,,,,0.022,DOWN,0,0,0,LOW CONFIDENCE,Adjust camera view
10766,,,,,,,,,,,0.023,DOWN,0,0,0,LOW CONFIDENCE,Adjust camera view
10800,,,,,,,,,,,0.025,DOWN,0,0,0,LOW CONFIDENCE,Adjust camera view
10833,,,,,,,,,,,0.026,DOWN,0,0,0,LOW CONFIDENCE,Adjust camera view
10866,,,,,,,,,,,0.027,DOWN,0,0,0,LOW CONFIDENCE,Adjust camera view
10900,,,,,,,,,,,0.027,DOWN,0,0,0,LOW CONFIDENCE,Adjust camera view
10933,,,,,,,,,,,0.028,DOWN,0,0,0,LOW CONFIDENCE,Adjust camera view
10966,,,,,,,,,,,0.029,DOWN,0,0,0,LOW CONFIDENCE,Adjust camera view
11000,,,,,,,,,,,0.029,DOWN,0,0,0,LOW CONFIDENCE,Adjust camera view
11033,,,,,,,,,,,0.03,DOWN,0,0,0,LOW CONFIDENCE,Adjust camera view
11066,,,,,,,,,,,0.031,DOWN,0,0,0,LOW CONFIDENCE,Adjust camera view
11100,,,,,,,,,,,0.031,DOWN,0,0,0,LOW CONFIDENCE,Adjust camera view
11133,,,,,,,,,,,0.032,DOWN,0,0,0,LOW CONFIDENCE,Adjust camera view
11166,,,,,,,,,,,0.032,DOWN,0,0,0,LOW CONFIDENCE,Adjust camera view
11200,,,,,,,,,,,0.031,DOWN,0,0,0,LOW CONFIDENCE,Adjust camera view
11233,,,,,,,,,,,0.031,DOWN,0,0,0,LOW CONFIDENCE,Adjust camera view
11266,,,,,,,,,,,0.031,DOWN,0,0,0,LOW CONFIDENCE,Adjust camera view
11300,,,,,,,,,,,0.031,DOWN,0,0,0,LOW CONFIDENCE,Adjust camera view
11333,,,,,,,,,,,0.031,DOWN,0,0,0,LOW CONFIDENCE,Adjust camera view
11366,,,,,,,,,,,0.031,DOWN,0,0,0,LOW CONFIDENCE,Adjust camera view
11400,,,,,,,,,,,0.032,DOWN,0,0,0,LOW CONFIDENCE,Adjust camera view
11433,,,,,,,,,,,0.032,DOWN,0,0,0,LOW CONFIDENCE,Adjust camera view
11466,,,,,,,,,,,0.032,DOWN,0,0,0,LOW CONFIDENCE,Adjust camera view
11500,,,,,,,,,,,0.032,DOWN,0,0,0,LOW CONFIDENCE,Adjust camera view
11533,,,,,,,,,,,0.033,DOWN,0,0,0,LOW CONFIDENCE,Adjust camera view
11566,,,,,,,,,,,0.037,DOWN,0,0,0,LOW CONFIDENCE,Adjust camera view
11600,,,,,,,,,,,0.04,DOWN,0,0,0,LOW CONFIDENCE,Adjust camera view
11633,,,,,,,,,,,0.043,DOWN,0,0,0,LOW CONFIDENCE,Adjust camera view
11666,,,,,,,,,,,0.046,DOWN,0,0,0,LOW CONFIDENCE,Adjust camera view
11700,,,,,,,,,,,0.048,DOWN,0,0,0,LOW CONFIDENCE,Adjust camera view
11733,,,,,,,,,,,0.048,DOWN,0,0,0,LOW CONFIDENCE,Adjust camera view
11766,,,,,,,,,,,0.047,DOWN,0,0,0,LOW CONFIDENCE,Adjust camera view
11800,,,,,,,,,,,0.047,DOWN,0,0,0,LOW CONFIDENCE,Adjust camera view
11833,,,,,,,,,,,0.046,DOWN,0,0,0,LOW CONFIDENCE,Adjust camera view
11866,,,,,,,,,,,0.046,DOWN,0,0,0,LOW CONFIDENCE,Adjust camera view
11900,,,,,,,,,,,0.047,DOWN,0,0,0,LOW CONFIDENCE,Adjust camera view
11933,,,,,,,,,,,0.049,DOWN,0,0,0,LOW CONFIDENCE,Adjust camera view
11966,,,,,,,,,,,0.053,DOWN,0,0,0,LOW CONFIDENCE,Adjust camera view
12000,,,,,,,,,,,0.057,DOWN,0,0,0,LOW CONFIDENCE,Adjust camera view
12033,,,,,,,,,,,0.061,DOWN,0,0,0,LOW CONFIDENCE,Adjust camera view
12066,,,,,,,,,,,0.066,DOWN,0,0,0,LOW CONFIDENCE,Adjust camera view
12100,,,,,,,,,,,0.071,DOWN,0,0,0,LOW CONFIDENCE,Adjust camera view
12133,,,,,,,,,,,0.074,DOWN,0,0,0,LOW CONFIDENCE,Adjust camera view
12166,,,,,,,,,,,0.076,DOWN,0,0,0,LOW CONFIDENCE,Adjust camera view
12200,,,,,,,,,,,0.077,DOWN,0,0,0,LOW CONFIDENCE,Adjust camera view
12233,,,,,,,,,,,0.077,DOWN,0,0,0,LOW CONFIDENCE,Adjust camera view
12266,,,,,,,,,,,0.076,DOWN,0,0,0,LOW CONFIDENCE,Adjust camera view
12300,,,,,,,,,,,0.077,DOWN,0,0,0,LOW CONFIDENCE,Adjust camera view
12333,,,,,,,,,,,0.08,DOWN,0,0,0,LOW CONFIDENCE,Adjust camera view
12366,,,,,,,,,,,0.085,DOWN,0,0,0,LOW CONFIDENCE,Adjust camera view
12400,,,,,,,,,,,0.088,DOWN,0,0,0,LOW CONFIDENCE,Adjust camera view
12433,,,,,,,,,,,0.091,DOWN,0,0,0,LOW CONFIDENCE,Adjust camera view
12466,,,,,,,,,,,0.091,DOWN,0,0,0,LOW CONFIDENCE,Adjust camera view
12500,,,,,,,,,,,0.088,DOWN,0,0,0,LOW CONFIDENCE,Adjust camera view
12533,,,,,,,,,,,0.084,DOWN,0,0,0,LOW CONFIDENCE,Adjust camera view
12566,,,,,,,,,,,0.079,DOWN,0,0,0,LOW CONFIDENCE,Adjust camera view
12600,,,,,,,,,,,0.074,DOWN,0,0,0,LOW CONFIDENCE,Adjust camera view
12633,,,,,,,,,,,0.07,DOWN,0,0,0,LOW CONFIDENCE,Adjust camera view
12666,,,,,,,,,,,0.067,DOWN,0,0,0,LOW CONFIDENCE,Adjust camera view
12700,,,,,,,,,,,0.064,DOWN,0,0,0,LOW CONFIDENCE,Adjust camera view
12733,,,,,,,,,,,0.062,DOWN,0,0,0,LOW CONFIDENCE,Adjust camera view
12766,,,,,,,,,,,0.059,DOWN,0,0,0,LOW CONFIDENCE,Adjust camera view
12800,,,,,,,,,,,0.057,DOWN,0,0,0,LOW CONFIDENCE,Adjust camera view
12833,,,,,,,,,,,0.055,DOWN,0,0,0,LOW CONFIDENCE,Adjust camera view
12866,,,,,,,,,,,0.054,DOWN,0,0,0,LOW CONFIDENCE,Adjust camera view
12900,,,,,,,,,,,0.052,DOWN,0,0,0,LOW CONFIDENCE,Adjust camera view
12933,,,,,,,,,,,0.052,DOWN,0,0,0,LOW CONFIDENCE,Adjust camera view
12966,,,,,,,,,,,0.051,DOWN,0,0,0,LOW CONFIDENCE,Adjust camera view
13000,,,,,,,,,,,0.051,DOWN,0,0,0,LOW CONFIDENCE,Adjust camera view
13033,,,,,,,,,,,0.052,DOWN,0,0,0,LOW CONFIDENCE,Adjust camera view
13066,,,,,,,,,,,0.052,DOWN,0,0,0,LOW CONFIDENCE,Adjust camera view
13100,,,,,,,,,,,0.052,DOWN,0,0,0,LOW CONFIDENCE,Adjust camera view
13133,,,,,,,,,,,0.052,DOWN,0,0,0,LOW CONFIDENCE,Adjust camera view
13166,,,,,,,,,,,0.052,DOWN,0,0,0,LOW CONFIDENCE,Adjust camera view
13200,,,,,,,,,,,0.051,DOWN,0,0,0,LOW CONFIDENCE,Adjust camera view
13233,,,,,,,,,,,0.052,DOWN,0,0,0,LOW CONFIDENCE,Adjust camera view
13266,,,,,,,,,,,0.053,DOWN,0,0,0,LOW CONFIDENCE,Adjust camera view
13300,,,,,,,,,,,0.056,DOWN,0,0,0,LOW CONFIDENCE,Adjust camera view
13333,,,,,,,,,,,0.06,DOWN,0,0,0,LOW CONFIDENCE,Adjust camera view
13366,,,,,,,,,,,0.065,DOWN,0,0,0,LOW CONFIDENCE,Adjust camera view
13400,,,,,,,,,,,0.073,DOWN,0,0,0,LOW CONFIDENCE,Adjust camera view
13433,,,,,,,,,,,0.086,DOWN,0,0,0,LOW CONFIDENCE,Adjust camera view
13466,,,,,,,,,,,0.097,DOWN,0,0,0,LOW CONFIDENCE,Adjust camera view
13500,,,,,,,,,,,0.105,DOWN,0,0,0,LOW CONFIDENCE,Adjust camera view
13533,,,,,,,,,,,0.114,DOWN,0,0,0,LOW CONFIDENCE,Adjust camera view
13566,,,,,,,,,,,0.12,DOWN,0,0,0,LOW CONFIDENCE,Adjust camera view
13600,,,,,,,,,,,0.122,DOWN,0,0,0,LOW CONFIDENCE,Adjust camera view
13633,,,,,,,,,,,0.126,DOWN,0,0,0,LOW CONFIDENCE,Adjust camera view
13666,,,,,,,,,,,0.133,DOWN,0,0,0,LOW CONFIDENCE,Adjust camera view
13700,,,,,,,,,,,0.138,DOWN,0,0,0,LOW CONFIDENCE,Adjust camera view
13733,,,,,,,,,,,0.144,DOWN,0,0,0,LOW CONFIDENCE,Adjust camera view
13766,,,,,,,,,,,0.15,DOWN,0,0,0,LOW CONFIDENCE,Adjust camera view
13800,,,,,,,,,,,0.157,DOWN,0,0,0,LOW CONFIDENCE,Adjust camera view
13833,,,,,,,,,,,0.163,DOWN,0,0,0,LOW CONFIDENCE,Adjust camera view
13866,,,,,,,,,,,0.17,DOWN,0,0,0,LOW CONFIDENCE,Adjust camera view
13900,,,,,,,,,,,0.178,DOWN,0,0,0,LOW CONFIDENCE,Adjust camera view
13933,,,,,,,,,,,0.189,DOWN,0,0,0,LOW CONFIDENCE,Adjust camera view
13966,,,,,,,,,,,0.203,DOWN,0,0,0,LOW CONFIDENCE,Adjust camera view
14000,,,,,,,,,,,0.222,DOWN,0,0,0,LOW CONFIDENCE,Adjust camera view
14033,,,,,,,,,,,0.248,DOWN,0,0,0,LOW CONFIDENCE,Adjust camera view
14066,,,,,,,,,,,0.275,DOWN,0,0,0,LOW CONFIDENCE,Adjust camera view
14100,,,,,,,,,,,0.301,DOWN,0,0,0,LOW CONFIDENCE,Adjust camera view
14133,,,,,,,,,,,0.319,DOWN,0,0,0,LOW CONFIDENCE,Adjust camera view
14166,,,,,,,,,,,0.334,DOWN,0,0,0,LOW CONFIDENCE,Adjust camera view
14200,,,,,,,,,,,0.344,DOWN,0,0,0,LOW CONFIDENCE,Adjust camera view
14233,,,,,,,,,,,0.349,DOWN,0,0,0,LOW CONFIDENCE,Adjust camera view
14266,,,,,,,,,,,0.352,DOWN,0,0,0,LOW CONFIDENCE,Adjust camera view
14300,,,,,,,,,,,0.36,DOWN,0,0,0,LOW CONFIDENCE,Adjust camera view
14333,,,,,,,,,,,0.372,DOWN,0,0,0,LOW CONFIDENCE,Adjust camera view
14366,,,,,,,,,,,0.39,DOWN,0,0,0,LOW CONFIDENCE,Adjust camera view
14400,,,,,,,,,,,0.416,DOWN,0,0,0,LOW CONFIDENCE,Adjust camera view
14433,,,,,,,,,,,0.446,DOWN,0,0,0,LOW CONFIDENCE,Adjust camera view
14466,,,,,,,,,,,0.476,DOWN,0,0,0,LOW CONFIDENCE,Adjust camera view
14500,RIGHT,179.9,178.6,138.6,149.9,172.2,172.3,1.1,175.9,178.1,0.507,DOWN,0,0,0,FORM ISSUE,Pelvis tilting - keep hips square
14533,RIGHT,179.8,175.6,150.3,157.6,172.2,170.5,1.6,173.8,176.5,0.536,DOWN,0,0,0,FORM ISSUE,Pelvis tilting - keep hips square
14566,RIGHT,179.8,173.4,160.9,162.1,172.0,168.5,2.0,172.1,176.0,0.563,DOWN,0,0,0,FORM ISSUE,Pelvis tilting - keep hips square
14600,RIGHT,179.9,174.8,177.3,172.9,172.2,168.1,1.8,172.2,175.1,0.588,DOWN,0,0,0,FORM ISSUE,Pelvis tilting - keep hips square
14633,RIGHT,178.0,173.4,179.5,175.2,172.3,167.0,1.5,172.4,174.7,0.613,DOWN,0,0,0,FORM ISSUE,Pelvis tilting - keep hips square
14666,RIGHT,178.1,174.3,179.1,174.3,172.5,167.7,1.3,174.1,175.8,0.635,DOWN,0,0,0,FORM ISSUE,Pelvis tilting - keep hips square
14700,RIGHT,175.0,174.8,178.2,174.2,170.1,170.0,1.8,176.0,176.9,0.655,UP,0,0,0,FORM ISSUE,Pelvis tilting - keep hips square
14733,RIGHT,174.4,175.0,177.1,174.5,170.9,170.8,1.1,176.4,179.4,0.672,UP,0,0,0,FORM ISSUE,Pelvis tilting - keep hips square
14766,RIGHT,176.5,173.1,176.4,174.1,171.9,171.2,0.3,178.6,179.0,0.686,UP,0,0,0,FORM ISSUE,Pelvis tilting - keep hips square
14800,RIGHT,177.2,176.1,176.2,174.7,171.7,172.7,1.4,179.0,177.9,0.699,UP,0,0,0,FORM ISSUE,Pelvis tilting - keep hips square
14833,LEFT,176.7,177.3,176.0,175.3,173.1,173.2,3.7,174.0,177.4,0.707,UP,0,0,0,FORM ISSUE,Pelvis tilting - keep hips square
14866,LEFT,179.5,176.0,176.9,175.5,173.6,173.4,4.8,169.8,178.8,0.709,UP,0,0,0,FORM ISSUE,Pelvis tilting - keep hips square
14900,LEFT,179.4,170.4,177.9,174.6,174.4,172.3,4.6,170.3,178.2,0.707,UP,0,0,0,FORM ISSUE,Pelvis tilting - keep hips square
14933,LEFT,178.6,171.9,178.3,174.3,172.7,172.0,4.7,167.7,175.3,0.699,UP,0,0,0,FORM ISSUE,Pelvis tilting - keep hips square
14966,LEFT,178.6,174.4,178.6,174.0,171.9,173.9,5.3,167.2,174.0,0.69,UP,0,0,0,FORM ISSUE,Pelvis tilting - keep hips square
15000,LEFT,178.5,175.1,178.9,173.6,170.3,174.5,5.6,166.6,172.3,0.678,UP,0,0,0,FORM ISSUE,Pelvis tilting - keep hips square
15033,LEFT,178.3,172.5,178.7,172.9,169.4,175.2,5.3,167.7,171.7,0.665,UP,0,0,0,FORM ISSUE,Pelvis tilting - keep hips square
15066,LEFT,177.6,174.8,178.3,173.7,169.1,176.1,5.4,167.7,172.1,0.651,UP,0,0,0,FORM ISSUE,Pelvis tilting - keep hips square
15100,LEFT,176.9,174.7,178.0,174.3,168.5,175.9,5.5,168.0,172.6,0.637,UP,0,0,0,FORM ISSUE,Pelvis tilting - keep hips square
15133,LEFT,176.2,174.4,177.5,174.3,168.7,176.4,5.4,168.4,172.7,0.621,UP,0,0,0,FORM ISSUE,Pelvis tilting - keep hips square
15166,LEFT,176.9,174.2,177.2,174.1,170.0,176.5,4.9,168.6,172.8,0.604,UP,0,0,0,FORM ISSUE,Pelvis tilting - keep hips square
15200,LEFT,179.0,174.0,177.3,174.4,170.4,174.9,4.8,167.3,172.7,0.582,UP,0,0,0,FORM ISSUE,Pelvis tilting - keep hips square
15233,LEFT,179.5,173.3,177.7,174.1,171.2,175.0,4.5,168.1,173.5,0.561,UP,0,0,0,FORM ISSUE,Pelvis tilting - keep hips square
15266,LEFT,178.3,174.1,178.0,174.0,170.3,175.1,4.7,167.9,173.4,0.54,UP,0,0,0,FORM ISSUE,Pelvis tilting - keep hips square
15300,LEFT,178.7,175.0,178.5,174.1,171.2,175.4,4.3,169.2,173.6,0.521,UP,0,0,0,FORM ISSUE,Pelvis tilting - keep hips square
15333,LEFT,178.9,175.6,178.9,174.4,172.4,175.8,4.5,169.0,173.6,0.507,UP,0,0,0,FORM ISSUE,Pelvis tilting - keep hips square
15366,LEFT,178.7,175.2,178.8,174.6,173.1,175.3,4.4,169.4,173.7,0.502,UP,0,0,0,FORM ISSUE,Pelvis tilting - keep hips square
15400,LEFT,176.9,176.0,178.3,175.2,173.4,175.5,4.5,170.2,173.8,0.502,UP,0,0,0,FORM ISSUE,Pelvis tilting - keep hips square
15433,LEFT,175.8,175.7,177.8,175.5,174.7,174.6,4.1,170.6,174.4,0.512,UP,0,0,0,FORM ISSUE,Pelvis tilting - keep hips square
15466,LEFT,177.1,175.6,177.5,175.6,174.7,174.3,4.0,170.5,175.0,0.521,UP,0,0,0,FORM ISSUE,Pelvis tilting - keep hips square
15500,LEFT,179.1,176.6,177.5,175.8,173.9,174.5,3.9,170.4,175.2,0.528,UP,0,0,0,FORM ISSUE,Pelvis tilting - keep hips square
15533,LEFT,179.7,177.2,177.7,176.2,173.9,174.4,3.9,170.0,175.0,0.535,UP,0,0,0,FORM ISSUE,Pelvis tilting - keep hips square
15566,LEFT,178.3,176.9,178.0,176.4,175.0,175.1,4.4,169.8,174.8,0.539,UP,0,0,0,FORM ISSUE,Pelvis tilting - keep hips square
15600,LEFT,179.0,176.3,178.6,176.5,175.5,174.3,4.5,169.5,174.8,0.538,UP,0,0,0,FORM ISSUE,Pelvis tilting - keep hips square
15633,LEFT,176.1,172.5,178.4,175.9,176.6,172.4,4.5,168.3,174.7,0.532,UP,0,0,0,FORM ISSUE,Pelvis tilting - keep hips square
15666,LEFT,176.1,172.9,177.8,175.2,175.7,172.5,5.0,167.0,174.3,0.519,UP,0,0,0,FORM ISSUE,Pelvis tilting - keep hips square
15700,,,,,,,,,,,0.498,UP,0,0,0,LOW CONFIDENCE,Adjust camera view
15733,,,,,,,,,,,0.481,UP,0,0,0,LOW CONFIDENCE,Adjust camera view
15766,,,,,,,,,,,0.469,UP,0,0,0,LOW CONFIDENCE,Adjust camera view
15800,,,,,,,,,,,0.465,UP,0,0,0,LOW CONFIDENCE,Adjust camera view
15833,,,,,,,,,,,0.473,UP,0,0,0,LOW CONFIDENCE,Adjust camera view
15866,,,,,,,,,,,0.492,UP,0,0,0,LOW CONFIDENCE,Adjust camera view
15900,LEFT,166.8,167.3,175.2,173.2,170.2,171.0,4.8,173.3,176.3,0.515,UP,0,0,0,FORM ISSUE,Pelvis tilting - keep hips square
15933,RIGHT,164.4,168.3,172.5,171.5,171.0,170.9,5.4,176.0,179.7,0.534,UP,0,0,0,FORM ISSUE,Pelvis tilting - keep hips square
15966,RIGHT,162.4,173.4,169.1,170.9,171.4,176.6,6.1,176.1,179.5,0.553,UP,0,0,0,FORM ISSUE,Pelvis tilting - keep hips square
16000,RIGHT,157.4,158.7,165.4,168.1,170.3,171.1,6.7,173.1,179.4,0.571,UP,0,0,0,FORM ISSUE,Pelvis tilting - keep hips square
16033,RIGHT,156.7,166.7,161.5,166.9,169.4,177.8,5.9,171.6,179.0,0.585,UP,0,0,0,FORM ISSUE,Pelvis tilting - keep hips square
16066,RIGHT,153.5,161.8,158.9,165.8,165.1,177.9,5.6,169.9,179.3,0.591,UP,0,0,0,FORM ISSUE,Pelvis tilting - keep hips square
16100,LEFT,159.3,152.9,157.9,162.7,176.7,165.1,5.2,169.0,177.9,0.594,UP,0,0,0,FORM ISSUE,Pelvis tilting - keep hips square
16133,RIGHT,155.9,161.7,156.6,160.4,167.0,179.1,4.9,170.3,176.7,0.598,UP,0,0,0,FORM ISSUE,Pelvis tilting - keep hips square
16166,RIGHT,160.4,161.6,157.2,160.9,170.3,179.7,4.7,169.4,175.2,0.596,UP,0,0,0,FORM ISSUE,Pelvis tilting - keep hips square
16200,RIGHT,163.0,163.3,158.4,160.3,171.9,178.6,4.5,169.5,175.1,0.589,DOWN,0,0,0,FORM ISSUE,Pelvis tilting - keep hips square
16233,RIGHT,168.2,173.2,161.4,162.5,175.6,172.3,3.5,170.7,174.9,0.584,DOWN,0,0,0,FORM ISSUE,Pelvis tilting - keep hips square
16266,RIGHT,170.4,179.1,163.6,167.8,176.8,169.8,2.9,171.0,175.1,0.579,DOWN,0,0,0,FORM ISSUE,Pelvis tilting - keep hips square
16300,RIGHT,173.6,179.7,167.1,171.4,178.0,167.9,2.2,170.5,174.9,0.564,DOWN,0,0,0,FORM ISSUE,Pelvis tilting - keep hips square
16333,RIGHT,175.8,177.3,170.2,174.5,178.7,166.2,1.9,171.1,174.7,0.543,DOWN,0,0,0,FORM ISSUE,Pelvis tilting - keep hips square
16366,RIGHT,175.5,174.7,172.7,176.8,178.5,164.8,2.0,173.2,174.5,0.528,UP,0,0,0,FORM ISSUE,Pelvis tilting - keep hips square
16400,RIGHT,174.8,175.7,174.0,177.3,178.7,164.3,2.0,171.6,174.5,0.51,UP,0,0,0,FORM ISSUE,Pelvis tilting - keep hips square
16433,,,,,,,,,,,0.492,UP,0,0,0,LOW CONFIDENCE,Adjust camera view
16466,,,,,,,,,,,0.48,UP,0,0,0,LOW CONFIDENCE,Adjust camera view
16500,,,,,,,,,,,0.47,UP,0,0,0,LOW CONFIDENCE,Adjust camera view
16533,,,,,,,,,,,0.462,UP,0,0,0,LOW CONFIDENCE,Adjust camera view
16566,,,,,,,,,,,0.456,UP,0,0,0,LOW CONFIDENCE,Adjust camera view
16600,,,,,,,,,,,0.447,UP,0,0,0,LOW CONFIDENCE,Adjust camera view
16633,,,,,,,,,,,0.442,UP,0,0,0,LOW CONFIDENCE,Adjust camera view
16666,,,,,,,,,,,0.445,UP,0,0,0,LOW CONFIDENCE,Adjust camera view
16700,,,,,,,,,,,0.448,UP,0,0,0,LOW CONFIDENCE,Adjust camera view
16733,,,,,,,,,,,0.455,UP,0,0,0,LOW CONFIDENCE,Adjust camera view
16766,,,,,,,,,,,0.47,UP,0,0,0,LOW CONFIDENCE,Adjust camera view
16800,,,,,,,,,,,0.489,UP,0,0,0,LOW CONFIDENCE,Adjust camera view
16833,LEFT,179.8,176.1,175.9,176.7,168.1,173.9,5.3,171.4,176.7,0.508,UP,0,0,0,FORM ISSUE,Pelvis tilting - keep hips square
16866,LEFT,179.8,177.0,177.1,176.2,168.1,173.4,5.2,171.3,176.0,0.529,UP,0,0,0,FORM ISSUE,Pelvis tilting - keep hips square
16900,LEFT,179.8,178.5,177.9,176.4,168.2,172.2,4.7,175.1,176.0,0.552,UP,0,0,0,FORM ISSUE,Pelvis tilting - keep hips square
16933,LEFT,179.0,177.1,178.6,176.9,168.6,172.2,3.8,175.3,176.1,0.572,UP,0,0,0,FORM ISSUE,Pelvis tilting - keep hips square
16966,LEFT,179.9,176.9,179.7,177.1,169.0,172.0,3.1,174.5,177.0,0.588,UP,0,0,0,FORM ISSUE,Pelvis tilting - keep hips square
17000,LEFT,179.4,179.3,179.6,177.7,169.0,172.2,2.5,175.1,177.2,0.6,UP,0,0,0,FORM ISSUE,Pelvis tilting - keep hips square
17033,LEFT,178.2,177.8,179.3,177.9,169.1,173.0,2.7,175.3,179.5,0.612,UP,0,0,0,FORM ISSUE,Pelvis tilting - keep hips square
17066,LEFT,178.9,178.4,179.1,177.9,169.1,172.3,2.2,175.6,178.6,0.62,UP,0,0,0,FORM ISSUE,Pelvis tilting - keep hips square
17100,LEFT,178.3,178.2,179.0,178.1,168.9,171.8,1.7,175.9,178.2,0.63,UP,0,0,0,FORM ISSUE,Pelvis tilting - keep hips square
17133,LEFT,178.7,178.5,178.7,178.4,168.7,171.8,1.4,178.3,177.4,0.641,UP,0,0,0,FORM ISSUE,Pelvis tilting - keep hips square
17166,LEFT,178.4,178.2,178.5,178.2,168.9,172.6,1.5,178.9,178.0,0.651,UP,0,0,0,FORM ISSUE,Pelvis tilting - keep hips square
17200,LEFT,178.4,177.8,178.5,178.2,168.4,172.2,1.5,178.6,178.2,0.66,UP,0,0,0,FORM ISSUE,Pelvis tilting - keep hips square
17233,LEFT,177.0,177.4,178.2,178.0,167.7,173.4,1.8,178.6,178.5,0.669,UP,0,0,0,FORM ISSUE,Pelvis tilting - keep hips square
17266,LEFT,176.9,177.4,177.9,177.8,166.8,173.9,2.4,178.4,178.6,0.675,UP,0,0,0,FORM ISSUE,Pelvis tilting - keep hips square
17300,LEFT,176.4,178.7,177.4,177.9,165.7,174.3,2.6,177.0,179.0,0.679,UP,0,0,0,FORM ISSUE,Pelvis tilting - keep hips square
17333,LEFT,176.4,178.7,177.0,178.0,166.6,173.7,2.1,175.9,179.0,0.682,UP,0,0,0,FORM ISSUE,Pelvis tilting - keep hips square
17366,RIGHT,178.3,176.4,177.0,177.7,172.2,167.8,0.9,175.8,178.8,0.682,UP,0,0,0,FORM ISSUE,Pelvis tilting - keep hips square
17400,RIGHT,179.3,178.0,177.4,177.8,171.6,168.7,0.4,176.7,177.6,0.679,UP,0,0,0,FORM ISSUE,Pelvis tilting - keep hips square
17433,RIGHT,178.0,178.0,177.7,177.9,169.9,169.8,0.9,177.2,177.5,0.676,UP,0,0,0,FORM ISSUE,Pelvis tilting - keep hips square
17466,RIGHT,177.8,176.4,177.9,177.5,168.5,169.2,1.9,178.3,177.8,0.677,UP,0,0,0,FORM ISSUE,Pelvis tilting - keep hips square
17500,RIGHT,179.1,175.4,178.5,176.8,167.4,169.0,2.6,178.6,178.4,0.681,UP,0,0,0,FORM ISSUE,Pelvis tilting - keep hips square
17533,RIGHT,178.8,173.8,178.6,176.3,167.3,168.8,3.1,178.4,179.1,0.691,UP,0,0,0,FORM ISSUE,Pelvis tilting - keep hips square
17566,RIGHT,178.7,173.2,178.5,175.4,167.2,169.4,3.5,178.1,179.2,0.707,UP,0,0,0,FORM ISSUE,Pelvis tilting - keep hips square
17600,RIGHT,176.0,173.4,178.1,174.5,167.6,169.7,3.5,174.8,178.3,0.724,UP,0,0,0,FORM ISSUE,Pelvis tilting - keep hips square
17633,RIGHT,176.0,174.9,177.7,174.2,168.8,170.1,3.0,174.4,178.0,0.74,UP,0,0,0,FORM ISSUE,Pelvis tilting - keep hips square
17666,RIGHT,176.8,174.2,177.3,173.9,169.5,170.8,2.7,173.9,177.4,0.754,UP,0,0,0,FORM ISSUE,Pelvis tilting - keep hips square
17700,LEFT,176.0,176.8,176.7,174.5,175.9,169.8,1.7,175.5,176.1,0.76,UP,0,0,0,FORM ISSUE,Pelvis tilting - keep hips square
17733,LEFT,178.2,177.7,176.6,175.4,176.2,168.9,1.5,178.9,174.2,0.76,UP,0,0,0,FORM ISSUE,Pelvis tilting - keep hips square
17766,LEFT,179.3,176.3,177.3,176.0,176.9,167.6,0.2,177.2,175.2,0.747,UP,0,0,0,FORM ISSUE,Pelvis tilting - keep hips square
17800,LEFT,177.6,176.0,177.6,176.2,170.5,171.1,3.5,172.4,179.5,0.726,UP,0,0,0,FORM ISSUE,Pelvis tilting - keep hips square
17833,LEFT,171.3,159.3,176.5,173.2,168.8,165.6,2.8,167.9,178.0,0.692,UP,0,0,0,FORM ISSUE,Pelvis tilting - keep hips square
17866,LEFT,171.3,171.8,175.5,172.2,168.7,163.9,3.9,171.0,179.8,0.652,UP,0,0,0,FORM ISSUE,Pelvis tilting - keep hips square
17900,LEFT,162.3,175.4,172.4,171.8,169.4,161.9,3.3,169.0,176.7,0.606,UP,0,0,0,FORM ISSUE,Pelvis tilting - keep hips square
17933,LEFT,152.0,176.0,166.9,171.7,165.1,162.9,5.1,168.1,178.7,0.561,UP,0,0,0,FORM ISSUE,Pelvis tilting - keep hips square
17966,LEFT,153.2,177.3,162.0,172.0,160.7,164.7,6.4,172.1,176.3,0.517,UP,0,0,0,FORM ISSUE,Pelvis tilting - keep hips square
18000,,,,,,,,,,,0.48,UP,0,0,0,LOW CONFIDENCE,Adjust camera view
18033,,,,,,,,,,,0.444,UP,0,0,0,LOW CONFIDENCE,Adjust camera view
18066,,,,,,,,,,,0.412,UP,0,0,0,LOW CONFIDENCE,Adjust camera view
18100,,,,,,,,,,,0.383,UP,0,0,0,LOW CONFIDENCE,Adjust camera view
18133,,,,,,,,,,,0.354,UP,0,0,0,LOW CONFIDENCE,Adjust camera view
18166,,,,,,,,,,,0.326,UP,0,0,0,LOW CONFIDENCE,Adjust camera view
18200,,,,,,,,,,,0.303,UP,0,0,0,LOW CONFIDENCE,Adjust camera view
18233,,,,,,,,,,,0.285,UP,0,0,0,LOW CONFIDENCE,Adjust camera view
18266,,,,,,,,,,,0.271,UP,0,0,0,LOW CONFIDENCE,Adjust camera view
18300,,,,,,,,,,,0.259,UP,0,0,0,LOW CONFIDENCE,Adjust camera view
18333,,,,,,,,,,,0.249,UP,0,0,0,LOW CONFIDENCE,Adjust camera view
18366,,,,,,,,,,,0.239,UP,0,0,0,LOW CONFIDENCE,Adjust camera view
18400,,,,,,,,,,,0.233,UP,0,0,0,LOW CONFIDENCE,Adjust camera view
18433,,,,,,,,,,,0.227,UP,0,0,0,LOW CONFIDENCE,Adjust camera view
18466,,,,,,,,,,,0.224,UP,0,0,0,LOW CONFIDENCE,Adjust camera view
18500,,,,,,,,,,,0.223,UP,0,0,0,LOW CONFIDENCE,Adjust camera view
18533,,,,,,,,,,,0.225,UP,0,0,0,LOW CONFIDENCE,Adjust camera view
18566,,,,,,,,,,,0.223,UP,0,0,0,LOW CONFIDENCE,Adjust camera view
18600,,,,,,,,,,,0.222,UP,0,0,0,LOW CONFIDENCE,Adjust camera view
18633,,,,,,,,,,,0.223,UP,0,0,0,LOW CONFIDENCE,Adjust camera view
18666,,,,,,,,,,,0.226,UP,0,0,0,LOW CONFIDENCE,Adjust camera view
18700,,,,,,,,,,,0.228,UP,0,0,0,LOW CONFIDENCE,Adjust camera view
18733,,,,,,,,,,,0.235,UP,0,0,0,LOW CONFIDENCE,Adjust camera view
18766,,,,,,,,,,,0.242,UP,0,0,0,LOW CONFIDENCE,Adjust camera view
18800,,,,,,,,,,,0.245,UP,0,0,0,LOW CONFIDENCE,Adjust camera view
18833,,,,,,,,,,,0.249,UP,0,0,0,LOW CONFIDENCE,Adjust camera view
18866,,,,,,,,,,,0.25,UP,0,0,0,LOW CONFIDENCE,Adjust camera view
18900,,,,,,,,,,,0.247,UP,0,0,0,LOW CONFIDENCE,Adjust camera view
18933,,,,,,,,,,,0.242,UP,0,0,0,LOW CONFIDENCE,Adjust camera view
18966,,,,,,,,,,,0.235,UP,0,0,0,LOW CONFIDENCE,Adjust camera view
19000,,,,,,,,,,,0.228,UP,0,0,0,LOW CONFIDENCE,Adjust camera view
19033,,,,,,,,,,,0.222,UP,0,0,0,LOW CONFIDENCE,Adjust camera view
19066,,,,,,,,,,,0.221,UP,0,0,0,LOW CONFIDENCE,Adjust camera view
19100,,,,,,,,,,,0.227,UP,0,0,0,LOW CONFIDENCE,Adjust camera view
19133,,,,,,,,,,,0.241,UP,0,0,0,LOW CONFIDENCE,Adjust camera view
19166,,,,,,,,,,,0.254,UP,0,0,0,LOW CONFIDENCE,Adjust camera view
19200,,,,,,,,,,,0.274,UP,0,0,0,LOW CONFIDENCE,Adjust camera view
19233,,,,,,,,,,,0.296,UP,0,0,0,LOW CONFIDENCE,Adjust camera view
19266,,,,,,,,,,,0.312,UP,0,0,0,LOW CONFIDENCE,Adjust camera view
19300,,,,,,,,,,,0.33,UP,0,0,0,LOW CONFIDENCE,Adjust camera view
19333,,,,,,,,,,,0.347,UP,0,0,0,LOW CONFIDENCE,Adjust camera view
19366,,,,,,,,,,,0.365,UP,0,0,0,LOW CONFIDENCE,Adjust camera view
19400,,,,,,,,,,,0.377,UP,0,0,0,LOW CONFIDENCE,Adjust camera view
19433,,,,,,,,,,,0.392,UP,0,0,0,LOW CONFIDENCE,Adjust camera view
19466,,,,,,,,,,,0.404,UP,0,0,0,LOW CONFIDENCE,Adjust camera view
19500,,,,,,,,,,,0.412,UP,0,0,0,LOW CONFIDENCE,Adjust camera view
19533,,,,,,,,,,,0.412,UP,0,0,0,LOW CONFIDENCE,Adjust camera view
19566,,,,,,,,,,,0.412,UP,0,0,0,LOW CONFIDENCE,Adjust camera view
19600,,,,,,,,,,,0.412,UP,0,0,0,LOW CONFIDENCE,Adjust camera view
19633,,,,,,,,,,,0.415,UP,0,0,0,LOW CONFIDENCE,Adjust camera view
19666,,,,,,,,,,,0.427,UP,0,0,0,LOW CONFIDENCE,Adjust camera view
19700,,,,,,,,,,,0.445,UP,0,0,0,LOW CONFIDENCE,Adjust camera view
19733,,,,,,,,,,,0.464,UP,0,0,0,LOW CONFIDENCE,Adjust camera view
19766,,,,,,,,,,,0.485,UP,0,0,0,LOW CONFIDENCE,Adjust camera view
19800,RIGHT,178.4,178.1,163.4,175.7,171.3,171.1,0.4,179.3,173.9,0.505,UP,0,0,0,FORM ISSUE,Pelvis tilting - keep hips square
19833,RIGHT,177.2,176.6,164.6,176.7,170.8,172.2,0.6,179.7,172.8,0.524,UP,0,0,0,FORM ISSUE,Pelvis tilting - keep hips square
19866,RIGHT,177.9,176.7,167.7,176.9,171.4,172.1,0.8,179.1,170.0,0.543,UP,0,0,0,FORM ISSUE,Pelvis tilting - keep hips square
19900,RIGHT,175.4,174.2,172.4,176.6,170.8,174.3,0.6,179.0,169.5,0.566,UP,0,0,0,FORM ISSUE,Pelvis tilting - keep hips square
19933,RIGHT,176.0,175.7,177.0,176.2,171.8,173.7,0.4,179.2,171.3,0.588,UP,0,0,0,FORM ISSUE,Pelvis tilting - keep hips square
19966,LEFT,176.8,174.9,176.7,175.6,174.4,171.6,0.1,179.5,172.4,0.609,UP,0,0,0,FORM ISSUE,Pelvis tilting - keep hips square
20000,LEFT,179.1,175.1,177.0,175.3,174.5,171.2,0.1,179.5,172.5,0.625,UP,0,0,0,FORM ISSUE,Pelvis tilting - keep hips square
20033,LEFT,176.5,174.1,176.8,174.8,174.0,172.1,0.7,179.8,173.2,0.64,UP,0,0,0,FORM ISSUE,Pelvis tilting - keep hips square
20066,LEFT,176.6,173.6,177.0,174.7,174.6,173.5,1.5,178.9,173.7,0.65,UP,0,0,0,FORM ISSUE,Pelvis tilting - keep hips square
20100,LEFT,176.0,173.7,177.0,174.3,174.4,174.0,2.0,178.5,173.5,0.659,UP,0,0,0,FORM ISSUE,Pelvis tilting - keep hips square
20133,LEFT,174.4,177.9,176.5,174.9,173.5,176.9,2.3,178.5,174.6,0.663,UP,0,0,0,FORM ISSUE,Pelvis tilting - keep hips square
20166,LEFT,175.1,179.4,175.7,175.7,173.7,178.6,2.8,178.2,177.0,0.664,UP,0,0,0,FORM ISSUE,Pelvis tilting - keep hips square
20200,LEFT,175.5,177.2,175.5,176.4,173.7,179.7,2.7,178.7,179.9,0.663,UP,0,0,0,FORM ISSUE,Pelvis tilting - keep hips square
20233,LEFT,176.9,174.2,175.6,176.5,174.9,179.9,2.7,178.8,179.7,0.659,UP,0,0,0,FORM ISSUE,Pelvis tilting - keep hips square
20266,LEFT,175.6,170.7,175.5,175.9,175.7,178.6,3.1,178.9,179.5,0.652,UP,0,0,0,FORM ISSUE,Pelvis tilting - keep hips square
20300,LEFT,173.2,168.8,175.3,174.0,176.1,178.6,2.8,178.5,179.7,0.646,UP,0,0,0,FORM ISSUE,Pelvis tilting - keep hips square
20333,LEFT,172.0,167.0,174.7,171.6,177.3,179.5,3.0,176.2,178.7,0.64,UP,0,0,0,FORM ISSUE,Pelvis tilting - keep hips square
20366,LEFT,172.5,165.6,174.0,169.2,177.7,179.5,2.7,174.5,178.7,0.634,UP,0,0,0,FORM ISSUE,Pelvis tilting - keep hips square
20400,LEFT,170.8,163.6,172.8,167.1,180.0,178.9,2.0,173.7,178.8,0.629,UP,0,0,0,FORM ISSUE,Pelvis tilting - keep hips square
20433,LEFT,173.2,163.5,172.3,165.7,179.1,178.5,1.5,174.8,178.7,0.626,UP,0,0,0,FORM ISSUE,Pelvis tilting - keep hips square
20466,LEFT,173.4,164.8,172.4,164.9,179.2,177.9,1.0,174.6,177.6,0.624,UP,0,0,0,FORM ISSUE,Pelvis tilting - keep hips square
20500,LEFT,175.5,169.6,173.1,165.4,177.6,175.6,0.2,175.9,177.0,0.624,UP,0,0,0,FORM ISSUE,Pelvis tilting - keep hips square
20533,LEFT,176.2,170.5,173.8,166.4,179.8,176.8,1.2,178.3,174.6,0.628,UP,0,0,0,FORM ISSUE,Pelvis tilting - keep hips square
20566,LEFT,176.7,171.2,175.0,167.9,179.6,175.7,1.8,177.3,179.9,0.636,UP,0,0,0,FORM ISSUE,Pelvis tilting - keep hips square
20600,LEFT,178.1,171.0,176.0,169.4,179.5,176.8,2.8,175.9,179.0,0.641,UP,0,0,0,FORM ISSUE,Pelvis tilting - keep hips square
20633,LEFT,179.1,172.5,177.1,171.0,179.8,178.4,3.0,177.4,179.2,0.644,UP,0,0,0,FORM ISSUE,Pelvis tilting - keep hips square
20666,LEFT,179.0,170.5,177.8,171.1,179.2,178.4,2.3,176.4,177.0,0.644,UP,0,0,0,FORM ISSUE,Pelvis tilting - keep hips square
20700,LEFT,178.6,169.4,178.3,170.9,179.6,179.7,2.1,176.5,178.6,0.637,UP,0,0,0,FORM ISSUE,Pelvis tilting - keep hips square
20733,LEFT,175.4,170.9,178.1,170.9,179.9,177.7,1.9,174.3,178.8,0.624,UP,0,0,0,FORM ISSUE,Pelvis tilting - keep hips square
20766,LEFT,175.4,171.9,177.5,171.0,179.6,176.9,1.8,174.5,178.2,0.608,UP,0,0,0,FORM ISSUE,Pelvis tilting - keep hips square
20800,LEFT,178.1,171.9,177.3,170.9,179.2,177.0,1.9,174.4,178.9,0.591,UP,0,0,0,FORM ISSUE,Pelvis tilting - keep hips square
20833,LEFT,177.2,171.2,177.0,171.1,179.4,177.4,1.8,175.9,179.5,0.576,UP,0,0,0,FORM ISSUE,Pelvis tilting - keep hips square
20866,LEFT,178.9,171.5,177.0,171.5,179.4,177.5,2.0,173.0,179.7,0.565,UP,0,0,0,FORM ISSUE,Pelvis tilting - keep hips square
20900,LEFT,178.7,170.7,177.7,171.4,179.2,177.8,1.8,171.6,175.5,0.555,UP,0,0,0,FORM ISSUE,Pelvis tilting - keep hips square
20933,LEFT,178.4,171.0,178.3,171.3,178.7,175.8,1.0,166.3,175.3,0.551,UP,0,0,0,FORM ISSUE,Pelvis tilting - keep hips square
20966,LEFT,180.0,172.0,178.7,171.3,177.6,175.7,0.7,164.4,175.8,0.55,UP,0,0,0,FORM ISSUE,Pelvis tilting - keep hips square
21000,LEFT,179.0,171.5,179.0,171.3,177.3,175.6,0.6,161.6,173.2,0.549,UP,0,0,0,FORM ISSUE,Pelvis tilting - keep hips square
21033,LEFT,179.9,171.7,179.2,171.4,176.7,174.9,0.1,156.3,168.6,0.549,UP,0,0,0,FORM ISSUE,Pelvis tilting - keep hips square
21066,LEFT,179.4,171.2,179.3,171.5,176.6,174.9,0.2,156.2,170.3,0.552,UP,0,0,0,FORM ISSUE,Pelvis tilting - keep hips square
21100,RIGHT,169.4,179.3,177.5,173.1,176.2,175.8,0.2,155.3,168.1,0.554,UP,0,0,0,FORM ISSUE,Pelvis tilting - keep hips square
21133,RIGHT,167.7,179.8,175.1,174.7,176.9,176.1,0.3,153.7,168.4,0.556,UP,0,0,0,FORM ISSUE,Pelvis tilting - keep hips square
21166,RIGHT,168.4,179.7,172.9,176.3,176.9,176.4,0.3,154.5,169.4,0.56,UP,0,0,0,FORM ISSUE,Pelvis tilting - keep hips square
21200,RIGHT,171.2,179.5,171.2,177.9,176.2,175.9,0.4,167.9,171.9,0.564,UP,0,0,0,FORM ISSUE,Pelvis tilting - keep hips square
21233,RIGHT,171.1,179.7,169.5,179.6,178.7,178.5,1.7,174.4,171.7,0.568,UP,0,0,0,FORM ISSUE,Pelvis tilting - keep hips square
21266,LEFT,179.9,169.5,171.7,177.6,179.0,179.0,1.8,174.8,175.0,0.571,UP,0,0,0,FORM ISSUE,Pelvis tilting - keep hips square
21300,LEFT,177.3,169.5,173.6,175.6,178.9,179.2,1.8,175.1,175.5,0.573,UP,0,0,0,FORM ISSUE,Pelvis tilting - keep hips square
21333,LEFT,176.4,175.3,175.2,174.7,179.9,177.3,2.2,175.6,176.5,0.575,UP,0,0,0,FORM ISSUE,Pelvis tilting - keep hips square
21366,LEFT,179.8,175.2,176.9,173.8,177.4,176.9,2.2,176.4,177.5,0.578,UP,0,0,0,FORM ISSUE,Pelvis tilting - keep hips square
21400,LEFT,179.7,176.1,178.6,173.1,177.2,176.7,2.1,176.1,177.6,0.582,UP,0,0,0,FORM ISSUE,Pelvis tilting - keep hips square
21433,LEFT,179.2,175.2,178.5,174.2,177.7,177.5,2.5,177.0,178.3,0.587,UP,0,0,0,FORM ISSUE,Pelvis tilting - keep hips square
21466,LEFT,177.1,173.5,178.4,175.1,177.9,178.0,2.0,177.4,179.9,0.59,UP,0,0,0,FORM ISSUE,Pelvis tilting - keep hips square
21500,LEFT,177.0,174.7,178.6,174.9,178.0,176.9,1.4,178.5,179.6,0.593,UP,0,0,0,FORM ISSUE,Pelvis tilting - keep hips square
21533,LEFT,179.5,176.2,178.5,175.1,178.6,176.2,1.1,175.8,179.2,0.599,UP,0,0,0,FORM ISSUE,Pelvis tilting - keep hips square
21566,LEFT,173.5,176.9,177.3,175.3,178.8,175.9,0.9,174.4,179.1,0.61,UP,0,0,0,FORM ISSUE,Pelvis tilting - keep hips square
21600,LEFT,172.7,175.7,176.0,175.4,178.4,176.8,1.1,174.1,179.8,0.626,UP,0,0,0,FORM ISSUE,Pelvis tilting - keep hips square
21633,LEFT,172.3,175.9,175.0,175.9,179.4,176.4,0.5,170.8,179.3,0.642,UP,0,0,0,FORM ISSUE,Pelvis tilting - keep hips square
21666,RIGHT,173.1,175.0,174.2,175.9,177.6,177.7,0.2,165.7,179.1,0.654,UP,0,0,0,FORM ISSUE,Pelvis tilting - keep hips square
21700,LEFT,176.7,171.5,173.6,175.0,176.8,178.2,0.1,163.1,179.9,0.657,UP,0,0,0,FORM ISSUE,Pelvis tilting - keep hips square
21733,RIGHT,171.9,176.7,173.3,174.9,177.9,176.9,0.1,175.3,177.3,0.656,UP,0,0,0,FORM ISSUE,Pelvis tilting - keep hips square
21766,LEFT,177.0,172.4,174.2,174.3,176.9,175.6,0.4,169.8,179.7,0.648,UP,0,0,0,FORM ISSUE,Pelvis tilting - keep hips square
21800,RIGHT,173.4,179.3,174.4,175.0,175.1,175.7,0.5,169.4,179.5,0.641,UP,0,0,0,FORM ISSUE,Pelvis tilting - keep hips square
21833,LEFT,174.7,175.2,174.7,175.0,172.9,172.7,1.4,166.5,177.0,0.636,UP,0,0,0,FORM ISSUE,Pelvis tilting - keep hips square
21866,LEFT,175.1,175.2,174.4,175.7,172.3,172.8,1.8,166.3,179.8,0.635,UP,0,0,0,FORM ISSUE,Pelvis tilting - keep hips square
21900,LEFT,174.5,175.2,174.9,175.4,171.8,172.7,1.6,169.4,179.9,0.632,UP,0,0,0,FORM ISSUE,Pelvis tilting - keep hips square
21933,LEFT,175.0,175.0,174.5,176.0,173.4,173.3,0.9,176.0,179.4,0.628,UP,0,0,0,FORM ISSUE,Pelvis tilting - keep hips square
21966,RIGHT,175.3,177.2,174.9,175.6,173.4,174.1,0.4,179.2,177.1,0.625,UP,0,0,0,FORM ISSUE,Pelvis tilting - keep hips square
22000,RIGHT,173.8,179.3,174.7,176.4,176.0,175.0,0.5,178.7,176.8,0.623,UP,0,0,0,FORM ISSUE,Pelvis tilting - keep hips square
22033,RIGHT,173.9,180.0,174.5,177.3,176.1,174.5,0.1,172.4,177.5,0.621,UP,0,0,0,FORM ISSUE,Pelvis tilting - keep hips square
22066,RIGHT,174.0,179.8,174.4,178.3,175.9,174.9,0.1,172.4,178.0,0.623,UP,0,0,0,FORM ISSUE,Pelvis tilting - keep hips square
22100,RIGHT,175.4,179.9,174.5,179.2,174.9,175.2,0.0,172.1,177.4,0.629,UP,0,0,0,FORM ISSUE,Pelvis tilting - keep hips square
22133,RIGHT,176.2,179.4,174.7,179.7,173.7,174.4,0.5,177.9,176.6,0.632,UP,0,0,0,FORM ISSUE,Pelvis tilting - keep hips square
22166,LEFT,177.5,176.2,175.4,179.1,173.8,172.6,0.9,178.4,175.1,0.629,UP,0,0,0,FORM ISSUE,Pelvis tilting - keep hips square
22200,LEFT,177.3,175.6,176.1,178.2,174.6,173.0,0.2,174.6,168.7,0.623,UP,0,0,0,FORM ISSUE,Pelvis tilting - keep hips square
22233,LEFT,175.2,176.7,176.3,177.6,174.2,172.6,0.0,175.7,166.6,0.61,UP,0,0,0,FORM ISSUE,Pelvis tilting - keep hips square
22266,LEFT,172.8,177.3,175.8,177.1,171.1,172.5,0.7,172.9,164.5,0.59,UP,0,0,0,FORM ISSUE,Pelvis tilting - keep hips square
22300,LEFT,171.6,177.6,174.9,176.7,171.2,172.5,0.7,173.5,165.0,0.571,UP,0,0,0,FORM ISSUE,Pelvis tilting - keep hips square
22333,LEFT,171.3,177.7,173.6,177.0,170.0,172.7,1.1,173.9,163.1,0.554,UP,0,0,0,FORM ISSUE,Pelvis tilting - keep hips square
22366,LEFT,170.4,178.3,172.2,177.5,170.2,172.7,1.1,175.2,163.5,0.539,UP,0,0,0,FORM ISSUE,Pelvis tilting - keep hips square
22400,LEFT,171.7,178.6,171.5,177.9,170.9,173.0,1.1,175.0,159.7,0.525,UP,0,0,0,FORM ISSUE,Pelvis tilting - keep hips square
22433,RIGHT,178.7,175.6,172.7,177.6,172.8,170.6,1.1,175.7,162.6,0.514,UP,0,0,0,FORM ISSUE,Pelvis tilting - keep hips square
22466,RIGHT,178.3,175.6,174.1,177.1,172.9,170.9,1.1,176.0,163.5,0.504,UP,0,0,0,FORM ISSUE,Pelvis tilting - keep hips square
22500,,,,,,,,,,,0.497,UP,0,0,0,LOW CONFIDENCE,Adjust camera view
22533,,,,,,,,,,,0.488,UP,0,0,0,LOW CONFIDENCE,Adjust camera view
22566,,,,,,,,,,,0.48,UP,0,0,0,LOW CONFIDENCE,Adjust camera view
22600,,,,,,,,,,,0.475,UP,0,0,0,LOW CONFIDENCE,Adjust camera view
22633,,,,,,,,,,,0.469,UP,0,0,0,LOW CONFIDENCE,Adjust camera view
22666,,,,,,,,,,,0.464,UP,0,0,0,LOW CONFIDENCE,Adjust camera view
22700,,,,,,,,,,,0.461,UP,0,0,0,LOW CONFIDENCE,Adjust camera view
22733,,,,,,,,,,,0.458,UP,0,0,0,LOW CONFIDENCE,Adjust camera view
22766,,,,,,,,,,,0.454,UP,0,0,0,LOW CONFIDENCE,Adjust camera view
22800,,,,,,,,,,,0.451,UP,0,0,0,LOW CONFIDENCE,Adjust camera view
22833,,,,,,,,,,,0.445,UP,0,0,0,LOW CONFIDENCE,Adjust camera view
22866,,,,,,,,,,,0.441,UP,0,0,0,LOW CONFIDENCE,Adjust camera view
22900,,,,,,,,,,,0.438,UP,0,0,0,LOW CONFIDENCE,Adjust camera view
22933,,,,,,,,,,,0.435,UP,0,0,0,LOW CONFIDENCE,Adjust camera view
22966,,,,,,,,,,,0.436,UP,0,0,0,LOW CONFIDENCE,Adjust camera view
23000,,,,,,,,,,,0.437,UP,0,0,0,LOW CONFIDENCE,Adjust camera view
23033,,,,,,,,,,,0.439,UP,0,0,0,LOW CONFIDENCE,Adjust camera view
23066,,,,,,,,,,,0.441,UP,0,0,0,LOW CONFIDENCE,Adjust camera view
23100,,,,,,,,,,,0.442,UP,0,0,0,LOW CONFIDENCE,Adjust camera view
23133,,,,,,,,,,,0.441,UP,0,0,0,LOW CONFIDENCE,Adjust camera view
23166,,,,,,,,,,,0.441,UP,0,0,0,LOW CONFIDENCE,Adjust camera view
23200,,,,,,,,,,,0.442,UP,0,0,0,LOW CONFIDENCE,Adjust camera view
23233,,,,,,,,,,,0.443,UP,0,0,0,LOW CONFIDENCE,Adjust camera view
23266,,,,,,,,,,,0.445,UP,0,0,0,LOW CONFIDENCE,Adjust camera view
23300,,,,,,,,,,,0.449,UP,0,0,0,LOW CONFIDENCE,Adjust camera view
23333,,,,,,,,,,,0.451,UP,0,0,0,LOW CONFIDENCE,Adjust camera view
23366,,,,,,,,,,,0.45,UP,0,0,0,LOW CONFIDENCE,Adjust camera view
23400,,,,,,,,,,,0.452,UP,0,0,0,LOW CONFIDENCE,Adjust camera view
23433,,,,,,,,,,,0.453,UP,0,0,0,LOW CONFIDENCE,Adjust camera view
23466,,,,,,,,,,,0.456,UP,0,0,0,LOW CONFIDENCE,Adjust camera view
23500,,,,,,,,,,,0.46,UP,0,0,0,LOW CONFIDENCE,Adjust camera view
23533,,,,,,,,,,,0.466,UP,0,0,0,LOW CONFIDENCE,Adjust camera view
23566,,,,,,,,,,,0.47,UP,0,0,0,LOW CONFIDENCE,Adjust camera view
23600,,,,,,,,,,,0.472,UP,0,0,0,LOW CONFIDENCE,Adjust camera view
23633,,,,,,,,,,,0.472,UP,0,0,0,LOW CONFIDENCE,Adjust camera view
23666,,,,,,,,,,,0.472,UP,0,0,0,LOW CONFIDENCE,Adjust camera view
23700,,,,,,,,,,,0.472,UP,0,0,0,LOW CONFIDENCE,Adjust camera view
23733,,,,,,,,,,,0.472,UP,0,0,0,LOW CONFIDENCE,Adjust camera view
23766,,,,,,,,,,,0.475,UP,0,0,0,LOW CONFIDENCE,Adjust camera view
23800,,,,,,,,,,,0.478,UP,0,0,0,LOW CONFIDENCE,Adjust camera view
23833,,,,,,,,,,,0.481,UP,0,0,0,LOW CONFIDENCE,Adjust camera view
23866,,,,,,,,,,,0.485,UP,0,0,0,LOW CONFIDENCE,Adjust camera view
23900,,,,,,,,,,,0.487,UP,0,0,0,LOW CONFIDENCE,Adjust camera view
23933,,,,,,,,,,,0.489,UP,0,0,0,LOW CONFIDENCE,Adjust camera view
23966,,,,,,,,,,,0.489,UP,0,0,0,LOW CONFIDENCE,Adjust camera view
24000,,,,,,,,,,,0.489,UP,0,0,0,LOW CONFIDENCE,Adjust camera view
24033,,,,,,,,,,,0.488,UP,0,0,0,LOW CONFIDENCE,Adjust camera view
24066,,,,,,,,,,,0.487,UP,0,0,0,LOW CONFIDENCE,Adjust camera view
24100,,,,,,,,,,,0.486,UP,0,0,0,LOW CONFIDENCE,Adjust camera view
24133,,,,,,,,,,,0.484,UP,0,0,0,LOW CONFIDENCE,Adjust camera view
24166,,,,,,,,,,,0.482,UP,0,0,0,LOW CONFIDENCE,Adjust camera view
24200,,,,,,,,,,,0.48,UP,0,0,0,LOW CONFIDENCE,Adjust camera view
24233,,,,,,,,,,,0.48,UP,0,0,0,LOW CONFIDENCE,Adjust camera view
24266,,,,,,,,,,,0.481,UP,0,0,0,LOW CONFIDENCE,Adjust camera view
24300,,,,,,,,,,,0.483,UP,0,0,0,LOW CONFIDENCE,Adjust camera view
24333,,,,,,,,,,,0.486,UP,0,0,0,LOW CONFIDENCE,Adjust camera view
24366,,,,,,,,,,,0.487,UP,0,0,0,LOW CONFIDENCE,Adjust camera view
24400,,,,,,,,,,,0.486,UP,0,0,0,LOW CONFIDENCE,Adjust camera view
24433,,,,,,,,,,,0.484,UP,0,0,0,LOW CONFIDENCE,Adjust camera view
24466,,,,,,,,,,,0.481,UP,0,0,0,LOW CONFIDENCE,Adjust camera view
24500,,,,,,,,,,,0.478,UP,0,0,0,LOW CONFIDENCE,Adjust camera view
24533,,,,,,,,,,,0.477,UP,0,0,0,LOW CONFIDENCE,Adjust camera view
24566,,,,,,,,,,,0.477,UP,0,0,0,LOW CONFIDENCE,Adjust camera view
24600,,,,,,,,,,,0.475,UP,0,0,0,LOW CONFIDENCE,Adjust camera view
24633,,,,,,,,,,,0.474,UP,0,0,0,LOW CONFIDENCE,Adjust camera view
24666,,,,,,,,,,,0.473,UP,0,0,0,LOW CONFIDENCE,Adjust camera view
24700,,,,,,,,,,,0.47,UP,0,0,0,LOW CONFIDENCE,Adjust camera view
24733,,,,,,,,,,,0.471,UP,0,0,0,LOW CONFIDENCE,Adjust camera view
24766,,,,,,,,,,,0.472,UP,0,0,0,LOW CONFIDENCE,Adjust camera view
24800,,,,,,,,,,,0.474,UP,0,0,0,LOW CONFIDENCE,Adjust camera view
24833,,,,,,,,,,,0.475,UP,0,0,0,LOW CONFIDENCE,Adjust camera view
24866,,,,,,,,,,,0.477,UP,0,0,0,LOW CONFIDENCE,Adjust camera view
24900,,,,,,,,,,,0.477,UP,0,0,0,LOW CONFIDENCE,Adjust camera view
24933,,,,,,,,,,,0.476,UP,0,0,0,LOW CONFIDENCE,Adjust camera view
24966,,,,,,,,,,,0.475,UP,0,0,0,LOW CONFIDENCE,Adjust camera view
25000,,,,,,,,,,,0.472,UP,0,0,0,LOW CONFIDENCE,Adjust camera view
25033,,,,,,,,,,,0.47,UP,0,0,0,LOW CONFIDENCE,Adjust camera view
25066,,,,,,,,,,,0.466,UP,0,0,0,LOW CONFIDENCE,Adjust camera view
25100,,,,,,,,,,,0.462,UP,0,0,0,LOW CONFIDENCE,Adjust camera view
25133,,,,,,,,,,,0.458,UP,0,0,0,LOW CONFIDENCE,Adjust camera view
25166,,,,,,,,,,,0.455,UP,0,0,0,LOW CONFIDENCE,Adjust camera view
25200,,,,,,,,,,,0.452,UP,0,0,0,LOW CONFIDENCE,Adjust camera view
25233,,,,,,,,,,,0.453,UP,0,0,0,LOW CONFIDENCE,Adjust camera view
25266,,,,,,,,,,,0.456,UP,0,0,0,LOW CONFIDENCE,Adjust camera view
25300,,,,,,,,,,,0.459,UP,0,0,0,LOW CONFIDENCE,Adjust camera view
25333,,,,,,,,,,,0.462,UP,0,0,0,LOW CONFIDENCE,Adjust camera view
25366,,,,,,,,,,,0.466,UP,0,0,0,LOW CONFIDENCE,Adjust camera view
25400,,,,,,,,,,,0.468,UP,0,0,0,LOW CONFIDENCE,Adjust camera view
25433,,,,,,,,,,,0.469,UP,0,0,0,LOW CONFIDENCE,Adjust camera view
25466,,,,,,,,,,,0.469,UP,0,0,0,LOW CONFIDENCE,Adjust camera view
25500,,,,,,,,,,,0.471,UP,0,0,0,LOW CONFIDENCE,Adjust camera view
25533,,,,,,,,,,,0.471,UP,0,0,0,LOW CONFIDENCE,Adjust camera view
25566,,,,,,,,,,,0.471,UP,0,0,0,LOW CONFIDENCE,Adjust camera view
25600,,,,,,,,,,,0.471,UP,0,0,0,LOW CONFIDENCE,Adjust camera view
25633,,,,,,,,,,,0.47,UP,0,0,0,LOW CONFIDENCE,Adjust camera view
25666,,,,,,,,,,,0.467,UP,0,0,0,LOW CONFIDENCE,Adjust camera view
25700,,,,,,,,,,,0.465,UP,0,0,0,LOW CONFIDENCE,Adjust camera view
25733,,,,,,,,,,,0.463,UP,0,0,0,LOW CONFIDENCE,Adjust camera view
25766,,,,,,,,,,,0.463,UP,0,0,0,LOW CONFIDENCE,Adjust camera view
25800,,,,,,,,,,,0.462,UP,0,0,0,LOW CONFIDENCE,Adjust camera view
25833,,,,,,,,,,,0.462,UP,0,0,0,LOW CONFIDENCE,Adjust camera view
25866,,,,,,,,,,,0.463,UP,0,0,0,LOW CONFIDENCE,Adjust camera view
25900,,,,,,,,,,,0.464,UP,0,0,0,LOW CONFIDENCE,Adjust camera view
25933,,,,,,,,,,,0.464,UP,0,0,0,LOW CONFIDENCE,Adjust camera view
25966,,,,,,,,,,,0.464,UP,0,0,0,LOW CONFIDENCE,Adjust camera view
26000,,,,,,,,,,,0.465,UP,0,0,0,LOW CONFIDENCE,Adjust camera view
26033,,,,,,,,,,,0.462,UP,0,0,0,LOW CONFIDENCE,Adjust camera view
26066,,,,,,,,,,,0.46,UP,0,0,0,LOW CONFIDENCE,Adjust camera view
26100,,,,,,,,,,,0.457,UP,0,0,0,LOW CONFIDENCE,Adjust camera view
26133,,,,,,,,,,,0.455,UP,0,0,0,LOW CONFIDENCE,Adjust camera view
26166,,,,,,,,,,,0.452,UP,0,0,0,LOW CONFIDENCE,Adjust camera view
26200,,,,,,,,,,,0.452,UP,0,0,0,LOW CONFIDENCE,Adjust camera view
26233,,,,,,,,,,,0.452,UP,0,0,0,LOW CONFIDENCE,Adjust camera view
26266,,,,,,,,,,,0.454,UP,0,0,0,LOW CONFIDENCE,Adjust camera view
26300,,,,,,,,,,,0.458,UP,0,0,0,LOW CONFIDENCE,Adjust camera view
26333,,,,,,,,,,,0.463,UP,0,0,0,LOW CONFIDENCE,Adjust camera view
26366,,,,,,,,,,,0.467,UP,0,0,0,LOW CONFIDENCE,Adjust camera view
26400,,,,,,,,,,,0.471,UP,0,0,0,LOW CONFIDENCE,Adjust camera view
26433,,,,,,,,,,,0.472,UP,0,0,0,LOW CONFIDENCE,Adjust camera view
26466,,,,,,,,,,,0.472,UP,0,0,0,LOW CONFIDENCE,Adjust camera view
26500,,,,,,,,,,,0.471,UP,0,0,0,LOW CONFIDENCE,Adjust camera view
26533,,,,,,,,,,,0.469,UP,0,0,0,LOW CONFIDENCE,Adjust camera view
26566,,,,,,,,,,,0.466,UP,0,0,0,LOW CONFIDENCE,Adjust camera view
26600,,,,,,,,,,,0.465,UP,0,0,0,LOW CONFIDENCE,Adjust camera view
26633,,,,,,,,,,,0.461,UP,0,0,0,LOW CONFIDENCE,Adjust camera view
26666,,,,,,,,,,,0.458,UP,0,0,0,LOW CONFIDENCE,Adjust camera view
26700,,,,,,,,,,,0.454,UP,0,0,0,LOW CONFIDENCE,Adjust camera view
26733,,,,,,,,,,,0.452,UP,0,0,0,LOW CONFIDENCE,Adjust camera view
26766,,,,,,,,,,,0.449,UP,0,0,0,LOW CONFIDENCE,Adjust camera view
26800,,,,,,,,,,,0.446,UP,0,0,0,LOW CONFIDENCE,Adjust camera view
26833,,,,,,,,,,,0.442,UP,0,0,0,LOW CONFIDENCE,Adjust camera view
26866,,,,,,,,,,,0.437,UP,0,0,0,LOW CONFIDENCE,Adjust camera view
26900,,,,,,,,,,,0.431,UP,0,0,0,LOW CONFIDENCE,Adjust camera view
26933,,,,,,,,,,,0.427,UP,0,0,0,LOW CONFIDENCE,Adjust camera view
26966,,,,,,,,,,,0.425,UP,0,0,0,LOW CONFIDENCE,Adjust camera view
27000,,,,,,,,,,,0.423,UP,0,0,0,LOW CONFIDENCE,Adjust camera view
27033,,,,,,,,,,,0.426,UP,0,0,0,LOW CONFIDENCE,Adjust camera view
27066,,,,,,,,,,,0.427,UP,0,0,0,LOW CONFIDENCE,Adjust camera view
27100,,,,,,,,,,,0.426,UP,0,0,0,LOW CONFIDENCE,Adjust camera view
27133,,,,,,,,,,,0.423,UP,0,0,0,LOW CONFIDENCE,Adjust camera view
27166,,,,,,,,,,,0.423,UP,0,0,0,LOW CONFIDENCE,Adjust camera view
27200,,,,,,,,,,,0.418,UP,0,0,0,LOW CONFIDENCE,Adjust camera view
27233,,,,,,,,,,,0.417,UP,0,0,0,LOW CONFIDENCE,Adjust camera view
27266,,,,,,,,,,,0.416,UP,0,0,0,LOW CONFIDENCE,Adjust camera view
27300,,,,,,,,,,,0.417,UP,0,0,0,LOW CONFIDENCE,Adjust camera view
27333,,,,,,,,,,,0.417,UP,0,0,0,LOW CONFIDENCE,Adjust camera view
27366,,,,,,,,,,,0.419,UP,0,0,0,LOW CONFIDENCE,Adjust camera view
27400,,,,,,,,,,,0.421,UP,0,0,0,LOW CONFIDENCE,Adjust camera view
27433,,,,,,,,,,,0.423,UP,0,0,0,LOW CONFIDENCE,Adjust camera view
27466,,,,,,,,,,,0.424,UP,0,0,0,LOW CONFIDENCE,Adjust camera view
27500,,,,,,,,,,,0.423,UP,0,0,0,LOW CONFIDENCE,Adjust camera view
27533,,,,,,,,,,,0.421,UP,0,0,0,LOW CONFIDENCE,Adjust camera view
27566,,,,,,,,,,,0.418,UP,0,0,0,LOW CONFIDENCE,Adjust camera view
27600,,,,,,,,,,,0.417,UP,0,0,0,LOW CONFIDENCE,Adjust camera view
27633,,,,,,,,,,,0.416,UP,0,0,0,LOW CONFIDENCE,Adjust camera view
27666,,,,,,,,,,,0.418,UP,0,0,0,LOW CONFIDENCE,Adjust camera view
27700,,,,,,,,,,,0.42,UP,0,0,0,LOW CONFIDENCE,Adjust camera view
27733,,,,,,,,,,,0.423,UP,0,0,0,LOW CONFIDENCE,Adjust camera view
27766,,,,,,,,,,,0.424,UP,0,0,0,LOW CONFIDENCE,Adjust camera view
27800,,,,,,,,,,,0.425,UP,0,0,0,LOW CONFIDENCE,Adjust camera view
27833,,,,,,,,,,,0.424,UP,0,0,0,LOW CONFIDENCE,Adjust camera view
27866,,,,,,,,,,,0.425,UP,0,0,0,LOW CONFIDENCE,Adjust camera view
27900,,,,,,,,,,,0.426,UP,0,0,0,LOW CONFIDENCE,Adjust camera view
27933,,,,,,,,,,,0.429,UP,0,0,0,LOW CONFIDENCE,Adjust camera view
27966,,,,,,,,,,,0.434,UP,0,0,0,LOW CONFIDENCE,Adjust camera view
28000,,,,,,,,,,,0.439,UP,0,0,0,LOW CONFIDENCE,Adjust camera view
28033,,,,,,,,,,,0.442,UP,0,0,0,LOW CONFIDENCE,Adjust camera view
28066,,,,,,,,,,,0.445,UP,0,0,0,LOW CONFIDENCE,Adjust camera view
28100,,,,,,,,,,,0.445,UP,0,0,0,LOW CONFIDENCE,Adjust camera view
28133,,,,,,,,,,,0.444,UP,0,0,0,LOW CONFIDENCE,Adjust camera view
28166,,,,,,,,,,,0.444,UP,0,0,0,LOW CONFIDENCE,Adjust camera view
28200,,,,,,,,,,,0.444,UP,0,0,0,LOW CONFIDENCE,Adjust camera view
28233,,,,,,,,,,,0.445,UP,0,0,0,LOW CONFIDENCE,Adjust camera view
28266,,,,,,,,,,,0.448,UP,0,0,0,LOW CONFIDENCE,Adjust camera view
28300,,,,,,,,,,,0.45,UP,0,0,0,LOW CONFIDENCE,Adjust camera view
28333,,,,,,,,,,,0.451,UP,0,0,0,LOW CONFIDENCE,Adjust camera view
28366,,,,,,,,,,,0.452,UP,0,0,0,LOW CONFIDENCE,Adjust camera view
28400,,,,,,,,,,,0.453,UP,0,0,0,LOW CONFIDENCE,Adjust camera view
28433,,,,,,,,,,,0.454,UP,0,0,0,LOW CONFIDENCE,Adjust camera view
28466,,,,,,,,,,,0.456,UP,0,0,0,LOW CONFIDENCE,Adjust camera view
28500,,,,,,,,,,,0.46,UP,0,0,0,LOW CONFIDENCE,Adjust camera view
28533,,,,,,,,,,,0.464,UP,0,0,0,LOW CONFIDENCE,Adjust camera view
28566,,,,,,,,,,,0.463,UP,0,0,0,LOW CONFIDENCE,Adjust camera view
28600,,,,,,,,,,,0.463,UP,0,0,0,LOW CONFIDENCE,Adjust camera view
28633,,,,,,,,,,,0.464,UP,0,0,0,LOW CONFIDENCE,Adjust camera view
28666,,,,,,,,,,,0.463,UP,0,0,0,LOW CONFIDENCE,Adjust camera view
28700,,,,,,,,,,,0.464,UP,0,0,0,LOW CONFIDENCE,Adjust camera view
28733,,,,,,,,,,,0.469,UP,0,0,0,LOW CONFIDENCE,Adjust camera view
28766,,,,,,,,,,,0.472,UP,0,0,0,LOW CONFIDENCE,Adjust camera view
28800,,,,,,,,,,,0.475,UP,0,0,0,LOW CONFIDENCE,Adjust camera view
28833,,,,,,,,,,,0.477,UP,0,0,0,LOW CONFIDENCE,Adjust camera view
28866,,,,,,,,,,,0.479,UP,0,0,0,LOW CONFIDENCE,Adjust camera view
28900,,,,,,,,,,,0.479,UP,0,0,0,LOW CONFIDENCE,Adjust camera view
28933,,,,,,,,,,,0.48,UP,0,0,0,LOW CONFIDENCE,Adjust camera view
28966,,,,,,,,,,,0.48,UP,0,0,0,LOW CONFIDENCE,Adjust camera view
29000,,,,,,,,,,,0.48,UP,0,0,0,LOW CONFIDENCE,Adjust camera view
29033,,,,,,,,,,,0.479,UP,0,0,0,LOW CONFIDENCE,Adjust camera view
29066,,,,,,,,,,,0.478,UP,0,0,0,LOW CONFIDENCE,Adjust camera view
29100,,,,,,,,,,,0.476,UP,0,0,0,LOW CONFIDENCE,Adjust camera view
29133,,,,,,,,,,,0.472,UP,0,0,0,LOW CONFIDENCE,Adjust camera view
29166,,,,,,,,,,,0.469,UP,0,0,0,LOW CONFIDENCE,Adjust camera view
29200,,,,,,,,,,,0.467,UP,0,0,0,LOW CONFIDENCE,Adjust camera view
29233,,,,,,,,,,,0.467,UP,0,0,0,LOW CONFIDENCE,Adjust camera view
29266,,,,,,,,,,,0.469,UP,0,0,0,LOW CONFIDENCE,Adjust camera view
29300,,,,,,,,,,,0.471,UP,0,0,0,LOW CONFIDENCE,Adjust camera view
29333,,,,,,,,,,,0.473,UP,0,0,0,LOW CONFIDENCE,Adjust camera view
29366,,,,,,,,,,,0.474,UP,0,0,0,LOW CONFIDENCE,Adjust camera view
29400,,,,,,,,,,,0.472,UP,0,0,0,LOW CONFIDENCE,Adjust camera view
29433,,,,,,,,,,,0.47,UP,0,0,0,LOW CONFIDENCE,Adjust camera view
29466,,,,,,,,,,,0.469,UP,0,0,0,LOW CONFIDENCE,Adjust camera view
29500,,,,,,,,,,,0.469,UP,0,0,0,LOW CONFIDENCE,Adjust camera view
29533,,,,,,,,,,,0.467,UP,0,0,0,LOW CONFIDENCE,Adjust camera view
29566,,,,,,,,,,,0.468,UP,0,0,0,LOW CONFIDENCE,Adjust camera view
29600,,,,,,,,,,,0.468,UP,0,0,0,LOW CONFIDENCE,Adjust camera view
29633,,,,,,,,,,,0.469,UP,0,0,0,LOW CONFIDENCE,Adjust camera view
29666,,,,,,,,,,,0.469,UP,0,0,0,LOW CONFIDENCE,Adjust camera view
29700,,,,,,,,,,,0.467,UP,0,0,0,LOW CONFIDENCE,Adjust camera view
29733,,,,,,,,,,,0.465,UP,0,0,0,LOW CONFIDENCE,Adjust camera view
29766,,,,,,,,,,,0.465,UP,0,0,0,LOW CONFIDENCE,Adjust camera view
29800,,,,,,,,,,,0.465,UP,0,0,0,LOW CONFIDENCE,Adjust camera view
29833,,,,,,,,,,,0.466,UP,0,0,0,LOW CONFIDENCE,Adjust camera view
29866,,,,,,,,,,,0.47,UP,0,0,0,LOW CONFIDENCE,Adjust camera view
29900,,,,,,,,,,,0.473,UP,0,0,0,LOW CONFIDENCE,Adjust camera view
29933,,,,,,,,,,,0.475,UP,0,0,0,LOW CONFIDENCE,Adjust camera view
29966,,,,,,,,,,,0.476,UP,0,0,0,LOW CONFIDENCE,Adjust camera view
30000,,,,,,,,,,,0.477,UP,0,0,0,LOW CONFIDENCE,Adjust camera view
30033,,,,,,,,,,,0.477,UP,0,0,0,LOW CONFIDENCE,Adjust camera view
30066,,,,,,,,,,,0.479,UP,0,0,0,LOW CONFIDENCE,Adjust camera view
30100,,,,,,,,,,,0.482,UP,0,0,0,LOW CONFIDENCE,Adjust camera view
30133,,,,,,,,,,,0.484,UP,0,0,0,LOW CONFIDENCE,Adjust camera view
30166,,,,,,,,,,,0.486,UP,0,0,0,LOW CONFIDENCE,Adjust camera view
30200,,,,,,,,,,,0.487,UP,0,0,0,LOW CONFIDENCE,Adjust camera view
30233,,,,,,,,,,,0.484,UP,0,0,0,LOW CONFIDENCE,Adjust camera view
30266,,,,,,,,,,,0.48,UP,0,0,0,LOW CONFIDENCE,Adjust camera view
30300,,,,,,,,,,,0.476,UP,0,0,0,LOW CONFIDENCE,Adjust camera view
30333,,,,,,,,,,,0.474,UP,0,0,0,LOW CONFIDENCE,Adjust camera view
30366,,,,,,,,,,,0.473,UP,0,0,0,LOW CONFIDENCE,Adjust camera view
30400,,,,,,,,,,,0.477,UP,0,0,0,LOW CONFIDENCE,Adjust camera view
30433,,,,,,,,,,,0.482,UP,0,0,0,LOW CONFIDENCE,Adjust camera view
30466,,,,,,,,,,,0.487,UP,0,0,0,LOW CONFIDENCE,Adjust camera view
30500,,,,,,,,,,,0.49,UP,0,0,0,LOW CONFIDENCE,Adjust camera view
30533,,,,,,,,,,,0.491,UP,0,0,0,LOW CONFIDENCE,Adjust camera view
30566,,,,,,,,,,,0.492,UP,0,0,0,LOW CONFIDENCE,Adjust camera view
30600,,,,,,,,,,,0.492,UP,0,0,0,LOW CONFIDENCE,Adjust camera view
30633,,,,,,,,,,,0.492,UP,0,0,0,LOW CONFIDENCE,Adjust camera view
30666,,,,,,,,,,,0.492,UP,0,0,0,LOW CONFIDENCE,Adjust camera view
30700,,,,,,,,,,,0.493,UP,0,0,0,LOW CONFIDENCE,Adjust camera view
30733,,,,,,,,,,,0.494,UP,0,0,0,LOW CONFIDENCE,Adjust camera view
30766,,,,,,,,,,,0.494,UP,0,0,0,LOW CONFIDENCE,Adjust camera view
30800,,,,,,,,,,,0.494,UP,0,0,0,LOW CONFIDENCE,Adjust camera view
30833,,,,,,,,,,,0.494,UP,0,0,0,LOW CONFIDENCE,Adjust camera view
30866,,,,,,,,,,,0.497,UP,0,0,0,LOW CONFIDENCE,Adjust camera view
30900,,,,,,,,,,,0.497,UP,0,0,0,LOW CONFIDENCE,Adjust camera view
30933,,,,,,,,,,,0.497,UP,0,0,0,LOW CONFIDENCE,Adjust camera view
30966,,,,,,,,,,,0.497,UP,0,0,0,LOW CONFIDENCE,Adjust camera view
31000,,,,,,,,,,,0.495,UP,0,0,0,LOW CONFIDENCE,Adjust camera view
31033,,,,,,,,,,,0.493,UP,0,0,0,LOW CONFIDENCE,Adjust camera view
31066,,,,,,,,,,,0.49,UP,0,0,0,LOW CONFIDENCE,Adjust camera view
31100,,,,,,,,,,,0.488,UP,0,0,0,LOW CONFIDENCE,Adjust camera view
31133,,,,,,,,,,,0.487,UP,0,0,0,LOW CONFIDENCE,Adjust camera view
31166,,,,,,,,,,,0.486,UP,0,0,0,LOW CONFIDENCE,Adjust camera view
31200,,,,,,,,,,,0.485,UP,0,0,0,LOW CONFIDENCE,Adjust camera view
31233,,,,,,,,,,,0.485,UP,0,0,0,LOW CONFIDENCE,Adjust camera view
31266,,,,,,,,,,,0.486,UP,0,0,0,LOW CONFIDENCE,Adjust camera view
31300,,,,,,,,,,,0.484,UP,0,0,0,LOW CONFIDENCE,Adjust camera view
31333,,,,,,,,,,,0.484,UP,0,0,0,LOW CONFIDENCE,Adjust camera view
31366,,,,,,,,,,,0.483,UP,0,0,0,LOW CONFIDENCE,Adjust camera view
31400,,,,,,,,,,,0.482,UP,0,0,0,LOW CONFIDENCE,Adjust camera view
31433,,,,,,,,,,,0.482,UP,0,0,0,LOW CONFIDENCE,Adjust camera view
31466,,,,,,,,,,,0.484,UP,0,0,0,LOW CONFIDENCE,Adjust camera view
31500,,,,,,,,,,,0.484,UP,0,0,0,LOW CONFIDENCE,Adjust camera view
31533,,,,,,,,,,,0.485,UP,0,0,0,LOW CONFIDENCE,Adjust camera view
31566,,,,,,,,,,,0.485,UP,0,0,0,LOW CONFIDENCE,Adjust camera view
31600,,,,,,,,,,,0.481,UP,0,0,0,LOW CONFIDENCE,Adjust camera view
31633,,,,,,,,,,,0.474,UP,0,0,0,LOW CONFIDENCE,Adjust camera view
31666,,,,,,,,,,,0.467,UP,0,0,0,LOW CONFIDENCE,Adjust camera view
31700,,,,,,,,,,,0.464,UP,0,0,0,LOW CONFIDENCE,Adjust camera view
31733,,,,,,,,,,,0.461,UP,0,0,0,LOW CONFIDENCE,Adjust camera view
31766,,,,,,,,,,,0.459,UP,0,0,0,LOW CONFIDENCE,Adjust camera view
31800,,,,,,,,,,,0.458,UP,0,0,0,LOW CONFIDENCE,Adjust camera view
31833,,,,,,,,,,,0.458,UP,0,0,0,LOW CONFIDENCE,Adjust camera view
31866,,,,,,,,,,,0.454,UP,0,0,0,LOW CONFIDENCE,Adjust camera view
31900,,,,,,,,,,,0.449,UP,0,0,0,LOW CONFIDENCE,Adjust camera view
31933,,,,,,,,,,,0.449,UP,0,0,0,LOW CONFIDENCE,Adjust camera view
31966,,,,,,,,,,,0.452,UP,0,0,0,LOW CONFIDENCE,Adjust camera view
32000,,,,,,,,,,,0.459,UP,0,0,0,LOW CONFIDENCE,Adjust camera view
32033,,,,,,,,,,,0.472,UP,0,0,0,LOW CONFIDENCE,Adjust camera view
32066,,,,,,,,,,,0.491,UP,0,0,0,LOW CONFIDENCE,Adjust camera view
32100,LEFT,179.3,178.2,175.7,177.3,176.4,167.6,0.3,178.3,177.6,0.513,UP,0,0,0,FORM ISSUE,Pelvis tilting - keep hips square
32133,LEFT,177.3,176.2,177.0,176.8,175.7,164.0,1.6,180.0,179.7,0.539,UP,0,0,0,FORM ISSUE,Pelvis tilting - keep hips square
32166,LEFT,175.3,172.0,177.8,175.5,177.1,159.1,2.3,177.3,177.7,0.562,UP,0,0,0,FORM ISSUE,Pelvis tilting - keep hips square
32200,LEFT,173.8,175.8,176.8,175.6,176.9,162.2,2.8,178.2,179.5,0.581,UP,0,0,0,FORM ISSUE,Pelvis tilting - keep hips square
32233,LEFT,175.0,178.6,176.1,176.2,175.0,163.8,3.6,178.5,179.9,0.593,UP,0,0,0,FORM ISSUE,Pelvis tilting - keep hips square
32266,LEFT,174.6,175.4,175.2,175.6,174.7,161.6,4.2,177.5,179.9,0.603,UP,0,0,0,FORM ISSUE,Pelvis tilting - keep hips square
32300,LEFT,174.0,177.3,174.5,175.8,176.0,162.7,3.9,177.4,178.4,0.608,UP,0,0,0,FORM ISSUE,Pelvis tilting - keep hips square
32333,LEFT,175.3,177.7,174.5,177.0,174.7,163.7,5.0,175.4,178.7,0.615,UP,0,0,0,FORM ISSUE,Pelvis tilting - keep hips square
32366,LEFT,174.3,178.0,174.6,177.4,175.2,164.4,4.4,173.9,179.8,0.62,UP,0,0,0,FORM ISSUE,Pelvis tilting - keep hips square
32400,LEFT,172.3,179.4,174.1,177.6,176.8,164.7,5.1,172.7,179.2,0.627,UP,0,0,0,FORM ISSUE,Pelvis tilting - keep hips square
32433,LEFT,168.5,179.3,172.9,178.3,177.2,165.8,4.7,172.3,178.7,0.631,UP,0,0,0,FORM ISSUE,Pelvis tilting - keep hips square
32466,LEFT,169.6,178.9,172.0,178.6,177.6,166.5,4.5,169.4,178.6,0.638,UP,0,0,0,FORM ISSUE,Pelvis tilting - keep hips square
32500,LEFT,171.3,175.7,171.2,178.2,177.6,167.3,4.3,170.4,177.9,0.641,UP,0,0,0,FORM ISSUE,Pelvis tilting - keep hips square
32533,LEFT,172.2,171.5,170.8,176.9,177.6,170.2,3.8,170.1,178.4,0.647,UP,0,0,0,FORM ISSUE,Pelvis tilting - keep hips square
32566,LEFT,170.9,173.2,170.5,175.7,177.6,169.5,3.8,170.6,178.6,0.655,UP,0,0,0,FORM ISSUE,Pelvis tilting - keep hips square
32600,LEFT,169.7,177.6,170.8,175.4,178.1,168.6,2.9,172.4,179.2,0.664,UP,0,0,0,FORM ISSUE,Pelvis tilting - keep hips square
32633,LEFT,169.0,179.7,170.6,175.5,179.4,169.3,1.5,174.8,177.2,0.674,UP,0,0,0,FORM ISSUE,Pelvis tilting - keep hips square
32666,LEFT,171.3,172.9,170.6,175.0,179.6,172.2,0.7,175.6,176.4,0.685,UP,0,0,0,FORM ISSUE,Pelvis tilting - keep hips square
32700,LEFT,171.5,176.3,170.5,175.9,179.2,171.8,0.2,179.1,173.2,0.695,UP,0,0,0,FORM ISSUE,Pelvis tilting - keep hips square
32733,LEFT,172.1,174.7,170.7,176.2,178.4,173.1,0.1,179.2,171.5,0.706,UP,0,0,0,FORM ISSUE,Pelvis tilting - keep hips square
32766,LEFT,172.7,174.6,171.3,175.7,179.5,174.0,1.6,174.2,168.9,0.715,UP,0,0,0,FORM ISSUE,Pelvis tilting - keep hips square
32800,LEFT,177.3,177.8,173.0,175.3,179.8,173.2,2.2,173.4,170.9,0.721,UP,0,0,0,FORM ISSUE,Pelvis tilting - keep hips square
32833,LEFT,179.5,174.2,174.6,175.5,179.8,169.8,3.1,170.5,171.5,0.726,UP,0,0,0,FORM ISSUE,Pelvis tilting - keep hips square
32866,LEFT,179.4,178.9,176.2,176.0,178.5,176.0,3.1,172.9,173.3,0.734,UP,0,0,0,FORM ISSUE,Pelvis tilting - keep hips square
32900,LEFT,176.7,176.8,177.1,176.5,177.2,177.0,3.6,173.9,172.9,0.74,UP,0,0,0,FORM ISSUE,Pelvis tilting - keep hips square
32933,LEFT,176.5,172.6,177.9,176.1,177.8,179.2,3.2,176.4,173.3,0.749,UP,0,0,0,FORM ISSUE,Pelvis tilting - keep hips square
32966,LEFT,176.3,175.0,177.7,175.5,179.3,179.5,3.1,176.5,173.2,0.76,UP,0,0,0,FORM ISSUE,Pelvis tilting - keep hips square
33000,LEFT,174.4,174.8,176.7,175.6,178.7,179.9,3.0,178.5,173.0,0.77,UP,0,0,0,FORM ISSUE,Pelvis tilting - keep hips square
33033,LEFT,176.5,174.8,176.1,174.8,178.8,179.2,2.7,178.7,172.9,0.778,UP,0,0,0,FORM ISSUE,Pelvis tilting - keep hips square
33066,LEFT,176.8,174.7,176.1,174.4,179.3,178.8,2.6,179.0,172.0,0.787,UP,0,0,0,FORM ISSUE,Pelvis tilting - keep hips square
33100,LEFT,176.1,174.8,176.0,174.8,179.6,178.4,2.5,178.6,171.4,0.796,UP,0,0,0,FORM ISSUE,Pelvis tilting - keep hips square
33133,LEFT,176.4,174.9,176.0,174.8,179.7,177.8,2.1,178.5,172.9,0.805,UP,0,0,0,FORM ISSUE,Pelvis tilting - keep hips square
33166,LEFT,179.3,174.1,177.0,174.6,178.7,177.9,2.0,178.5,172.0,0.812,UP,0,0,0,FORM ISSUE,Pelvis tilting - keep hips square
33200,LEFT,176.7,171.1,177.0,173.9,178.8,177.8,2.0,176.7,169.9,0.819,UP,0,0,0,FORM ISSUE,Pelvis tilting - keep hips square
33233,LEFT,176.3,171.2,176.9,173.2,178.5,177.9,1.6,176.9,169.9,0.822,UP,0,0,0,FORM ISSUE,Pelvis tilting - keep hips square
33266,LEFT,174.9,171.9,176.7,172.6,178.4,176.7,0.7,179.1,170.7,0.825,UP,0,0,0,FORM ISSUE,Pelvis tilting - keep hips square
33300,LEFT,173.9,173.4,176.2,172.3,178.6,175.6,0.1,179.5,172.4,0.827,UP,0,0,0,FORM ISSUE,Pelvis tilting - keep hips square
33333,LEFT,171.3,175.2,174.6,172.6,179.6,174.3,0.5,178.8,172.6,0.831,UP,0,0,0,FORM ISSUE,Pelvis tilting - keep hips square
33366,LEFT,170.6,176.5,173.4,173.6,179.4,174.0,0.9,177.7,172.7,0.836,UP,0,0,0,FORM ISSUE,Pelvis tilting - keep hips square
33400,LEFT,167.0,178.3,171.5,175.0,178.2,173.1,1.0,178.7,172.7,0.833,UP,0,0,0,FORM ISSUE,Pelvis tilting - keep hips square
33433,LEFT,167.6,178.3,170.1,176.3,176.7,174.2,2.1,173.4,173.5,0.827,UP,0,0,0,FORM ISSUE,Pelvis tilting - keep hips square
33466,LEFT,146.8,171.3,164.7,175.9,156.8,173.8,4.2,172.1,173.0,0.819,UP,0,0,0,FORM ISSUE,Pelvis tilting - keep hips square
33500,LEFT,133.5,163.5,157.1,173.5,154.0,174.7,4.8,169.7,171.9,0.811,UP,0,0,0,FORM ISSUE,Pelvis tilting - keep hips square
33533,LEFT,142.5,166.6,151.5,171.6,150.1,173.3,6.3,169.4,172.5,0.804,UP,0,0,0,FORM ISSUE,Pelvis tilting - keep hips square
33566,LEFT,154.4,170.0,149.0,169.9,156.9,170.0,7.5,167.6,173.1,0.804,UP,0,0,0,FORM ISSUE,Pelvis tilting - keep hips square
33600,RIGHT,174.9,160.9,150.4,166.5,173.0,162.2,7.9,167.1,175.6,0.801,UP,0,0,0,FORM ISSUE,Pelvis tilting - keep hips square
33633,LEFT,163.1,177.1,153.7,167.6,167.8,170.0,8.4,163.6,179.9,0.795,DOWN,0,0,0,FORM ISSUE,Pelvis tilting - keep hips square
33666,LEFT,164.3,171.7,159.8,169.3,170.3,172.0,7.7,160.4,177.6,0.781,DOWN,0,0,0,FORM ISSUE,Pelvis tilting - keep hips square
33700,LEFT,163.5,175.5,164.0,171.1,172.0,173.6,5.5,166.0,172.9,0.755,DOWN,0,0,0,FORM ISSUE,Pelvis tilting - keep hips square
33733,LEFT,151.6,162.2,163.5,169.5,168.1,175.2,2.4,163.2,177.2,0.719,DOWN,0,0,0,FORM ISSUE,Pelvis tilting - keep hips square
33766,LEFT,165.1,171.5,161.5,171.6,175.4,178.4,0.8,161.2,177.2,0.678,DOWN,0,0,0,FORM ISSUE,Pelvis tilting - keep hips square
33800,LEFT,153.5,160.3,159.6,168.2,171.8,174.6,1.8,167.4,179.2,0.633,DOWN,0,0,0,FORM ISSUE,Pelvis tilting - keep hips square
33833,LEFT,170.0,179.1,160.7,169.7,173.7,178.6,0.5,161.8,179.9,0.585,DOWN,0,0,0,FORM ISSUE,Pelvis tilting - keep hips square
33866,LEFT,171.2,175.9,162.3,169.8,172.6,178.7,0.3,167.6,174.4,0.538,DOWN,0,0,0,FORM ISSUE,Pelvis tilting - keep hips square
33900,,,,,,,,,,,0.496,DOWN,0,0,0,LOW CONFIDENCE,Adjust camera view
33933,,,,,,,,,,,0.457,DOWN,0,0,0,LOW CONFIDENCE,Adjust camera view
33966,,,,,,,,,,,0.421,DOWN,0,0,0,LOW CONFIDENCE,Adjust camera view
34000,,,,,,,,,,,0.39,DOWN,0,0,0,LOW CONFIDENCE,Adjust camera view
34033,,,,,,,,,,,0.363,DOWN,0,0,0,LOW CONFIDENCE,Adjust camera view
34066,,,,,,,,,,,0.338,DOWN,0,0,0,LOW CONFIDENCE,Adjust camera view
34100,,,,,,,,,,,0.315,DOWN,0,0,0,LOW CONFIDENCE,Adjust camera view
34133,,,,,,,,,,,0.292,DOWN,0,0,0,LOW CONFIDENCE,Adjust camera view
34166,,,,,,,,,,,0.27,DOWN,0,0,0,LOW CONFIDENCE,Adjust camera view
34200,,,,,,,,,,,0.248,DOWN,0,0,0,LOW CONFIDENCE,Adjust camera view
34233,,,,,,,,,,,0.228,DOWN,0,0,0,LOW CONFIDENCE,Adjust camera view
34266,,,,,,,,,,,0.211,DOWN,0,0,0,LOW CONFIDENCE,Adjust camera view
34300,,,,,,,,,,,0.195,DOWN,0,0,0,LOW CONFIDENCE,Adjust camera view
34333,,,,,,,,,,,0.181,DOWN,0,0,0,LOW CONFIDENCE,Adjust camera view
34366,,,,,,,,,,,0.167,DOWN,0,0,0,LOW CONFIDENCE,Adjust camera view
34400,,,,,,,,,,,0.154,DOWN,0,0,0,LOW CONFIDENCE,Adjust camera view
34433,,,,,,,,,,,0.141,DOWN,0,0,0,LOW CONFIDENCE,Adjust camera view
34466,,,,,,,,,,,0.128,DOWN,0,0,0,LOW CONFIDENCE,Adjust camera view
34500,,,,,,,,,,,0.117,DOWN,0,0,0,LOW CONFIDENCE,Adjust camera view
34533,,,,,,,,,,,0.107,DOWN,0,0,0,LOW CONFIDENCE,Adjust camera view
34566,,,,,,,,,,,0.097,DOWN,0,0,0,LOW CONFIDENCE,Adjust camera view
34600,,,,,,,,,,,0.089,DOWN,0,0,0,LOW CONFIDENCE,Adjust camera view
34633,,,,,,,,,,,0.083,DOWN,0,0,0,LOW CONFIDENCE,Adjust camera view
34666,,,,,,,,,,,0.078,DOWN,0,0,0,LOW CONFIDENCE,Adjust camera view
34700,,,,,,,,,,,0.074,DOWN,0,0,0,LOW CONFIDENCE,Adjust camera view
34733,,,,,,,,,,,0.073,DOWN,0,0,0,LOW CONFIDENCE,Adjust camera view
34766,,,,,,,,,,,0.072,DOWN,0,0,0,LOW CONFIDENCE,Adjust camera view
34800,,,,,,,,,,,0.071,DOWN,0,0,0,LOW CONFIDENCE,Adjust camera view
34833,,,,,,,,,,,0.072,DOWN,0,0,0,LOW CONFIDENCE,Adjust camera view
34866,,,,,,,,,,,0.074,DOWN,0,0,0,LOW CONFIDENCE,Adjust camera view
34900,,,,,,,,,,,0.076,DOWN,0,0,0,LOW CONFIDENCE,Adjust camera view
34933,,,,,,,,,,,0.082,DOWN,0,0,0,LOW CONFIDENCE,Adjust camera view
34966,,,,,,,,,,,0.097,DOWN,0,0,0,LOW CONFIDENCE,Adjust camera view
35000,,,,,,,,,,,0.117,DOWN,0,0,0,LOW CONFIDENCE,Adjust camera view
35033,,,,,,,,,,,0.147,DOWN,0,0,0,LOW CONFIDENCE,Adjust camera view
35066,,,,,,,,,,,0.18,DOWN,0,0,0,LOW CONFIDENCE,Adjust camera view
35100,,,,,,,,,,,0.221,DOWN,0,0,0,LOW CONFIDENCE,Adjust camera view
35133,,,,,,,,,,,0.265,DOWN,0,0,0,LOW CONFIDENCE,Adjust camera view
35166,,,,,,,,,,,0.312,DOWN,0,0,0,LOW CONFIDENCE,Adjust camera view
35200,,,,,,,,,,,0.347,DOWN,0,0,0,LOW CONFIDENCE,Adjust camera view
35233,,,,,,,,,,,0.374,DOWN,0,0,0,LOW CONFIDENCE,Adjust camera view
35266,,,,,,,,,,,0.385,DOWN,0,0,0,LOW CONFIDENCE,Adjust camera view
35300,,,,,,,,,,,0.392,DOWN,0,0,0,LOW CONFIDENCE,Adjust camera view
35333,,,,,,,,,,,0.393,DOWN,0,0,0,LOW CONFIDENCE,Adjust camera view
35366,,,,,,,,,,,0.392,DOWN,0,0,0,LOW CONFIDENCE,Adjust camera view
35400,,,,,,,,,,,0.405,DOWN,0,0,0,LOW CONFIDENCE,Adjust camera view
35433,,,,,,,,,,,0.425,DOWN,0,0,0,LOW CONFIDENCE,Adjust camera view
35466,,,,,,,,,,,0.439,DOWN,0,0,0,LOW CONFIDENCE,Adjust camera view
35500,,,,,,,,,,,0.449,DOWN,0,0,0,LOW CONFIDENCE,Adjust camera view
35533,,,,,,,,,,,0.458,DOWN,0,0,0,LOW CONFIDENCE,Adjust camera view
35566,,,,,,,,,,,0.456,DOWN,0,0,0,LOW CONFIDENCE,Adjust camera view
35600,,,,,,,,,,,0.451,DOWN,0,0,0,LOW CONFIDENCE,Adjust camera view
35633,,,,,,,,,,,0.442,DOWN,0,0,0,LOW CONFIDENCE,Adjust camera view
35666,,,,,,,,,,,0.434,DOWN,0,0,0,LOW CONFIDENCE,Adjust camera view
35700,,,,,,,,,,,0.427,DOWN,0,0,0,LOW CONFIDENCE,Adjust camera view
35733,,,,,,,,,,,0.424,DOWN,0,0,0,LOW CONFIDENCE,Adjust camera view
35766,,,,,,,,,,,0.42,DOWN,0,0,0,LOW CONFIDENCE,Adjust camera view
35800,,,,,,,,,,,0.421,DOWN,0,0,0,LOW CONFIDENCE,Adjust camera view
35833,,,,,,,,,,,0.421,DOWN,0,0,0,LOW CONFIDENCE,Adjust camera view
35866,,,,,,,,,,,0.424,DOWN,0,0,0,LOW CONFIDENCE,Adjust camera view
35900,,,,,,,,,,,0.418,DOWN,0,0,0,LOW CONFIDENCE,Adjust camera view
35933,,,,,,,,,,,0.41,DOWN,0,0,0,LOW CONFIDENCE,Adjust camera view
35966,,,,,,,,,,,0.396,DOWN,0,0,0,LOW CONFIDENCE,Adjust camera view
36000,,,,,,,,,,,0.383,DOWN,0,0,0,LOW CONFIDENCE,Adjust camera view
36033,,,,,,,,,,,0.369,DOWN,0,0,0,LOW CONFIDENCE,Adjust camera view
36066,,,,,,,,,,,0.358,DOWN,0,0,0,LOW CONFIDENCE,Adjust camera view
36100,,,,,,,,,,,0.35,DOWN,0,0,0,LOW CONFIDENCE,Adjust camera view
36133,,,,,,,,,,,0.349,DOWN,0,0,0,LOW CONFIDENCE,Adjust camera view
36166,,,,,,,,,,,0.352,DOWN,0,0,0,LOW CONFIDENCE,Adjust camera view
36200,,,,,,,,,,,0.355,DOWN,0,0,0,LOW CONFIDENCE,Adjust camera view
36233,,,,,,,,,,,0.357,DOWN,0,0,0,LOW CONFIDENCE,Adjust camera view
36266,,,,,,,,,,,0.36,DOWN,0,0,0,LOW CONFIDENCE,Adjust camera view
36300,,,,,,,,,,,0.359,DOWN,0,0,0,LOW CONFIDENCE,Adjust camera view
36333,,,,,,,,,,,0.358,DOWN,0,0,0,LOW CONFIDENCE,Adjust camera view
36366,,,,,,,,,,,0.356,DOWN,0,0,0,LOW CONFIDENCE,Adjust camera view
36400,,,,,,,,,,,0.358,DOWN,0,0,0,LOW CONFIDENCE,Adjust camera view
36433,,,,,,,,,,,0.361,DOWN,0,0,0,LOW CONFIDENCE,Adjust camera view
36466,,,,,,,,,,,0.368,DOWN,0,0,0,LOW CONFIDENCE,Adjust camera view
36500,,,,,,,,,,,0.372,DOWN,0,0,0,LOW CONFIDENCE,Adjust camera view
36533,,,,,,,,,,,0.377,DOWN,0,0,0,LOW CONFIDENCE,Adjust camera view
36566,,,,,,,,,,,0.381,DOWN,0,0,0,LOW CONFIDENCE,Adjust camera view
36600,,,,,,,,,,,0.384,DOWN,0,0,0,LOW CONFIDENCE,Adjust camera view
36633,,,,,,,,,,,0.382,DOWN,0,0,0,LOW CONFIDENCE,Adjust camera view
36666,,,,,,,,,,,0.383,DOWN,0,0,0,LOW CONFIDENCE,Adjust camera view
36700,,,,,,,,,,,0.39,DOWN,0,0,0,LOW CONFIDENCE,Adjust camera view
36733,,,,,,,,,,,0.399,DOWN,0,0,0,LOW CONFIDENCE,Adjust camera view
36766,,,,,,,,,,,0.41,DOWN,0,0,0,LOW CONFIDENCE,Adjust camera view
36800,,,,,,,,,,,0.42,DOWN,0,0,0,LOW CONFIDENCE,Adjust camera view
36833,,,,,,,,,,,0.427,DOWN,0,0,0,LOW CONFIDENCE,Adjust camera view
36866,,,,,,,,,,,0.421,DOWN,0,0,0,LOW CONFIDENCE,Adjust camera view
36900,,,,,,,,,,,0.411,DOWN,0,0,0,LOW CONFIDENCE,Adjust camera view
36933,,,,,,,,,,,0.393,DOWN,0,0,0,LOW CONFIDENCE,Adjust camera view
36966,,,,,,,,,,,0.373,DOWN,0,0,0,LOW CONFIDENCE,Adjust camera view
37000,,,,,,,,,,,0.356,DOWN,0,0,0,LOW CONFIDENCE,Adjust camera view
37033,,,,,,,,,,,0.343,DOWN,0,0,0,LOW CONFIDENCE,Adjust camera view
37066,,,,,,,,,,,0.339,DOWN,0,0,0,LOW CONFIDENCE,Adjust camera view
37100,,,,,,,,,,,0.336,DOWN,0,0,0,LOW CONFIDENCE,Adjust camera view
37133,,,,,,,,,,,0.338,DOWN,0,0,0,LOW CONFIDENCE,Adjust camera view
37166,,,,,,,,,,,0.341,DOWN,0,0,0,LOW CONFIDENCE,Adjust camera view
37200,,,,,,,,,,,0.35,DOWN,0,0,0,LOW CONFIDENCE,Adjust camera view
37233,,,,,,,,,,,0.354,DOWN,0,0,0,LOW CONFIDENCE,Adjust camera view
37266,,,,,,,,,,,0.363,DOWN,0,0,0,LOW CONFIDENCE,Adjust camera view
37300,,,,,,,,,,,0.371,DOWN,0,0,0,LOW CONFIDENCE,Adjust camera view
37333,,,,,,,,,,,0.378,DOWN,0,0,0,LOW CONFIDENCE,Adjust camera view
37366,,,,,,,,,,,0.381,DOWN,0,0,0,LOW CONFIDENCE,Adjust camera view
37400,,,,,,,,,,,0.391,DOWN,0,0,0,LOW CONFIDENCE,Adjust camera view
37433,,,,,,,,,,,0.398,DOWN,0,0,0,LOW CONFIDENCE,Adjust camera view
37466,,,,,,,,,,,0.402,DOWN,0,0,0,LOW CONFIDENCE,Adjust camera view
37500,,,,,,,,,,,0.402,DOWN,0,0,0,LOW CONFIDENCE,Adjust camera view
37533,,,,,,,,,,,0.401,DOWN,0,0,0,LOW CONFIDENCE,Adjust camera view
37566,,,,,,,,,,,0.393,DOWN,0,0,0,LOW CONFIDENCE,Adjust camera view
37600,,,,,,,,,,,0.385,DOWN,0,0,0,LOW CONFIDENCE,Adjust camera view
37633,,,,,,,,,,,0.384,DOWN,0,0,0,LOW CONFIDENCE,Adjust camera view
37666,,,,,,,,,,,0.382,DOWN,0,0,0,LOW CONFIDENCE,Adjust camera view
37700,,,,,,,,,,,0.38,DOWN,0,0,0,LOW CONFIDENCE,Adjust camera view
37733,,,,,,,,,,,0.371,DOWN,0,0,0,LOW CONFIDENCE,Adjust camera view
37766,,,,,,,,,,,0.366,DOWN,0,0,0,LOW CONFIDENCE,Adjust camera view
37800,,,,,,,,,,,0.361,DOWN,0,0,0,LOW CONFIDENCE,Adjust camera view
37833,,,,,,,,,,,0.366,DOWN,0,0,0,LOW CONFIDENCE,Adjust camera view
37866,,,,,,,,,,,0.381,DOWN,0,0,0,LOW CONFIDENCE,Adjust camera view
37900,,,,,,,,,,,0.411,DOWN,0,0,0,LOW CONFIDENCE,Adjust camera view
37933,,,,,,,,,,,0.446,DOWN,0,0,0,LOW CONFIDENCE,Adjust camera view
37966,,,,,,,,,,,0.486,DOWN,0,0,0,LOW CONFIDENCE,Adjust camera view
38000,LEFT,171.9,175.4,166.3,172.4,166.6,176.2,0.2,174.8,174.8,0.523,DOWN,0,0,0,FORM ISSUE,Pelvis tilting - keep hips square
38033,LEFT,178.1,174.2,169.0,173.0,171.2,174.6,1.3,175.4,177.8,0.546,DOWN,0,0,0,FORM ISSUE,Pelvis tilting - keep hips square
38066,RIGHT,174.1,176.1,173.1,176.1,173.1,172.2,4.0,171.6,174.8,0.555,DOWN,0,0,0,FORM ISSUE,Pelvis tilting - keep hips square
38100,RIGHT,175.2,175.4,174.1,175.4,174.7,171.1,2.7,176.6,178.9,0.555,DOWN,0,0,0,FORM ISSUE,Pelvis tilting - keep hips square
38133,LEFT,174.2,175.6,174.7,175.4,170.5,173.8,2.9,174.1,177.0,0.546,UP,0,0,0,FORM ISSUE,Pelvis tilting - keep hips square
38166,LEFT,171.4,175.3,174.6,175.3,171.1,173.5,2.9,170.4,173.6,0.533,UP,0,0,0,FORM ISSUE,Pelvis tilting - keep hips square
38200,LEFT,174.8,175.6,173.9,175.6,172.8,174.1,2.9,170.8,168.1,0.521,UP,0,0,0,FORM ISSUE,Pelvis tilting - keep hips square
38233,LEFT,176.8,177.0,174.5,175.8,175.0,177.7,2.0,153.9,138.7,0.507,UP,0,0,0,FORM ISSUE,Pelvis tilting - keep hips square
38266,,,,,,,,,,,0.49,UP,0,0,0,LOW CONFIDENCE,Adjust camera view
38300,,,,,,,,,,,0.474,UP,0,0,0,LOW CONFIDENCE,Adjust camera view
38333,,,,,,,,,,,0.455,UP,0,0,0,LOW CONFIDENCE,Adjust camera view
38366,,,,,,,,,,,0.442,UP,0,0,0,LOW CONFIDENCE,Adjust camera view
38400,,,,,,,,,,,0.438,UP,0,0,0,LOW CONFIDENCE,Adjust camera view
38433,,,,,,,,,,,0.438,UP,0,0,0,LOW CONFIDENCE,Adjust camera view
38466,,,,,,,,,,,0.438,UP,0,0,0,LOW CONFIDENCE,Adjust camera view
38500,,,,,,,,,,,0.439,UP,0,0,0,LOW CONFIDENCE,Adjust camera view
38533,,,,,,,,,,,0.437,UP,0,0,0,LOW CONFIDENCE,Adjust camera view
38566,,,,,,,,,,,0.435,UP,0,0,0,LOW CONFIDENCE,Adjust camera view
38600,,,,,,,,,,,0.429,UP,0,0,0,LOW CONFIDENCE,Adjust camera view
38633,,,,,,,,,,,0.423,UP,0,0,0,LOW CONFIDENCE,Adjust camera view
38666,,,,,,,,,,,0.417,UP,0,0,0,LOW CONFIDENCE,Adjust camera view
38700,,,,,,,,,,,0.411,UP,0,0,0,LOW CONFIDENCE,Adjust camera view
38733,,,,,,,,,,,0.399,UP,0,0,0,LOW CONFIDENCE,Adjust camera view
38766,,,,,,,,,,,0.388,UP,0,0,0,LOW CONFIDENCE,Adjust camera view
38800,,,,,,,,,,,0.376,UP,0,0,0,LOW CONFIDENCE,Adjust camera view
38833,,,,,,,,,,,0.368,UP,0,0,0,LOW CONFIDENCE,Adjust camera view
38866,,,,,,,,,,,0.354,UP,0,0,0,LOW CONFIDENCE,Adjust camera view
38900,,,,,,,,,,,0.339,UP,0,0,0,LOW CONFIDENCE,Adjust camera view
38933,,,,,,,,,,,0.323,UP,0,0,0,LOW CONFIDENCE,Adjust camera view
38966,,,,,,,,,,,0.306,UP,0,0,0,LOW CONFIDENCE,Adjust camera view
39000,,,,,,,,,,,0.287,UP,0,0,0,LOW CONFIDENCE,Adjust camera view
39033,,,,,,,,,,,0.276,UP,0,0,0,LOW CONFIDENCE,Adjust camera view
39066,,,,,,,,,,,0.271,UP,0,0,0,LOW CONFIDENCE,Adjust camera view
39100,,,,,,,,,,,0.272,UP,0,0,0,LOW CONFIDENCE,Adjust camera view
39133,,,,,,,,,,,0.273,UP,0,0,0,LOW CONFIDENCE,Adjust camera view
39166,,,,,,,,,,,0.276,UP,0,0,0,LOW CONFIDENCE,Adjust camera view
39200,,,,,,,,,,,0.278,UP,0,0,0,LOW CONFIDENCE,Adjust camera view
39233,,,,,,,,,,,0.279,UP,0,0,0,LOW CONFIDENCE,Adjust camera view
39266,,,,,,,,,,,0.28,UP,0,0,0,LOW CONFIDENCE,Adjust camera view
39300,,,,,,,,,,,0.284,UP,0,0,0,LOW CONFIDENCE,Adjust camera view
39333,,,,,,,,,,,0.293,UP,0,0,0,LOW CONFIDENCE,Adjust camera view
39366,,,,,,,,,,,0.303,UP,0,0,0,LOW CONFIDENCE,Adjust camera view
39400,,,,,,,,,,,0.314,UP,0,0,0,LOW CONFIDENCE,Adjust camera view
39433,,,,,,,,,,,0.324,UP,0,0,0,LOW CONFIDENCE,Adjust camera view
39466,,,,,,,,,,,0.332,UP,0,0,0,LOW CONFIDENCE,Adjust camera view
39500,,,,,,,,,,,0.342,UP,0,0,0,LOW CONFIDENCE,Adjust camera view
39533,,,,,,,,,,,0.35,UP,0,0,0,LOW CONFIDENCE,Adjust camera view
39566,,,,,,,,,,,0.359,UP,0,0,0,LOW CONFIDENCE,Adjust camera view
39600,,,,,,,,,,,0.372,UP,0,0,0,LOW CONFIDENCE,Adjust camera view
39633,,,,,,,,,,,0.382,UP,0,0,0,LOW CONFIDENCE,Adjust camera view
39666,,,,,,,,,,,0.383,UP,0,0,0,LOW CONFIDENCE,Adjust camera view
39700,,,,,,,,,,,0.385,UP,0,0,0,LOW CONFIDENCE,Adjust camera view
39733,,,,,,,,,,,0.38,UP,0,0,0,LOW CONFIDENCE,Adjust camera view
39766,,,,,,,,,,,0.369,UP,0,0,0,LOW CONFIDENCE,Adjust camera view
39800,,,,,,,,,,,0.361,UP,0,0,0,LOW CONFIDENCE,Adjust camera view
39833,,,,,,,,,,,0.357,UP,0,0,0,LOW CONFIDENCE,Adjust camera view
39866,,,,,,,,,,,0.356,UP,0,0,0,LOW CONFIDENCE,Adjust camera view
39900,,,,,,,,,,,0.358,UP,0,0,0,LOW CONFIDENCE,Adjust camera view
39933,,,,,,,,,,,0.358,UP,0,0,0,LOW CONFIDENCE,Adjust camera view
39966,,,,,,,,,,,0.355,UP,0,0,0,LOW CONFIDENCE,Adjust camera view
40000,,,,,,,,,,,0.348,UP,0,0,0,LOW CONFIDENCE,Adjust camera view
40033,,,,,,,,,,,0.34,UP,0,0,0,LOW CONFIDENCE,Adjust camera view
40066,,,,,,,,,,,0.337,UP,0,0,0,LOW CONFIDENCE,Adjust camera view
40100,,,,,,,,,,,0.34,UP,0,0,0,LOW CONFIDENCE,Adjust camera view
40133,,,,,,,,,,,0.346,UP,0,0,0,LOW CONFIDENCE,Adjust camera view
40166,,,,,,,,,,,0.358,UP,0,0,0,LOW CONFIDENCE,Adjust camera view
40200,,,,,,,,,,,0.366,UP,0,0,0,LOW CONFIDENCE,Adjust camera view
40233,,,,,,,,,,,0.366,UP,0,0,0,LOW CONFIDENCE,Adjust camera view
40266,,,,,,,,,,,0.358,UP,0,0,0,LOW CONFIDENCE,Adjust camera view
40300,,,,,,,,,,,0.349,UP,0,0,0,LOW CONFIDENCE,Adjust camera view
40333,,,,,,,,,,,0.336,UP,0,0,0,LOW CONFIDENCE,Adjust camera view
40366,,,,,,,,,,,0.325,UP,0,0,0,LOW CONFIDENCE,Adjust camera view
40400,,,,,,,,,,,0.322,UP,0,0,0,LOW CONFIDENCE,Adjust camera view
40433,,,,,,,,,,,0.323,UP,0,0,0,LOW CONFIDENCE,Adjust camera view
40466,,,,,,,,,,,0.322,UP,0,0,0,LOW CONFIDENCE,Adjust camera view
40500,,,,,,,,,,,0.321,UP,0,0,0,LOW CONFIDENCE,Adjust camera view
40533,,,,,,,,,,,0.317,UP,0,0,0,LOW CONFIDENCE,Adjust camera view
40566,,,,,,,,,,,0.307,UP,0,0,0,LOW CONFIDENCE,Adjust camera view
40600,,,,,,,,,,,0.3,UP,0,0,0,LOW CONFIDENCE,Adjust camera view
40633,,,,,,,,,,,0.291,UP,0,0,0,LOW CONFIDENCE,Adjust camera view
40666,,,,,,,,,,,0.285,UP,0,0,0,LOW CONFIDENCE,Adjust camera view
40700,,,,,,,,,,,0.28,UP,0,0,0,LOW CONFIDENCE,Adjust camera view
40733,,,,,,,,,,,0.274,UP,0,0,0,LOW CONFIDENCE,Adjust camera view
40766,,,,,,,,,,,0.267,UP,0,0,0,LOW CONFIDENCE,Adjust camera view
40800,,,,,,,,,,,0.264,UP,0,0,0,LOW CONFIDENCE,Adjust camera view
40833,,,,,,,,,,,0.262,UP,0,0,0,LOW CONFIDENCE,Adjust camera view
40866,,,,,,,,,,,0.263,UP,0,0,0,LOW CONFIDENCE,Adjust camera view
40900,,,,,,,,,,,0.276,UP,0,0,0,LOW CONFIDENCE,Adjust camera view
40933,,,,,,,,,,,0.29,UP,0,0,0,LOW CONFIDENCE,Adjust camera view
40966,,,,,,,,,,,0.305,UP,0,0,0,LOW CONFIDENCE,Adjust camera view
41000,,,,,,,,,,,0.319,UP,0,0,0,LOW CONFIDENCE,Adjust camera view
41033,,,,,,,,,,,0.331,UP,0,0,0,LOW CONFIDENCE,Adjust camera view
41066,,,,,,,,,,,0.333,UP,0,0,0,LOW CONFIDENCE,Adjust camera view
41100,,,,,,,,,,,0.33,UP,0,0,0,LOW CONFIDENCE,Adjust camera view
41133,,,,,,,,,,,0.327,UP,0,0,0,LOW CONFIDENCE,Adjust camera view
41166,,,,,,,,,,,0.322,UP,0,0,0,LOW CONFIDENCE,Adjust camera view
41200,,,,,,,,,,,0.318,UP,0,0,0,LOW CONFIDENCE,Adjust camera view
41233,,,,,,,,,,,0.317,UP,0,0,0,LOW CONFIDENCE,Adjust camera view
41266,,,,,,,,,,,0.32,UP,0,0,0,LOW CONFIDENCE,Adjust camera view
41300,,,,,,,,,,,0.321,UP,0,0,0,LOW CONFIDENCE,Adjust camera view
41333,,,,,,,,,,,0.322,UP,0,0,0,LOW CONFIDENCE,Adjust camera view
41366,,,,,,,,,,,0.317,UP,0,0,0,LOW CONFIDENCE,Adjust camera view
41400,,,,,,,,,,,0.307,UP,0,0,0,LOW CONFIDENCE,Adjust camera view
41433,,,,,,,,,,,0.292,UP,0,0,0,LOW CONFIDENCE,Adjust camera view
41466,,,,,,,,,,,0.275,UP,0,0,0,LOW CONFIDENCE,Adjust camera view
41500,,,,,,,,,,,0.212,UP,0,0,0,NO PERSON,Step into frame
41533,,,,,,,,,,,0.153,UP,0,0,0,NO PERSON,Step into frame
41566,,,,,,,,,,,0.148,UP,0,0,0,LOW CONFIDENCE,Adjust camera view
41600,,,,,,,,,,,0.143,UP,0,0,0,LOW CONFIDENCE,Adjust camera view
41633,,,,,,,,,,,0.096,UP,0,0,0,NO PERSON,Step into frame
41666,,,,,,,,,,,0.141,UP,0,0,0,LOW CONFIDENCE,Adjust camera view
41700,,,,,,,,,,,0.188,UP,0,0,0,LOW CONFIDENCE,Adjust camera view
41733,,,,,,,,,,,0.185,UP,0,0,0,LOW CONFIDENCE,Adjust camera view
41766,,,,,,,,,,,0.183,UP,0,0,0,LOW CONFIDENCE,Adjust camera view
41800,,,,,,,,,,,0.227,UP,0,0,0,LOW CONFIDENCE,Adjust camera view
41833,,,,,,,,,,,0.226,UP,0,0,0,LOW CONFIDENCE,Adjust camera view
41866,,,,,,,,,,,0.222,UP,0,0,0,LOW CONFIDENCE,Adjust camera view
41900,,,,,,,,,,,0.219,UP,0,0,0,LOW CONFIDENCE,Adjust camera view
41933,,,,,,,,,,,0.217,UP,0,0,0,LOW CONFIDENCE,Adjust camera view
41966,,,,,,,,,,,0.216,UP,0,0,0,LOW CONFIDENCE,Adjust camera view
42000,,,,,,,,,,,0.215,UP,0,0,0,LOW CONFIDENCE,Adjust camera view
42033,,,,,,,,,,,0.215,UP,0,0,0,LOW CONFIDENCE,Adjust camera view
42066,,,,,,,,,,,0.212,UP,0,0,0,LOW CONFIDENCE,Adjust camera view
42100,,,,,,,,,,,0.169,UP,0,0,0,NO PERSON,Step into frame
42133,,,,,,,,,,,0.126,UP,0,0,0,NO PERSON,Step into frame
42166,,,,,,,,,,,0.083,UP,0,0,0,NO PERSON,Step into frame
42200,,,,,,,,,,,0.041,UP,0,0,0,NO PERSON,Step into frame
42233,,,,,,,,,,,0.0,UP,0,0,0,NO PERSON,Step into frame
42266,,,,,,,,,,,0.0,UP,0,0,0,NO PERSON,Step into frame
42300,,,,,,,,,,,0.0,UP,0,0,0,NO PERSON,Step into frame
42333,,,,,,,,,,,0.0,UP,0,0,0,NO PERSON,Step into frame
42366,,,,,,,,,,,0.0,UP,0,0,0,NO PERSON,Step into frame
42400,,,,,,,,,,,0.0,UP,0,0,0,NO PERSON,Step into frame
42433,,,,,,,,,,,0.0,UP,0,0,0,NO PERSON,Step into frame
42466,,,,,,,,,,,0.0,UP,0,0,0,NO PERSON,Step into frame
42500,,,,,,,,,,,0.0,UP,0,0,0,NO PERSON,Step into frame
42533,,,,,,,,,,,0.0,UP,0,0,0,NO PERSON,Step into frame
42566,,,,,,,,,,,0.0,UP,0,0,0,NO PERSON,Step into frame
42600,,,,,,,,,,,0.0,UP,0,0,0,NO PERSON,Step into frame
42633,,,,,,,,,,,0.0,UP,0,0,0,NO PERSON,Step into frame
42666,,,,,,,,,,,0.0,UP,0,0,0,NO PERSON,Step into frame
42700,,,,,,,,,,,0.0,UP,0,0,0,NO PERSON,Step into frame
42733,,,,,,,,,,,0.0,UP,0,0,0,NO PERSON,Step into frame
42766,,,,,,,,,,,0.0,UP,0,0,0,NO PERSON,Step into frame
42800,,,,,,,,,,,0.0,UP,0,0,0,NO PERSON,Step into frame
42833,,,,,,,,,,,0.0,UP,0,0,0,NO PERSON,Step into frame
42866,,,,,,,,,,,0.0,UP,0,0,0,NO PERSON,Step into frame
42900,,,,,,,,,,,0.0,UP,0,0,0,NO PERSON,Step into frame
42933,,,,,,,,,,,0.0,UP,0,0,0,NO PERSON,Step into frame
42966,,,,,,,,,,,0.0,UP,0,0,0,NO PERSON,Step into frame
43000,,,,,,,,,,,0.0,UP,0,0,0,NO PERSON,Step into frame
43033,,,,,,,,,,,0.0,UP,0,0,0,NO PERSON,Step into frame
43066,,,,,,,,,,,0.0,UP,0,0,0,NO PERSON,Step into frame
43100,,,,,,,,,,,0.0,UP,0,0,0,NO PERSON,Step into frame
43133,,,,,,,,,,,0.0,UP,0,0,0,NO PERSON,Step into frame
43166,,,,,,,,,,,0.0,UP,0,0,0,NO PERSON,Step into frame
43200,,,,,,,,,,,0.0,UP,0,0,0,NO PERSON,Step into frame
43233,,,,,,,,,,,0.0,UP,0,0,0,NO PERSON,Step into frame
43266,,,,,,,,,,,0.0,UP,0,0,0,NO PERSON,Step into frame
43300,,,,,,,,,,,0.0,UP,0,0,0,NO PERSON,Step into frame
43333,,,,,,,,,,,0.0,UP,0,0,0,NO PERSON,Step into frame
43366,,,,,,,,,,,0.0,UP,0,0,0,NO PERSON,Step into frame
43400,,,,,,,,,,,0.0,UP,0,0,0,NO PERSON,Step into frame
43433,,,,,,,,,,,0.0,UP,0,0,0,NO PERSON,Step into frame
43466,,,,,,,,,,,0.0,UP,0,0,0,NO PERSON,Step into frame
43500,,,,,,,,,,,0.0,UP,0,0,0,NO PERSON,Step into frame
43533,,,,,,,,,,,0.0,UP,0,0,0,NO PERSON,Step into frame
43566,,,,,,,,,,,0.0,UP,0,0,0,NO PERSON,Step into frame
43600,,,,,,,,,,,0.0,UP,0,0,0,NO PERSON,Step into frame
43633,,,,,,,,,,,0.0,UP,0,0,0,NO PERSON,Step into frame
43666,,,,,,,,,,,0.0,UP,0,0,0,NO PERSON,Step into frame
43700,,,,,,,,,,,0.0,UP,0,0,0,NO PERSON,Step into frame
43733,,,,,,,,,,,0.0,UP,0,0,0,NO PERSON,Step into frame
43766,,,,,,,,,,,0.0,UP,0,0,0,NO PERSON,Step into frame
43800,,,,,,,,,,,0.0,UP,0,0,0,NO PERSON,Step into frame
43833,,,,,,,,,,,0.0,UP,0,0,0,NO PERSON,Step into frame
43866,,,,,,,,,,,0.0,UP,0,0,0,NO PERSON,Step into frame
43900,,,,,,,,,,,0.0,UP,0,0,0,NO PERSON,Step into frame
43933,,,,,,,,,,,0.0,UP,0,0,0,NO PERSON,Step into frame
43966,,,,,,,,,,,0.0,UP,0,0,0,NO PERSON,Step into frame
44000,,,,,,,,,,,0.0,UP,0,0,0,NO PERSON,Step into frame
44033,,,,,,,,,,,0.0,UP,0,0,0,NO PERSON,Step into frame
44066,,,,,,,,,,,0.0,UP,0,0,0,NO PERSON,Step into frame
44100,,,,,,,,,,,0.0,UP,0,0,0,NO PERSON,Step into frame
44133,,,,,,,,,,,0.0,UP,0,0,0,NO PERSON,Step into frame
44166,,,,,,,,,,,0.0,UP,0,0,0,NO PERSON,Step into frame
44200,,,,,,,,,,,0.0,UP,0,0,0,NO PERSON,Step into frame
44233,,,,,,,,,,,0.0,UP,0,0,0,NO PERSON,Step into frame
44266,,,,,,,,,,,0.056,UP,0,0,0,LOW CONFIDENCE,Adjust camera view
44300,,,,,,,,,,,0.124,UP,0,0,0,LOW CONFIDENCE,Adjust camera view
44333,,,,,,,,,,,0.206,UP,0,0,0,LOW CONFIDENCE,Adjust camera view
44366,,,,,,,,,,,0.298,UP,0,0,0,LOW CONFIDENCE,Adjust camera view
44400,,,,,,,,,,,0.4,UP,0,0,0,LOW CONFIDENCE,Adjust camera view
44433,,,,,,,,,,,0.455,UP,0,0,0,LOW CONFIDENCE,Adjust camera view
44466,RIGHT,174.7,175.6,174.4,175.8,168.8,174.2,0.1,177.6,178.4,0.502,UP,0,0,0,FORM ISSUE,Pelvis tilting - keep hips square
44500,RIGHT,176.9,175.6,174.9,175.8,169.5,173.9,0.7,178.3,176.3,0.545,UP,0,0,0,FORM ISSUE,Pelvis tilting - keep hips square
44533,RIGHT,176.0,176.0,175.8,176.0,167.3,173.8,0.8,176.7,173.2,0.582,UP,0,0,0,FORM ISSUE,Pelvis tilting - keep hips square
44566,RIGHT,175.5,175.7,176.0,176.0,168.5,173.7,1.0,177.0,174.1,0.616,UP,0,0,0,FORM ISSUE,Pelvis tilting - keep hips square
44600,RIGHT,179.3,176.9,176.5,176.0,169.2,174.2,1.3,178.3,174.0,0.647,UP,0,0,0,FORM ISSUE,Pelvis tilting - keep hips square
44633,RIGHT,175.2,175.6,176.6,176.0,168.9,175.8,1.5,176.1,173.3,0.672,UP,0,0,0,FORM ISSUE,Pelvis tilting - keep hips square
44666,RIGHT,176.6,176.0,176.5,176.0,170.5,176.3,1.4,178.5,171.9,0.691,UP,0,0,0,FORM ISSUE,Pelvis tilting - keep hips square
44700,RIGHT,176.8,177.1,176.7,176.3,171.1,175.3,1.1,177.8,170.2,0.706,UP,0,0,0,FORM ISSUE,Pelvis tilting - keep hips square
44733,RIGHT,176.5,175.9,176.9,176.3,170.9,175.1,1.1,178.8,169.4,0.718,UP,0,0,0,FORM ISSUE,Pelvis tilting - keep hips square
44766,RIGHT,177.8,174.4,176.6,175.8,170.8,175.2,1.0,176.9,169.4,0.729,UP,0,0,0,FORM ISSUE,Pelvis tilting - keep hips square
44800,RIGHT,176.9,174.8,176.9,175.6,170.7,174.6,1.0,177.0,168.8,0.737,UP,0,0,0,FORM ISSUE,Pelvis tilting - keep hips square
44833,RIGHT,175.1,177.1,176.6,175.8,171.0,173.2,0.9,177.9,166.4,0.74,UP,0,0,0,FORM ISSUE,Pelvis tilting - keep hips square
44866,RIGHT,175.6,178.1,176.4,176.1,177.0,172.1,1.4,177.9,166.8,0.737,UP,0,0,0,FORM ISSUE,Pelvis tilting - keep hips square
44900,RIGHT,173.4,178.1,175.8,176.5,173.5,173.0,0.5,177.4,164.2,0.728,UP,0,0,0,FORM ISSUE,Pelvis tilting - keep hips square
44933,RIGHT,172.3,176.9,174.7,177.0,171.9,174.3,0.1,177.7,162.7,0.716,UP,0,0,0,FORM ISSUE,Pelvis tilting - keep hips square
44966,RIGHT,170.4,175.8,173.4,177.2,170.6,175.1,0.6,177.5,163.2,0.7,UP,0,0,0,FORM ISSUE,Pelvis tilting - keep hips square
45000,RIGHT,168.2,176.8,172.0,177.1,169.9,175.0,0.6,179.2,165.1,0.683,UP,0,0,0,FORM ISSUE,Pelvis tilting - keep hips square
45033,RIGHT,171.6,176.8,171.2,176.9,169.4,176.2,1.1,177.9,162.3,0.671,UP,0,0,0,FORM ISSUE,Pelvis tilting - keep hips square
45066,RIGHT,170.2,176.9,170.5,176.6,168.8,178.4,2.5,178.1,154.9,0.658,UP,0,0,0,FORM ISSUE,Pelvis tilting - keep hips square
45100,RIGHT,172.3,177.3,170.5,176.7,169.2,179.1,3.4,178.3,158.2,0.643,UP,0,0,0,FORM ISSUE,Pelvis tilting - keep hips square
45133,RIGHT,174.4,179.1,171.3,177.4,166.7,178.5,4.8,177.6,160.2,0.633,UP,0,0,0,FORM ISSUE,Pelvis tilting - keep hips square
45166,RIGHT,169.4,179.8,171.6,178.0,163.6,178.9,5.4,177.1,159.4,0.625,UP,0,0,0,FORM ISSUE,Pelvis tilting - keep hips square
45200,RIGHT,168.0,179.8,170.9,178.6,161.3,178.8,6.2,177.2,160.0,0.615,UP,0,0,0,FORM ISSUE,Pelvis tilting - keep hips square
45233,RIGHT,167.7,179.4,170.3,179.1,161.4,178.3,6.2,177.5,159.9,0.607,UP,0,0,0,FORM ISSUE,Pelvis tilting - keep hips square
45266,RIGHT,165.9,179.4,169.1,179.5,160.4,178.5,6.2,178.2,160.3,0.6,UP,0,0,0,FORM ISSUE,Pelvis tilting - keep hips square
45300,RIGHT,164.9,178.7,167.2,179.4,161.0,177.7,6.0,177.0,159.5,0.597,UP,0,0,0,FORM ISSUE,Pelvis tilting - keep hips square
45333,RIGHT,165.1,178.9,166.3,179.2,161.7,176.8,5.7,176.0,157.7,0.601,UP,0,0,0,FORM ISSUE,Pelvis tilting - keep hips square
45366,RIGHT,167.1,178.8,166.1,179.0,163.5,176.3,5.5,176.2,156.1,0.612,UP,0,0,0,FORM ISSUE,Pelvis tilting - keep hips square
45400,RIGHT,172.9,178.3,167.2,178.8,167.9,176.9,5.3,176.2,156.2,0.626,UP,0,0,0,FORM ISSUE,Pelvis tilting - keep hips square
45433,RIGHT,174.9,178.0,169.0,178.5,169.7,177.0,5.1,177.1,158.9,0.642,UP,0,0,0,FORM ISSUE,Pelvis tilting - keep hips square
45466,RIGHT,175.0,178.0,171.0,178.4,170.5,177.5,5.2,177.4,159.3,0.655,UP,0,0,0,FORM ISSUE,Pelvis tilting - keep hips square
45500,RIGHT,176.5,178.2,173.3,178.3,171.0,178.2,5.8,176.1,158.4,0.666,UP,0,0,0,FORM ISSUE,Pelvis tilting - keep hips square
45533,RIGHT,177.6,177.5,175.4,178.0,171.7,178.3,5.8,174.3,157.6,0.675,UP,0,0,0,FORM ISSUE,Pelvis tilting - keep hips square
45566,RIGHT,177.7,178.2,176.3,178.0,171.7,178.5,5.8,173.4,152.6,0.682,UP,0,0,0,FORM ISSUE,Pelvis tilting - keep hips square
45600,RIGHT,176.0,177.9,176.6,177.9,171.7,179.5,6.2,175.4,149.9,0.688,UP,0,0,0,FORM ISSUE,Pelvis tilting - keep hips square
45633,RIGHT,174.7,177.7,176.5,177.9,171.7,179.8,6.1,176.6,149.1,0.691,UP,0,0,0,FORM ISSUE,Pelvis tilting - keep hips square
45666,RIGHT,174.3,177.3,176.1,177.7,171.9,179.7,5.9,176.2,147.9,0.692,UP,0,0,0,FORM ISSUE,Pelvis tilting - keep hips square
45700,RIGHT,175.3,176.6,175.6,177.5,171.7,179.5,5.9,175.3,148.6,0.694,UP,0,0,0,FORM ISSUE,Pelvis tilting - keep hips square
45733,RIGHT,173.1,176.3,174.7,177.2,170.7,180.0,6.1,175.7,148.5,0.697,UP,0,0,0,FORM ISSUE,Pelvis tilting - keep hips square
45766,RIGHT,173.3,176.3,174.1,176.9,170.7,179.9,6.1,176.0,149.5,0.703,UP,0,0,0,FORM ISSUE,Pelvis tilting - keep hips square
45800,RIGHT,173.4,176.1,173.9,176.5,170.6,179.9,6.2,175.4,150.9,0.712,UP,0,0,0,FORM ISSUE,Pelvis tilting - keep hips square
45833,RIGHT,173.5,175.8,173.7,176.2,170.6,180.0,6.3,176.4,151.9,0.721,UP,0,0,0,FORM ISSUE,Pelvis tilting - keep hips square
45866,RIGHT,173.6,176.7,173.4,176.2,170.6,179.6,6.2,175.1,152.0,0.728,UP,0,0,0,FORM ISSUE,Pelvis tilting - keep hips square
45900,RIGHT,173.9,176.3,173.5,176.2,170.9,180.0,6.1,176.2,158.1,0.73,UP,0,0,0,FORM ISSUE,Pelvis tilting - keep hips square
45933,RIGHT,173.6,176.4,173.6,176.3,171.8,179.9,5.7,177.8,155.3,0.732,UP,0,0,0,FORM ISSUE,Pelvis tilting - keep hips square
45966,RIGHT,172.4,176.1,173.4,176.3,172.7,179.9,5.1,179.2,153.9,0.73,UP,0,0,0,FORM ISSUE,Pelvis tilting - keep hips square
46000,RIGHT,171.4,176.3,173.0,176.4,172.8,179.8,5.0,179.5,157.8,0.724,UP,0,0,0,FORM ISSUE,Pelvis tilting - keep hips square
46033,RIGHT,171.8,176.5,172.6,176.3,172.7,179.1,4.9,178.9,155.7,0.72,UP,0,0,0,FORM ISSUE,Pelvis tilting - keep hips square
46066,RIGHT,165.6,176.6,170.9,176.4,166.8,178.9,5.6,178.9,160.5,0.721,UP,0,0,0,FORM ISSUE,Pelvis tilting - keep hips square
46100,RIGHT,167.1,174.6,169.6,176.0,166.7,178.4,5.9,177.8,164.7,0.723,UP,0,0,0,FORM ISSUE,Pelvis tilting - keep hips square
46133,RIGHT,168.0,173.5,168.8,175.5,168.2,178.0,5.5,177.7,165.4,0.73,UP,0,0,0,FORM ISSUE,Pelvis tilting - keep hips square
46166,RIGHT,169.5,173.9,168.4,175.0,170.2,176.1,4.4,177.5,168.0,0.745,UP,0,0,0,FORM ISSUE,Pelvis tilting - keep hips square
46200,RIGHT,169.8,172.8,168.0,174.3,170.8,175.7,3.7,175.6,165.8,0.759,UP,0,0,0,FORM ISSUE,Pelvis tilting - keep hips square
46233,RIGHT,169.1,173.2,168.7,173.6,170.8,175.0,3.6,176.7,165.2,0.774,UP,0,0,0,FORM ISSUE,Pelvis tilting - keep hips square
46266,RIGHT,171.3,174.0,169.5,173.5,172.1,174.0,3.0,176.7,164.2,0.788,UP,0,0,0,FORM ISSUE,Pelvis tilting - keep hips square
46300,RIGHT,175.2,174.0,171.0,173.6,174.0,173.3,2.1,177.5,165.4,0.801,UP,0,0,0,FORM ISSUE,Pelvis tilting - keep hips square
46333,RIGHT,178.0,176.9,172.7,174.2,173.5,172.6,2.5,176.2,167.1,0.811,UP,0,0,0,FORM ISSUE,Pelvis tilting - keep hips square
46366,RIGHT,176.2,176.9,174.0,175.0,172.3,174.8,2.3,178.3,167.2,0.821,UP,0,0,0,FORM ISSUE,Pelvis tilting - keep hips square
46400,RIGHT,174.7,178.0,175.1,176.0,171.2,173.7,2.1,179.3,167.5,0.831,UP,0,0,0,FORM ISSUE,Pelvis tilting - keep hips square
46433,RIGHT,173.0,176.3,175.4,176.4,170.5,174.2,2.0,179.5,167.9,0.84,UP,0,0,0,FORM ISSUE,Pelvis tilting - keep hips square
46466,RIGHT,169.9,176.4,174.4,176.9,168.6,175.5,1.7,178.5,166.0,0.847,UP,0,0,0,FORM ISSUE,Pelvis tilting - keep hips square
46500,RIGHT,167.4,173.5,172.2,176.2,166.8,175.7,1.3,174.2,167.0,0.855,UP,0,0,0,FORM ISSUE,Pelvis tilting - keep hips square
46533,RIGHT,168.9,173.6,170.8,175.6,166.5,176.6,1.7,174.8,167.5,0.863,UP,0,0,0,FORM ISSUE,Pelvis tilting - keep hips square
46566,RIGHT,170.1,173.2,169.9,174.6,165.0,176.8,1.9,174.0,167.3,0.867,UP,0,0,0,FORM ISSUE,Pelvis tilting - keep hips square
46600,RIGHT,170.0,172.6,169.3,173.8,163.9,177.8,2.2,175.3,167.1,0.869,UP,0,0,0,FORM ISSUE,Pelvis tilting - keep hips square
46633,RIGHT,170.7,172.6,169.4,173.1,164.7,175.4,1.7,178.5,167.0,0.871,UP,0,0,0,FORM ISSUE,Pelvis tilting - keep hips square
46666,RIGHT,173.2,172.2,170.6,172.8,169.0,172.9,0.7,178.8,166.5,0.873,UP,0,0,0,FORM ISSUE,Pelvis tilting - keep hips square
46700,RIGHT,170.7,174.7,170.9,173.1,170.0,171.0,0.6,179.1,166.5,0.874,UP,0,0,0,FORM ISSUE,Pelvis tilting - keep hips square
46733,RIGHT,169.1,176.2,170.7,173.7,168.5,170.7,2.3,176.8,168.6,0.877,UP,0,0,0,FORM ISSUE,Pelvis tilting - keep hips square
46766,RIGHT,168.4,177.0,170.4,174.5,168.8,170.5,2.7,178.9,168.4,0.882,UP,0,0,0,FORM ISSUE,Pelvis tilting - keep hips square
46800,RIGHT,170.1,179.4,170.3,175.9,170.2,170.2,2.8,178.5,167.2,0.886,UP,0,0,0,FORM ISSUE,Pelvis tilting - keep hips square
46833,RIGHT,170.8,179.9,169.8,177.4,170.9,169.8,3.0,178.8,167.1,0.89,UP,0,0,0,FORM ISSUE,Pelvis tilting - keep hips square
46866,RIGHT,170.6,179.5,169.8,178.4,169.1,169.9,4.0,178.7,167.7,0.894,UP,0,0,0,FORM ISSUE,Pelvis tilting - keep hips square
46900,RIGHT,168.4,178.9,169.7,178.9,169.2,169.0,3.6,178.1,166.4,0.897,UP,0,0,0,FORM ISSUE,Pelvis tilting - keep hips square
46933,RIGHT,169.8,177.7,169.9,179.1,169.1,167.5,4.0,178.0,166.9,0.901,UP,0,0,0,FORM ISSUE,Pelvis tilting - keep hips square
46966,RIGHT,164.9,177.4,168.9,178.7,166.2,167.9,4.3,177.8,168.3,0.904,UP,0,0,0,FORM ISSUE,Pelvis tilting - keep hips square
47000,RIGHT,168.0,176.9,168.3,178.1,166.3,168.1,4.6,179.6,167.5,0.905,UP,0,0,0,FORM ISSUE,Pelvis tilting - keep hips square
47033,RIGHT,166.1,178.5,167.4,177.9,165.7,168.8,4.5,178.9,166.9,0.905,UP,0,0,0,FORM ISSUE,Pelvis tilting - keep hips square
47066,RIGHT,165.8,180.0,166.9,178.1,165.3,169.2,4.4,179.4,166.8,0.904,UP,0,0,0,FORM ISSUE,Pelvis tilting - keep hips square
47100,RIGHT,163.3,179.8,165.6,178.5,163.9,170.7,4.8,179.5,167.2,0.899,UP,0,0,0,FORM ISSUE,Pelvis tilting - keep hips square
47133,RIGHT,164.2,179.6,165.5,178.9,164.5,171.8,4.3,179.5,167.6,0.891,UP,0,0,0,FORM ISSUE,Pelvis tilting - keep hips square
47166,RIGHT,161.7,178.1,164.2,179.2,163.5,170.5,3.2,178.8,168.9,0.883,UP,0,0,0,FORM ISSUE,Pelvis tilting - keep hips square
47200,RIGHT,160.7,178.0,163.1,179.1,162.9,170.5,2.3,174.8,170.2,0.871,UP,0,0,0,FORM ISSUE,Pelvis tilting - keep hips square
47233,RIGHT,163.6,175.9,162.7,178.3,163.3,170.0,2.5,174.6,173.1,0.86,UP,0,0,0,FORM ISSUE,Pelvis tilting - keep hips square
47266,RIGHT,166.8,177.4,163.4,177.8,164.0,170.5,2.0,175.7,173.1,0.847,UP,0,0,0,FORM ISSUE,Pelvis tilting - keep hips square
47300,RIGHT,170.0,176.5,164.6,177.2,163.9,169.8,1.7,174.4,173.2,0.837,UP,0,0,0,FORM ISSUE,Pelvis tilting - keep hips square
47333,RIGHT,169.9,176.7,166.2,176.9,164.5,170.5,1.5,174.9,173.2,0.821,UP,0,0,0,FORM ISSUE,Pelvis tilting - keep hips square
47366,RIGHT,172.6,175.3,168.6,176.4,166.0,170.2,1.2,173.6,173.4,0.795,UP,0,0,0,FORM ISSUE,Pelvis tilting - keep hips square
47400,RIGHT,174.4,176.8,170.7,176.5,167.3,169.4,0.8,173.5,174.3,0.769,UP,0,0,0,FORM ISSUE,Pelvis tilting - keep hips square
47433,RIGHT,175.8,175.5,172.5,176.2,168.1,168.3,0.4,173.3,174.2,0.746,UP,0,0,0,FORM ISSUE,Pelvis tilting - keep hips square
47466,RIGHT,179.1,176.3,174.4,176.1,168.1,168.2,0.3,173.6,174.8,0.726,UP,0,0,0,FORM ISSUE,Pelvis tilting - keep hips square
47500,RIGHT,178.7,176.9,176.1,176.2,167.9,168.2,0.4,172.1,174.1,0.717,UP,0,0,0,FORM ISSUE,Pelvis tilting - keep hips square
47533,RIGHT,179.2,177.0,177.4,176.5,168.1,168.4,0.4,171.5,173.7,0.721,UP,0,0,0,FORM ISSUE,Pelvis tilting - keep hips square
47566,RIGHT,179.3,177.4,178.4,176.6,168.0,168.7,0.7,171.6,174.4,0.729,UP,0,0,0,FORM ISSUE,Pelvis tilting - keep hips square
47600,RIGHT,179.5,177.2,179.2,177.0,167.8,168.6,1.1,172.1,175.1,0.736,UP,0,0,0,FORM ISSUE,Pelvis tilting - keep hips square
47633,RIGHT,176.8,178.7,178.7,177.4,167.9,170.9,1.2,172.4,175.0,0.743,UP,0,0,0,FORM ISSUE,Pelvis tilting - keep hips square
47666,RIGHT,174.9,179.5,177.9,178.0,167.6,171.2,1.7,172.9,174.7,0.747,UP,0,0,0,FORM ISSUE,Pelvis tilting - keep hips square
47700,RIGHT,172.1,179.3,176.5,178.4,166.7,171.1,1.9,173.8,172.8,0.751,UP,0,0,0,FORM ISSUE,Pelvis tilting - keep hips square
47733,RIGHT,172.1,179.3,175.1,178.8,165.5,171.4,2.4,173.8,172.8,0.751,UP,0,0,0,FORM ISSUE,Pelvis tilting - keep hips square
47766,RIGHT,172.3,177.8,173.6,178.9,165.0,170.3,2.9,173.2,171.8,0.747,UP,0,0,0,FORM ISSUE,Pelvis tilting - keep hips square
47800,RIGHT,172.3,177.3,172.7,178.6,165.2,170.5,3.0,174.0,172.8,0.738,UP,0,0,0,FORM ISSUE,Pelvis tilting - keep hips square
47833,RIGHT,172.0,178.7,172.2,178.5,165.6,170.3,2.7,175.0,172.2,0.732,UP,0,0,0,FORM ISSUE,Pelvis tilting - keep hips square
47866,RIGHT,173.6,177.9,172.5,178.2,166.4,170.1,3.0,175.2,172.1,0.725,UP,0,0,0,FORM ISSUE,Pelvis tilting - keep hips square
47900,RIGHT,171.7,176.0,172.4,177.5,162.2,170.4,3.2,174.1,172.3,0.719,UP,0,0,0,FORM ISSUE,Pelvis tilting - keep hips square
47933,RIGHT,171.6,173.2,172.3,176.6,162.2,168.4,2.7,174.7,172.5,0.717,UP,0,0,0,FORM ISSUE,Pelvis tilting - keep hips square
47966,RIGHT,173.1,175.1,172.4,176.2,163.7,168.5,2.1,174.2,172.3,0.717,UP,0,0,0,FORM ISSUE,Pelvis tilting - keep hips square
48000,RIGHT,178.2,176.8,173.7,175.8,165.7,170.0,2.0,173.0,172.5,0.71,UP,0,0,0,FORM ISSUE,Pelvis tilting - keep hips square
48033,RIGHT,175.8,178.0,174.1,175.8,165.4,170.3,1.9,172.5,174.0,0.696,UP,0,0,0,FORM ISSUE,Pelvis tilting - keep hips square
48066,RIGHT,174.9,178.0,174.7,176.2,165.4,170.0,1.4,171.5,174.7,0.684,UP,0,0,0,FORM ISSUE,Pelvis tilting - keep hips square
48100,RIGHT,178.1,178.9,176.0,177.4,167.2,170.2,1.3,171.5,175.7,0.664,UP,0,0,0,FORM ISSUE,Pelvis tilting - keep hips square
48133,RIGHT,177.9,178.5,177.0,178.0,169.4,169.6,1.0,170.7,176.0,0.642,UP,0,0,0,FORM ISSUE,Pelvis tilting - keep hips square
48166,RIGHT,173.8,177.5,176.1,178.2,170.1,169.1,0.9,172.9,177.6,0.62,UP,0,0,0,FORM ISSUE,Pelvis tilting - keep hips square
48200,RIGHT,174.1,176.4,175.8,177.9,170.7,168.4,0.8,174.4,178.4,0.597,UP,0,0,0,FORM ISSUE,Pelvis tilting - keep hips square
48233,RIGHT,172.4,172.0,175.3,176.7,171.1,167.4,0.9,176.3,179.3,0.568,UP,0,0,0,FORM ISSUE,Pelvis tilting - keep hips square
48266,RIGHT,170.4,172.5,173.7,175.4,172.8,169.2,1.3,177.5,178.0,0.536,UP,0,0,0,FORM ISSUE,Pelvis tilting - keep hips square
48300,RIGHT,169.3,163.8,172.0,172.4,170.8,165.6,1.7,177.9,176.7,0.502,UP,0,0,0,FORM ISSUE,Pelvis tilting - keep hips square
48333,,,,,,,,,,,0.466,UP,0,0,0,LOW CONFIDENCE,Adjust camera view
48366,,,,,,,,,,,0.428,UP,0,0,0,LOW CONFIDENCE,Adjust camera view
48400,,,,,,,,,,,0.391,UP,0,0,0,LOW CONFIDENCE,Adjust camera view
48433,,,,,,,,,,,0.357,UP,0,0,0,LOW CONFIDENCE,Adjust camera view
48466,,,,,,,,,,,0.324,UP,0,0,0,LOW CONFIDENCE,Adjust camera view
48500,,,,,,,,,,,0.294,UP,0,0,0,LOW CONFIDENCE,Adjust camera view
48533,,,,,,,,,,,0.268,UP,0,0,0,LOW CONFIDENCE,Adjust camera view
48566,,,,,,,,,,,0.244,UP,0,0,0,LOW CONFIDENCE,Adjust camera view
48600,,,,,,,,,,,0.224,UP,0,0,0,LOW CONFIDENCE,Adjust camera view
48633,,,,,,,,,,,0.206,UP,0,0,0,LOW CONFIDENCE,Adjust camera view
48666,,,,,,,,,,,0.189,UP,0,0,0,LOW CONFIDENCE,Adjust camera view
48700,,,,,,,,,,,0.174,UP,0,0,0,LOW CONFIDENCE,Adjust camera view
48733,,,,,,,,,,,0.161,UP,0,0,0,LOW CONFIDENCE,Adjust camera view
48766,,,,,,,,,,,0.148,UP,0,0,0,LOW CONFIDENCE,Adjust camera view
48800,,,,,,,,,,,0.137,UP,0,0,0,LOW CONFIDENCE,Adjust camera view
48833,,,,,,,,,,,0.127,UP,0,0,0,LOW CONFIDENCE,Adjust camera view
48866,,,,,,,,,,,0.119,UP,0,0,0,LOW CONFIDENCE,Adjust camera view
48900,,,,,,,,,,,0.112,UP,0,0,0,LOW CONFIDENCE,Adjust camera view
48933,,,,,,,,,,,0.107,UP,0,0,0,LOW CONFIDENCE,Adjust camera view
48966,,,,,,,,,,,0.102,UP,0,0,0,LOW CONFIDENCE,Adjust camera view
49000,,,,,,,,,,,0.097,UP,0,0,0,LOW CONFIDENCE,Adjust camera view
49033,,,,,,,,,,,0.092,UP,0,0,0,LOW CONFIDENCE,Adjust camera view
49066,,,,,,,,,,,0.086,UP,0,0,0,LOW CONFIDENCE,Adjust camera view
49100,,,,,,,,,,,0.08,UP,0,0,0,LOW CONFIDENCE,Adjust camera view
49133,,,,,,,,,,,0.076,UP,0,0,0,LOW CONFIDENCE,Adjust camera view
49166,,,,,,,,,,,0.072,UP,0,0,0,LOW CONFIDENCE,Adjust camera view
49200,,,,,,,,,,,0.07,UP,0,0,0,LOW CONFIDENCE,Adjust camera view
49233,,,,,,,,,,,0.074,UP,0,0,0,LOW CONFIDENCE,Adjust camera view
49266,,,,,,,,,,,0.089,UP,0,0,0,LOW CONFIDENCE,Adjust camera view
49300,,,,,,,,,,,0.111,UP,0,0,0,LOW CONFIDENCE,Adjust camera view
49333,,,,,,,,,,,0.144,UP,0,0,0,LOW CONFIDENCE,Adjust camera view
49366,,,,,,,,,,,0.185,UP,0,0,0,LOW CONFIDENCE,Adjust camera view
49400,,,,,,,,,,,0.23,UP,0,0,0,LOW CONFIDENCE,Adjust camera view
49433,,,,,,,,,,,0.274,UP,0,0,0,LOW CONFIDENCE,Adjust camera view
49466,,,,,,,,,,,0.317,UP,0,0,0,LOW CONFIDENCE,Adjust camera view
49500,,,,,,,,,,,0.352,UP,0,0,0,LOW CONFIDENCE,Adjust camera view
49533,,,,,,,,,,,0.379,UP,0,0,0,LOW CONFIDENCE,Adjust camera view
49566,,,,,,,,,,,0.405,UP,0,0,0,LOW CONFIDENCE,Adjust camera view
49600,,,,,,,,,,,0.427,UP,0,0,0,LOW CONFIDENCE,Adjust camera view
49633,,,,,,,,,,,0.448,UP,0,0,0,LOW CONFIDENCE,Adjust camera view
49666,,,,,,,,,,,0.472,UP,0,0,0,LOW CONFIDENCE,Adjust camera view
49700,,,,,,,,,,,0.497,UP,0,0,0,LOW CONFIDENCE,Adjust camera view
49733,RIGHT,177.3,178.9,172.7,172.7,162.1,174.2,2.9,176.6,169.6,0.517,UP,0,0,0,FORM ISSUE,Pelvis tilting - keep hips square
49766,RIGHT,177.7,179.0,173.4,173.2,162.2,174.1,2.9,176.1,169.0,0.533,UP,0,0,0,FORM ISSUE,Pelvis tilting - keep hips square
49800,RIGHT,176.4,179.0,174.2,174.7,162.1,174.9,3.3,176.3,168.8,0.543,UP,0,0,0,FORM ISSUE,Pelvis tilting - keep hips square
49833,RIGHT,174.4,180.0,175.0,176.1,161.8,174.5,3.4,176.4,167.9,0.549,UP,0,0,0,FORM ISSUE,Pelvis tilting - keep hips square
49866,RIGHT,175.0,179.6,176.2,179.3,160.7,175.7,3.8,177.5,166.5,0.549,UP,0,0,0,FORM ISSUE,Pelvis tilting - keep hips square
49900,RIGHT,173.8,179.7,175.5,179.5,159.5,175.7,3.8,179.3,163.8,0.546,UP,0,0,0,FORM ISSUE,Pelvis tilting - keep hips square
49933,RIGHT,173.5,178.0,174.6,179.3,158.6,175.2,3.4,177.2,164.1,0.54,UP,0,0,0,FORM ISSUE,Pelvis tilting - keep hips square
49966,RIGHT,172.4,179.0,173.8,179.3,159.9,174.2,3.5,178.7,165.4,0.537,UP,0,0,0,FORM ISSUE,Pelvis tilting - keep hips square
50000,RIGHT,173.7,179.7,173.7,179.2,159.5,175.1,3.6,179.0,164.6,0.537,UP,0,0,0,FORM ISSUE,Pelvis tilting - keep hips square
50033,RIGHT,173.3,178.8,173.3,179.1,158.8,175.8,2.8,177.7,164.3,0.537,UP,0,0,0,FORM ISSUE,Pelvis tilting - keep hips square
50066,RIGHT,169.5,178.3,172.5,178.8,157.7,174.3,1.3,179.1,165.6,0.537,UP,0,0,0,FORM ISSUE,Pelvis tilting - keep hips square
50100,RIGHT,168.3,175.5,171.4,178.3,157.0,175.3,0.1,175.6,172.0,0.536,UP,0,0,0,FORM ISSUE,Pelvis tilting - keep hips square
50133,LEFT,175.4,169.6,172.0,176.4,175.2,159.5,0.8,174.9,176.1,0.525,UP,0,0,0,FORM ISSUE,Pelvis tilting - keep hips square
50166,LEFT,178.1,174.3,172.9,175.3,174.2,161.3,0.6,175.9,177.4,0.51,UP,0,0,0,FORM ISSUE,Pelvis tilting - keep hips square
50200,,,,,,,,,,,0.496,UP,0,0,0,LOW CONFIDENCE,Adjust camera view
50233,,,,,,,,,,,0.483,UP,0,0,0,LOW CONFIDENCE,Adjust camera view
50266,,,,,,,,,,,0.472,UP,0,0,0,LOW CONFIDENCE,Adjust camera view
50300,,,,,,,,,,,0.463,UP,0,0,0,LOW CONFIDENCE,Adjust camera view
50333,,,,,,,,,,,0.45,UP,0,0,0,LOW CONFIDENCE,Adjust camera view
50366,,,,,,,,,,,0.433,UP,0,0,0,LOW CONFIDENCE,Adjust camera view
50400,,,,,,,,,,,0.411,UP,0,0,0,LOW CONFIDENCE,Adjust camera view
50433,,,,,,,,,,,0.387,UP,0,0,0,LOW CONFIDENCE,Adjust camera view
50466,,,,,,,,,,,0.363,UP,0,0,0,LOW CONFIDENCE,Adjust camera view
50500,,,,,,,,,,,0.341,UP,0,0,0,LOW CONFIDENCE,Adjust camera view
50533,,,,,,,,,,,0.328,UP,0,0,0,LOW CONFIDENCE,Adjust camera view
50566,,,,,,,,,,,0.318,UP,0,0,0,LOW CONFIDENCE,Adjust camera view
50600,,,,,,,,,,,0.31,UP,0,0,0,LOW CONFIDENCE,Adjust camera view
50633,,,,,,,,,,,0.301,UP,0,0,0,LOW CONFIDENCE,Adjust camera view
50666,,,,,,,,,,,0.29,UP,0,0,0,LOW CONFIDENCE,Adjust camera view
50700,,,,,,,,,,,0.273,UP,0,0,0,LOW CONFIDENCE,Adjust camera view
50733,,,,,,,,,,,0.261,UP,0,0,0,LOW CONFIDENCE,Adjust camera view
50766,,,,,,,,,,,0.249,UP,0,0,0,LOW CONFIDENCE,Adjust camera view
50800,,,,,,,,,,,0.239,UP,0,0,0,LOW CONFIDENCE,Adjust camera view
50833,,,,,,,,,,,0.231,UP,0,0,0,LOW CONFIDENCE,Adjust camera view
50866,,,,,,,,,,,0.222,UP,0,0,0,LOW CONFIDENCE,Adjust camera view
50900,,,,,,,,,,,0.173,UP,0,0,0,NO PERSON,Step into frame
50933,,,,,,,,,,,0.125,UP,0,0,0,NO PERSON,Step into frame
50966,,,,,,,,,,,0.08,UP,0,0,0,NO PERSON,Step into frame
51000,,,,,,,,,,,0.039,UP,0,0,0,NO PERSON,Step into frame
51033,,,,,,,,,,,0.0,UP,0,0,0,NO PERSON,Step into frame
51066,,,,,,,,,,,0.0,UP,0,0,0,NO PERSON,Step into frame
51100,,,,,,,,,,,0.0,UP,0,0,0,NO PERSON,Step into frame
51133,,,,,,,,,,,0.0,UP,0,0,0,NO PERSON,Step into frame
51166,,,,,,,,,,,0.0,UP,0,0,0,NO PERSON,Step into frame
51200,,,,,,,,,,,0.0,UP,0,0,0,NO PERSON,Step into frame
51233,,,,,,,,,,,0.0,UP,0,0,0,NO PERSON,Step into frame
51266,,,,,,,,,,,0.0,UP,0,0,0,NO PERSON,Step into frame
51300,,,,,,,,,,,0.0,UP,0,0,0,NO PERSON,Step into frame
51333,,,,,,,,,,,0.0,UP,0,0,0,NO PERSON,Step into frame
51366,,,,,,,,,,,0.0,UP,0,0,0,NO PERSON,Step into frame
51400,,,,,,,,,,,0.0,UP,0,0,0,NO PERSON,Step into frame
51433,,,,,,,,,,,0.0,UP,0,0,0,NO PERSON,Step into frame
51466,,,,,,,,,,,0.0,UP,0,0,0,NO PERSON,Step into frame
51500,,,,,,,,,,,0.0,UP,0,0,0,NO PERSON,Step into frame
51533,,,,,,,,,,,0.0,UP,0,0,0,NO PERSON,Step into frame
51566,,,,,,,,,,,0.0,UP,0,0,0,NO PERSON,Step into frame
51600,,,,,,,,,,,0.0,UP,0,0,0,NO PERSON,Step into frame
51633,,,,,,,,,,,0.0,UP,0,0,0,NO PERSON,Step into frame
51666,,,,,,,,,,,0.0,UP,0,0,0,NO PERSON,Step into frame
51700,,,,,,,,,,,0.0,UP,0,0,0,NO PERSON,Step into frame
51733,,,,,,,,,,,0.0,UP,0,0,0,NO PERSON,Step into frame
51766,,,,,,,,,,,0.0,UP,0,0,0,NO PERSON,Step into frame
51800,,,,,,,,,,,0.0,UP,0,0,0,NO PERSON,Step into frame
51833,,,,,,,,,,,0.0,UP,0,0,0,NO PERSON,Step into frame
51866,,,,,,,,,,,0.0,UP,0,0,0,NO PERSON,Step into frame
51900,,,,,,,,,,,0.0,UP,0,0,0,NO PERSON,Step into frame
51933,,,,,,,,,,,0.0,UP,0,0,0,NO PERSON,Step into frame
51966,,,,,,,,,,,0.0,UP,0,0,0,NO PERSON,Step into frame
52000,,,,,,,,,,,0.0,UP,0,0,0,NO PERSON,Step into frame
52033,,,,,,,,,,,0.0,UP,0,0,0,NO PERSON,Step into frame
52066,,,,,,,,,,,0.0,UP,0,0,0,NO PERSON,Step into frame
52100,,,,,,,,,,,0.0,UP,0,0,0,NO PERSON,Step into frame
52133,,,,,,,,,,,0.0,UP,0,0,0,NO PERSON,Step into frame
52166,,,,,,,,,,,0.0,UP,0,0,0,NO PERSON,Step into frame
52200,,,,,,,,,,,0.0,UP,0,0,0,NO PERSON,Step into frame
52233,,,,,,,,,,,0.0,UP,0,0,0,NO PERSON,Step into frame
52266,,,,,,,,,,,0.0,UP,0,0,0,NO PERSON,Step into frame
52300,,,,,,,,,,,0.0,UP,0,0,0,NO PERSON,Step into frame
52333,,,,,,,,,,,0.0,UP,0,0,0,NO PERSON,Step into frame
52366,,,,,,,,,,,0.0,UP,0,0,0,NO PERSON,Step into frame
52400,,,,,,,,,,,0.0,UP,0,0,0,NO PERSON,Step into frame
52433,,,,,,,,,,,0.0,UP,0,0,0,NO PERSON,Step into frame
52466,,,,,,,,,,,0.0,UP,0,0,0,NO PERSON,Step into frame
52500,,,,,,,,,,,0.0,UP,0,0,0,NO PERSON,Step into frame
52533,,,,,,,,,,,0.0,UP,0,0,0,NO PERSON,Step into frame
52566,,,,,,,,,,,0.0,UP,0,0,0,NO PERSON,Step into frame
52600,,,,,,,,,,,0.0,UP,0,0,0,NO PERSON,Step into frame
52633,,,,,,,,,,,0.0,UP,0,0,0,NO PERSON,Step into frame
52666,,,,,,,,,,,0.0,UP,0,0,0,NO PERSON,Step into frame
52700,,,,,,,,,,,0.0,UP,0,0,0,NO PERSON,Step into frame
52733,,,,,,,,,,,0.0,UP,0,0,0,NO PERSON,Step into frame
52766,,,,,,,,,,,0.0,UP,0,0,0,NO PERSON,Step into frame
52800,,,,,,,,,,,0.0,UP,0,0,0,NO PERSON,Step into frame
52833,,,,,,,,,,,0.0,UP,0,0,0,NO PERSON,Step into frame
52866,,,,,,,,,,,0.0,UP,0,0,0,NO PERSON,Step into frame
52900,,,,,,,,,,,0.0,UP,0,0,0,NO PERSON,Step into frame
52933,,,,,,,,,,,0.0,UP,0,0,0,NO PERSON,Step into frame
52966,,,,,,,,,,,0.0,UP,0,0,0,NO PERSON,Step into frame
53000,,,,,,,,,,,0.0,UP,0,0,0,NO PERSON,Step into frame
53033,,,,,,,,,,,0.0,UP,0,0,0,NO PERSON,Step into frame
53066,,,,,,,,,,,0.0,UP,0,0,0,NO PERSON,Step into frame
53100,,,,,,,,,,,0.0,UP,0,0,0,NO PERSON,Step into frame
53133,,,,,,,,,,,0.0,UP,0,0,0,NO PERSON,Step into frame
53166,,,,,,,,,,,0.0,UP,0,0,0,NO PERSON,Step into frame
53200,,,,,,,,,,,0.0,UP,0,0,0,NO PERSON,Step into frame
53233,,,,,,,,,,,0.0,UP,0,0,0,NO PERSON,Step into frame
53266,,,,,,,,,,,0.0,UP,0,0,0,NO PERSON,Step into frame
53300,,,,,,,,,,,0.0,UP,0,0,0,NO PERSON,Step into frame
53333,,,,,,,,,,,0.0,UP,0,0,0,NO PERSON,Step into frame
53366,,,,,,,,,,,0.0,UP,0,0,0,NO PERSON,Step into frame
53400,,,,,,,,,,,0.0,UP,0,0,0,NO PERSON,Step into frame
53433,,,,,,,,,,,0.0,UP,0,0,0,NO PERSON,Step into frame
53466,,,,,,,,,,,0.0,UP,0,0,0,NO PERSON,Step into frame
53500,,,,,,,,,,,0.0,UP,0,0,0,NO PERSON,Step into frame
53533,,,,,,,,,,,0.0,UP,0,0,0,NO PERSON,Step into frame
53566,,,,,,,,,,,0.0,UP,0,0,0,NO PERSON,Step into frame
53600,,,,,,,,,,,0.0,UP,0,0,0,NO PERSON,Step into frame
53633,,,,,,,,,,,0.0,UP,0,0,0,NO PERSON,Step into frame
53666,,,,,,,,,,,0.0,UP,0,0,0,NO PERSON,Step into frame
53700,,,,,,,,,,,0.0,UP,0,0,0,NO PERSON,Step into frame
53733,,,,,,,,,,,0.0,UP,0,0,0,NO PERSON,Step into frame
53766,,,,,,,,,,,0.0,UP,0,0,0,NO PERSON,Step into frame
53800,,,,,,,,,,,0.0,UP,0,0,0,NO PERSON,Step into frame
53833,,,,,,,,,,,0.0,UP,0,0,0,NO PERSON,Step into frame
53866,,,,,,,,,,,0.0,UP,0,0,0,NO PERSON,Step into frame
53900,,,,,,,,,,,0.0,UP,0,0,0,NO PERSON,Step into frame
53933,,,,,,,,,,,0.0,UP,0,0,0,NO PERSON,Step into frame
53966,,,,,,,,,,,0.0,UP,0,0,0,NO PERSON,Step into frame
54000,,,,,,,,,,,0.0,UP,0,0,0,NO PERSON,Step into frame
54033,,,,,,,,,,,0.0,UP,0,0,0,NO PERSON,Step into frame
54066,,,,,,,,,,,0.0,UP,0,0,0,NO PERSON,Step into frame
54100,,,,,,,,,,,0.0,UP,0,0,0,NO PERSON,Step into frame
54133,,,,,,,,,,,0.0,UP,0,0,0,NO PERSON,Step into frame
54166,,,,,,,,,,,0.0,UP,0,0,0,NO PERSON,Step into frame
54200,,,,,,,,,,,0.0,UP,0,0,0,NO PERSON,Step into frame
54233,,,,,,,,,,,0.0,UP,0,0,0,NO PERSON,Step into frame
54266,,,,,,,,,,,0.0,UP,0,0,0,NO PERSON,Step into frame
54300,,,,,,,,,,,0.0,UP,0,0,0,NO PERSON,Step into frame
54333,,,,,,,,,,,0.0,UP,0,0,0,NO PERSON,Step into frame
54366,,,,,,,,,,,0.0,UP,0,0,0,NO PERSON,Step into frame
54400,,,,,,,,,,,0.0,UP,0,0,0,NO PERSON,Step into frame
54433,,,,,,,,,,,0.0,UP,0,0,0,NO PERSON,Step into frame
54466,,,,,,,,,,,0.0,UP,0,0,0,NO PERSON,Step into frame
54500,,,,,,,,,,,0.0,UP,0,0,0,NO PERSON,Step into frame
54533,,,,,,,,,,,0.0,UP,0,0,0,NO PERSON,Step into frame
54566,,,,,,,,,,,0.0,UP,0,0,0,NO PERSON,Step into frame
54600,,,,,,,,,,,0.0,UP,0,0,0,NO PERSON,Step into frame
54633,,,,,,,,,,,0.0,UP,0,0,0,NO PERSON,Step into frame
54666,,,,,,,,,,,0.0,UP,0,0,0,NO PERSON,Step into frame
54700,,,,,,,,,,,0.0,UP,0,0,0,NO PERSON,Step into frame
54733,,,,,,,,,,,0.0,UP,0,0,0,NO PERSON,Step into frame
54766,,,,,,,,,,,0.0,UP,0,0,0,NO PERSON,Step into frame
54800,,,,,,,,,,,0.0,UP,0,0,0,NO PERSON,Step into frame
54833,,,,,,,,,,,0.0,UP,0,0,0,NO PERSON,Step into frame
54866,,,,,,,,,,,0.0,UP,0,0,0,NO PERSON,Step into frame
54900,,,,,,,,,,,0.0,UP,0,0,0,NO PERSON,Step into frame
54933,,,,,,,,,,,0.0,UP,0,0,0,NO PERSON,Step into frame
54966,,,,,,,,,,,0.0,UP,0,0,0,NO PERSON,Step into frame
55000,,,,,,,,,,,0.0,UP,0,0,0,NO PERSON,Step into frame
55033,,,,,,,,,,,0.0,UP,0,0,0,NO PERSON,Step into frame
55066,,,,,,,,,,,0.0,UP,0,0,0,NO PERSON,Step into frame
55100,,,,,,,,,,,0.0,UP,0,0,0,NO PERSON,Step into frame
55133,,,,,,,,,,,0.0,UP,0,0,0,NO PERSON,Step into frame
55166,,,,,,,,,,,0.0,UP,0,0,0,NO PERSON,Step into frame
55200,,,,,,,,,,,0.0,UP,0,0,0,NO PERSON,Step into frame
55233,,,,,,,,,,,0.0,UP,0,0,0,NO PERSON,Step into frame
55266,,,,,,,,,,,0.0,UP,0,0,0,NO PERSON,Step into frame
55300,,,,,,,,,,,0.0,UP,0,0,0,NO PERSON,Step into frame
55333,,,,,,,,,,,0.0,UP,0,0,0,NO PERSON,Step into frame
55366,,,,,,,,,,,0.0,UP,0,0,0,NO PERSON,Step into frame
55400,,,,,,,,,,,0.0,UP,0,0,0,NO PERSON,Step into frame
55433,,,,,,,,,,,0.0,UP,0,0,0,NO PERSON,Step into frame
55466,,,,,,,,,,,0.0,UP,0,0,0,NO PERSON,Step into frame
55500,,,,,,,,,,,0.0,UP,0,0,0,NO PERSON,Step into frame
55533,,,,,,,,,,,0.0,UP,0,0,0,NO PERSON,Step into frame
55566,,,,,,,,,,,0.0,UP,0,0,0,NO PERSON,Step into frame
55600,,,,,,,,,,,0.0,UP,0,0,0,NO PERSON,Step into frame
55633,,,,,,,,,,,0.0,UP,0,0,0,NO PERSON,Step into frame
55666,,,,,,,,,,,0.0,UP,0,0,0,NO PERSON,Step into frame
55700,,,,,,,,,,,0.0,UP,0,0,0,NO PERSON,Step into frame
55733,,,,,,,,,,,0.0,UP,0,0,0,NO PERSON,Step into frame
55766,,,,,,,,,,,0.0,UP,0,0,0,NO PERSON,Step into frame
55800,,,,,,,,,,,0.0,UP,0,0,0,NO PERSON,Step into frame
55833,,,,,,,,,,,0.0,UP,0,0,0,NO PERSON,Step into frame
55866,,,,,,,,,,,0.0,UP,0,0,0,NO PERSON,Step into frame
55900,,,,,,,,,,,0.0,UP,0,0,0,NO PERSON,Step into frame
55933,,,,,,,,,,,0.0,UP,0,0,0,NO PERSON,Step into frame
55966,,,,,,,,,,,0.0,UP,0,0,0,NO PERSON,Step into frame
56000,,,,,,,,,,,0.0,UP,0,0,0,NO PERSON,Step into frame
56033,,,,,,,,,,,0.0,UP,0,0,0,NO PERSON,Step into frame
56066,,,,,,,,,,,0.0,UP,0,0,0,NO PERSON,Step into frame
56100,,,,,,,,,,,0.0,UP,0,0,0,NO PERSON,Step into frame
56133,,,,,,,,,,,0.0,UP,0,0,0,NO PERSON,Step into frame
56166,,,,,,,,,,,0.0,UP,0,0,0,NO PERSON,Step into frame
56200,,,,,,,,,,,0.0,UP,0,0,0,NO PERSON,Step into frame
56233,,,,,,,,,,,0.0,UP,0,0,0,NO PERSON,Step into frame
56266,,,,,,,,,,,0.0,UP,0,0,0,NO PERSON,Step into frame
56300,,,,,,,,,,,0.0,UP,0,0,0,NO PERSON,Step into frame
56333,,,,,,,,,,,0.0,UP,0,0,0,NO PERSON,Step into frame
56366,,,,,,,,,,,0.0,UP,0,0,0,NO PERSON,Step into frame
56400,,,,,,,,,,,0.0,UP,0,0,0,NO PERSON,Step into frame
56433,,,,,,,,,,,0.0,UP,0,0,0,NO PERSON,Step into frame
56466,,,,,,,,,,,0.0,UP,0,0,0,NO PERSON,Step into frame
56500,,,,,,,,,,,0.0,UP,0,0,0,NO PERSON,Step into frame
56533,,,,,,,,,,,0.0,UP,0,0,0,NO PERSON,Step into frame
56566,,,,,,,,,,,0.0,UP,0,0,0,NO PERSON,Step into frame
56600,,,,,,,,,,,0.0,UP,0,0,0,NO PERSON,Step into frame
56633,,,,,,,,,,,0.0,UP,0,0,0,NO PERSON,Step into frame
56666,,,,,,,,,,,0.0,UP,0,0,0,NO PERSON,Step into frame
56700,,,,,,,,,,,0.0,UP,0,0,0,NO PERSON,Step into frame
56733,,,,,,,,,,,0.0,UP,0,0,0,NO PERSON,Step into frame
56766,,,,,,,,,,,0.0,UP,0,0,0,NO PERSON,Step into frame
56800,,,,,,,,,,,0.0,UP,0,0,0,NO PERSON,Step into frame
56833,,,,,,,,,,,0.0,UP,0,0,0,NO PERSON,Step into frame
56866,,,,,,,,,,,0.0,UP,0,0,0,NO PERSON,Step into frame
56900,,,,,,,,,,,0.0,UP,0,0,0,NO PERSON,Step into frame
56933,,,,,,,,,,,0.0,UP,0,0,0,NO PERSON,Step into frame
56966,,,,,,,,,,,0.0,UP,0,0,0,NO PERSON,Step into frame
57000,,,,,,,,,,,0.0,UP,0,0,0,NO PERSON,Step into frame
57033,,,,,,,,,,,0.0,UP,0,0,0,NO PERSON,Step into frame
57066,,,,,,,,,,,0.0,UP,0,0,0,NO PERSON,Step into frame
57100,,,,,,,,,,,0.0,UP,0,0,0,NO PERSON,Step into frame
57133,,,,,,,,,,,0.0,UP,0,0,0,NO PERSON,Step into frame
57166,,,,,,,,,,,0.0,UP,0,0,0,NO PERSON,Step into frame
57200,,,,,,,,,,,0.0,UP,0,0,0,NO PERSON,Step into frame
57233,,,,,,,,,,,0.0,UP,0,0,0,NO PERSON,Step into frame
57266,,,,,,,,,,,0.0,UP,0,0,0,NO PERSON,Step into frame
57300,,,,,,,,,,,0.0,UP,0,0,0,NO PERSON,Step into frame
57333,,,,,,,,,,,0.0,UP,0,0,0,NO PERSON,Step into frame
57366,,,,,,,,,,,0.0,UP,0,0,0,NO PERSON,Step into frame
57400,,,,,,,,,,,0.0,UP,0,0,0,NO PERSON,Step into frame
57433,,,,,,,,,,,0.0,UP,0,0,0,NO PERSON,Step into frame
57466,,,,,,,,,,,0.0,UP,0,0,0,NO PERSON,Step into frame
57500,,,,,,,,,,,0.0,UP,0,0,0,NO PERSON,Step into frame
57533,,,,,,,,,,,0.0,UP,0,0,0,NO PERSON,Step into frame
57566,,,,,,,,,,,0.0,UP,0,0,0,NO PERSON,Step into frame
57600,,,,,,,,,,,0.0,UP,0,0,0,NO PERSON,Step into frame
57633,,,,,,,,,,,0.0,UP,0,0,0,NO PERSON,Step into frame
57666,,,,,,,,,,,0.0,UP,0,0,0,NO PERSON,Step into frame
57700,,,,,,,,,,,0.0,UP,0,0,0,NO PERSON,Step into frame
57733,,,,,,,,,,,0.0,UP,0,0,0,NO PERSON,Step into frame
57766,,,,,,,,,,,0.0,UP,0,0,0,NO PERSON,Step into frame
57800,,,,,,,,,,,0.0,UP,0,0,0,NO PERSON,Step into frame
57833,,,,,,,,,,,0.0,UP,0,0,0,NO PERSON,Step into frame
57866,,,,,,,,,,,0.0,UP,0,0,0,NO PERSON,Step into frame
57900,,,,,,,,,,,0.0,UP,0,0,0,NO PERSON,Step into frame
57933,,,,,,,,,,,0.0,UP,0,0,0,NO PERSON,Step into frame
57966,,,,,,,,,,,0.0,UP,0,0,0,NO PERSON,Step into frame
58000,,,,,,,,,,,0.0,UP,0,0,0,NO PERSON,Step into frame
58033,,,,,,,,,,,0.0,UP,0,0,0,NO PERSON,Step into frame
58066,,,,,,,,,,,0.0,UP,0,0,0,NO PERSON,Step into frame
58100,,,,,,,,,,,0.0,UP,0,0,0,NO PERSON,Step into frame
58133,,,,,,,,,,,0.0,UP,0,0,0,NO PERSON,Step into frame
58166,,,,,,,,,,,0.0,UP,0,0,0,NO PERSON,Step into frame
58200,,,,,,,,,,,0.0,UP,0,0,0,NO PERSON,Step into frame
58233,,,,,,,,,,,0.0,UP,0,0,0,NO PERSON,Step into frame
58266,,,,,,,,,,,0.0,UP,0,0,0,NO PERSON,Step into frame
58300,,,,,,,,,,,0.0,UP,0,0,0,NO PERSON,Step into frame
58333,,,,,,,,,,,0.0,UP,0,0,0,NO PERSON,Step into frame
58366,,,,,,,,,,,0.0,UP,0,0,0,NO PERSON,Step into frame
58400,,,,,,,,,,,0.0,UP,0,0,0,NO PERSON,Step into frame
58433,,,,,,,,,,,0.0,UP,0,0,0,NO PERSON,Step into frame
58466,,,,,,,,,,,0.0,UP,0,0,0,NO PERSON,Step into frame
58500,,,,,,,,,,,0.0,UP,0,0,0,NO PERSON,Step into frame
58533,,,,,,,,,,,0.0,UP,0,0,0,NO PERSON,Step into frame
58566,,,,,,,,,,,0.0,UP,0,0,0,NO PERSON,Step into frame
58600,,,,,,,,,,,0.0,UP,0,0,0,NO PERSON,Step into frame
58633,,,,,,,,,,,0.0,UP,0,0,0,NO PERSON,Step into frame
58666,,,,,,,,,,,0.0,UP,0,0,0,NO PERSON,Step into frame
58700,,,,,,,,,,,0.0,UP,0,0,0,NO PERSON,Step into frame
58733,,,,,,,,,,,0.0,UP,0,0,0,NO PERSON,Step into frame
58766,,,,,,,,,,,0.0,UP,0,0,0,NO PERSON,Step into frame
58800,,,,,,,,,,,0.0,UP,0,0,0,NO PERSON,Step into frame
58833,,,,,,,,,,,0.0,UP,0,0,0,NO PERSON,Step into frame
58866,,,,,,,,,,,0.0,UP,0,0,0,NO PERSON,Step into frame
58900,,,,,,,,,,,0.0,UP,0,0,0,NO PERSON,Step into frame
58933,,,,,,,,,,,0.0,UP,0,0,0,NO PERSON,Step into frame
58966,,,,,,,,,,,0.0,UP,0,0,0,NO PERSON,Step into frame
59000,,,,,,,,,,,0.0,UP,0,0,0,NO PERSON,Step into frame
59033,,,,,,,,,,,0.0,UP,0,0,0,NO PERSON,Step into frame
59066,,,,,,,,,,,0.0,UP,0,0,0,NO PERSON,Step into frame
59100,,,,,,,,,,,0.0,UP,0,0,0,NO PERSON,Step into frame
59133,,,,,,,,,,,0.0,UP,0,0,0,NO PERSON,Step into frame
59166,,,,,,,,,,,0.0,UP,0,0,0,NO PERSON,Step into frame
59200,,,,,,,,,,,0.0,UP,0,0,0,NO PERSON,Step into frame
59233,,,,,,,,,,,0.0,UP,0,0,0,NO PERSON,Step into frame
59266,,,,,,,,,,,0.0,UP,0,0,0,NO PERSON,Step into frame
59300,,,,,,,,,,,0.0,UP,0,0,0,NO PERSON,Step into frame
59333,,,,,,,,,,,0.0,UP,0,0,0,NO PERSON,Step into frame
59366,,,,,,,,,,,0.0,UP,0,0,0,NO PERSON,Step into frame
59400,,,,,,,,,,,0.0,UP,0,0,0,NO PERSON,Step into frame
59433,,,,,,,,,,,0.0,UP,0,0,0,NO PERSON,Step into frame
59466,,,,,,,,,,,0.0,UP,0,0,0,NO PERSON,Step into frame
59500,,,,,,,,,,,0.0,UP,0,0,0,NO PERSON,Step into frame
59533,,,,,,,,,,,0.0,UP,0,0,0,NO PERSON,Step into frame
59566,,,,,,,,,,,0.0,UP,0,0,0,NO PERSON,Step into frame
59600,,,,,,,,,,,0.0,UP,0,0,0,NO PERSON,Step into frame
59633,,,,,,,,,,,0.0,UP,0,0,0,NO PERSON,Step into frame
59666,,,,,,,,,,,0.0,UP,0,0,0,NO PERSON,Step into frame
59700,,,,,,,,,,,0.0,UP,0,0,0,NO PERSON,Step into frame
59733,,,,,,,,,,,0.0,UP,0,0,0,NO PERSON,Step into frame
59766,,,,,,,,,,,0.0,UP,0,0,0,NO PERSON,Step into frame
59800,,,,,,,,,,,0.0,UP,0,0,0,NO PERSON,Step into frame
59833,,,,,,,,,,,0.0,UP,0,0,0,NO PERSON,Step into frame
59866,,,,,,,,,,,0.0,UP,0,0,0,NO PERSON,Step into frame
59900,,,,,,,,,,,0.0,UP,0,0,0,NO PERSON,Step into frame
59933,,,,,,,,,,,0.0,UP,0,0,0,NO PERSON,Step into frame
59966,,,,,,,,,,,0.0,UP,0,0,0,NO PERSON,Step into frame
60000,,,,,,,,,,,0.0,UP,0,0,0,NO PERSON,Step into frame
60033,,,,,,,,,,,0.0,UP,0,0,0,NO PERSON,Step into frame
60066,,,,,,,,,,,0.0,UP,0,0,0,NO PERSON,Step into frame
60100,,,,,,,,,,,0.0,UP,0,0,0,NO PERSON,Step into frame
60133,,,,,,,,,,,0.0,UP,0,0,0,NO PERSON,Step into frame
60166,,,,,,,,,,,0.0,UP,0,0,0,NO PERSON,Step into frame
60200,,,,,,,,,,,0.0,UP,0,0,0,NO PERSON,Step into frame
60233,,,,,,,,,,,0.0,UP,0,0,0,NO PERSON,Step into frame
60266,,,,,,,,,,,0.0,UP,0,0,0,NO PERSON,Step into frame
60300,,,,,,,,,,,0.0,UP,0,0,0,NO PERSON,Step into frame
60333,,,,,,,,,,,0.0,UP,0,0,0,NO PERSON,Step into frame
60366,,,,,,,,,,,0.0,UP,0,0,0,NO PERSON,Step into frame
60400,,,,,,,,,,,0.0,UP,0,0,0,NO PERSON,Step into frame
60433,,,,,,,,,,,0.052,UP,0,0,0,LOW CONFIDENCE,Adjust camera view
60466,,,,,,,,,,,0.117,UP,0,0,0,LOW CONFIDENCE,Adjust camera view
60500,,,,,,,,,,,0.194,UP,0,0,0,LOW CONFIDENCE,Adjust camera view
60533,,,,,,,,,,,0.272,UP,0,0,0,LOW CONFIDENCE,Adjust camera view
60566,,,,,,,,,,,0.272,UP,0,0,0,NO PERSON,Step into frame
60600,,,,,,,,,,,0.22,UP,0,0,0,NO PERSON,Step into frame
60633,,,,,,,,,,,0.155,UP,0,0,0,NO PERSON,Step into frame
60666,,,,,,,,,,,0.077,UP,0,0,0,NO PERSON,Step into frame
60700,,,,,,,,,,,0.0,UP,0,0,0,NO PERSON,Step into frame
60733,,,,,,,,,,,0.0,UP,0,0,0,NO PERSON,Step into frame
60766,,,,,,,,,,,0.0,UP,0,0,0,NO PERSON,Step into frame
60800,,,,,,,,,,,0.0,UP,0,0,0,NO PERSON,Step into frame
60833,,,,,,,,,,,0.0,UP,0,0,0,NO PERSON,Step into frame
60866,,,,,,,,,,,0.0,UP,0,0,0,NO PERSON,Step into frame
60900,,,,,,,,,,,0.0,UP,0,0,0,NO PERSON,Step into frame
60933,,,,,,,,,,,0.0,UP,0,0,0,NO PERSON,Step into frame
60966,,,,,,,,,,,0.0,UP,0,0,0,NO PERSON,Step into frame
61000,,,,,,,,,,,0.0,UP,0,0,0,NO PERSON,Step into frame
61033,,,,,,,,,,,0.0,UP,0,0,0,NO PERSON,Step into frame
61066,,,,,,,,,,,0.0,UP,0,0,0,NO PERSON,Step into frame
61100,,,,,,,,,,,0.0,UP,0,0,0,NO PERSON,Step into frame
61133,,,,,,,,,,,0.0,UP,0,0,0,NO PERSON,Step into frame
61166,,,,,,,,,,,0.0,UP,0,0,0,NO PERSON,Step into frame
61200,,,,,,,,,,,0.0,UP,0,0,0,NO PERSON,Step into frame
61233,,,,,,,,,,,0.0,UP,0,0,0,NO PERSON,Step into frame
61266,,,,,,,,,,,0.0,UP,0,0,0,NO PERSON,Step into frame
61300,,,,,,,,,,,0.0,UP,0,0,0,NO PERSON,Step into frame
61333,,,,,,,,,,,0.0,UP,0,0,0,NO PERSON,Step into frame
61366,,,,,,,,,,,0.0,UP,0,0,0,NO PERSON,Step into frame
61400,,,,,,,,,,,0.0,UP,0,0,0,NO PERSON,Step into frame
61433,,,,,,,,,,,0.0,UP,0,0,0,NO PERSON,Step into frame
61466,,,,,,,,,,,0.0,UP,0,0,0,NO PERSON,Step into frame
61500,,,,,,,,,,,0.0,UP,0,0,0,NO PERSON,Step into frame
61533,,,,,,,,,,,0.0,UP,0,0,0,NO PERSON,Step into frame
61566,,,,,,,,,,,0.0,UP,0,0,0,NO PERSON,Step into frame
61600,,,,,,,,,,,0.0,UP,0,0,0,NO PERSON,Step into frame
61633,,,,,,,,,,,0.0,UP,0,0,0,NO PERSON,Step into frame
61666,,,,,,,,,,,0.0,UP,0,0,0,NO PERSON,Step into frame
61700,,,,,,,,,,,0.0,UP,0,0,0,NO PERSON,Step into frame
61733,,,,,,,,,,,0.0,UP,0,0,0,NO PERSON,Step into frame
61766,,,,,,,,,,,0.0,UP,0,0,0,NO PERSON,Step into frame
61800,,,,,,,,,,,0.0,UP,0,0,0,NO PERSON,Step into frame
61833,,,,,,,,,,,0.0,UP,0,0,0,NO PERSON,Step into frame
61866,,,,,,,,,,,0.0,UP,0,0,0,NO PERSON,Step into frame
61900,,,,,,,,,,,0.0,UP,0,0,0,NO PERSON,Step into frame
61933,,,,,,,,,,,0.0,UP,0,0,0,NO PERSON,Step into frame
61966,,,,,,,,,,,0.0,UP,0,0,0,NO PERSON,Step into frame
62000,,,,,,,,,,,0.0,UP,0,0,0,NO PERSON,Step into frame
62033,,,,,,,,,,,0.0,UP,0,0,0,NO PERSON,Step into frame
62066,,,,,,,,,,,0.0,UP,0,0,0,NO PERSON,Step into frame
62100,,,,,,,,,,,0.0,UP,0,0,0,NO PERSON,Step into frame
62133,,,,,,,,,,,0.0,UP,0,0,0,NO PERSON,Step into frame
62166,,,,,,,,,,,0.0,UP,0,0,0,NO PERSON,Step into frame
62200,,,,,,,,,,,0.0,UP,0,0,0,NO PERSON,Step into frame
62233,,,,,,,,,,,0.0,UP,0,0,0,NO PERSON,Step into frame
62266,,,,,,,,,,,0.0,UP,0,0,0,NO PERSON,Step into frame
62300,,,,,,,,,,,0.0,UP,0,0,0,NO PERSON,Step into frame
62333,,,,,,,,,,,0.0,UP,0,0,0,NO PERSON,Step into frame
62366,,,,,,,,,,,0.0,UP,0,0,0,NO PERSON,Step into frame
62400,,,,,,,,,,,0.0,UP,0,0,0,NO PERSON,Step into frame
62433,,,,,,,,,,,0.0,UP,0,0,0,NO PERSON,Step into frame
62466,,,,,,,,,,,0.0,UP,0,0,0,NO PERSON,Step into frame
62500,,,,,,,,,,,0.0,UP,0,0,0,NO PERSON,Step into frame
62533,,,,,,,,,,,0.0,UP,0,0,0,NO PERSON,Step into frame
62566,,,,,,,,,,,0.0,UP,0,0,0,NO PERSON,Step into frame
62600,,,,,,,,,,,0.0,UP,0,0,0,NO PERSON,Step into frame
62633,,,,,,,,,,,0.0,UP,0,0,0,NO PERSON,Step into frame
62666,,,,,,,,,,,0.07,UP,0,0,0,LOW CONFIDENCE,Adjust camera view
62700,,,,,,,,,,,0.133,UP,0,0,0,LOW CONFIDENCE,Adjust camera view
62733,,,,,,,,,,,0.19,UP,0,0,0,LOW CONFIDENCE,Adjust camera view
62766,,,,,,,,,,,0.241,UP,0,0,0,LOW CONFIDENCE,Adjust camera view
62800,,,,,,,,,,,0.288,UP,0,0,0,LOW CONFIDENCE,Adjust camera view
62833,,,,,,,,,,,0.26,UP,0,0,0,LOW CONFIDENCE,Adjust camera view
62866,,,,,,,,,,,0.235,UP,0,0,0,LOW CONFIDENCE,Adjust camera view
62900,,,,,,,,,,,0.213,UP,0,0,0,LOW CONFIDENCE,Adjust camera view
62933,,,,,,,,,,,0.193,UP,0,0,0,LOW CONFIDENCE,Adjust camera view
62966,,,,,,,,,,,0.175,UP,0,0,0,LOW CONFIDENCE,Adjust camera view
63000,,,,,,,,,,,0.159,UP,0,0,0,LOW CONFIDENCE,Adjust camera view
63033,,,,,,,,,,,0.145,UP,0,0,0,LOW CONFIDENCE,Adjust camera view
63066,,,,,,,,,,,0.131,UP,0,0,0,LOW CONFIDENCE,Adjust camera view
63100,,,,,,,,,,,0.12,UP,0,0,0,LOW CONFIDENCE,Adjust camera view
63133,,,,,,,,,,,0.109,UP,0,0,0,LOW CONFIDENCE,Adjust camera view
63166,,,,,,,,,,,0.099,UP,0,0,0,LOW CONFIDENCE,Adjust camera view
63200,,,,,,,,,,,0.09,UP,0,0,0,LOW CONFIDENCE,Adjust camera view
63233,,,,,,,,,,,0.083,UP,0,0,0,LOW CONFIDENCE,Adjust camera view
63266,,,,,,,,,,,0.076,UP,0,0,0,LOW CONFIDENCE,Adjust camera view
63300,,,,,,,,,,,0.07,UP,0,0,0,LOW CONFIDENCE,Adjust camera view
63333,,,,,,,,,,,0.064,UP,0,0,0,LOW CONFIDENCE,Adjust camera view
63366,,,,,,,,,,,0.059,UP,0,0,0,LOW CONFIDENCE,Adjust camera view
63400,,,,,,,,,,,0.055,UP,0,0,0,LOW CONFIDENCE,Adjust camera view
63433,,,,,,,,,,,0.05,UP,0,0,0,LOW CONFIDENCE,Adjust camera view
63466,,,,,,,,,,,0.046,UP,0,0,0,LOW CONFIDENCE,Adjust camera view
63500,,,,,,,,,,,0.036,UP,0,0,0,NO PERSON,Step into frame
63533,,,,,,,,,,,0.026,UP,0,0,0,NO PERSON,Step into frame
63566,,,,,,,,,,,0.016,UP,0,0,0,NO PERSON,Step into frame
63600,,,,,,,,,,,0.008,UP,0,0,0,NO PERSON,Step into frame
63633,,,,,,,,,,,0.0,UP,0,0,0,NO PERSON,Step into frame
63666,,,,,,,,,,,0.0,UP,0,0,0,NO PERSON,Step into frame
63700,,,,,,,,,,,0.0,UP,0,0,0,NO PERSON,Step into frame
63733,,,,,,,,,,,0.0,UP,0,0,0,NO PERSON,Step into frame
63766,,,,,,,,,,,0.0,UP,0,0,0,NO PERSON,Step into frame
63800,,,,,,,,,,,0.0,UP,0,0,0,NO PERSON,Step into frame
63833,,,,,,,,,,,0.0,UP,0,0,0,NO PERSON,Step into frame
63866,,,,,,,,,,,0.0,UP,0,0,0,NO PERSON,Step into frame
63900,,,,,,,,,,,0.0,UP,0,0,0,NO PERSON,Step into frame
63933,,,,,,,,,,,0.0,UP,0,0,0,NO PERSON,Step into frame
63966,,,,,,,,,,,0.0,UP,0,0,0,NO PERSON,Step into frame
64000,,,,,,,,,,,0.0,UP,0,0,0,NO PERSON,Step into frame
64033,,,,,,,,,,,0.0,UP,0,0,0,NO PERSON,Step into frame
64066,,,,,,,,,,,0.0,UP,0,0,0,NO PERSON,Step into frame
64100,,,,,,,,,,,0.0,UP,0,0,0,NO PERSON,Step into frame
64133,,,,,,,,,,,0.0,UP,0,0,0,NO PERSON,Step into frame
64166,,,,,,,,,,,0.0,UP,0,0,0,NO PERSON,Step into frame
64200,,,,,,,,,,,0.0,UP,0,0,0,NO PERSON,Step into frame
64233,,,,,,,,,,,0.0,UP,0,0,0,NO PERSON,Step into frame
64266,,,,,,,,,,,0.0,UP,0,0,0,NO PERSON,Step into frame
64300,,,,,,,,,,,0.0,UP,0,0,0,NO PERSON,Step into frame
64333,,,,,,,,,,,0.0,UP,0,0,0,NO PERSON,Step into frame
64366,,,,,,,,,,,0.0,UP,0,0,0,NO PERSON,Step into frame
64400,,,,,,,,,,,0.0,UP,0,0,0,NO PERSON,Step into frame
64433,,,,,,,,,,,0.0,UP,0,0,0,NO PERSON,Step into frame
64466,,,,,,,,,,,0.0,UP,0,0,0,NO PERSON,Step into frame
64500,,,,,,,,,,,0.0,UP,0,0,0,NO PERSON,Step into frame
64533,,,,,,,,,,,0.0,UP,0,0,0,NO PERSON,Step into frame
64566,,,,,,,,,,,0.0,UP,0,0,0,NO PERSON,Step into frame
64600,,,,,,,,,,,0.016,UP,0,0,0,LOW CONFIDENCE,Adjust camera view
64633,,,,,,,,,,,0.034,UP,0,0,0,LOW CONFIDENCE,Adjust camera view
64666,,,,,,,,,,,0.061,UP,0,0,0,LOW CONFIDENCE,Adjust camera view
64700,,,,,,,,,,,0.091,UP,0,0,0,LOW CONFIDENCE,Adjust camera view
64733,,,,,,,,,,,0.13,UP,0,0,0,LOW CONFIDENCE,Adjust camera view
64766,,,,,,,,,,,0.158,UP,0,0,0,LOW CONFIDENCE,Adjust camera view
64800,,,,,,,,,,,0.188,UP,0,0,0,LOW CONFIDENCE,Adjust camera view
64833,,,,,,,,,,,0.214,UP,0,0,0,LOW CONFIDENCE,Adjust camera view
64866,,,,,,,,,,,0.24,UP,0,0,0,LOW CONFIDENCE,Adjust camera view
64900,,,,,,,,,,,0.263,UP,0,0,0,LOW CONFIDENCE,Adjust camera view
64933,,,,,,,,,,,0.282,UP,0,0,0,LOW CONFIDENCE,Adjust camera view
64966,,,,,,,,,,,0.298,UP,0,0,0,LOW CONFIDENCE,Adjust camera view
65000,,,,,,,,,,,0.317,UP,0,0,0,LOW CONFIDENCE,Adjust camera view
65033,,,,,,,,,,,0.334,UP,0,0,0,LOW CONFIDENCE,Adjust camera view
65066,,,,,,,,,,,0.349,UP,0,0,0,LOW CONFIDENCE,Adjust camera view
65100,,,,,,,,,,,0.369,UP,0,0,0,LOW CONFIDENCE,Adjust camera view
65133,,,,,,,,,,,0.397,UP,0,0,0,LOW CONFIDENCE,Adjust camera view
65166,,,,,,,,,,,0.428,UP,0,0,0,LOW CONFIDENCE,Adjust camera view
65200,,,,,,,,,,,0.465,UP,0,0,0,LOW CONFIDENCE,Adjust camera view
65233,RIGHT,175.3,173.4,173.3,174.2,167.9,172.1,2.9,179.6,169.5,0.507,UP,0,0,0,FORM ISSUE,Pelvis tilting - keep hips square
65266,RIGHT,171.2,172.7,173.6,173.1,167.8,171.9,2.9,178.9,169.0,0.55,UP,0,0,0,FORM ISSUE,Pelvis tilting - keep hips square
65300,RIGHT,169.6,172.6,173.9,172.5,167.3,173.3,3.1,178.7,169.3,0.591,UP,0,0,0,FORM ISSUE,Pelvis tilting - keep hips square
65333,RIGHT,169.0,171.4,172.6,172.9,167.4,173.4,2.9,178.8,170.7,0.628,UP,0,0,0,FORM ISSUE,Pelvis tilting - keep hips square
65366,RIGHT,173.8,172.4,171.8,172.5,170.6,174.2,2.4,178.8,172.9,0.662,UP,0,0,0,FORM ISSUE,Pelvis tilting - keep hips square
65400,RIGHT,174.3,173.9,171.6,172.6,170.6,174.9,2.0,178.3,174.0,0.693,UP,0,0,0,FORM ISSUE,Pelvis tilting - keep hips square
65433,RIGHT,176.9,175.7,172.7,173.2,171.4,174.7,1.3,178.3,175.8,0.721,UP,0,0,0,FORM ISSUE,Pelvis tilting - keep hips square
65466,RIGHT,179.1,177.1,174.6,174.1,172.8,174.9,0.2,178.3,175.3,0.746,UP,0,0,0,FORM ISSUE,Pelvis tilting - keep hips square
65500,RIGHT,179.1,177.6,176.6,175.3,173.4,175.0,0.4,178.7,176.4,0.769,UP,0,0,0,FORM ISSUE,Pelvis tilting - keep hips square
65533,RIGHT,178.0,177.7,177.5,176.4,173.6,175.1,0.9,179.4,178.1,0.789,UP,0,0,0,FORM ISSUE,Pelvis tilting - keep hips square
65566,RIGHT,177.2,177.8,178.1,177.2,173.6,174.9,1.4,179.7,179.3,0.808,UP,0,0,0,FORM ISSUE,Pelvis tilting - keep hips square
65600,RIGHT,177.4,178.0,178.2,177.6,173.8,174.9,1.8,179.0,179.9,0.825,UP,0,0,0,FORM ISSUE,Pelvis tilting - keep hips square
65633,RIGHT,177.5,177.8,177.8,177.8,173.6,175.1,1.7,178.4,180.0,0.841,UP,0,0,0,FORM ISSUE,Pelvis tilting - keep hips square
65666,RIGHT,179.6,178.0,177.9,177.8,173.6,175.1,1.7,177.8,179.5,0.855,UP,0,0,0,FORM ISSUE,Pelvis tilting - keep hips square
65700,RIGHT,179.5,177.9,178.2,177.9,172.8,175.2,1.5,177.7,178.8,0.867,UP,0,0,0,FORM ISSUE,Pelvis tilting - keep hips square
65733,RIGHT,179.8,177.9,178.7,177.9,172.1,175.5,1.2,177.6,179.3,0.878,UP,0,0,0,FORM ISSUE,Pelvis tilting - keep hips square
65766,RIGHT,179.2,177.5,179.1,177.8,170.5,175.3,0.9,176.9,179.9,0.887,UP,0,0,0,FORM ISSUE,Pelvis tilting - keep hips square
65800,RIGHT,179.2,177.3,179.4,177.7,169.7,175.4,0.2,176.9,179.9,0.895,UP,0,0,0,FORM ISSUE,Pelvis tilting - keep hips square
65833,RIGHT,174.6,177.1,178.4,177.5,166.5,174.7,0.5,176.5,179.4,0.902,UP,0,0,0,FORM ISSUE,Pelvis tilting - keep hips square
65866,RIGHT,177.5,178.6,178.0,177.7,170.3,173.3,0.2,177.1,178.7,0.908,UP,0,0,0,FORM ISSUE,Pelvis tilting - keep hips square
65900,RIGHT,177.0,177.9,177.5,177.7,170.5,172.5,0.1,177.3,179.7,0.914,UP,0,0,0,FORM ISSUE,Pelvis tilting - keep hips square
65933,RIGHT,177.4,179.3,177.1,178.0,172.0,171.0,0.7,178.3,178.5,0.919,UP,0,0,0,FORM ISSUE,Pelvis tilting - keep hips square
65966,RIGHT,179.5,179.5,177.2,178.5,171.4,169.1,0.4,178.4,179.7,0.923,UP,0,0,0,FORM ISSUE,Pelvis tilting - keep hips square
66000,RIGHT,176.0,179.0,177.5,178.9,168.6,169.4,0.8,178.8,178.8,0.927,UP,0,0,0,FORM ISSUE,Pelvis tilting - keep hips square
66033,RIGHT,177.7,176.5,177.5,178.5,170.0,171.2,1.4,178.8,177.8,0.93,UP,0,0,0,FORM ISSUE,Pelvis tilting - keep hips square
66066,RIGHT,176.2,176.1,177.4,178.1,168.9,172.5,2.2,179.6,176.8,0.932,UP,0,0,0,FORM ISSUE,Pelvis tilting - keep hips square
66100,RIGHT,176.4,176.2,177.2,177.5,169.2,172.8,2.3,179.2,176.6,0.933,UP,0,0,0,FORM ISSUE,Pelvis tilting - keep hips square
66133,RIGHT,174.7,175.9,176.2,176.8,167.0,173.8,2.5,179.0,176.5,0.933,UP,0,0,0,FORM ISSUE,Pelvis tilting - keep hips square
66166,RIGHT,178.2,175.7,176.7,176.1,168.0,175.2,2.4,179.0,176.0,0.932,UP,0,0,0,FORM ISSUE,Pelvis tilting - keep hips square
66200,RIGHT,178.2,174.7,176.8,175.7,169.1,175.8,2.1,178.4,175.1,0.931,UP,0,0,0,FORM ISSUE,Pelvis tilting - keep hips square
66233,RIGHT,177.5,175.0,177.0,175.5,168.6,175.5,1.8,178.4,174.6,0.93,UP,0,0,0,FORM ISSUE,Pelvis tilting - keep hips square
66266,RIGHT,176.0,175.4,176.9,175.3,169.4,175.3,0.9,179.3,173.3,0.929,UP,0,0,0,FORM ISSUE,Pelvis tilting - keep hips square
66300,RIGHT,169.5,175.0,175.9,175.2,168.5,174.7,0.1,179.2,173.0,0.929,UP,0,0,0,FORM ISSUE,Pelvis tilting - keep hips square
66333,RIGHT,168.2,174.1,173.9,174.9,168.6,174.9,1.2,177.5,172.7,0.928,UP,0,0,0,FORM ISSUE,Pelvis tilting - keep hips square
66366,RIGHT,171.8,173.5,172.6,174.6,168.6,175.8,1.5,177.4,172.6,0.928,UP,0,0,0,FORM ISSUE,Pelvis tilting - keep hips square
66400,RIGHT,172.2,174.7,171.6,174.6,168.9,176.9,1.0,177.8,172.6,0.926,UP,0,0,0,FORM ISSUE,Pelvis tilting - keep hips square
66433,RIGHT,177.3,176.5,171.8,174.8,170.3,176.4,1.4,177.7,173.1,0.924,UP,0,0,0,FORM ISSUE,Pelvis tilting - keep hips square
66466,RIGHT,176.4,176.6,173.2,175.1,171.2,175.8,2.0,176.9,174.6,0.924,UP,0,0,0,FORM ISSUE,Pelvis tilting - keep hips square
66500,RIGHT,176.4,176.5,174.8,175.6,171.5,175.3,2.0,176.8,175.0,0.923,UP,0,0,0,FORM ISSUE,Pelvis tilting - keep hips square
66533,RIGHT,174.2,176.0,175.3,176.1,171.4,175.2,2.2,175.9,175.5,0.923,UP,0,0,0,FORM ISSUE,Pelvis tilting - keep hips square
66566,RIGHT,174.9,176.2,175.8,176.4,171.2,175.0,2.0,175.9,176.0,0.924,UP,0,0,0,FORM ISSUE,Pelvis tilting - keep hips square
66600,RIGHT,174.3,176.2,175.3,176.3,171.3,175.2,1.8,175.8,177.1,0.925,UP,0,0,0,FORM ISSUE,Pelvis tilting - keep hips square
66633,RIGHT,173.7,175.8,174.7,176.1,168.9,175.3,1.3,175.9,177.3,0.926,UP,0,0,0,FORM ISSUE,Pelvis tilting - keep hips square
66666,RIGHT,178.0,174.8,175.0,175.8,170.1,174.2,1.5,175.7,177.4,0.927,UP,0,0,0,FORM ISSUE,Pelvis tilting - keep hips square
66700,RIGHT,179.6,173.3,176.1,175.2,171.7,173.5,1.3,176.5,177.0,0.927,UP,0,0,0,FORM ISSUE,Pelvis tilting - keep hips square
66733,RIGHT,177.1,171.5,176.5,174.3,171.5,172.5,1.2,177.2,179.1,0.927,UP,0,0,0,FORM ISSUE,Pelvis tilting - keep hips square
66766,RIGHT,175.0,174.1,176.7,173.9,170.0,173.0,0.2,177.9,179.9,0.927,UP,0,0,0,FORM ISSUE,Pelvis tilting - keep hips square
66800,RIGHT,175.6,177.1,177.0,174.2,169.2,172.0,0.3,178.4,178.4,0.927,UP,0,0,0,FORM ISSUE,Pelvis tilting - keep hips square
66833,RIGHT,175.6,179.2,176.6,175.0,168.5,172.6,1.3,178.9,177.0,0.927,UP,0,0,0,FORM ISSUE,Pelvis tilting - keep hips square
66866,RIGHT,176.1,179.3,175.9,176.2,168.5,173.7,1.7,178.4,177.4,0.927,UP,0,0,0,FORM ISSUE,Pelvis tilting - keep hips square
66900,RIGHT,175.9,178.6,175.6,177.7,169.4,173.6,1.5,179.2,178.4,0.924,UP,0,0,0,FORM ISSUE,Pelvis tilting - keep hips square
66933,RIGHT,175.9,178.5,175.8,178.5,168.9,173.9,1.8,178.4,178.2,0.92,UP,0,0,0,FORM ISSUE,Pelvis tilting - keep hips square
66966,RIGHT,175.3,178.9,175.8,178.9,169.1,173.8,1.7,179.4,178.3,0.916,UP,0,0,0,FORM ISSUE,Pelvis tilting - keep hips square
67000,RIGHT,176.1,178.8,175.9,178.8,170.4,173.4,1.5,179.2,178.0,0.912,UP,0,0,0,FORM ISSUE,Pelvis tilting - keep hips square
67033,RIGHT,176.3,178.7,175.9,178.7,170.4,173.2,1.5,179.0,178.2,0.909,UP,0,0,0,FORM ISSUE,Pelvis tilting - keep hips square
67066,RIGHT,176.6,178.4,176.1,178.7,170.9,173.0,1.5,178.1,178.3,0.908,UP,0,0,0,FORM ISSUE,Pelvis tilting - keep hips square
67100,RIGHT,176.9,178.3,176.2,178.6,170.6,173.3,1.7,178.2,178.3,0.907,UP,0,0,0,FORM ISSUE,Pelvis tilting - keep hips square
67133,RIGHT,177.8,178.5,176.7,178.5,171.2,173.0,1.5,178.8,178.2,0.907,UP,0,0,0,FORM ISSUE,Pelvis tilting - keep hips square
67166,RIGHT,177.7,178.6,177.1,178.5,171.0,173.1,1.5,179.6,178.1,0.904,UP,0,0,0,FORM ISSUE,Pelvis tilting - keep hips square
67200,RIGHT,178.0,179.9,177.4,178.7,171.3,172.9,1.5,179.6,178.1,0.898,UP,0,0,0,FORM ISSUE,Pelvis tilting - keep hips square
67233,RIGHT,178.4,179.9,177.8,179.0,171.2,173.1,1.8,179.3,177.9,0.894,UP,0,0,0,FORM ISSUE,Pelvis tilting - keep hips square
67266,RIGHT,178.3,177.2,178.0,178.8,171.2,171.0,1.8,178.8,177.5,0.889,UP,0,0,0,FORM ISSUE,Pelvis tilting - keep hips square
67300,RIGHT,176.8,177.3,177.8,178.6,171.0,170.4,2.1,176.8,176.6,0.885,UP,0,0,0,FORM ISSUE,Pelvis tilting - keep hips square
67333,RIGHT,171.7,179.2,176.6,178.7,170.8,169.8,2.3,177.2,176.6,0.882,UP,0,0,0,FORM ISSUE,Pelvis tilting - keep hips square
67366,RIGHT,171.7,178.8,175.4,178.5,170.2,170.0,2.6,178.1,176.8,0.88,UP,0,0,0,FORM ISSUE,Pelvis tilting - keep hips square
67400,RIGHT,172.6,178.8,174.2,178.2,169.7,169.1,2.6,178.6,177.1,0.878,UP,0,0,0,FORM ISSUE,Pelvis tilting - keep hips square
67433,RIGHT,174.8,179.6,173.5,178.7,169.9,169.0,2.7,178.6,177.3,0.873,UP,0,0,0,FORM ISSUE,Pelvis tilting - keep hips square
67466,RIGHT,171.2,177.2,172.4,178.7,171.4,166.5,1.6,178.3,179.4,0.862,UP,0,0,0,FORM ISSUE,Pelvis tilting - keep hips square
67500,RIGHT,170.4,174.5,172.1,177.8,172.8,166.0,1.1,178.6,179.4,0.844,UP,0,0,0,FORM ISSUE,Pelvis tilting - keep hips square
67533,RIGHT,168.4,170.2,171.5,176.0,173.0,164.2,0.8,179.4,179.5,0.824,UP,0,0,0,FORM ISSUE,Pelvis tilting - keep hips square
67566,RIGHT,170.2,168.8,171.0,174.0,173.1,163.3,0.6,179.3,179.5,0.802,UP,0,0,0,FORM ISSUE,Pelvis tilting - keep hips square
67600,RIGHT,168.7,169.6,169.8,172.0,172.9,163.2,0.2,179.8,179.9,0.784,UP,0,0,0,FORM ISSUE,Pelvis tilting - keep hips square
67633,RIGHT,170.3,170.8,169.6,170.8,173.6,163.4,0.0,180.0,179.8,0.77,UP,0,0,0,FORM ISSUE,Pelvis tilting - keep hips square
67666,LEFT,173.0,171.2,170.1,170.1,164.4,173.6,0.4,178.7,179.1,0.76,UP,0,0,0,FORM ISSUE,Pelvis tilting - keep hips square
67700,RIGHT,170.6,173.9,170.6,170.8,173.6,165.0,0.4,178.9,178.3,0.751,UP,0,0,0,FORM ISSUE,Pelvis tilting - keep hips square
67733,RIGHT,168.9,174.0,170.3,171.9,172.8,164.8,0.5,177.8,178.1,0.737,UP,0,0,0,FORM ISSUE,Pelvis tilting - keep hips square
67766,RIGHT,169.5,174.3,170.4,172.8,172.9,165.1,0.4,178.4,177.4,0.722,UP,0,0,0,FORM ISSUE,Pelvis tilting - keep hips square
67800,RIGHT,172.9,174.6,171.0,173.6,173.9,165.3,0.2,177.8,176.3,0.706,UP,0,0,0,FORM ISSUE,Pelvis tilting - keep hips square
67833,RIGHT,173.0,174.3,171.0,174.2,173.9,165.0,0.1,178.1,174.7,0.692,UP,0,0,0,FORM ISSUE,Pelvis tilting - keep hips square
67866,RIGHT,174.2,175.2,171.7,174.5,176.2,164.8,0.2,178.4,173.8,0.681,UP,0,0,0,FORM ISSUE,Pelvis tilting - keep hips square
67900,RIGHT,173.6,177.3,172.6,175.1,176.5,164.9,0.3,178.9,174.6,0.673,UP,0,0,0,FORM ISSUE,Pelvis tilting - keep hips square
67933,RIGHT,172.1,179.1,173.2,176.1,174.3,164.4,0.3,178.8,176.1,0.666,UP,0,0,0,FORM ISSUE,Pelvis tilting - keep hips square
67966,RIGHT,172.0,175.4,173.0,176.3,174.1,162.3,0.3,180.0,177.6,0.66,UP,0,0,0,FORM ISSUE,Pelvis tilting - keep hips square
68000,RIGHT,160.3,176.4,170.4,176.7,171.6,163.9,1.0,179.9,178.0,0.649,UP,0,0,0,FORM ISSUE,Pelvis tilting - keep hips square
68033,RIGHT,156.2,172.3,166.8,176.1,170.5,162.5,0.8,179.9,176.8,0.631,UP,0,0,0,FORM ISSUE,Pelvis tilting - keep hips square
68066,RIGHT,146.4,170.8,161.4,174.8,170.1,162.9,0.9,176.5,177.2,0.607,UP,0,0,0,FORM ISSUE,Pelvis tilting - keep hips square
68100,RIGHT,146.4,168.6,156.2,172.7,170.8,162.2,1.3,174.9,177.6,0.578,UP,0,0,0,FORM ISSUE,Pelvis tilting - keep hips square
68133,RIGHT,147.0,170.4,151.2,171.7,171.7,165.1,2.5,174.2,177.7,0.544,UP,0,0,0,FORM ISSUE,Pelvis tilting - keep hips square
68166,RIGHT,167.5,167.9,152.7,170.0,177.7,163.5,2.1,174.7,176.3,0.512,UP,0,0,0,FORM ISSUE,Pelvis tilting - keep hips square
68200,,,,,,,,,,,0.482,UP,0,0,0,LOW CONFIDENCE,Adjust camera view
68233,,,,,,,,,,,0.453,UP,0,0,0,LOW CONFIDENCE,Adjust camera view
68266,,,,,,,,,,,0.424,UP,0,0,0,LOW CONFIDENCE,Adjust camera view
68300,,,,,,,,,,,0.394,UP,0,0,0,LOW CONFIDENCE,Adjust camera view
68333,,,,,,,,,,,0.363,UP,0,0,0,LOW CONFIDENCE,Adjust camera view
68366,,,,,,,,,,,0.333,UP,0,0,0,LOW CONFIDENCE,Adjust camera view
68400,,,,,,,,,,,0.305,UP,0,0,0,LOW CONFIDENCE,Adjust camera view
68433,,,,,,,,,,,0.278,UP,0,0,0,LOW CONFIDENCE,Adjust camera view
68466,,,,,,,,,,,0.255,UP,0,0,0,LOW CONFIDENCE,Adjust camera view
68500,,,,,,,,,,,0.234,UP,0,0,0,LOW CONFIDENCE,Adjust camera view
68533,,,,,,,,,,,0.216,UP,0,0,0,LOW CONFIDENCE,Adjust camera view
68566,,,,,,,,,,,0.2,UP,0,0,0,LOW CONFIDENCE,Adjust camera view
68600,,,,,,,,,,,0.185,UP,0,0,0,LOW CONFIDENCE,Adjust camera view
68633,,,,,,,,,,,0.171,UP,0,0,0,LOW CONFIDENCE,Adjust camera view
68666,,,,,,,,,,,0.16,UP,0,0,0,LOW CONFIDENCE,Adjust camera view
68700,,,,,,,,,,,0.149,UP,0,0,0,LOW CONFIDENCE,Adjust camera view
68733,,,,,,,,,,,0.138,UP,0,0,0,LOW CONFIDENCE,Adjust camera view
68766,,,,,,,,,,,0.129,UP,0,0,0,LOW CONFIDENCE,Adjust camera view
68800,,,,,,,,,,,0.12,UP,0,0,0,LOW CONFIDENCE,Adjust camera view
68833,,,,,,,,,,,0.112,UP,0,0,0,LOW CONFIDENCE,Adjust camera view
68866,,,,,,,,,,,0.106,UP,0,0,0,LOW CONFIDENCE,Adjust camera view
68900,,,,,,,,,,,0.103,UP,0,0,0,LOW CONFIDENCE,Adjust camera view
68933,,,,,,,,,,,0.102,UP,0,0,0,LOW CONFIDENCE,Adjust camera view
68966,,,,,,,,,,,0.102,UP,0,0,0,LOW CONFIDENCE,Adjust camera view
69000,,,,,,,,,,,0.103,UP,0,0,0,LOW CONFIDENCE,Adjust camera view
69033,,,,,,,,,,,0.104,UP,0,0,0,LOW CONFIDENCE,Adjust camera view
69066,,,,,,,,,,,0.105,UP,0,0,0,LOW CONFIDENCE,Adjust camera view
69100,,,,,,,,,,,0.107,UP,0,0,0,LOW CONFIDENCE,Adjust camera view
69133,,,,,,,,,,,0.11,UP,0,0,0,LOW CONFIDENCE,Adjust camera view
69166,,,,,,,,,,,0.116,UP,0,0,0,LOW CONFIDENCE,Adjust camera view
69200,,,,,,,,,,,0.125,UP,0,0,0,LOW CONFIDENCE,Adjust camera view
69233,,,,,,,,,,,0.136,UP,0,0,0,LOW CONFIDENCE,Adjust camera view
69266,,,,,,,,,,,0.148,UP,0,0,0,LOW CONFIDENCE,Adjust camera view
69300,,,,,,,,,,,0.162,UP,0,0,0,LOW CONFIDENCE,Adjust camera view
69333,,,,,,,,,,,0.174,UP,0,0,0,LOW CONFIDENCE,Adjust camera view
69366,,,,,,,,,,,0.185,UP,0,0,0,LOW CONFIDENCE,Adjust camera view
69400,,,,,,,,,,,0.198,UP,0,0,0,LOW CONFIDENCE,Adjust camera view
69433,,,,,,,,,,,0.215,UP,0,0,0,LOW CONFIDENCE,Adjust camera view
69466,,,,,,,,,,,0.233,UP,0,0,0,LOW CONFIDENCE,Adjust camera view
69500,,,,,,,,,,,0.254,UP,0,0,0,LOW CONFIDENCE,Adjust camera view
69533,,,,,,,,,,,0.275,UP,0,0,0,LOW CONFIDENCE,Adjust camera view
69566,,,,,,,,,,,0.295,UP,0,0,0,LOW CONFIDENCE,Adjust camera view
69600,,,,,,,,,,,0.311,UP,0,0,0,LOW CONFIDENCE,Adjust camera view
69633,,,,,,,,,,,0.325,UP,0,0,0,LOW CONFIDENCE,Adjust camera view
69666,,,,,,,,,,,0.34,UP,0,0,0,LOW CONFIDENCE,Adjust camera view
69700,,,,,,,,,,,0.353,UP,0,0,0,LOW CONFIDENCE,Adjust camera view
69733,,,,,,,,,,,0.363,UP,0,0,0,LOW CONFIDENCE,Adjust camera view
69766,,,,,,,,,,,0.369,UP,0,0,0,LOW CONFIDENCE,Adjust camera view
69800,,,,,,,,,,,0.37,UP,0,0,0,LOW CONFIDENCE,Adjust camera view
69833,,,,,,,,,,,0.365,UP,0,0,0,LOW CONFIDENCE,Adjust camera view
69866,,,,,,,,,,,0.355,UP,0,0,0,LOW CONFIDENCE,Adjust camera view
69900,,,,,,,,,,,0.344,UP,0,0,0,LOW CONFIDENCE,Adjust camera view
69933,,,,,,,,,,,0.334,UP,0,0,0,LOW CONFIDENCE,Adjust camera view
69966,,,,,,,,,,,0.332,UP,0,0,0,LOW CONFIDENCE,Adjust camera view
70000,,,,,,,,,,,0.33,UP,0,0,0,LOW CONFIDENCE,Adjust camera view
70033,,,,,,,,,,,0.332,UP,0,0,0,LOW CONFIDENCE,Adjust camera view
70066,,,,,,,,,,,0.331,UP,0,0,0,LOW CONFIDENCE,Adjust camera view
70100,,,,,,,,,,,0.332,UP,0,0,0,LOW CONFIDENCE,Adjust camera view
70133,,,,,,,,,,,0.335,UP,0,0,0,LOW CONFIDENCE,Adjust camera view
70166,,,,,,,,,,,0.344,UP,0,0,0,LOW CONFIDENCE,Adjust camera view
70200,,,,,,,,,,,0.356,UP,0,0,0,LOW CONFIDENCE,Adjust camera view
70233,,,,,,,,,,,0.379,UP,0,0,0,LOW CONFIDENCE,Adjust camera view
70266,,,,,,,,,,,0.407,UP,0,0,0,LOW CONFIDENCE,Adjust camera view
70300,,,,,,,,,,,0.435,UP,0,0,0,LOW CONFIDENCE,Adjust camera view
70333,,,,,,,,,,,0.466,UP,0,0,0,LOW CONFIDENCE,Adjust camera view
70366,RIGHT,166.7,176.1,154.8,170.8,165.3,164.9,1.8,179.9,178.3,0.501,UP,0,0,0,FORM ISSUE,Pelvis tilting - keep hips square
70400,RIGHT,165.3,176.5,158.6,171.9,165.6,164.5,1.6,180.0,179.9,0.537,UP,0,0,0,FORM ISSUE,Pelvis tilting - keep hips square
70433,RIGHT,162.2,177.2,161.7,173.6,167.3,164.7,1.3,179.2,179.0,0.569,UP,0,0,0,FORM ISSUE,Pelvis tilting - keep hips square
70466,RIGHT,167.4,177.7,165.8,175.1,168.2,164.5,0.4,179.9,180.0,0.6,UP,0,0,0,FORM ISSUE,Pelvis tilting - keep hips square
70500,RIGHT,168.1,178.2,165.9,177.2,167.7,164.8,0.1,176.8,179.4,0.626,UP,0,0,0,FORM ISSUE,Pelvis tilting - keep hips square
70533,RIGHT,179.3,179.2,168.5,177.8,167.4,164.7,0.3,175.2,180.0,0.649,UP,0,0,0,FORM ISSUE,Pelvis tilting - keep hips square
70566,RIGHT,173.0,179.1,170.0,178.3,167.2,165.3,0.5,176.2,177.8,0.67,UP,0,0,0,FORM ISSUE,Pelvis tilting - keep hips square
70600,RIGHT,172.3,179.8,172.0,178.8,166.6,168.3,0.5,176.4,176.2,0.688,UP,0,0,0,FORM ISSUE,Pelvis tilting - keep hips square
70633,RIGHT,167.9,179.3,172.1,179.1,164.7,170.6,1.5,176.6,174.1,0.701,UP,0,0,0,FORM ISSUE,Pelvis tilting - keep hips square
70666,RIGHT,165.9,179.2,171.7,179.3,159.0,171.9,2.0,175.4,171.9,0.705,UP,0,0,0,FORM ISSUE,Pelvis tilting - keep hips square
70700,RIGHT,160.5,178.6,167.9,179.2,159.7,173.4,2.8,176.2,168.3,0.704,UP,0,0,0,FORM ISSUE,Pelvis tilting - keep hips square
70733,RIGHT,159.6,178.9,165.2,179.2,161.4,173.9,3.5,176.4,164.4,0.697,UP,0,0,0,FORM ISSUE,Pelvis tilting - keep hips square
70766,RIGHT,154.5,178.3,161.7,178.9,162.4,173.1,3.4,176.7,160.5,0.682,UP,0,0,0,FORM ISSUE,Pelvis tilting - keep hips square
70800,RIGHT,149.7,178.0,158.0,178.6,167.5,173.8,3.7,177.2,155.0,0.662,UP,0,0,0,FORM ISSUE,Pelvis tilting - keep hips square
70833,RIGHT,155.1,178.5,155.9,178.5,167.2,175.6,4.4,178.8,153.0,0.643,UP,0,0,0,FORM ISSUE,Pelvis tilting - keep hips square
70866,RIGHT,162.1,179.4,156.2,178.6,172.8,176.7,5.0,179.8,150.2,0.617,UP,0,0,0,FORM ISSUE,Pelvis tilting - keep hips square
70900,RIGHT,161.0,179.7,156.5,178.8,169.4,177.7,6.3,177.4,149.4,0.59,UP,0,0,0,FORM ISSUE,Pelvis tilting - keep hips square
70933,RIGHT,160.6,180.0,157.7,179.1,167.2,178.4,7.7,176.6,148.4,0.564,DOWN,0,0,0,FORM ISSUE,Pelvis tilting - keep hips square
70966,RIGHT,159.6,179.7,159.7,179.5,164.8,180.0,9.2,173.3,145.7,0.544,DOWN,0,0,0,FORM ISSUE,Pelvis tilting - keep hips square
71000,RIGHT,157.5,179.7,160.2,179.7,163.8,179.6,9.7,171.8,139.4,0.532,DOWN,0,0,0,FORM ISSUE,Pelvis tilting - keep hips square
71033,RIGHT,156.1,179.4,159.0,179.7,162.3,179.3,9.1,171.4,139.1,0.53,DOWN,0,0,0,FORM ISSUE,Pelvis tilting - keep hips square
71066,RIGHT,157.7,176.3,158.3,179.0,161.6,179.5,9.2,169.6,139.3,0.529,DOWN,0,0,0,FORM ISSUE,Pelvis tilting - keep hips square
71100,RIGHT,161.1,171.2,158.4,177.3,164.5,178.3,8.2,171.2,139.0,0.533,DOWN,0,0,0,FORM ISSUE,Pelvis tilting - keep hips square
71133,RIGHT,164.8,167.7,159.4,174.9,170.3,176.4,7.7,168.6,141.3,0.541,DOWN,0,0,0,FORM ISSUE,Pelvis tilting - keep hips square
71166,RIGHT,160.9,163.5,160.1,171.6,171.5,173.4,7.6,164.0,128.8,0.544,DOWN,0,0,0,FORM ISSUE,Pelvis tilting - keep hips square
71200,RIGHT,165.8,163.5,162.1,168.5,170.8,172.5,6.6,165.7,135.9,0.542,DOWN,0,0,0,FORM ISSUE,Pelvis tilting - keep hips square
71233,RIGHT,162.2,162.8,163.0,165.7,168.1,171.8,5.7,168.4,144.2,0.543,DOWN,0,0,0,FORM ISSUE,Pelvis tilting - keep hips square
71266,RIGHT,160.3,166.0,162.8,164.7,163.0,170.1,5.8,168.8,133.6,0.546,DOWN,0,0,0,FORM ISSUE,Pelvis tilting - keep hips square
71300,RIGHT,164.9,166.3,162.8,164.4,165.2,169.6,6.0,177.2,149.4,0.542,UP,0,0,0,FORM ISSUE,Pelvis tilting - keep hips square
71333,RIGHT,164.7,174.4,163.6,166.6,163.3,172.7,6.6,170.7,149.5,0.533,UP,0,0,0,FORM ISSUE,Pelvis tilting - keep hips square
71366,RIGHT,165.2,171.6,163.5,168.2,165.1,170.6,7.0,171.7,151.0,0.521,UP,0,0,0,FORM ISSUE,Pelvis tilting - keep hips square
71400,RIGHT,161.8,170.2,163.4,169.7,164.7,169.5,7.0,169.4,146.4,0.501,UP,0,0,0,FORM ISSUE,Pelvis tilting - keep hips square
71433,,,,,,,,,,,0.478,UP,0,0,0,LOW CONFIDENCE,Adjust camera view
71466,,,,,,,,,,,0.453,UP,0,0,0,LOW CONFIDENCE,Adjust camera view
71500,,,,,,,,,,,0.431,UP,0,0,0,LOW CONFIDENCE,Adjust camera view
71533,,,,,,,,,,,0.409,UP,0,0,0,LOW CONFIDENCE,Adjust camera view
71566,,,,,,,,,,,0.39,UP,0,0,0,LOW CONFIDENCE,Adjust camera view
71600,,,,,,,,,,,0.372,UP,0,0,0,LOW CONFIDENCE,Adjust camera view
71633,,,,,,,,,,,0.357,UP,0,0,0,LOW CONFIDENCE,Adjust camera view
71666,,,,,,,,,,,0.345,UP,0,0,0,LOW CONFIDENCE,Adjust camera view
71700,,,,,,,,,,,0.336,UP,0,0,0,LOW CONFIDENCE,Adjust camera view
71733,,,,,,,,,,,0.327,UP,0,0,0,LOW CONFIDENCE,Adjust camera view
71766,,,,,,,,,,,0.32,UP,0,0,0,LOW CONFIDENCE,Adjust camera view
71800,,,,,,,,,,,0.315,UP,0,0,0,LOW CONFIDENCE,Adjust camera view
71833,,,,,,,,,,,0.31,UP,0,0,0,LOW CONFIDENCE,Adjust camera view
71866,,,,,,,,,,,0.306,UP,0,0,0,LOW CONFIDENCE,Adjust camera view
71900,,,,,,,,,,,0.304,UP,0,0,0,LOW CONFIDENCE,Adjust camera view
71933,,,,,,,,,,,0.303,UP,0,0,0,LOW CONFIDENCE,Adjust camera view
71966,,,,,,,,,,,0.302,UP,0,0,0,LOW CONFIDENCE,Adjust camera view
72000,,,,,,,,,,,0.302,UP,0,0,0,LOW CONFIDENCE,Adjust camera view
72033,,,,,,,,,,,0.303,UP,0,0,0,LOW CONFIDENCE,Adjust camera view
72066,,,,,,,,,,,0.302,UP,0,0,0,LOW CONFIDENCE,Adjust camera view
72100,,,,,,,,,,,0.303,UP,0,0,0,LOW CONFIDENCE,Adjust camera view
72133,,,,,,,,,,,0.303,UP,0,0,0,LOW CONFIDENCE,Adjust camera view
72166,,,,,,,,,,,0.302,UP,0,0,0,LOW CONFIDENCE,Adjust camera view
72200,,,,,,,,,,,0.301,UP,0,0,0,LOW CONFIDENCE,Adjust camera view
72233,,,,,,,,,,,0.3,UP,0,0,0,LOW CONFIDENCE,Adjust camera view
72266,,,,,,,,,,,0.297,UP,0,0,0,LOW CONFIDENCE,Adjust camera view
72300,,,,,,,,,,,0.3,UP,0,0,0,LOW CONFIDENCE,Adjust camera view
72333,,,,,,,,,,,0.308,UP,0,0,0,LOW CONFIDENCE,Adjust camera view
72366,,,,,,,,,,,0.322,UP,0,0,0,LOW CONFIDENCE,Adjust camera view
72400,,,,,,,,,,,0.339,UP,0,0,0,LOW CONFIDENCE,Adjust camera view
72433,,,,,,,,,,,0.354,UP,0,0,0,LOW CONFIDENCE,Adjust camera view
72466,,,,,,,,,,,0.358,UP,0,0,0,LOW CONFIDENCE,Adjust camera view
72500,,,,,,,,,,,0.354,UP,0,0,0,LOW CONFIDENCE,Adjust camera view
72533,,,,,,,,,,,0.342,UP,0,0,0,LOW CONFIDENCE,Adjust camera view
72566,,,,,,,,,,,0.325,UP,0,0,0,LOW CONFIDENCE,Adjust camera view
72600,,,,,,,,,,,0.309,UP,0,0,0,LOW CONFIDENCE,Adjust camera view
72633,,,,,,,,,,,0.297,UP,0,0,0,LOW CONFIDENCE,Adjust camera view
72666,,,,,,,,,,,0.288,UP,0,0,0,LOW CONFIDENCE,Adjust camera view
72700,,,,,,,,,,,0.28,UP,0,0,0,LOW CONFIDENCE,Adjust camera view
72733,,,,,,,,,,,0.275,UP,0,0,0,LOW CONFIDENCE,Adjust camera view
72766,,,,,,,,,,,0.271,UP,0,0,0,LOW CONFIDENCE,Adjust camera view
72800,,,,,,,,,,,0.266,UP,0,0,0,LOW CONFIDENCE,Adjust camera view
72833,,,,,,,,,,,0.26,UP,0,0,0,LOW CONFIDENCE,Adjust camera view
72866,,,,,,,,,,,0.253,UP,0,0,0,LOW CONFIDENCE,Adjust camera view
72900,,,,,,,,,,,0.245,UP,0,0,0,LOW CONFIDENCE,Adjust camera view
72933,,,,,,,,,,,0.238,UP,0,0,0,LOW CONFIDENCE,Adjust camera view
72966,,,,,,,,,,,0.233,UP,0,0,0,LOW CONFIDENCE,Adjust camera view
73000,,,,,,,,,,,0.231,UP,0,0,0,LOW CONFIDENCE,Adjust camera view
73033,,,,,,,,,,,0.231,UP,0,0,0,LOW CONFIDENCE,Adjust camera view
73066,,,,,,,,,,,0.232,UP,0,0,0,LOW CONFIDENCE,Adjust camera view
73100,,,,,,,,,,,0.231,UP,0,0,0,LOW CONFIDENCE,Adjust camera view
73133,,,,,,,,,,,0.23,UP,0,0,0,LOW CONFIDENCE,Adjust camera view
73166,,,,,,,,,,,0.226,UP,0,0,0,LOW CONFIDENCE,Adjust camera view
73200,,,,,,,,,,,0.22,UP,0,0,0,LOW CONFIDENCE,Adjust camera view
73233,,,,,,,,,,,0.212,UP,0,0,0,LOW CONFIDENCE,Adjust camera view
73266,,,,,,,,,,,0.206,UP,0,0,0,LOW CONFIDENCE,Adjust camera view
73300,,,,,,,,,,,0.2,UP,0,0,0,LOW CONFIDENCE,Adjust camera view
73333,,,,,,,,,,,0.197,UP,0,0,0,LOW CONFIDENCE,Adjust camera view
73366,,,,,,,,,,,0.198,UP,0,0,0,LOW CONFIDENCE,Adjust camera view
73400,,,,,,,,,,,0.213,UP,0,0,0,LOW CONFIDENCE,Adjust camera view
73433,,,,,,,,,,,0.24,UP,0,0,0,LOW CONFIDENCE,Adjust camera view
73466,,,,,,,,,,,0.279,UP,0,0,0,LOW CONFIDENCE,Adjust camera view
73500,,,,,,,,,,,0.329,UP,0,0,0,LOW CONFIDENCE,Adjust camera view
73533,,,,,,,,,,,0.384,UP,0,0,0,LOW CONFIDENCE,Adjust camera view
73566,,,,,,,,,,,0.435,UP,0,0,0,LOW CONFIDENCE,Adjust camera view
73600,,,,,,,,,,,0.473,UP,0,0,0,LOW CONFIDENCE,Adjust camera view
73633,LEFT,178.4,176.4,167.0,171.8,173.1,176.0,4.2,173.4,170.9,0.502,UP,0,0,0,FORM ISSUE,Pelvis tilting - keep hips square
73666,LEFT,177.6,174.1,169.6,173.3,173.4,176.3,3.3,174.5,170.8,0.525,UP,0,0,0,FORM ISSUE,Pelvis tilting - keep hips square
73700,LEFT,178.6,176.5,172.3,173.7,174.9,174.3,2.3,175.5,171.7,0.541,UP,0,0,0,FORM ISSUE,Pelvis tilting - keep hips square
73733,LEFT,176.7,173.8,174.6,174.2,175.6,174.3,1.1,178.2,173.5,0.556,UP,0,0,0,FORM ISSUE,Pelvis tilting - keep hips square
73766,LEFT,172.7,178.5,176.8,175.9,174.9,173.3,0.6,178.6,174.4,0.579,UP,0,0,0,FORM ISSUE,Pelvis tilting - keep hips square
73800,LEFT,169.6,178.7,175.0,176.3,174.6,171.7,0.6,180.0,175.7,0.604,UP,0,0,0,FORM ISSUE,Pelvis tilting - keep hips square
73833,LEFT,168.1,178.1,173.1,177.1,174.3,170.7,1.3,178.9,177.1,0.631,UP,0,0,0,FORM ISSUE,Pelvis tilting - keep hips square
73866,LEFT,168.1,179.1,171.0,177.6,172.2,171.9,1.5,177.7,177.5,0.66,UP,0,0,0,FORM ISSUE,Pelvis tilting - keep hips square
73900,LEFT,170.1,176.3,169.7,178.1,172.4,171.9,2.1,177.1,175.5,0.686,UP,0,0,0,FORM ISSUE,Pelvis tilting - keep hips square
73933,LEFT,174.5,177.0,170.1,177.8,172.5,170.8,2.9,176.5,175.9,0.709,UP,0,0,0,FORM ISSUE,Pelvis tilting - keep hips square
73966,LEFT,176.6,175.4,171.5,177.2,171.5,171.1,3.2,175.5,176.4,0.73,UP,0,0,0,FORM ISSUE,Pelvis tilting - keep hips square
74000,LEFT,175.1,176.8,172.9,176.9,170.4,169.4,3.8,174.3,177.4,0.749,UP,0,0,0,FORM ISSUE,Pelvis tilting - keep hips square
74033,RIGHT,177.9,175.8,174.8,176.3,166.5,172.6,4.1,173.1,177.9,0.765,UP,0,0,0,FORM ISSUE,Pelvis tilting - keep hips square
74066,RIGHT,176.2,175.9,176.1,176.2,166.4,173.9,4.4,171.3,179.2,0.781,UP,0,0,0,FORM ISSUE,Pelvis tilting - keep hips square
74100,LEFT,176.9,172.6,176.5,175.3,173.6,167.7,3.0,173.8,177.8,0.796,UP,0,0,0,FORM ISSUE,Pelvis tilting - keep hips square
74133,RIGHT,172.2,176.3,175.7,175.5,167.1,176.1,2.9,174.1,176.2,0.81,UP,0,0,0,FORM ISSUE,Pelvis tilting - keep hips square
74166,RIGHT,171.9,175.7,175.0,175.2,167.0,175.0,2.0,175.0,176.9,0.822,UP,0,0,0,FORM ISSUE,Pelvis tilting - keep hips square
74200,LEFT,176.7,173.8,174.8,174.8,175.3,165.9,1.2,177.3,178.7,0.835,UP,0,0,0,FORM ISSUE,Pelvis tilting - keep hips square
74233,LEFT,176.0,173.8,174.7,174.4,175.4,165.9,0.3,177.9,179.9,0.847,UP,0,0,0,FORM ISSUE,Pelvis tilting - keep hips square
74266,LEFT,175.7,173.9,174.5,174.7,173.7,167.4,1.7,179.6,178.8,0.859,UP,0,0,0,FORM ISSUE,Pelvis tilting - keep hips square
74300,LEFT,176.2,173.6,175.3,174.2,172.0,170.7,3.7,177.9,176.8,0.869,UP,0,0,0,FORM ISSUE,Pelvis tilting - keep hips square
74333,LEFT,176.2,173.1,176.1,173.7,172.4,171.1,3.7,175.9,176.6,0.88,UP,0,0,0,FORM ISSUE,Pelvis tilting - keep hips square
74366,LEFT,178.2,174.5,176.4,173.8,172.0,170.9,4.5,174.4,174.1,0.889,UP,0,0,0,FORM ISSUE,Pelvis tilting - keep hips square
74400,LEFT,175.3,174.1,176.3,173.8,169.5,171.6,5.1,173.9,172.6,0.897,UP,0,0,0,FORM ISSUE,Pelvis tilting - keep hips square
74433,LEFT,177.0,174.3,176.6,173.9,170.0,171.8,5.1,173.0,171.0,0.905,UP,0,0,0,FORM ISSUE,Pelvis tilting - keep hips square
74466,LEFT,176.8,174.5,176.7,174.1,170.2,172.0,5.0,172.3,170.3,0.912,UP,0,0,0,FORM ISSUE,Pelvis tilting - keep hips square
74500,LEFT,175.6,174.2,176.6,174.3,169.7,172.4,4.8,172.1,170.3,0.918,UP,0,0,0,FORM ISSUE,Pelvis tilting - keep hips square
74533,LEFT,176.0,174.9,176.1,174.4,170.2,172.4,4.7,171.4,170.5,0.924,UP,0,0,0,FORM ISSUE,Pelvis tilting - keep hips square
74566,LEFT,175.4,178.8,176.2,175.3,170.3,172.5,4.2,172.5,170.6,0.929,UP,0,0,0,FORM ISSUE,Pelvis tilting - keep hips square
74600,LEFT,177.0,178.8,176.2,176.2,171.0,173.1,4.1,172.5,170.9,0.934,UP,0,0,0,FORM ISSUE,Pelvis tilting - keep hips square
74633,LEFT,177.5,180.0,176.3,177.3,172.4,171.3,2.7,173.8,172.3,0.938,UP,0,0,0,FORM ISSUE,Pelvis tilting - keep hips square
74666,LEFT,178.4,179.0,176.9,178.3,173.8,170.5,1.0,175.6,172.8,0.942,UP,0,0,0,FORM ISSUE,Pelvis tilting - keep hips square
74700,LEFT,179.8,178.2,177.6,179.0,174.1,171.4,0.2,175.9,173.1,0.945,UP,0,0,0,FORM ISSUE,Pelvis tilting - keep hips square
74733,LEFT,178.7,178.8,178.3,179.0,173.8,172.2,0.4,177.6,173.6,0.949,UP,0,0,0,FORM ISSUE,Pelvis tilting - keep hips square
74766,LEFT,178.3,178.2,178.5,178.8,173.7,173.3,0.4,177.7,172.7,0.952,UP,0,0,0,FORM ISSUE,Pelvis tilting - keep hips square
74800,LEFT,175.8,179.7,178.2,178.8,174.1,172.2,1.1,179.1,172.9,0.955,UP,0,0,0,FORM ISSUE,Pelvis tilting - keep hips square
74833,RIGHT,179.8,175.3,178.5,178.0,171.6,176.2,1.8,179.2,173.5,0.958,UP,0,0,0,FORM ISSUE,Pelvis tilting - keep hips square
74866,LEFT,171.8,179.5,176.9,178.3,176.7,171.8,2.0,179.7,173.5,0.96,UP,0,0,0,FORM ISSUE,Pelvis tilting - keep hips square
74900,LEFT,171.0,179.1,175.4,178.4,176.6,172.3,1.9,179.8,173.5,0.962,UP,0,0,0,FORM ISSUE,Pelvis tilting - keep hips square
74933,LEFT,172.0,179.0,174.1,178.5,177.4,172.9,1.7,179.7,173.4,0.964,UP,0,0,0,FORM ISSUE,Pelvis tilting - keep hips square
74966,LEFT,173.8,178.7,173.7,178.3,177.9,173.7,1.3,179.7,172.9,0.965,UP,0,0,0,FORM ISSUE,Pelvis tilting - keep hips square
75000,LEFT,174.5,178.3,172.6,178.9,178.8,174.2,1.0,179.8,172.5,0.965,UP,0,0,0,FORM ISSUE,Pelvis tilting - keep hips square
75033,LEFT,175.2,178.3,173.3,178.7,179.2,175.0,0.2,178.7,171.4,0.964,UP,0,0,0,FORM ISSUE,Pelvis tilting - keep hips square
75066,LEFT,174.2,178.9,173.9,178.6,179.6,176.1,0.7,177.8,169.6,0.963,UP,0,0,0,FORM ISSUE,Pelvis tilting - keep hips square
75100,LEFT,175.6,179.1,174.7,178.7,179.2,175.9,1.4,177.2,169.3,0.962,UP,0,0,0,FORM ISSUE,Pelvis tilting - keep hips square
75133,LEFT,176.8,179.7,175.2,178.8,179.4,174.9,1.8,176.1,168.8,0.961,UP,0,0,0,FORM ISSUE,Pelvis tilting - keep hips square
75166,LEFT,177.4,179.9,175.8,179.2,179.1,175.0,2.5,174.9,168.7,0.96,UP,0,0,0,FORM ISSUE,Pelvis tilting - keep hips square
75200,LEFT,178.4,179.8,176.5,179.5,179.9,174.2,2.5,174.8,170.0,0.959,UP,0,0,0,FORM ISSUE,Pelvis tilting - keep hips square
75233,LEFT,178.4,180.0,177.3,179.7,180.0,174.3,2.9,174.0,170.7,0.958,UP,0,0,0,FORM ISSUE,Pelvis tilting - keep hips square
75266,LEFT,179.0,179.3,178.0,179.7,179.7,174.0,2.8,174.1,171.6,0.956,UP,0,0,0,FORM ISSUE,Pelvis tilting - keep hips square
75300,LEFT,179.2,177.7,178.5,179.3,179.3,174.4,2.6,174.2,171.7,0.955,UP,0,0,0,FORM ISSUE,Pelvis tilting - keep hips square
75333,LEFT,178.8,175.0,178.8,178.3,179.8,175.0,2.5,173.4,171.6,0.954,UP,0,0,0,FORM ISSUE,Pelvis tilting - keep hips square
75366,LEFT,179.4,173.2,179.0,177.0,179.7,174.4,1.8,173.5,171.3,0.953,UP,0,0,0,FORM ISSUE,Pelvis tilting - keep hips square
75400,LEFT,178.5,172.1,179.0,175.5,179.6,174.5,1.8,173.4,170.8,0.952,UP,0,0,0,FORM ISSUE,Pelvis tilting - keep hips square
75433,LEFT,179.3,170.3,179.1,173.7,179.6,173.6,1.5,173.4,171.0,0.952,UP,0,0,0,FORM ISSUE,Pelvis tilting - keep hips square
75466,LEFT,178.6,170.1,178.9,172.1,179.8,172.7,1.1,173.1,169.6,0.951,UP,0,0,0,FORM ISSUE,Pelvis tilting - keep hips square
75500,LEFT,176.7,169.6,178.5,171.1,178.3,173.2,1.0,173.1,169.3,0.95,UP,0,0,0,FORM ISSUE,Pelvis tilting - keep hips square
75533,LEFT,175.2,169.8,177.7,170.4,176.8,174.5,1.0,174.4,169.3,0.949,UP,0,0,0,FORM ISSUE,Pelvis tilting - keep hips square
75566,LEFT,174.0,171.7,176.8,170.3,175.0,173.6,0.5,174.8,169.9,0.95,UP,0,0,0,FORM ISSUE,Pelvis tilting - keep hips square
75600,LEFT,171.7,172.8,175.3,170.8,172.7,174.0,0.4,175.2,170.2,0.951,UP,0,0,0,FORM ISSUE,Pelvis tilting - keep hips square
75633,LEFT,162.1,178.5,172.0,172.5,166.9,171.3,0.1,177.0,171.9,0.952,UP,0,0,0,FORM ISSUE,Pelvis tilting - keep hips square
75666,LEFT,159.6,179.8,168.5,174.5,164.2,171.6,0.2,178.5,173.3,0.955,UP,0,0,0,FORM ISSUE,Pelvis tilting - keep hips square
75700,LEFT,157.2,177.7,164.9,176.1,162.2,173.0,0.6,178.7,175.3,0.958,UP,0,0,0,FORM ISSUE,Pelvis tilting - keep hips square
75733,LEFT,162.2,176.7,162.6,177.1,161.6,173.7,0.8,178.6,175.2,0.96,UP,0,0,0,FORM ISSUE,Pelvis tilting - keep hips square
75766,LEFT,169.8,177.4,162.2,178.0,162.2,174.0,0.7,178.2,175.2,0.963,UP,0,0,0,FORM ISSUE,Pelvis tilting - keep hips square
75800,LEFT,173.7,177.1,164.5,177.8,162.1,174.1,1.0,177.6,177.4,0.965,UP,0,0,0,FORM ISSUE,Pelvis tilting - keep hips square
75833,LEFT,174.6,176.7,167.5,177.1,160.9,173.5,1.4,176.6,178.3,0.968,UP,0,0,0,FORM ISSUE,Pelvis tilting - keep hips square
75866,LEFT,173.8,176.7,170.8,176.9,159.1,173.2,1.6,176.2,174.7,0.97,UP,0,0,0,FORM ISSUE,Pelvis tilting - keep hips square
75900,LEFT,171.5,174.8,172.7,176.6,157.5,174.1,1.6,175.6,174.4,0.972,UP,0,0,0,FORM ISSUE,Pelvis tilting - keep hips square
75933,LEFT,171.9,172.7,173.1,175.6,159.3,172.1,3.0,175.6,176.3,0.973,UP,0,0,0,FORM ISSUE,Pelvis tilting - keep hips square
75966,RIGHT,170.5,169.7,172.5,174.1,169.9,159.8,3.4,177.4,174.6,0.973,UP,0,0,0,FORM ISSUE,Pelvis tilting - keep hips square
76000,RIGHT,167.2,168.2,171.0,172.4,170.2,159.9,3.1,178.4,174.3,0.971,UP,0,0,0,FORM ISSUE,Pelvis tilting - keep hips square
76033,LEFT,170.2,167.0,170.3,170.5,161.7,169.5,2.8,179.2,172.4,0.969,UP,0,0,0,FORM ISSUE,Pelvis tilting - keep hips square
76066,RIGHT,168.2,169.0,169.6,169.3,166.9,161.9,2.8,178.4,172.9,0.965,UP,0,0,0,FORM ISSUE,Pelvis tilting - keep hips square
76100,LEFT,170.9,170.7,169.4,168.9,162.6,165.1,2.8,178.8,173.1,0.96,UP,0,0,0,FORM ISSUE,Pelvis tilting - keep hips square
76133,LEFT,172.4,167.9,169.8,168.6,164.0,166.0,2.7,179.4,173.3,0.955,UP,0,0,0,FORM ISSUE,Pelvis tilting - keep hips square
76166,LEFT,169.4,168.8,170.2,168.7,161.9,165.6,2.3,179.8,173.2,0.951,UP,0,0,0,FORM ISSUE,Pelvis tilting - keep hips square
76200,LEFT,169.5,165.3,170.1,168.3,161.1,168.1,1.9,179.8,171.9,0.948,UP,0,0,0,FORM ISSUE,Pelvis tilting - keep hips square
76233,LEFT,170.8,165.8,170.6,167.7,162.2,167.6,1.8,179.8,171.7,0.944,UP,0,0,0,FORM ISSUE,Pelvis tilting - keep hips square
76266,LEFT,169.6,166.5,170.3,166.9,160.4,168.0,1.4,177.9,171.3,0.942,UP,0,0,0,FORM ISSUE,Pelvis tilting - keep hips square
76300,LEFT,169.6,166.3,169.8,166.5,160.2,168.1,1.3,179.1,169.9,0.94,UP,0,0,0,FORM ISSUE,Pelvis tilting - keep hips square
76333,LEFT,170.2,165.9,169.9,166.0,160.7,168.1,1.4,179.2,169.4,0.937,UP,0,0,0,FORM ISSUE,Pelvis tilting - keep hips square
76366,LEFT,170.1,166.6,170.1,166.2,160.3,168.5,1.2,179.2,169.5,0.935,UP,0,0,0,FORM ISSUE,Pelvis tilting - keep hips square
76400,LEFT,169.5,168.9,169.8,166.8,159.3,168.9,0.8,179.1,169.4,0.934,UP,0,0,0,FORM ISSUE,Pelvis tilting - keep hips square
76433,LEFT,170.8,169.8,170.1,167.5,159.1,169.7,0.3,179.1,169.2,0.932,UP,0,0,0,FORM ISSUE,Pelvis tilting - keep hips square
76466,LEFT,173.8,170.1,170.9,168.3,159.0,170.9,0.2,179.2,169.3,0.931,UP,0,0,0,FORM ISSUE,Pelvis tilting - keep hips square
76500,LEFT,175.5,171.0,172.0,169.3,159.3,170.9,0.3,179.2,169.4,0.931,UP,0,0,0,FORM ISSUE,Pelvis tilting - keep hips square
76533,LEFT,176.1,171.4,173.2,170.2,159.3,170.7,0.3,179.0,169.7,0.931,UP,0,0,0,FORM ISSUE,Pelvis tilting - keep hips square
76566,LEFT,176.2,170.5,174.5,170.6,159.1,171.3,0.4,179.0,169.9,0.931,UP,0,0,0,FORM ISSUE,Pelvis tilting - keep hips square
76600,LEFT,176.8,169.9,175.7,170.6,159.7,171.0,0.2,178.7,169.8,0.93,UP,0,0,0,FORM ISSUE,Pelvis tilting - keep hips square
76633,LEFT,178.2,167.1,176.6,170.0,161.6,169.6,0.7,178.8,171.9,0.928,UP,0,0,0,FORM ISSUE,Pelvis tilting - keep hips square
76666,LEFT,176.8,163.5,176.8,168.5,161.2,169.7,1.2,178.7,172.6,0.926,UP,0,0,0,FORM ISSUE,Pelvis tilting - keep hips square
76700,LEFT,177.3,164.7,177.1,167.1,162.2,168.5,1.8,179.7,173.6,0.922,UP,0,0,0,FORM ISSUE,Pelvis tilting - keep hips square
76733,LEFT,174.8,159.9,176.8,165.0,161.4,169.1,2.2,178.0,174.0,0.917,UP,0,0,0,FORM ISSUE,Pelvis tilting - keep hips square
76766,LEFT,173.7,163.9,176.2,163.8,160.5,168.5,2.1,177.4,173.9,0.911,UP,0,0,0,FORM ISSUE,Pelvis tilting - keep hips square
76800,LEFT,171.9,164.3,174.9,163.3,160.0,167.6,2.3,176.7,174.6,0.905,UP,0,0,0,FORM ISSUE,Pelvis tilting - keep hips square
76833,LEFT,170.7,162.7,173.7,163.1,159.8,166.2,2.7,178.2,174.6,0.897,UP,0,0,0,FORM ISSUE,Pelvis tilting - keep hips square
76866,LEFT,169.4,161.9,172.1,162.5,159.4,164.6,3.1,178.1,175.0,0.888,UP,0,0,0,FORM ISSUE,Pelvis tilting - keep hips square
76900,LEFT,166.9,155.8,170.5,161.7,157.7,164.0,2.9,175.9,175.0,0.88,UP,0,0,0,FORM ISSUE,Pelvis tilting - keep hips square
76933,LEFT,165.0,154.8,168.8,159.9,157.2,163.5,3.2,175.2,176.5,0.872,UP,0,0,0,FORM ISSUE,Pelvis tilting - keep hips square
76966,LEFT,165.5,156.8,167.5,158.4,157.5,162.7,3.2,176.5,177.0,0.864,UP,0,0,0,FORM ISSUE,Pelvis tilting - keep hips square
77000,LEFT,162.0,155.2,165.8,156.9,155.6,162.1,3.5,176.0,177.0,0.857,UP,0,0,0,FORM ISSUE,Pelvis tilting - keep hips square
77033,LEFT,163.0,154.0,164.5,155.3,157.1,161.0,4.0,177.0,177.4,0.845,UP,0,0,0,FORM ISSUE,Pelvis tilting - keep hips square
77066,RIGHT,139.3,161.4,159.0,156.4,165.0,157.9,4.9,177.0,178.7,0.829,UP,0,0,0,FORM ISSUE,Pelvis tilting - keep hips square
77100,RIGHT,147.3,162.2,155.4,157.9,160.0,158.8,5.1,176.7,179.7,0.812,UP,0,0,0,FORM ISSUE,Pelvis tilting - keep hips square
77133,RIGHT,148.6,160.0,152.0,158.5,159.9,157.0,4.7,177.9,179.0,0.795,UP,0,0,0,FORM ISSUE,Pelvis tilting - keep hips square
77166,RIGHT,151.8,162.4,150.0,160.0,158.7,158.2,4.6,177.8,178.2,0.781,UP,0,0,0,FORM ISSUE,Pelvis tilting - keep hips square
77200,RIGHT,150.6,159.9,147.5,161.2,159.7,156.1,4.0,177.9,177.7,0.771,DOWN,0,0,0,FORM ISSUE,Pelvis tilting - keep hips square
77233,RIGHT,155.4,159.6,150.7,160.8,157.5,156.1,4.1,176.7,176.9,0.765,DOWN,0,0,0,FORM ISSUE,Pelvis tilting - keep hips square
77266,RIGHT,156.8,158.6,152.6,160.1,157.2,154.4,3.8,176.9,176.2,0.755,DOWN,0,0,0,FORM ISSUE,Pelvis tilting - keep hips square
77300,LEFT,157.5,157.0,154.4,159.5,153.2,155.8,3.3,177.2,176.2,0.742,DOWN,0,0,0,FORM ISSUE,Pelvis tilting - keep hips square
77333,LEFT,156.6,159.6,155.4,158.9,153.1,153.3,3.3,177.4,174.4,0.725,DOWN,0,0,0,FORM ISSUE,Pelvis tilting - keep hips square
77366,LEFT,155.4,158.7,156.3,158.7,152.4,153.6,3.1,177.8,174.5,0.707,DOWN,0,0,0,FORM ISSUE,Pelvis tilting - keep hips square
77400,LEFT,153.8,157.2,156.0,158.2,151.1,154.4,2.7,177.5,174.9,0.688,DOWN,0,0,0,FORM ISSUE,Pelvis tilting - keep hips square
77433,LEFT,154.4,154.8,155.6,157.5,151.1,154.2,2.4,177.3,176.0,0.676,DOWN,0,0,0,FORM ISSUE,Pelvis tilting - keep hips square
77466,LEFT,155.1,152.8,155.1,156.6,150.9,155.7,2.1,177.9,176.7,0.663,DOWN,0,0,0,FORM ISSUE,Pelvis tilting - keep hips square
77500,LEFT,155.5,159.2,154.9,156.5,150.9,154.4,1.9,177.9,176.6,0.654,DOWN,0,0,0,FORM ISSUE,Pelvis tilting - keep hips square
77533,LEFT,155.4,164.6,154.9,157.7,150.8,153.4,1.9,178.1,176.4,0.648,DOWN,0,0,0,FORM ISSUE,Pelvis tilting - keep hips square
77566,LEFT,155.7,163.9,155.2,159.1,151.1,153.9,1.9,178.0,176.7,0.646,DOWN,0,0,0,FORM ISSUE,Pelvis tilting - keep hips square
77600,LEFT,156.0,165.2,155.5,161.1,151.0,154.3,1.6,178.4,177.8,0.644,DOWN,0,0,0,FORM ISSUE,Pelvis tilting - keep hips square
77633,LEFT,155.7,169.4,155.7,164.5,150.0,153.2,0.9,177.9,177.2,0.648,DOWN,0,0,0,FORM ISSUE,Pelvis tilting - keep hips square
77666,LEFT,156.7,166.9,155.9,166.0,149.9,155.0,0.6,176.8,177.3,0.653,DOWN,0,0,0,FORM ISSUE,Pelvis tilting - keep hips square
77700,LEFT,158.2,167.9,156.5,166.7,150.7,155.0,0.6,178.9,177.8,0.657,DOWN,0,0,0,FORM ISSUE,Pelvis tilting - keep hips square
77733,LEFT,161.5,174.2,157.6,168.7,153.1,153.2,0.6,180.0,178.5,0.659,DOWN,0,0,0,FORM ISSUE,Pelvis tilting - keep hips square
77766,LEFT,166.0,177.5,159.6,171.2,155.9,153.5,0.5,179.9,179.0,0.661,DOWN,0,0,0,FORM ISSUE,Pelvis tilting - keep hips square
77800,LEFT,167.2,176.0,161.9,172.5,156.4,154.0,0.6,179.2,179.2,0.658,DOWN,0,0,0,FORM ISSUE,Pelvis tilting - keep hips square
77833,LEFT,168.0,167.1,164.2,172.5,156.8,158.0,0.7,177.5,178.1,0.648,DOWN,0,0,0,FORM ISSUE,Pelvis tilting - keep hips square
77866,LEFT,168.9,166.8,166.3,172.3,157.2,157.6,0.5,177.2,177.7,0.637,DOWN,0,0,0,FORM ISSUE,Pelvis tilting - keep hips square
77900,LEFT,169.8,166.1,168.0,170.7,157.5,156.7,0.8,177.8,177.8,0.63,DOWN,0,0,0,FORM ISSUE,Pelvis tilting - keep hips square
77933,LEFT,169.2,176.9,168.6,170.6,158.1,158.2,1.2,177.9,178.4,0.617,UP,0,0,0,FORM ISSUE,Pelvis tilting - keep hips square
77966,LEFT,167.9,167.3,168.8,168.8,158.1,158.3,1.1,178.6,179.6,0.609,UP,0,0,0,FORM ISSUE,Pelvis tilting - keep hips square
78000,LEFT,169.2,150.3,169.0,165.5,158.8,162.0,1.6,178.7,179.6,0.601,UP,0,0,0,FORM ISSUE,Pelvis tilting - keep hips square
78033,RIGHT,149.9,168.7,165.2,165.9,161.3,158.7,1.6,179.1,180.0,0.593,UP,0,0,0,FORM ISSUE,Pelvis tilting - keep hips square
78066,RIGHT,163.3,169.2,163.9,166.5,166.7,159.2,2.2,179.1,179.5,0.576,UP,0,0,0,FORM ISSUE,Pelvis tilting - keep hips square
78100,RIGHT,160.8,167.2,162.2,164.5,161.9,158.0,2.1,178.5,179.4,0.567,UP,0,0,0,FORM ISSUE,Pelvis tilting - keep hips square
78133,RIGHT,171.9,165.1,163.0,164.1,160.5,158.1,3.0,179.5,176.4,0.549,UP,0,0,0,FORM ISSUE,Pelvis tilting - keep hips square
78166,RIGHT,151.1,163.4,159.4,166.7,159.8,156.7,2.8,179.8,176.2,0.539,UP,0,0,0,FORM ISSUE,Pelvis tilting - keep hips square
78200,RIGHT,155.4,162.1,160.5,165.4,157.4,156.1,3.0,176.3,174.9,0.529,UP,0,0,0,FORM ISSUE,Pelvis tilting - keep hips square
78233,RIGHT,145.0,157.9,156.8,163.1,164.8,153.4,3.8,172.5,173.0,0.52,UP,0,0,0,FORM ISSUE,Pelvis tilting - keep hips square
78266,RIGHT,168.4,152.8,158.3,160.3,159.5,150.4,4.1,171.2,174.1,0.506,UP,0,0,0,FORM ISSUE,Pelvis tilting - keep hips square
78300,,,,,,,,,,,0.494,UP,0,0,0,LOW CONFIDENCE,Adjust camera view
78333,,,,,,,,,,,0.481,UP,0,0,0,LOW CONFIDENCE,Adjust camera view
78366,,,,,,,,,,,0.469,UP,0,0,0,LOW CONFIDENCE,Adjust camera view
78400,,,,,,,,,,,0.458,UP,0,0,0,LOW CONFIDENCE,Adjust camera view
78433,,,,,,,,,,,0.453,UP,0,0,0,LOW CONFIDENCE,Adjust camera view
78466,,,,,,,,,,,0.455,UP,0,0,0,LOW CONFIDENCE,Adjust camera view
78500,,,,,,,,,,,0.459,UP,0,0,0,LOW CONFIDENCE,Adjust camera view
78533,,,,,,,,,,,0.461,UP,0,0,0,LOW CONFIDENCE,Adjust camera view
78566,,,,,,,,,,,0.464,UP,0,0,0,LOW CONFIDENCE,Adjust camera view
78600,,,,,,,,,,,0.466,UP,0,0,0,LOW CONFIDENCE,Adjust camera view
78633,,,,,,,,,,,0.469,UP,0,0,0,LOW CONFIDENCE,Adjust camera view
78666,,,,,,,,,,,0.475,UP,0,0,0,LOW CONFIDENCE,Adjust camera view
78700,,,,,,,,,,,0.485,UP,0,0,0,LOW CONFIDENCE,Adjust camera view
78733,,,,,,,,,,,0.496,UP,0,0,0,LOW CONFIDENCE,Adjust camera view
78766,LEFT,91.0,68.1,142.2,140.8,99.1,155.5,2.0,166.9,173.9,0.506,UP,0,0,0,FORM ISSUE,Pelvis tilting - keep hips square
78800,LEFT,90.6,7.2,130.1,109.6,100.0,157.9,2.1,164.1,173.1,0.508,UP,0,0,0,FORM ISSUE,Pelvis tilting - keep hips square
78833,LEFT,88.9,56.7,116.8,88.5,96.2,156.5,2.3,165.1,172.9,0.504,UP,0,0,0,FORM ISSUE,Pelvis tilting - keep hips square
78866,,,,,,,,,,,0.495,UP,0,0,0,LOW CONFIDENCE,Adjust camera view
78900,,,,,,,,,,,0.486,UP,0,0,0,LOW CONFIDENCE,Adjust camera view
78933,,,,,,,,,,,0.48,UP,0,0,0,LOW CONFIDENCE,Adjust camera view
78966,,,,,,,,,,,0.475,UP,0,0,0,LOW CONFIDENCE,Adjust camera view
79000,,,,,,,,,,,0.469,UP,0,0,0,LOW CONFIDENCE,Adjust camera view
79033,,,,,,,,,,,0.465,UP,0,0,0,LOW CONFIDENCE,Adjust camera view
79066,,,,,,,,,,,0.46,UP,0,0,0,LOW CONFIDENCE,Adjust camera view
79100,,,,,,,,,,,0.454,UP,0,0,0,LOW CONFIDENCE,Adjust camera view
79133,,,,,,,,,,,0.453,UP,0,0,0,LOW CONFIDENCE,Adjust camera view
79166,,,,,,,,,,,0.46,UP,0,0,0,LOW CONFIDENCE,Adjust camera view
79200,,,,,,,,,,,0.469,UP,0,0,0,LOW CONFIDENCE,Adjust camera view
79233,,,,,,,,,,,0.482,UP,0,0,0,LOW CONFIDENCE,Adjust camera view
79266,,,,,,,,,,,0.494,UP,0,0,0,LOW CONFIDENCE,Adjust camera view
79300,LEFT,64.7,62.1,100.7,69.4,99.3,162.3,1.7,167.7,172.4,0.508,UP,0,0,0,FORM ISSUE,Pelvis tilting - keep hips square
79333,LEFT,56.3,66.2,78.3,52.0,100.5,153.8,1.8,166.8,170.7,0.518,UP,0,0,0,FORM ISSUE,Pelvis tilting - keep hips square
79366,LEFT,64.7,79.4,73.1,54.3,105.7,158.5,1.9,164.3,170.9,0.532,UP,0,0,0,FORM ISSUE,Pelvis tilting - keep hips square
79400,LEFT,73.7,80.0,69.7,68.9,109.7,156.2,2.2,163.9,173.3,0.545,UP,0,0,0,FORM ISSUE,Pelvis tilting - keep hips square
79433,LEFT,89.5,92.4,69.8,76.0,121.5,149.4,2.1,166.0,179.4,0.562,DOWN,0,0,0,FORM ISSUE,Pelvis tilting - keep hips square
79466,LEFT,119.3,127.4,80.7,89.1,131.4,152.9,1.3,164.7,179.6,0.575,DOWN,0,0,0,FORM ISSUE,Pelvis tilting - keep hips square
79500,LEFT,134.7,129.9,96.4,101.8,139.8,138.8,0.5,162.7,179.2,0.586,DOWN,0,0,0,FORM ISSUE,Pelvis tilting - keep hips square
79533,LEFT,136.0,122.3,110.6,110.4,143.3,167.4,1.6,165.5,175.3,0.597,DOWN,0,0,0,FORM ISSUE,Pelvis tilting - keep hips square
79566,LEFT,141.9,134.9,124.3,121.4,149.6,176.3,1.3,173.3,173.6,0.605,DOWN,0,0,0,FORM ISSUE,Pelvis tilting - keep hips square
79600,LEFT,155.0,148.3,137.4,132.6,154.3,175.0,1.3,169.8,169.5,0.61,DOWN,0,0,0,FORM ISSUE,Pelvis tilting - keep hips square
79633,LEFT,161.4,139.2,145.8,134.9,159.3,159.4,0.9,173.6,164.3,0.618,DOWN,0,0,0,FORM ISSUE,Pelvis tilting - keep hips square
79666,LEFT,168.0,144.1,152.5,137.8,163.1,162.1,0.6,174.8,161.2,0.63,DOWN,0,0,0,FORM ISSUE,Pelvis tilting - keep hips square
79700,LEFT,171.0,148.2,159.5,143.0,164.8,161.2,0.5,178.9,163.0,0.644,DOWN,0,0,0,FORM ISSUE,Pelvis tilting - keep hips square
79733,LEFT,179.5,151.8,167.0,146.3,168.7,162.3,0.2,179.4,172.2,0.663,DOWN,0,0,0,FORM ISSUE,Pelvis tilting - keep hips square
79766,LEFT,179.7,179.2,171.9,152.5,167.0,171.1,1.2,174.0,172.6,0.684,DOWN,0,0,0,FORM ISSUE,Pelvis tilting - keep hips square
79800,LEFT,176.3,176.3,174.9,159.9,168.3,171.9,0.1,174.5,173.9,0.701,DOWN,0,0,0,FORM ISSUE,Pelvis tilting - keep hips square
79833,LEFT,177.2,170.2,176.7,165.1,166.9,155.6,0.8,179.7,175.3,0.718,DOWN,0,0,0,FORM ISSUE,Pelvis tilting - keep hips square
79866,RIGHT,166.3,175.6,175.8,170.6,154.8,167.9,2.7,178.0,170.5,0.733,DOWN,0,0,0,FORM ISSUE,Pelvis tilting - keep hips square
79900,RIGHT,170.1,177.8,173.9,175.8,156.0,168.0,5.4,176.4,167.8,0.748,DOWN,0,0,0,FORM ISSUE,Pelvis tilting - keep hips square
79933,RIGHT,166.0,177.9,171.2,175.6,155.0,167.7,6.4,176.9,170.0,0.763,DOWN,0,0,0,FORM ISSUE,Pelvis tilting - keep hips square
79966,RIGHT,169.2,175.9,169.8,175.5,158.9,167.5,6.7,174.8,169.9,0.782,UP,0,0,0,FORM ISSUE,Pelvis tilting - keep hips square
80000,RIGHT,173.8,174.5,169.1,176.4,162.3,170.3,7.4,172.0,168.1,0.799,UP,0,0,0,FORM ISSUE,Pelvis tilting - keep hips square
80033,RIGHT,171.9,169.5,170.2,175.1,163.2,173.4,6.9,171.9,167.5,0.815,UP,0,0,0,FORM ISSUE,Pelvis tilting - keep hips square
80066,RIGHT,168.9,176.8,170.0,174.9,159.8,172.8,8.5,171.2,165.1,0.83,UP,0,0,0,FORM ISSUE,Pelvis tilting - keep hips square
80100,RIGHT,166.8,174.8,170.1,174.3,160.6,175.0,7.0,173.7,167.1,0.844,UP,0,0,0,FORM ISSUE,Pelvis tilting - keep hips square
80133,RIGHT,172.9,179.2,170.8,175.0,165.1,178.3,6.4,173.5,167.2,0.855,UP,0,0,0,FORM ISSUE,Pelvis tilting - keep hips square
80166,RIGHT,172.6,174.7,170.6,175.0,166.3,179.0,5.4,174.0,167.9,0.864,UP,0,0,0,FORM ISSUE,Pelvis tilting - keep hips square
80200,RIGHT,171.5,176.7,170.5,176.5,166.9,179.7,5.2,174.9,168.7,0.87,UP,0,0,0,FORM ISSUE,Pelvis tilting - keep hips square
80233,RIGHT,171.6,176.8,171.1,176.5,166.8,177.7,5.4,174.9,168.1,0.874,UP,0,0,0,FORM ISSUE,Pelvis tilting - keep hips square
80266,RIGHT,172.3,178.1,172.2,177.1,166.6,177.1,5.3,174.5,167.6,0.877,UP,0,0,0,FORM ISSUE,Pelvis tilting - keep hips square
80300,RIGHT,173.0,176.4,172.2,176.5,167.1,177.2,4.9,174.7,167.5,0.879,UP,0,0,0,FORM ISSUE,Pelvis tilting - keep hips square
80333,RIGHT,172.2,176.4,172.1,176.9,166.5,179.4,3.9,175.1,167.2,0.882,UP,0,0,0,FORM ISSUE,Pelvis tilting - keep hips square
80366,RIGHT,171.1,178.1,172.0,177.2,166.0,178.8,3.6,175.7,168.8,0.883,UP,0,0,0,FORM ISSUE,Pelvis tilting - keep hips square
80400,RIGHT,176.3,177.3,173.0,177.3,165.7,177.1,2.6,177.4,169.5,0.884,UP,0,0,0,FORM ISSUE,Pelvis tilting - keep hips square
80433,RIGHT,177.5,176.0,174.0,176.8,164.3,176.8,2.2,178.7,170.0,0.887,UP,0,0,0,FORM ISSUE,Pelvis tilting - keep hips square
80466,RIGHT,179.7,174.5,175.3,176.5,164.1,176.5,2.0,179.9,170.1,0.889,UP,0,0,0,FORM ISSUE,Pelvis tilting - keep hips square
80500,RIGHT,176.2,175.1,176.2,176.2,164.0,176.7,1.9,179.5,171.4,0.891,UP,0,0,0,FORM ISSUE,Pelvis tilting - keep hips square
80533,RIGHT,177.2,176.7,177.4,175.9,164.1,177.0,1.6,178.7,172.4,0.895,UP,0,0,0,FORM ISSUE,Pelvis tilting - keep hips square
80566,LEFT,176.7,177.7,177.5,176.0,175.9,164.6,1.0,177.4,173.7,0.897,UP,0,0,0,FORM ISSUE,Pelvis tilting - keep hips square
80600,LEFT,178.6,177.2,177.7,176.2,176.6,165.3,1.1,177.8,173.5,0.896,UP,0,0,0,FORM ISSUE,Pelvis tilting - keep hips square
80633,LEFT,178.2,177.5,177.4,176.8,175.3,167.7,0.6,178.6,174.3,0.892,UP,0,0,0,FORM ISSUE,Pelvis tilting - keep hips square
80666,LEFT,179.0,178.9,177.9,177.6,175.1,167.5,1.2,177.8,174.2,0.885,UP,0,0,0,FORM ISSUE,Pelvis tilting - keep hips square
80700,RIGHT,178.2,177.5,178.1,177.8,167.3,173.6,1.3,178.5,175.0,0.878,UP,0,0,0,FORM ISSUE,Pelvis tilting - keep hips square
80733,RIGHT,179.8,177.4,178.7,177.7,167.9,174.4,2.3,179.8,174.2,0.871,UP,0,0,0,FORM ISSUE,Pelvis tilting - keep hips square
80766,RIGHT,179.6,176.8,178.9,177.6,168.1,174.2,2.9,178.7,172.9,0.866,UP,0,0,0,FORM ISSUE,Pelvis tilting - keep hips square
80800,RIGHT,177.4,175.7,178.8,177.3,167.5,174.1,3.3,177.2,171.3,0.864,UP,0,0,0,FORM ISSUE,Pelvis tilting - keep hips square
80833,RIGHT,176.9,174.6,178.4,176.4,168.3,173.3,3.3,175.7,170.5,0.865,UP,0,0,0,FORM ISSUE,Pelvis tilting - keep hips square
80866,RIGHT,175.1,173.0,177.7,175.5,168.7,172.2,3.1,174.9,169.8,0.869,UP,0,0,0,FORM ISSUE,Pelvis tilting - keep hips square
80900,RIGHT,176.5,171.4,177.1,174.3,168.8,172.3,3.1,174.8,168.9,0.874,UP,0,0,0,FORM ISSUE,Pelvis tilting - keep hips square
80933,RIGHT,176.2,169.9,176.4,172.9,168.6,172.2,3.0,174.6,168.8,0.881,UP,0,0,0,FORM ISSUE,Pelvis tilting - keep hips square
80966,RIGHT,175.7,169.0,176.1,171.6,168.2,172.3,3.0,174.7,168.9,0.887,UP,0,0,0,FORM ISSUE,Pelvis tilting - keep hips square
81000,LEFT,167.3,176.3,174.2,171.9,172.4,168.7,2.7,174.7,168.8,0.893,UP,0,0,0,FORM ISSUE,Pelvis tilting - keep hips square
81033,LEFT,167.2,179.5,172.6,173.2,172.5,170.6,2.2,173.9,169.4,0.9,UP,0,0,0,FORM ISSUE,Pelvis tilting - keep hips square
81066,LEFT,166.1,179.6,170.5,174.9,172.5,170.4,1.6,173.7,168.8,0.906,UP,0,0,0,FORM ISSUE,Pelvis tilting - keep hips square
81100,LEFT,165.1,178.8,168.3,176.7,173.2,169.5,1.4,174.7,173.0,0.912,UP,0,0,0,FORM ISSUE,Pelvis tilting - keep hips square
81133,LEFT,165.2,177.3,166.2,178.3,175.0,169.5,1.2,173.9,171.8,0.918,UP,0,0,0,FORM ISSUE,Pelvis tilting - keep hips square
81166,LEFT,165.7,178.3,165.9,178.7,175.8,171.1,0.4,175.6,174.6,0.924,UP,0,0,0,FORM ISSUE,Pelvis tilting - keep hips square
81200,LEFT,167.1,178.9,165.8,178.6,176.2,171.7,0.3,179.4,178.4,0.929,UP,0,0,0,FORM ISSUE,Pelvis tilting - keep hips square
81233,LEFT,167.8,175.6,166.2,177.8,176.7,174.3,0.7,179.4,179.6,0.933,UP,0,0,0,FORM ISSUE,Pelvis tilting - keep hips square
81266,LEFT,168.1,171.7,166.8,176.4,177.4,175.7,0.6,178.2,177.0,0.937,UP,0,0,0,FORM ISSUE,Pelvis tilting - keep hips square
81300,LEFT,170.2,170.4,167.8,175.0,178.5,176.3,0.7,179.5,176.9,0.94,UP,0,0,0,FORM ISSUE,Pelvis tilting - keep hips square
81333,LEFT,172.1,168.7,169.1,173.1,179.6,175.9,0.7,178.8,175.5,0.944,UP,0,0,0,FORM ISSUE,Pelvis tilting - keep hips square
81366,LEFT,173.3,167.6,170.3,170.8,179.2,175.1,0.9,178.9,174.2,0.947,UP,0,0,0,FORM ISSUE,Pelvis tilting - keep hips square
81400,LEFT,175.9,167.3,171.9,169.2,179.4,174.6,1.1,177.8,174.1,0.949,UP,0,0,0,FORM ISSUE,Pelvis tilting - keep hips square
81433,LEFT,176.3,170.6,173.6,168.9,177.7,171.9,2.0,177.7,171.2,0.951,UP,0,0,0,FORM ISSUE,Pelvis tilting - keep hips square
81466,LEFT,177.5,172.4,175.0,169.3,177.4,172.6,2.1,176.8,171.6,0.952,UP,0,0,0,FORM ISSUE,Pelvis tilting - keep hips square
81500,LEFT,177.2,171.5,176.0,169.9,177.8,171.8,0.8,177.9,174.7,0.951,UP,0,0,0,FORM ISSUE,Pelvis tilting - keep hips square
81533,LEFT,177.3,174.0,176.8,171.2,177.7,171.2,0.1,178.4,176.7,0.95,UP,0,0,0,FORM ISSUE,Pelvis tilting - keep hips square
81566,LEFT,176.7,174.2,177.0,172.5,175.8,170.5,0.2,179.2,178.9,0.948,UP,0,0,0,FORM ISSUE,Pelvis tilting - keep hips square
81600,LEFT,175.2,173.9,176.8,173.2,175.4,170.3,0.9,178.8,179.5,0.947,UP,0,0,0,FORM ISSUE,Pelvis tilting - keep hips square
81633,RIGHT,173.6,175.0,176.0,173.7,169.3,176.2,2.3,179.1,178.9,0.946,UP,0,0,0,FORM ISSUE,Pelvis tilting - keep hips square
81666,RIGHT,174.3,173.8,175.4,174.2,169.7,175.3,2.3,178.9,178.4,0.947,UP,0,0,0,FORM ISSUE,Pelvis tilting - keep hips square
81700,RIGHT,175.0,171.8,175.0,173.7,169.4,174.2,2.3,178.6,177.4,0.948,UP,0,0,0,FORM ISSUE,Pelvis tilting - keep hips square
81733,RIGHT,175.0,169.5,174.6,172.8,169.2,173.9,2.7,177.9,176.0,0.95,UP,0,0,0,FORM ISSUE,Pelvis tilting - keep hips square
81766,RIGHT,174.7,169.0,174.5,171.8,169.5,173.9,2.5,177.5,175.7,0.951,UP,0,0,0,FORM ISSUE,Pelvis tilting - keep hips square
81800,RIGHT,175.7,169.1,174.9,170.6,169.9,174.1,2.4,177.5,175.7,0.953,UP,0,0,0,FORM ISSUE,Pelvis tilting - keep hips square
81833,RIGHT,177.4,168.2,175.5,169.5,168.5,175.3,2.4,177.1,176.5,0.954,UP,0,0,0,FORM ISSUE,Pelvis tilting - keep hips square
81866,RIGHT,173.9,169.4,175.3,169.1,168.3,178.2,3.0,177.0,178.8,0.955,UP,0,0,0,FORM ISSUE,Pelvis tilting - keep hips square
81900,RIGHT,165.3,169.3,173.4,169.0,171.7,179.4,2.9,176.9,179.6,0.955,UP,0,0,0,FORM ISSUE,Pelvis tilting - keep hips square
81933,RIGHT,161.7,169.1,170.8,169.0,174.7,179.7,2.9,176.4,179.4,0.955,UP,0,0,0,FORM ISSUE,Pelvis tilting - keep hips square
81966,RIGHT,159.2,168.6,167.5,168.9,177.4,179.2,3.4,176.5,177.7,0.953,UP,0,0,0,FORM ISSUE,Pelvis tilting - keep hips square
82000,RIGHT,163.3,169.2,164.7,169.1,178.0,178.5,3.4,175.8,177.8,0.948,UP,0,0,0,FORM ISSUE,Pelvis tilting - keep hips square
82033,RIGHT,164.3,170.0,162.8,169.3,179.4,178.8,2.8,176.1,179.2,0.943,UP,0,0,0,FORM ISSUE,Pelvis tilting - keep hips square
82066,RIGHT,166.1,170.9,162.9,169.6,179.0,179.3,2.6,177.7,178.2,0.937,UP,0,0,0,FORM ISSUE,Pelvis tilting - keep hips square
82100,RIGHT,166.9,172.3,164.0,170.2,177.3,178.0,3.4,177.3,177.0,0.931,UP,0,0,0,FORM ISSUE,Pelvis tilting - keep hips square
82133,RIGHT,167.3,171.0,165.6,170.7,175.4,177.0,4.1,173.0,173.6,0.924,UP,0,0,0,FORM ISSUE,Pelvis tilting - keep hips square
82166,RIGHT,165.1,171.7,166.0,171.2,176.0,176.3,4.4,174.3,172.9,0.917,UP,0,0,0,FORM ISSUE,Pelvis tilting - keep hips square
82200,RIGHT,164.9,172.7,166.1,171.7,175.7,175.9,4.6,174.6,172.6,0.911,UP,0,0,0,FORM ISSUE,Pelvis tilting - keep hips square
82233,RIGHT,164.8,172.7,165.8,172.1,175.8,176.4,4.2,174.4,171.1,0.904,UP,0,0,0,FORM ISSUE,Pelvis tilting - keep hips square
82266,RIGHT,162.6,171.6,165.0,171.9,177.6,176.9,3.7,174.6,171.9,0.896,UP,0,0,0,FORM ISSUE,Pelvis tilting - keep hips square
82300,LEFT,173.1,166.3,166.1,171.0,177.8,178.1,2.8,178.6,173.0,0.889,UP,0,0,0,FORM ISSUE,Pelvis tilting - keep hips square
82333,LEFT,171.8,165.8,167.4,169.8,179.7,179.9,1.8,179.7,178.5,0.881,UP,0,0,0,FORM ISSUE,Pelvis tilting - keep hips square
82366,LEFT,172.5,163.5,169.0,168.0,179.1,177.7,0.4,178.5,177.0,0.87,UP,0,0,0,FORM ISSUE,Pelvis tilting - keep hips square
82400,RIGHT,164.6,174.0,168.9,168.3,176.6,177.4,0.6,178.8,171.7,0.859,UP,0,0,0,FORM ISSUE,Pelvis tilting - keep hips square
82433,RIGHT,163.7,173.9,169.1,168.7,176.1,177.6,0.8,174.1,172.9,0.847,UP,0,0,0,FORM ISSUE,Pelvis tilting - keep hips square
82466,RIGHT,163.7,173.8,167.3,170.2,176.1,177.4,1.0,174.5,172.8,0.834,UP,0,0,0,FORM ISSUE,Pelvis tilting - keep hips square
82500,LEFT,176.0,165.2,168.1,170.1,177.9,176.6,1.0,176.6,170.9,0.821,UP,0,0,0,FORM ISSUE,Pelvis tilting - keep hips square
82533,RIGHT,165.4,176.9,166.7,172.8,177.6,178.4,0.8,177.4,170.8,0.807,UP,0,0,0,FORM ISSUE,Pelvis tilting - keep hips square
82566,RIGHT,165.5,177.4,166.9,173.5,177.7,179.8,0.5,178.2,172.9,0.795,UP,0,0,0,FORM ISSUE,Pelvis tilting - keep hips square
82600,RIGHT,164.8,176.2,167.1,173.9,177.7,179.5,0.5,175.7,173.3,0.786,UP,0,0,0,FORM ISSUE,Pelvis tilting - keep hips square
82633,RIGHT,166.2,176.4,167.6,174.4,177.5,179.7,0.4,173.9,174.0,0.781,UP,0,0,0,FORM ISSUE,Pelvis tilting - keep hips square
82666,RIGHT,167.0,175.1,165.8,176.4,176.9,179.8,0.5,173.3,174.5,0.778,UP,0,0,0,FORM ISSUE,Pelvis tilting - keep hips square
82700,RIGHT,167.0,171.3,166.1,175.3,176.8,178.6,0.4,172.2,174.9,0.778,UP,0,0,0,FORM ISSUE,Pelvis tilting - keep hips square
82733,RIGHT,166.4,172.8,166.3,174.4,176.6,178.7,0.5,172.0,174.6,0.779,UP,0,0,0,FORM ISSUE,Pelvis tilting - keep hips square
82766,RIGHT,166.0,173.4,166.5,173.8,176.8,178.8,0.5,171.1,175.0,0.779,UP,0,0,0,FORM ISSUE,Pelvis tilting - keep hips square
82800,RIGHT,166.3,173.9,166.6,173.3,176.8,179.1,0.6,172.2,175.0,0.777,UP,0,0,0,FORM ISSUE,Pelvis tilting - keep hips square
82833,RIGHT,167.1,174.4,166.6,173.2,177.2,179.6,0.8,173.7,174.6,0.774,UP,0,0,0,FORM ISSUE,Pelvis tilting - keep hips square
82866,RIGHT,167.2,175.7,166.6,174.0,177.1,180.0,1.0,174.5,174.5,0.772,UP,0,0,0,FORM ISSUE,Pelvis tilting - keep hips square
82900,RIGHT,167.2,179.2,166.8,175.3,177.4,179.9,1.1,175.0,174.8,0.769,UP,0,0,0,FORM ISSUE,Pelvis tilting - keep hips square
82933,LEFT,178.2,168.5,169.2,174.3,179.9,177.9,1.4,175.4,175.0,0.766,UP,0,0,0,FORM ISSUE,Pelvis tilting - keep hips square
82966,LEFT,179.5,168.1,171.8,173.2,179.4,177.0,1.6,176.4,174.4,0.764,UP,0,0,0,FORM ISSUE,Pelvis tilting - keep hips square
83000,LEFT,176.0,168.1,173.6,171.9,179.3,176.4,1.9,177.0,175.3,0.763,UP,0,0,0,FORM ISSUE,Pelvis tilting - keep hips square
83033,LEFT,177.1,167.9,175.6,170.3,179.0,176.5,2.0,178.0,176.3,0.761,UP,0,0,0,FORM ISSUE,Pelvis tilting - keep hips square
83066,LEFT,176.8,169.5,177.5,168.4,178.6,177.2,2.4,178.7,176.5,0.761,UP,0,0,0,FORM ISSUE,Pelvis tilting - keep hips square
83100,LEFT,177.6,170.1,177.4,168.7,178.4,177.9,2.5,179.5,176.6,0.76,UP,0,0,0,FORM ISSUE,Pelvis tilting - keep hips square
83133,LEFT,176.8,170.5,176.9,169.2,177.9,178.3,2.8,178.6,178.4,0.759,UP,0,0,0,FORM ISSUE,Pelvis tilting - keep hips square
83166,LEFT,177.1,170.9,177.1,169.8,178.2,179.2,2.6,178.6,178.3,0.76,UP,0,0,0,FORM ISSUE,Pelvis tilting - keep hips square
83200,LEFT,176.7,170.4,177.0,170.3,178.1,178.8,2.7,178.4,179.5,0.76,UP,0,0,0,FORM ISSUE,Pelvis tilting - keep hips square
83233,LEFT,176.1,170.2,176.9,170.4,178.9,179.0,2.5,178.9,179.5,0.759,UP,0,0,0,FORM ISSUE,Pelvis tilting - keep hips square
83266,LEFT,178.5,170.3,177.0,170.5,179.9,179.5,2.2,178.5,178.5,0.757,UP,0,0,0,FORM ISSUE,Pelvis tilting - keep hips square
83300,LEFT,179.6,170.9,177.6,170.6,179.7,179.9,1.9,177.4,178.7,0.755,UP,0,0,0,FORM ISSUE,Pelvis tilting - keep hips square
83333,RIGHT,170.7,179.8,176.3,172.3,179.6,179.0,1.8,177.4,177.8,0.751,UP,0,0,0,FORM ISSUE,Pelvis tilting - keep hips square
83366,RIGHT,169.4,178.3,174.9,173.9,178.6,178.8,1.5,176.9,179.2,0.746,UP,0,0,0,FORM ISSUE,Pelvis tilting - keep hips square
83400,RIGHT,168.3,177.0,173.3,175.3,177.5,177.7,1.4,175.7,179.4,0.739,UP,0,0,0,FORM ISSUE,Pelvis tilting - keep hips square
83433,RIGHT,167.3,166.0,171.1,174.4,177.8,178.0,1.2,175.7,179.2,0.726,UP,0,0,0,FORM ISSUE,Pelvis tilting - keep hips square
83466,LEFT,172.5,170.7,169.6,174.4,178.8,177.8,1.3,174.7,177.7,0.708,UP,0,0,0,FORM ISSUE,Pelvis tilting - keep hips square
83500,LEFT,177.7,170.5,171.0,172.5,179.2,178.6,1.4,174.3,178.5,0.687,UP,0,0,0,FORM ISSUE,Pelvis tilting - keep hips square
83533,LEFT,174.0,157.1,172.0,168.3,177.9,175.4,1.4,175.6,175.9,0.663,UP,0,0,0,FORM ISSUE,Pelvis tilting - keep hips square
83566,RIGHT,150.0,168.8,168.3,166.7,169.8,178.1,1.1,174.8,176.0,0.637,UP,0,0,0,FORM ISSUE,Pelvis tilting - keep hips square
83600,LEFT,150.7,148.7,165.0,163.2,167.6,171.8,1.1,179.2,175.4,0.61,UP,0,0,0,FORM ISSUE,Pelvis tilting - keep hips square
83633,LEFT,156.4,143.8,161.8,157.8,170.5,168.1,1.1,177.3,176.6,0.584,UP,0,0,0,FORM ISSUE,Pelvis tilting - keep hips square
83666,LEFT,161.5,159.9,158.5,155.7,173.5,175.1,1.0,179.7,175.5,0.554,UP,0,0,0,FORM ISSUE,Pelvis tilting - keep hips square
83700,RIGHT,169.4,151.8,157.6,154.6,178.8,171.6,0.9,178.0,173.8,0.525,UP,0,0,0,FORM ISSUE,Pelvis tilting - keep hips square
83733,,,,,,,,,,,0.495,UP,0,0,0,LOW CONFIDENCE,Adjust camera view
83766,,,,,,,,,,,0.465,UP,0,0,0,LOW CONFIDENCE,Adjust camera view
83800,,,,,,,,,,,0.436,UP,0,0,0,LOW CONFIDENCE,Adjust camera view
83833,,,,,,,,,,,0.41,UP,0,0,0,LOW CONFIDENCE,Adjust camera view
83866,,,,,,,,,,,0.382,UP,0,0,0,LOW CONFIDENCE,Adjust camera view
83900,,,,,,,,,,,0.356,UP,0,0,0,LOW CONFIDENCE,Adjust camera view
83933,,,,,,,,,,,0.332,UP,0,0,0,LOW CONFIDENCE,Adjust camera view
83966,,,,,,,,,,,0.309,UP,0,0,0,LOW CONFIDENCE,Adjust camera view
84000,,,,,,,,,,,0.287,UP,0,0,0,LOW CONFIDENCE,Adjust camera view
84033,,,,,,,,,,,0.266,UP,0,0,0,LOW CONFIDENCE,Adjust camera view
84066,,,,,,,,,,,0.246,UP,0,0,0,LOW CONFIDENCE,Adjust camera view
84100,,,,,,,,,,,0.227,UP,0,0,0,LOW CONFIDENCE,Adjust camera view
84133,,,,,,,,,,,0.209,UP,0,0,0,LOW CONFIDENCE,Adjust camera view
84166,,,,,,,,,,,0.193,UP,0,0,0,LOW CONFIDENCE,Adjust camera view
84200,,,,,,,,,,,0.18,UP,0,0,0,LOW CONFIDENCE,Adjust camera view
84233,,,,,,,,,,,0.175,UP,0,0,0,LOW CONFIDENCE,Adjust camera view
84266,,,,,,,,,,,0.185,UP,0,0,0,LOW CONFIDENCE,Adjust camera view
84300,,,,,,,,,,,0.206,UP,0,0,0,LOW CONFIDENCE,Adjust camera view
84333,,,,,,,,,,,0.239,UP,0,0,0,LOW CONFIDENCE,Adjust camera view
84366,,,,,,,,,,,0.281,UP,0,0,0,LOW CONFIDENCE,Adjust camera view
84400,,,,,,,,,,,0.328,UP,0,0,0,LOW CONFIDENCE,Adjust camera view
84433,,,,,,,,,,,0.374,UP,0,0,0,LOW CONFIDENCE,Adjust camera view
84466,,,,,,,,,,,0.417,UP,0,0,0,LOW CONFIDENCE,Adjust camera view
84500,,,,,,,,,,,0.459,UP,0,0,0,LOW CONFIDENCE,Adjust camera view
84533,LEFT,172.7,168.3,162.1,154.5,177.4,179.6,2.0,178.8,179.9,0.5,UP,0,0,0,FORM ISSUE,Pelvis tilting - keep hips square
84566,LEFT,169.5,169.0,165.9,158.5,177.8,179.3,2.0,179.6,177.8,0.538,UP,0,0,0,FORM ISSUE,Pelvis tilting - keep hips square
84600,LEFT,170.0,170.1,168.6,163.8,178.2,178.3,2.1,179.6,179.3,0.571,UP,0,0,0,FORM ISSUE,Pelvis tilting - keep hips square
84633,LEFT,168.8,170.1,170.1,165.8,177.6,179.6,3.0,179.6,178.2,0.602,UP,0,0,0,FORM ISSUE,Pelvis tilting - keep hips square
84666,LEFT,169.4,168.2,170.1,169.1,177.3,179.6,2.8,178.3,175.4,0.631,UP,0,0,0,FORM ISSUE,Pelvis tilting - keep hips square
84700,LEFT,169.8,168.9,169.5,169.2,176.7,177.9,2.9,175.6,171.2,0.659,UP,0,0,0,FORM ISSUE,Pelvis tilting - keep hips square
84733,LEFT,170.7,169.9,169.7,169.4,176.6,175.1,2.8,176.3,170.6,0.685,UP,0,0,0,FORM ISSUE,Pelvis tilting - keep hips square
84766,LEFT,171.4,171.6,170.0,169.7,176.4,172.1,3.0,173.2,170.0,0.711,UP,0,0,0,FORM ISSUE,Pelvis tilting - keep hips square
84800,LEFT,172.5,171.4,170.8,170.0,175.8,171.7,3.7,175.5,170.6,0.736,UP,0,0,0,FORM ISSUE,Pelvis tilting - keep hips square
84833,LEFT,171.6,174.4,171.2,171.2,175.1,170.4,3.9,174.3,171.0,0.759,UP,0,0,0,FORM ISSUE,Pelvis tilting - keep hips square
84866,LEFT,171.7,175.7,171.6,172.6,175.1,170.3,3.5,173.2,171.6,0.78,UP,0,0,0,FORM ISSUE,Pelvis tilting - keep hips square
84900,LEFT,171.7,179.7,171.8,174.6,174.3,168.8,3.0,173.1,172.2,0.799,UP,0,0,0,FORM ISSUE,Pelvis tilting - keep hips square
84933,LEFT,174.4,177.0,172.4,175.6,174.9,168.1,2.8,170.9,172.7,0.817,UP,0,0,0,FORM ISSUE,Pelvis tilting - keep hips square
84966,RIGHT,177.3,176.1,173.3,176.6,167.9,175.4,1.8,174.5,173.6,0.834,UP,0,0,0,FORM ISSUE,Pelvis tilting - keep hips square
85000,RIGHT,175.2,176.6,174.1,177.0,166.7,174.9,1.1,175.0,175.0,0.849,UP,0,0,0,FORM ISSUE,Pelvis tilting - keep hips square
85033,RIGHT,174.1,177.1,174.5,177.3,165.2,175.6,0.3,173.9,177.2,0.863,UP,0,0,0,FORM ISSUE,Pelvis tilting - keep hips square
85066,RIGHT,176.6,175.2,175.5,176.4,167.3,174.1,1.0,174.7,178.2,0.875,UP,0,0,0,FORM ISSUE,Pelvis tilting - keep hips square
85100,RIGHT,173.4,178.4,175.3,176.7,168.2,173.6,1.0,175.1,179.7,0.886,UP,0,0,0,FORM ISSUE,Pelvis tilting - keep hips square
85133,RIGHT,173.4,178.1,174.5,177.1,168.5,172.5,1.1,176.4,178.9,0.896,UP,0,0,0,FORM ISSUE,Pelvis tilting - keep hips square
85166,RIGHT,173.6,175.9,174.2,176.9,169.0,172.4,1.1,176.2,177.4,0.904,UP,0,0,0,FORM ISSUE,Pelvis tilting - keep hips square
85200,RIGHT,173.5,175.0,174.1,176.5,169.1,172.7,0.9,177.8,176.3,0.912,UP,0,0,0,FORM ISSUE,Pelvis tilting - keep hips square
85233,RIGHT,172.2,174.6,173.2,176.4,168.8,173.1,0.6,177.3,175.0,0.918,UP,0,0,0,FORM ISSUE,Pelvis tilting - keep hips square
85266,RIGHT,172.7,174.3,173.1,175.6,169.8,172.9,0.1,178.3,176.6,0.924,UP,0,0,0,FORM ISSUE,Pelvis tilting - keep hips square
85300,RIGHT,169.7,174.5,172.3,174.9,166.8,173.7,0.5,174.7,175.9,0.929,UP,0,0,0,FORM ISSUE,Pelvis tilting - keep hips square
85333,RIGHT,168.9,174.8,171.4,174.6,163.3,173.9,0.6,174.3,175.9,0.932,UP,0,0,0,FORM ISSUE,Pelvis tilting - keep hips square
85366,RIGHT,170.1,174.5,170.7,174.5,161.4,173.6,0.9,174.3,176.3,0.936,UP,0,0,0,FORM ISSUE,Pelvis tilting - keep hips square
85400,RIGHT,172.0,174.4,170.7,174.5,160.1,173.5,1.0,173.5,176.6,0.939,UP,0,0,0,FORM ISSUE,Pelvis tilting - keep hips square
85433,RIGHT,177.7,173.8,171.7,174.4,160.0,173.9,0.9,173.6,176.4,0.942,UP,0,0,0,FORM ISSUE,Pelvis tilting - keep hips square
85466,RIGHT,179.4,174.1,173.6,174.3,159.9,172.3,0.8,175.1,175.5,0.945,UP,0,0,0,FORM ISSUE,Pelvis tilting - keep hips square
85500,RIGHT,178.4,171.9,175.5,173.7,159.0,172.3,0.5,178.5,173.0,0.948,UP,0,0,0,FORM ISSUE,Pelvis tilting - keep hips square
85533,RIGHT,170.4,169.6,175.6,172.8,158.7,172.4,1.3,179.6,172.4,0.951,UP,0,0,0,FORM ISSUE,Pelvis tilting - keep hips square
85566,RIGHT,170.9,171.8,175.4,172.2,160.5,171.4,2.6,179.9,170.9,0.953,UP,0,0,0,FORM ISSUE,Pelvis tilting - keep hips square
85600,RIGHT,172.4,172.8,174.3,172.1,161.0,170.7,3.6,179.6,168.4,0.955,UP,0,0,0,FORM ISSUE,Pelvis tilting - keep hips square
85633,RIGHT,174.5,172.0,173.4,171.6,162.3,169.7,3.4,178.6,165.5,0.955,UP,0,0,0,FORM ISSUE,Pelvis tilting - keep hips square
85666,RIGHT,175.1,172.1,172.7,171.7,163.6,168.5,2.9,177.0,166.6,0.956,UP,0,0,0,FORM ISSUE,Pelvis tilting - keep hips square
85700,RIGHT,174.3,171.7,173.5,172.1,163.4,168.7,3.2,176.9,166.1,0.956,UP,0,0,0,FORM ISSUE,Pelvis tilting - keep hips square
85733,RIGHT,170.5,170.9,173.4,171.9,162.1,169.6,3.5,176.1,166.5,0.956,UP,0,0,0,FORM ISSUE,Pelvis tilting - keep hips square
85766,RIGHT,165.2,171.0,171.9,171.5,161.4,170.3,3.7,175.1,166.6,0.956,UP,0,0,0,FORM ISSUE,Pelvis tilting - keep hips square
85800,RIGHT,170.0,170.9,171.0,171.3,161.0,170.2,3.4,175.3,167.0,0.956,UP,0,0,0,FORM ISSUE,Pelvis tilting - keep hips square
85833,RIGHT,166.9,170.8,169.4,171.1,160.9,169.8,2.8,175.9,168.0,0.956,UP,0,0,0,FORM ISSUE,Pelvis tilting - keep hips square
85866,RIGHT,171.3,169.7,168.8,170.7,163.4,168.5,0.1,177.5,172.1,0.956,UP,0,0,0,FORM ISSUE,Pelvis tilting - keep hips square
85900,RIGHT,176.0,169.5,169.9,170.4,163.2,170.6,0.4,177.7,172.4,0.956,UP,0,0,0,FORM ISSUE,Pelvis tilting - keep hips square
85933,RIGHT,179.4,168.9,172.7,169.9,163.6,171.9,1.6,178.4,172.3,0.956,UP,0,0,0,FORM ISSUE,Pelvis tilting - keep hips square
85966,RIGHT,178.9,169.6,174.5,169.7,163.8,174.3,1.3,179.4,172.6,0.956,UP,0,0,0,FORM ISSUE,Pelvis tilting - keep hips square
86000,RIGHT,166.0,169.8,174.3,169.5,165.1,174.9,1.8,177.0,174.6,0.956,UP,0,0,0,FORM ISSUE,Pelvis tilting - keep hips square
86033,RIGHT,162.0,170.7,172.5,169.7,165.6,175.2,2.3,175.4,176.2,0.954,UP,0,0,0,FORM ISSUE,Pelvis tilting - keep hips square
86066,RIGHT,162.1,170.8,169.7,169.9,166.9,176.3,2.1,172.5,177.6,0.952,UP,0,0,0,FORM ISSUE,Pelvis tilting - keep hips square
86100,RIGHT,160.8,172.1,166.0,170.6,170.1,175.7,2.2,173.2,179.7,0.949,UP,0,0,0,FORM ISSUE,Pelvis tilting - keep hips square
86133,RIGHT,162.1,171.7,162.6,171.0,174.3,176.2,1.8,174.5,179.5,0.947,UP,0,0,0,FORM ISSUE,Pelvis tilting - keep hips square
86166,RIGHT,162.7,170.7,161.9,171.2,173.8,177.4,1.0,176.2,179.9,0.946,UP,0,0,0,FORM ISSUE,Pelvis tilting - keep hips square
86200,RIGHT,157.9,170.6,161.1,171.2,172.3,176.9,1.1,176.3,179.4,0.945,UP,0,0,0,FORM ISSUE,Pelvis tilting - keep hips square
86233,RIGHT,159.7,160.4,160.6,169.1,172.8,177.2,1.0,176.6,178.9,0.945,UP,0,0,0,FORM ISSUE,Pelvis tilting - keep hips square
86266,RIGHT,159.5,158.7,160.4,166.4,173.6,178.5,1.5,177.8,178.3,0.944,UP,0,0,0,FORM ISSUE,Pelvis tilting - keep hips square
86300,RIGHT,160.1,148.5,160.0,161.8,173.0,171.9,1.4,179.2,176.2,0.942,UP,0,0,0,FORM ISSUE,Pelvis tilting - keep hips square
86333,LEFT,140.1,161.1,155.5,159.9,167.5,172.7,2.0,179.6,174.1,0.937,UP,0,0,0,FORM ISSUE,Pelvis tilting - keep hips square
86366,LEFT,142.8,161.6,152.4,158.1,165.2,172.0,1.5,179.2,175.0,0.931,UP,0,0,0,FORM ISSUE,Pelvis tilting - keep hips square
86400,LEFT,150.4,163.4,150.6,158.7,165.5,174.5,1.6,178.4,175.2,0.923,UP,0,0,0,FORM ISSUE,Pelvis tilting - keep hips square
86433,LEFT,152.7,160.7,149.2,159.1,165.2,175.6,2.0,178.7,179.0,0.914,DOWN,0,0,0,FORM ISSUE,Pelvis tilting - keep hips square
86466,LEFT,158.9,161.8,149.0,161.7,167.1,178.9,2.8,177.6,176.9,0.902,DOWN,0,0,0,FORM ISSUE,Pelvis tilting - keep hips square
86500,LEFT,152.4,156.9,151.4,160.9,167.0,178.2,2.7,175.1,177.7,0.89,DOWN,0,0,0,FORM ISSUE,Pelvis tilting - keep hips square
86533,LEFT,151.2,163.1,153.1,161.2,168.7,179.6,2.4,166.0,174.2,0.876,DOWN,0,0,0,FORM ISSUE,Pelvis tilting - keep hips square
86566,LEFT,147.3,163.9,152.5,161.3,162.6,178.7,1.8,164.6,172.6,0.859,DOWN,0,0,0,FORM ISSUE,Pelvis tilting - keep hips square
86600,LEFT,136.1,159.1,149.2,161.0,160.7,179.0,1.1,165.0,172.0,0.839,DOWN,0,0,0,FORM ISSUE,Pelvis tilting - keep hips square
86633,LEFT,149.9,162.3,147.4,161.1,164.6,179.1,0.0,167.4,171.5,0.815,DOWN,0,0,0,FORM ISSUE,Pelvis tilting - keep hips square
86666,LEFT,147.4,162.9,146.4,162.3,165.0,178.1,0.1,168.0,169.8,0.787,DOWN,0,0,0,FORM ISSUE,Pelvis tilting - keep hips square
86700,LEFT,147.0,164.7,145.5,162.6,165.7,177.7,1.0,156.4,168.4,0.757,DOWN,0,0,0,FORM ISSUE,Pelvis tilting - keep hips square
86733,LEFT,149.0,164.3,145.9,162.7,167.1,178.2,1.4,160.2,169.1,0.728,DOWN,0,0,0,FORM ISSUE,Pelvis tilting - keep hips square
86766,LEFT,144.4,164.0,147.5,163.7,163.7,179.1,1.7,160.1,169.8,0.7,DOWN,0,0,0,FORM ISSUE,Pelvis tilting - keep hips square
86800,LEFT,144.5,162.5,146.5,163.7,163.9,179.3,2.1,165.3,171.3,0.675,DOWN,0,0,0,FORM ISSUE,Pelvis tilting - keep hips square
86833,LEFT,139.1,161.6,144.8,163.4,158.3,179.5,2.6,171.4,172.4,0.657,DOWN,0,0,0,FORM ISSUE,Pelvis tilting - keep hips square
86866,LEFT,128.8,156.1,141.2,161.7,152.2,179.4,2.5,167.5,173.3,0.642,DOWN,0,0,0,FORM ISSUE,Pelvis tilting - keep hips square
86900,LEFT,139.2,157.5,139.2,160.3,155.6,177.8,2.7,166.5,173.1,0.623,DOWN,0,0,0,FORM ISSUE,Pelvis tilting - keep hips square
86933,LEFT,135.7,155.8,137.5,158.7,154.5,176.3,2.5,163.2,173.1,0.604,DOWN,0,0,0,FORM ISSUE,Pelvis tilting - keep hips square
86966,LEFT,138.6,157.2,136.3,157.6,155.2,176.4,2.7,165.4,175.8,0.583,DOWN,0,0,0,FORM ISSUE,Pelvis tilting - keep hips square
87000,LEFT,139.8,156.5,136.4,156.6,156.7,176.8,2.7,165.7,175.2,0.561,DOWN,0,0,0,FORM ISSUE,Pelvis tilting - keep hips square
87033,LEFT,146.3,159.8,139.9,157.3,160.1,177.3,2.7,165.2,175.2,0.542,DOWN,0,0,0,FORM ISSUE,Pelvis tilting - keep hips square
87066,LEFT,147.2,160.8,141.5,158.0,161.5,177.7,2.1,165.2,173.9,0.527,DOWN,0,0,0,FORM ISSUE,Pelvis tilting - keep hips square
87100,LEFT,151.6,161.2,144.7,159.1,166.8,179.1,0.6,166.9,174.2,0.519,DOWN,0,0,0,FORM ISSUE,Pelvis tilting - keep hips square
87133,LEFT,152.4,161.0,147.5,159.9,171.8,179.3,1.6,159.3,171.9,0.52,DOWN,0,0,0,FORM ISSUE,Pelvis tilting - keep hips square
87166,LEFT,155.1,164.3,150.5,161.4,171.2,176.6,3.6,164.7,172.7,0.524,DOWN,0,0,0,FORM ISSUE,Pelvis tilting - keep hips square
87200,LEFT,152.3,162.9,151.7,162.1,169.2,177.9,4.6,173.6,179.8,0.527,DOWN,0,0,0,FORM ISSUE,Pelvis tilting - keep hips square
87233,LEFT,157.6,165.0,153.8,162.9,169.6,177.3,5.2,172.9,177.4,0.531,DOWN,0,0,0,FORM ISSUE,Pelvis tilting - keep hips square
87266,LEFT,159.1,165.0,155.3,163.6,168.9,179.3,5.4,174.0,176.9,0.534,DOWN,0,0,0,FORM ISSUE,Pelvis tilting - keep hips square
87300,LEFT,158.9,164.6,156.6,164.4,167.0,179.8,4.7,175.8,176.3,0.54,DOWN,0,0,0,FORM ISSUE,Pelvis tilting - keep hips square
87333,LEFT,146.2,161.1,154.8,163.7,167.9,177.2,3.6,175.7,176.4,0.549,DOWN,0,0,0,FORM ISSUE,Pelvis tilting - keep hips square
87366,LEFT,142.2,160.1,152.8,163.1,167.6,175.1,2.6,175.9,173.7,0.565,DOWN,0,0,0,FORM ISSUE,Pelvis tilting - keep hips square
87400,RIGHT,160.6,151.9,153.4,160.5,173.7,173.9,1.3,178.9,171.4,0.588,DOWN,0,0,0,FORM ISSUE,Pelvis tilting - keep hips square
87433,RIGHT,164.8,153.4,154.5,158.2,175.1,172.1,0.3,177.9,173.9,0.61,DOWN,0,0,0,FORM ISSUE,Pelvis tilting - keep hips square
87466,RIGHT,166.4,161.8,156.0,157.7,175.3,175.8,0.2,173.4,175.1,0.629,DOWN,0,0,0,FORM ISSUE,Pelvis tilting - keep hips square
87500,RIGHT,169.5,165.5,160.7,158.6,174.6,175.2,1.6,173.2,175.1,0.644,DOWN,0,0,0,FORM ISSUE,Pelvis tilting - keep hips square
87533,RIGHT,170.1,160.9,166.3,158.7,174.5,172.0,2.1,172.5,175.9,0.657,DOWN,0,0,0,FORM ISSUE,Pelvis tilting - keep hips square
87566,RIGHT,168.1,161.9,167.8,160.7,172.8,171.8,2.4,172.4,175.8,0.668,DOWN,0,0,0,FORM ISSUE,Pelvis tilting - keep hips square
87600,RIGHT,168.1,162.7,168.4,162.6,173.0,172.2,2.6,172.8,175.7,0.679,DOWN,0,0,0,FORM ISSUE,Pelvis tilting - keep hips square
87633,RIGHT,171.1,163.2,169.4,162.8,174.2,171.5,3.0,173.0,175.5,0.689,DOWN,0,0,0,FORM ISSUE,Pelvis tilting - keep hips square
87666,RIGHT,170.3,163.6,169.5,162.4,174.3,172.0,2.7,171.5,175.8,0.701,DOWN,0,0,0,FORM ISSUE,Pelvis tilting - keep hips square
87700,RIGHT,170.8,164.4,169.7,163.1,173.6,172.4,2.9,173.9,174.9,0.713,UP,0,0,0,FORM ISSUE,Pelvis tilting - keep hips square
87733,RIGHT,171.3,164.6,170.3,163.7,173.9,173.1,2.6,173.3,176.9,0.726,UP,0,0,0,FORM ISSUE,Pelvis tilting - keep hips square
87766,RIGHT,171.5,163.2,171.0,163.8,173.7,172.8,2.5,174.5,174.9,0.741,UP,0,0,0,FORM ISSUE,Pelvis tilting - keep hips square
87800,RIGHT,173.2,162.4,171.4,163.6,174.5,172.7,2.1,177.2,173.3,0.757,UP,0,0,0,FORM ISSUE,Pelvis tilting - keep hips square
87833,RIGHT,172.7,165.9,171.9,164.1,174.3,174.9,1.8,177.7,172.4,0.773,UP,0,0,0,FORM ISSUE,Pelvis tilting - keep hips square
87866,RIGHT,172.6,171.8,172.3,165.6,174.1,177.5,1.6,177.9,171.4,0.787,UP,0,0,0,FORM ISSUE,Pelvis tilting - keep hips square
87900,RIGHT,172.4,172.9,172.5,167.3,174.1,178.9,1.5,178.7,171.5,0.8,UP,0,0,0,FORM ISSUE,Pelvis tilting - keep hips square
87933,RIGHT,171.3,172.4,172.4,169.1,174.2,178.9,1.2,179.2,171.3,0.811,UP,0,0,0,FORM ISSUE,Pelvis tilting - keep hips square
87966,RIGHT,168.7,171.8,171.5,171.0,174.0,178.4,1.4,179.3,170.1,0.822,UP,0,0,0,FORM ISSUE,Pelvis tilting - keep hips square
88000,RIGHT,166.6,169.5,170.3,171.7,173.0,179.5,1.8,179.5,169.9,0.832,UP,0,0,0,FORM ISSUE,Pelvis tilting - keep hips square
88033,RIGHT,167.2,167.9,169.2,170.9,172.2,178.6,2.6,179.5,169.6,0.842,UP,0,0,0,FORM ISSUE,Pelvis tilting - keep hips square
88066,RIGHT,166.4,169.4,168.1,170.2,169.8,178.1,3.4,179.3,168.8,0.853,UP,0,0,0,FORM ISSUE,Pelvis tilting - keep hips square
88100,RIGHT,168.6,170.3,167.5,169.8,169.8,176.8,3.9,177.9,165.4,0.862,UP,0,0,0,FORM ISSUE,Pelvis tilting - keep hips square
88133,RIGHT,168.0,168.5,167.4,169.1,168.9,175.4,4.3,178.0,164.5,0.87,UP,0,0,0,FORM ISSUE,Pelvis tilting - keep hips square
88166,RIGHT,167.9,169.2,167.6,169.1,169.6,175.9,3.9,177.8,162.6,0.876,UP,0,0,0,FORM ISSUE,Pelvis tilting - keep hips square
88200,RIGHT,169.9,168.1,168.2,169.1,170.5,176.0,3.2,178.3,163.6,0.881,UP,0,0,0,FORM ISSUE,Pelvis tilting - keep hips square
88233,RIGHT,167.7,168.5,168.4,168.9,170.1,176.4,2.3,179.4,167.0,0.884,UP,0,0,0,FORM ISSUE,Pelvis tilting - keep hips square
88266,RIGHT,166.1,168.1,167.9,168.5,170.5,176.4,1.4,179.6,169.2,0.886,UP,0,0,0,FORM ISSUE,Pelvis tilting - keep hips square
88300,RIGHT,165.0,168.5,167.3,168.5,171.1,176.6,0.4,178.6,169.8,0.889,UP,0,0,0,FORM ISSUE,Pelvis tilting - keep hips square
88333,RIGHT,166.1,169.4,166.9,168.5,172.1,177.9,0.0,177.9,171.5,0.891,UP,0,0,0,FORM ISSUE,Pelvis tilting - keep hips square
88366,RIGHT,166.7,170.5,166.3,169.0,173.1,179.6,1.1,176.3,172.5,0.894,UP,0,0,0,FORM ISSUE,Pelvis tilting - keep hips square
88400,RIGHT,166.4,170.9,166.0,169.5,173.8,179.8,1.7,173.5,174.8,0.897,UP,0,0,0,FORM ISSUE,Pelvis tilting - keep hips square
88433,RIGHT,167.3,170.7,166.3,170.0,175.6,179.6,2.5,171.7,177.4,0.897,UP,0,0,0,FORM ISSUE,Pelvis tilting - keep hips square
88466,RIGHT,166.7,170.6,166.6,170.4,176.5,178.4,3.5,169.7,177.5,0.897,UP,0,0,0,FORM ISSUE,Pelvis tilting - keep hips square
88500,RIGHT,166.1,170.3,166.6,170.6,175.9,178.2,3.6,165.8,175.5,0.896,UP,0,0,0,FORM ISSUE,Pelvis tilting - keep hips square
88533,RIGHT,164.8,169.6,166.2,170.4,174.7,177.9,3.9,165.5,174.1,0.893,UP,0,0,0,FORM ISSUE,Pelvis tilting - keep hips square
88566,RIGHT,163.7,169.7,165.7,170.2,174.3,177.7,4.0,165.2,174.3,0.89,UP,0,0,0,FORM ISSUE,Pelvis tilting - keep hips square
88600,RIGHT,164.9,169.7,165.2,170.0,175.5,177.9,4.2,164.8,173.8,0.888,UP,0,0,0,FORM ISSUE,Pelvis tilting - keep hips square
88633,RIGHT,164.9,169.9,164.9,169.8,174.6,177.6,4.2,164.5,174.3,0.886,UP,0,0,0,FORM ISSUE,Pelvis tilting - keep hips square
88666,RIGHT,167.4,170.1,165.1,169.8,175.1,177.3,4.2,164.6,173.4,0.886,UP,0,0,0,FORM ISSUE,Pelvis tilting - keep hips square
88700,RIGHT,167.0,172.1,165.6,170.3,175.3,176.3,4.6,164.7,173.4,0.887,UP,0,0,0,FORM ISSUE,Pelvis tilting - keep hips square
88733,RIGHT,166.4,173.2,166.1,171.0,174.6,176.0,4.5,166.2,173.0,0.888,UP,0,0,0,FORM ISSUE,Pelvis tilting - keep hips square
88766,RIGHT,170.7,173.7,167.3,171.8,176.2,176.7,4.2,166.7,173.5,0.89,UP,0,0,0,FORM ISSUE,Pelvis tilting - keep hips square
88800,RIGHT,168.9,172.7,168.1,172.4,175.0,178.2,3.5,166.6,174.4,0.891,UP,0,0,0,FORM ISSUE,Pelvis tilting - keep hips square
88833,RIGHT,168.9,171.6,168.4,172.7,175.1,179.8,2.9,166.7,174.6,0.891,UP,0,0,0,FORM ISSUE,Pelvis tilting - keep hips square
88866,RIGHT,166.9,171.1,168.4,172.5,175.5,179.9,3.0,164.9,174.5,0.889,UP,0,0,0,FORM ISSUE,Pelvis tilting - keep hips square
88900,RIGHT,166.8,169.6,168.4,171.8,177.0,179.7,3.1,162.6,174.5,0.883,UP,0,0,0,FORM ISSUE,Pelvis tilting - keep hips square
88933,RIGHT,165.7,167.1,167.4,170.5,177.1,179.6,2.4,161.4,173.3,0.873,UP,0,0,0,FORM ISSUE,Pelvis tilting - keep hips square
88966,RIGHT,167.6,165.5,167.2,169.0,178.3,179.3,2.6,161.8,173.5,0.863,UP,0,0,0,FORM ISSUE,Pelvis tilting - keep hips square
89000,RIGHT,169.0,166.5,167.2,168.0,179.0,179.8,2.7,162.0,173.8,0.852,UP,0,0,0,FORM ISSUE,Pelvis tilting - keep hips square
89033,RIGHT,169.4,166.7,167.7,167.1,178.9,179.8,2.6,163.2,174.2,0.842,UP,0,0,0,FORM ISSUE,Pelvis tilting - keep hips square
89066,RIGHT,169.4,166.7,168.2,166.5,179.3,179.9,2.8,164.0,174.0,0.835,UP,0,0,0,FORM ISSUE,Pelvis tilting - keep hips square
89100,RIGHT,169.4,168.2,168.9,166.7,179.5,178.5,3.3,165.2,177.0,0.83,UP,0,0,0,FORM ISSUE,Pelvis tilting - keep hips square
89133,RIGHT,169.1,167.4,169.2,167.1,178.7,179.6,2.8,166.9,177.7,0.825,UP,0,0,0,FORM ISSUE,Pelvis tilting - keep hips square
89166,RIGHT,173.3,166.2,170.1,167.0,178.9,175.7,1.4,170.0,179.5,0.822,UP,0,0,0,FORM ISSUE,Pelvis tilting - keep hips square
89200,RIGHT,173.4,168.8,170.9,167.5,177.6,178.4,0.9,173.0,177.2,0.822,UP,0,0,0,FORM ISSUE,Pelvis tilting - keep hips square
89233,RIGHT,174.9,168.6,172.0,167.8,177.6,177.6,0.2,172.0,177.7,0.823,UP,0,0,0,FORM ISSUE,Pelvis tilting - keep hips square
89266,RIGHT,172.9,164.1,172.7,167.0,175.8,176.7,0.2,172.3,178.2,0.827,UP,0,0,0,FORM ISSUE,Pelvis tilting - keep hips square
89300,RIGHT,175.5,165.5,174.0,166.6,177.9,178.1,0.2,173.1,177.6,0.831,UP,0,0,0,FORM ISSUE,Pelvis tilting - keep hips square
89333,RIGHT,177.8,168.9,174.9,167.2,179.2,179.0,0.7,173.9,175.4,0.836,UP,0,0,0,FORM ISSUE,Pelvis tilting - keep hips square
89366,RIGHT,176.1,168.2,175.5,167.0,178.2,177.7,0.1,173.7,175.0,0.84,UP,0,0,0,FORM ISSUE,Pelvis tilting - keep hips square
89400,RIGHT,174.1,174.1,175.3,168.1,175.6,175.0,0.7,174.2,175.4,0.845,UP,0,0,0,FORM ISSUE,Pelvis tilting - keep hips square
89433,RIGHT,173.0,168.0,175.3,168.9,175.9,176.3,0.1,173.9,174.3,0.848,UP,0,0,0,FORM ISSUE,Pelvis tilting - keep hips square
89466,RIGHT,168.3,169.9,173.9,169.8,177.6,177.8,0.1,174.3,172.0,0.848,UP,0,0,0,FORM ISSUE,Pelvis tilting - keep hips square
89500,LEFT,170.7,165.2,172.4,169.1,178.5,178.1,0.0,174.1,172.6,0.844,UP,0,0,0,FORM ISSUE,Pelvis tilting - keep hips square
89533,LEFT,170.1,163.5,171.2,168.1,179.1,179.1,0.1,173.9,172.6,0.837,UP,0,0,0,FORM ISSUE,Pelvis tilting - keep hips square
89566,RIGHT,172.7,169.8,171.0,167.3,178.8,177.9,0.0,174.2,173.3,0.828,UP,0,0,0,FORM ISSUE,Pelvis tilting - keep hips square
89600,RIGHT,174.0,172.0,171.1,168.1,179.9,177.7,0.1,175.0,173.1,0.819,UP,0,0,0,FORM ISSUE,Pelvis tilting - keep hips square
89633,RIGHT,173.8,172.0,172.2,168.5,179.4,177.7,0.0,175.1,173.1,0.812,UP,0,0,0,FORM ISSUE,Pelvis tilting - keep hips square
89666,RIGHT,174.1,171.9,172.9,169.8,178.5,175.8,0.4,174.6,173.1,0.812,UP,0,0,0,FORM ISSUE,Pelvis tilting - keep hips square
89700,RIGHT,169.2,164.2,172.8,170.0,175.6,179.4,1.0,174.5,172.5,0.816,UP,0,0,0,FORM ISSUE,Pelvis tilting - keep hips square
89733,RIGHT,158.8,142.3,170.0,164.5,171.1,169.8,2.3,173.1,172.6,0.821,UP,0,0,0,FORM ISSUE,Pelvis tilting - keep hips square
89766,RIGHT,150.8,134.7,165.3,157.0,166.1,165.4,4.2,170.4,175.2,0.827,UP,0,0,0,FORM ISSUE,Pelvis tilting - keep hips square
89800,LEFT,139.8,146.7,158.5,152.0,159.5,174.5,6.6,173.3,175.9,0.833,UP,0,0,0,FORM ISSUE,Pelvis tilting - keep hips square
89833,RIGHT,145.8,143.8,152.9,146.4,180.0,160.0,9.5,169.3,177.1,0.836,UP,0,0,0,FORM ISSUE,Pelvis tilting - keep hips square
89866,RIGHT,155.2,147.0,150.1,142.9,178.3,160.0,10.8,169.0,178.0,0.838,UP,0,0,0,FORM ISSUE,Pelvis tilting - keep hips square
89900,RIGHT,159.6,162.0,150.2,146.8,175.7,165.9,11.0,169.2,174.6,0.837,UP,0,0,0,FORM ISSUE,Pelvis tilting - keep hips square
89933,RIGHT,151.5,159.1,150.4,151.7,174.4,162.9,11.6,158.7,170.0,0.834,DOWN,0,0,0,FORM ISSUE,Pelvis tilting - keep hips square
89966,RIGHT,145.6,149.6,151.5,152.3,179.8,161.7,10.7,160.4,172.7,0.826,DOWN,0,0,0,FORM ISSUE,Pelvis tilting - keep hips square
90000,RIGHT,147.6,148.2,151.9,153.2,178.8,163.6,10.4,159.3,174.0,0.816,DOWN,0,0,0,FORM ISSUE,Pelvis tilting - keep hips square
90033,RIGHT,152.4,147.3,151.3,153.2,178.3,158.3,9.5,152.0,173.3,0.801,DOWN,0,0,0,FORM ISSUE,Pelvis tilting - keep hips square
90066,RIGHT,156.2,153.7,150.6,151.6,175.6,160.3,8.5,159.8,174.9,0.781,DOWN,0,0,0,FORM ISSUE,Pelvis tilting - keep hips square
90100,LEFT,155.9,163.7,151.5,152.5,159.2,175.9,6.5,163.4,176.4,0.765,DOWN,0,0,0,FORM ISSUE,Pelvis tilting - keep hips square
90133,LEFT,156.1,154.8,153.6,153.6,158.7,179.9,4.8,169.2,176.7,0.754,DOWN,0,0,0,FORM ISSUE,Pelvis tilting - keep hips square
90166,LEFT,148.6,148.9,153.8,153.7,156.9,176.0,4.8,166.6,178.1,0.747,DOWN,0,0,0,FORM ISSUE,Pelvis tilting - keep hips square
90200,LEFT,153.1,154.0,154.0,155.0,159.1,174.3,3.6,169.3,177.9,0.748,DOWN,0,0,0,FORM ISSUE,Pelvis tilting - keep hips square
90233,LEFT,147.6,155.5,152.3,155.4,157.1,172.9,3.5,176.2,178.5,0.753,DOWN,0,0,0,FORM ISSUE,Pelvis tilting - keep hips square
90266,LEFT,134.7,155.2,148.0,153.7,150.1,171.8,3.5,178.4,179.0,0.755,DOWN,0,0,0,FORM ISSUE,Pelvis tilting - keep hips square
90300,LEFT,131.0,140.9,143.0,150.9,149.8,175.4,3.8,176.7,178.2,0.755,DOWN,0,0,0,FORM ISSUE,Pelvis tilting - keep hips square
90333,LEFT,136.1,151.2,140.5,151.3,150.8,176.3,2.8,167.3,176.0,0.753,DOWN,0,0,0,FORM ISSUE,Pelvis tilting - keep hips square
90366,LEFT,129.3,146.0,135.7,149.7,144.2,178.9,2.3,169.7,176.9,0.746,DOWN,0,0,0,FORM ISSUE,Pelvis tilting - keep hips square
90400,LEFT,125.7,145.8,131.3,147.8,140.4,179.8,2.4,173.4,178.5,0.739,DOWN,0,0,0,FORM ISSUE,Pelvis tilting - keep hips square
90433,LEFT,124.7,142.6,129.3,145.3,136.4,177.4,2.3,177.4,179.7,0.733,DOWN,0,0,0,FORM ISSUE,Pelvis tilting - keep hips square
90466,LEFT,115.2,135.6,126.2,144.2,132.3,170.7,1.9,167.6,179.7,0.724,DOWN,0,0,0,FORM ISSUE,Pelvis tilting - keep hips square
90500,LEFT,114.6,137.1,121.9,141.4,133.8,169.9,2.1,163.7,175.4,0.714,DOWN,0,0,0,FORM ISSUE,Pelvis tilting - keep hips square
90533,LEFT,104.6,127.2,116.9,137.7,130.3,165.1,1.8,165.9,178.4,0.706,DOWN,0,0,0,FORM ISSUE,Pelvis tilting - keep hips square
90566,LEFT,105.5,121.5,112.9,132.8,127.5,156.0,2.2,165.4,177.8,0.691,DOWN,0,0,0,FORM ISSUE,Pelvis tilting - keep hips square
90600,LEFT,106.4,111.1,109.3,126.5,131.3,147.6,2.7,164.5,177.4,0.671,DOWN,0,0,0,FORM ISSUE,Pelvis tilting - keep hips square
90633,LEFT,93.8,73.7,105.0,114.1,137.3,142.1,2.7,168.6,179.1,0.644,DOWN,0,0,0,FORM ISSUE,Pelvis tilting - keep hips square
90666,LEFT,84.9,67.6,99.0,100.2,146.7,142.2,3.2,161.2,175.9,0.61,DOWN,0,0,0,FORM ISSUE,Pelvis tilting - keep hips square
90700,LEFT,82.0,64.7,94.5,87.7,148.8,141.0,2.9,160.0,176.2,0.568,DOWN,0,0,0,FORM ISSUE,Pelvis tilting - keep hips square
90733,RIGHT,55.1,54.5,84.4,74.3,138.7,159.3,2.8,158.3,176.9,0.524,DOWN,0,0,0,FORM ISSUE,Pelvis tilting - keep hips square
90766,,,,,,,,,,,0.48,DOWN,0,0,0,LOW CONFIDENCE,Adjust camera view
90800,,,,,,,,,,,0.444,DOWN,0,0,0,LOW CONFIDENCE,Adjust camera view
90833,,,,,,,,,,,0.414,DOWN,0,0,0,LOW CONFIDENCE,Adjust camera view
90866,,,,,,,,,,,0.389,DOWN,0,0,0,LOW CONFIDENCE,Adjust camera view
90900,,,,,,,,,,,0.369,DOWN,0,0,0,LOW CONFIDENCE,Adjust camera view
90933,,,,,,,,,,,0.355,DOWN,0,0,0,LOW CONFIDENCE,Adjust camera view
90966,,,,,,,,,,,0.34,DOWN,0,0,0,LOW CONFIDENCE,Adjust camera view
91000,,,,,,,,,,,0.328,DOWN,0,0,0,LOW CONFIDENCE,Adjust camera view
91033,,,,,,,,,,,0.318,DOWN,0,0,0,LOW CONFIDENCE,Adjust camera view
91066,,,,,,,,,,,0.309,DOWN,0,0,0,LOW CONFIDENCE,Adjust camera view
91100,,,,,,,,,,,0.298,DOWN,0,0,0,LOW CONFIDENCE,Adjust camera view
91133,,,,,,,,,,,0.286,DOWN,0,0,0,LOW CONFIDENCE,Adjust camera view
91166,,,,,,,,,,,0.276,DOWN,0,0,0,LOW CONFIDENCE,Adjust camera view
91200,,,,,,,,,,,0.275,DOWN,0,0,0,LOW CONFIDENCE,Adjust camera view
91233,,,,,,,,,,,0.28,DOWN,0,0,0,LOW CONFIDENCE,Adjust camera view
91266,,,,,,,,,,,0.291,DOWN,0,0,0,LOW CONFIDENCE,Adjust camera view
91300,,,,,,,,,,,0.308,DOWN,0,0,0,LOW CONFIDENCE,Adjust camera view
91333,,,,,,,,,,,0.326,DOWN,0,0,0,LOW CONFIDENCE,Adjust camera view
91366,,,,,,,,,,,0.34,DOWN,0,0,0,LOW CONFIDENCE,Adjust camera view
91400,,,,,,,,,,,0.354,DOWN,0,0,0,LOW CONFIDENCE,Adjust camera view
91433,,,,,,,,,,,0.373,DOWN,0,0,0,LOW CONFIDENCE,Adjust camera view
91466,,,,,,,,,,,0.391,DOWN,0,0,0,LOW CONFIDENCE,Adjust camera view
91500,,,,,,,,,,,0.414,DOWN,0,0,0,LOW CONFIDENCE,Adjust camera view
91533,,,,,,,,,,,0.435,DOWN,0,0,0,LOW CONFIDENCE,Adjust camera view
91566,,,,,,,,,,,0.449,DOWN,0,0,0,LOW CONFIDENCE,Adjust camera view
91600,,,,,,,,,,,0.453,DOWN,0,0,0,LOW CONFIDENCE,Adjust camera view
91633,,,,,,,,,,,0.448,DOWN,0,0,0,LOW CONFIDENCE,Adjust camera view
91666,,,,,,,,,,,0.431,DOWN,0,0,0,LOW CONFIDENCE,Adjust camera view
91700,,,,,,,,,,,0.41,DOWN,0,0,0,LOW CONFIDENCE,Adjust camera view
91733,,,,,,,,,,,0.383,DOWN,0,0,0,LOW CONFIDENCE,Adjust camera view
91766,,,,,,,,,,,0.359,DOWN,0,0,0,LOW CONFIDENCE,Adjust camera view
91800,,,,,,,,,,,0.338,DOWN,0,0,0,LOW CONFIDENCE,Adjust camera view
91833,,,,,,,,,,,0.321,DOWN,0,0,0,LOW CONFIDENCE,Adjust camera view
91866,,,,,,,,,,,0.304,DOWN,0,0,0,LOW CONFIDENCE,Adjust camera view
91900,,,,,,,,,,,0.292,DOWN,0,0,0,LOW CONFIDENCE,Adjust camera view
91933,,,,,,,,,,,0.284,DOWN,0,0,0,LOW CONFIDENCE,Adjust camera view
91966,,,,,,,,,,,0.281,DOWN,0,0,0,LOW CONFIDENCE,Adjust camera view
92000,,,,,,,,,,,0.284,DOWN,0,0,0,LOW CONFIDENCE,Adjust camera view
92033,,,,,,,,,,,0.299,DOWN,0,0,0,LOW CONFIDENCE,Adjust camera view
92066,,,,,,,,,,,0.324,DOWN,0,0,0,LOW CONFIDENCE,Adjust camera view
92100,,,,,,,,,,,0.355,DOWN,0,0,0,LOW CONFIDENCE,Adjust camera view
92133,,,,,,,,,,,0.392,DOWN,0,0,0,LOW CONFIDENCE,Adjust camera view
92166,,,,,,,,,,,0.431,DOWN,0,0,0,LOW CONFIDENCE,Adjust camera view
92200,,,,,,,,,,,0.464,DOWN,0,0,0,LOW CONFIDENCE,Adjust camera view
92233,,,,,,,,,,,0.491,DOWN,0,0,0,LOW CONFIDENCE,Adjust camera view
92266,LEFT,143.7,151.2,91.9,82.3,158.7,175.9,7.7,164.7,158.9,0.514,DOWN,0,0,0,FORM ISSUE,Pelvis tilting - keep hips square
92300,LEFT,164.6,172.0,106.0,102.0,170.0,172.7,6.3,169.1,171.2,0.523,DOWN,0,0,0,FORM ISSUE,Pelvis tilting - keep hips square
92333,LEFT,171.8,171.1,123.4,122.7,171.8,171.5,4.8,180.0,163.3,0.532,DOWN,0,0,0,FORM ISSUE,Pelvis tilting - keep hips square
92366,LEFT,172.0,172.9,141.4,144.3,173.3,173.9,2.7,177.9,165.2,0.534,DOWN,0,0,0,FORM ISSUE,Pelvis tilting - keep hips square
92400,LEFT,174.7,175.1,165.4,168.5,176.4,173.4,0.9,177.6,169.4,0.528,DOWN,0,0,0,FORM ISSUE,Pelvis tilting - keep hips square
92433,RIGHT,175.9,174.3,171.8,173.1,174.2,177.1,0.0,179.8,169.7,0.511,DOWN,0,0,0,FORM ISSUE,Pelvis tilting - keep hips square
92466,,,,,,,,,,,0.498,DOWN,0,0,0,LOW CONFIDENCE,Adjust camera view
92500,,,,,,,,,,,0.476,DOWN,0,0,0,LOW CONFIDENCE,Adjust camera view
92533,,,,,,,,,,,0.456,DOWN,0,0,0,LOW CONFIDENCE,Adjust camera view
92566,,,,,,,,,,,0.447,DOWN,0,0,0,LOW CONFIDENCE,Adjust camera view
92600,,,,,,,,,,,0.449,DOWN,0,0,0,LOW CONFIDENCE,Adjust camera view
92633,,,,,,,,,,,0.46,DOWN,0,0,0,LOW CONFIDENCE,Adjust camera view
92666,,,,,,,,,,,0.481,DOWN,0,0,0,LOW CONFIDENCE,Adjust camera view
92700,RIGHT,175.2,175.5,173.9,173.8,174.1,176.9,1.1,177.2,170.4,0.511,DOWN,0,0,0,FORM ISSUE,Pelvis tilting - keep hips square
92733,RIGHT,174.9,175.8,174.5,174.8,174.1,177.4,0.8,174.6,172.3,0.542,DOWN,0,0,0,FORM ISSUE,Pelvis tilting - keep hips square
92766,RIGHT,174.3,178.9,175.0,175.9,173.9,177.2,0.8,176.2,173.3,0.573,DOWN,0,0,0,FORM ISSUE,Pelvis tilting - keep hips square
92800,RIGHT,173.9,177.1,174.9,176.3,173.0,177.6,0.7,178.7,173.8,0.603,DOWN,0,0,0,FORM ISSUE,Pelvis tilting - keep hips square
92833,LEFT,175.1,172.2,174.7,175.9,178.4,171.3,0.0,179.0,173.3,0.631,UP,0,0,0,FORM ISSUE,Pelvis tilting - keep hips square
92866,LEFT,177.0,172.6,175.1,175.3,174.3,169.4,2.4,168.5,173.8,0.657,UP,0,0,0,FORM ISSUE,Pelvis tilting - keep hips square
92900,LEFT,179.2,171.6,175.9,174.5,175.0,166.5,1.6,167.9,174.9,0.68,UP,0,0,0,FORM ISSUE,Pelvis tilting - keep hips square
92933,LEFT,180.0,170.0,177.0,172.7,174.2,167.1,2.2,169.3,174.9,0.699,UP,0,0,0,FORM ISSUE,Pelvis tilting - keep hips square
92966,LEFT,179.9,172.9,178.2,171.9,174.6,168.2,2.2,171.6,177.2,0.711,UP,0,0,0,FORM ISSUE,Pelvis tilting - keep hips square
93000,RIGHT,175.4,179.2,178.3,173.3,167.7,175.1,1.7,172.9,175.4,0.719,UP,0,0,0,FORM ISSUE,Pelvis tilting - keep hips square
93033,RIGHT,173.7,179.9,177.6,174.7,167.8,174.5,1.9,173.0,175.2,0.723,UP,0,0,0,FORM ISSUE,Pelvis tilting - keep hips square
93066,RIGHT,176.8,179.2,177.1,176.2,168.2,175.2,1.2,173.8,174.8,0.724,UP,0,0,0,FORM ISSUE,Pelvis tilting - keep hips square
93100,RIGHT,176.2,180.0,176.4,178.2,166.6,175.9,0.2,174.7,175.3,0.723,UP,0,0,0,FORM ISSUE,Pelvis tilting - keep hips square
93133,RIGHT,178.3,179.9,176.1,179.6,165.0,176.1,1.2,177.9,175.6,0.711,UP,0,0,0,FORM ISSUE,Pelvis tilting - keep hips square
93166,RIGHT,169.5,177.9,174.9,179.4,162.7,176.5,1.9,176.0,175.8,0.692,UP,0,0,0,FORM ISSUE,Pelvis tilting - keep hips square
93200,RIGHT,173.0,177.6,174.8,178.9,169.2,173.3,0.2,175.3,176.5,0.664,UP,0,0,0,FORM ISSUE,Pelvis tilting - keep hips square
93233,RIGHT,170.7,174.8,173.6,178.0,166.0,172.0,0.3,177.5,177.5,0.628,UP,0,0,0,FORM ISSUE,Pelvis tilting - keep hips square
93266,RIGHT,165.4,179.9,171.4,178.0,165.8,171.6,1.2,172.0,177.8,0.582,UP,0,0,0,FORM ISSUE,Pelvis tilting - keep hips square
93300,LEFT,104.6,117.5,156.6,165.5,161.7,122.6,3.2,163.8,173.7,0.549,UP,0,0,0,FORM ISSUE,Pelvis tilting - keep hips square
93333,LEFT,130.3,136.8,148.8,157.3,159.1,140.2,3.8,166.7,171.9,0.516,UP,0,0,0,FORM ISSUE,Pelvis tilting - keep hips square
93366,,,,,,,,,,,0.484,UP,0,0,0,LOW CONFIDENCE,Adjust camera view
93400,,,,,,,,,,,0.457,UP,0,0,0,LOW CONFIDENCE,Adjust camera view
93433,,,,,,,,,,,0.435,UP,0,0,0,LOW CONFIDENCE,Adjust camera view
93466,,,,,,,,,,,0.406,UP,0,0,0,LOW CONFIDENCE,Adjust camera view
93500,,,,,,,,,,,0.38,UP,0,0,0,LOW CONFIDENCE,Adjust camera view
93533,,,,,,,,,,,0.355,UP,0,0,0,LOW CONFIDENCE,Adjust camera view
93566,,,,,,,,,,,0.33,UP,0,0,0,LOW CONFIDENCE,Adjust camera view
93600,,,,,,,,,,,0.307,UP,0,0,0,LOW CONFIDENCE,Adjust camera view
93633,,,,,,,,,,,0.285,UP,0,0,0,LOW CONFIDENCE,Adjust camera view
93666,,,,,,,,,,,0.265,UP,0,0,0,LOW CONFIDENCE,Adjust camera view
93700,,,,,,,,,,,0.246,UP,0,0,0,LOW CONFIDENCE,Adjust camera view
93733,,,,,,,,,,,0.226,UP,0,0,0,LOW CONFIDENCE,Adjust camera view
93766,,,,,,,,,,,0.208,UP,0,0,0,LOW CONFIDENCE,Adjust camera view
93800,,,,,,,,,,,0.192,UP,0,0,0,LOW CONFIDENCE,Adjust camera view
93833,,,,,,,,,,,0.178,UP,0,0,0,LOW CONFIDENCE,Adjust camera view
93866,,,,,,,,,,,0.166,UP,0,0,0,LOW CONFIDENCE,Adjust camera view
93900,,,,,,,,,,,0.159,UP,0,0,0,LOW CONFIDENCE,Adjust camera view
93933,,,,,,,,,,,0.157,UP,0,0,0,LOW CONFIDENCE,Adjust camera view
93966,,,,,,,,,,,0.156,UP,0,0,0,LOW CONFIDENCE,Adjust camera view
94000,,,,,,,,,,,0.156,UP,0,0,0,LOW CONFIDENCE,Adjust camera view
94033,,,,,,,,,,,0.157,UP,0,0,0,LOW CONFIDENCE,Adjust camera view
94066,,,,,,,,,,,0.154,UP,0,0,0,LOW CONFIDENCE,Adjust camera view
94100,,,,,,,,,,,0.148,UP,0,0,0,LOW CONFIDENCE,Adjust camera view
94133,,,,,,,,,,,0.141,UP,0,0,0,LOW CONFIDENCE,Adjust camera view
94166,,,,,,,,,,,0.136,UP,0,0,0,LOW CONFIDENCE,Adjust camera view
94200,,,,,,,,,,,0.129,UP,0,0,0,LOW CONFIDENCE,Adjust camera view
94233,,,,,,,,,,,0.122,UP,0,0,0,LOW CONFIDENCE,Adjust camera view
94266,,,,,,,,,,,0.115,UP,0,0,0,LOW CONFIDENCE,Adjust camera view
94300,,,,,,,,,,,0.11,UP,0,0,0,LOW CONFIDENCE,Adjust camera view
94333,,,,,,,,,,,0.104,UP,0,0,0,LOW CONFIDENCE,Adjust camera view
94366,,,,,,,,,,,0.099,UP,0,0,0,LOW CONFIDENCE,Adjust camera view
94400,,,,,,,,,,,0.095,UP,0,0,0,LOW CONFIDENCE,Adjust camera view
94433,,,,,,,,,,,0.091,UP,0,0,0,LOW CONFIDENCE,Adjust camera view
94466,,,,,,,,,,,0.087,UP,0,0,0,LOW CONFIDENCE,Adjust camera view
94500,,,,,,,,,,,0.083,UP,0,0,0,LOW CONFIDENCE,Adjust camera view
94533,,,,,,,,,,,0.08,UP,0,0,0,LOW CONFIDENCE,Adjust camera view
94566,,,,,,,,,,,0.077,UP,0,0,0,LOW CONFIDENCE,Adjust camera view
94600,,,,,,,,,,,0.074,UP,0,0,0,LOW CONFIDENCE,Adjust camera view
94633,,,,,,,,,,,0.074,UP,0,0,0,LOW CONFIDENCE,Adjust camera view
94666,,,,,,,,,,,0.073,UP,0,0,0,LOW CONFIDENCE,Adjust camera view
94700,,,,,,,,,,,0.074,UP,0,0,0,LOW CONFIDENCE,Adjust camera view
94733,,,,,,,,,,,0.074,UP,0,0,0,LOW CONFIDENCE,Adjust camera view
94766,,,,,,,,,,,0.075,UP,0,0,0,LOW CONFIDENCE,Adjust camera view
94800,,,,,,,,,,,0.075,UP,0,0,0,LOW CONFIDENCE,Adjust camera view
94833,,,,,,,,,,,0.074,UP,0,0,0,LOW CONFIDENCE,Adjust camera view
94866,,,,,,,,,,,0.073,UP,0,0,0,LOW CONFIDENCE,Adjust camera view
94900,,,,,,,,,,,0.071,UP,0,0,0,LOW CONFIDENCE,Adjust camera view
94933,,,,,,,,,,,0.07,UP,0,0,0,LOW CONFIDENCE,Adjust camera view
94966,,,,,,,,,,,0.069,UP,0,0,0,LOW CONFIDENCE,Adjust camera view
95000,,,,,,,,,,,0.068,UP,0,0,0,LOW CONFIDENCE,Adjust camera view
95033,,,,,,,,,,,0.067,UP,0,0,0,LOW CONFIDENCE,Adjust camera view
95066,,,,,,,,,,,0.066,UP,0,0,0,LOW CONFIDENCE,Adjust camera view
95100,,,,,,,,,,,0.064,UP,0,0,0,LOW CONFIDENCE,Adjust camera view
95133,,,,,,,,,,,0.062,UP,0,0,0,LOW CONFIDENCE,Adjust camera view
95166,,,,,,,,,,,0.061,UP,0,0,0,LOW CONFIDENCE,Adjust camera view
95200,,,,,,,,,,,0.06,UP,0,0,0,LOW CONFIDENCE,Adjust camera view
95233,,,,,,,,,,,0.059,UP,0,0,0,LOW CONFIDENCE,Adjust camera view
95266,,,,,,,,,,,0.059,UP,0,0,0,LOW CONFIDENCE,Adjust camera view
95300,,,,,,,,,,,0.06,UP,0,0,0,LOW CONFIDENCE,Adjust camera view
95333,,,,,,,,,,,0.06,UP,0,0,0,LOW CONFIDENCE,Adjust camera view
95366,,,,,,,,,,,0.062,UP,0,0,0,LOW CONFIDENCE,Adjust camera view
95400,,,,,,,,,,,0.064,UP,0,0,0,LOW CONFIDENCE,Adjust camera view
95433,,,,,,,,,,,0.065,UP,0,0,0,LOW CONFIDENCE,Adjust camera view
95466,,,,,,,,,,,0.066,UP,0,0,0,LOW CONFIDENCE,Adjust camera view
95500,,,,,,,,,,,0.065,UP,0,0,0,LOW CONFIDENCE,Adjust camera view
95533,,,,,,,,,,,0.064,UP,0,0,0,LOW CONFIDENCE,Adjust camera view
95566,,,,,,,,,,,0.063,UP,0,0,0,LOW CONFIDENCE,Adjust camera view
95600,,,,,,,,,,,0.063,UP,0,0,0,LOW CONFIDENCE,Adjust camera view
95633,,,,,,,,,,,0.065,UP,0,0,0,LOW CONFIDENCE,Adjust camera view
95666,,,,,,,,,,,0.07,UP,0,0,0,LOW CONFIDENCE,Adjust camera view
95700,,,,,,,,,,,0.075,UP,0,0,0,LOW CONFIDENCE,Adjust camera view
95733,,,,,,,,,,,0.081,UP,0,0,0,LOW CONFIDENCE,Adjust camera view
95766,,,,,,,,,,,0.087,UP,0,0,0,LOW CONFIDENCE,Adjust camera view
95800,,,,,,,,,,,0.092,UP,0,0,0,LOW CONFIDENCE,Adjust camera view
95833,,,,,,,,,,,0.095,UP,0,0,0,LOW CONFIDENCE,Adjust camera view
95866,,,,,,,,,,,0.098,UP,0,0,0,LOW CONFIDENCE,Adjust camera view
95900,,,,,,,,,,,0.101,UP,0,0,0,LOW CONFIDENCE,Adjust camera view
95933,,,,,,,,,,,0.103,UP,0,0,0,LOW CONFIDENCE,Adjust camera view
95966,,,,,,,,,,,0.102,UP,0,0,0,LOW CONFIDENCE,Adjust camera view
96000,,,,,,,,,,,0.102,UP,0,0,0,LOW CONFIDENCE,Adjust camera view
96033,,,,,,,,,,,0.101,UP,0,0,0,LOW CONFIDENCE,Adjust camera view
96066,,,,,,,,,,,0.099,UP,0,0,0,LOW CONFIDENCE,Adjust camera view
96100,,,,,,,,,,,0.097,UP,0,0,0,LOW CONFIDENCE,Adjust camera view
96133,,,,,,,,,,,0.095,UP,0,0,0,LOW CONFIDENCE,Adjust camera view
96166,,,,,,,,,,,0.093,UP,0,0,0,LOW CONFIDENCE,Adjust camera view
96200,,,,,,,,,,,0.09,UP,0,0,0,LOW CONFIDENCE,Adjust camera view
96233,,,,,,,,,,,0.087,UP,0,0,0,LOW CONFIDENCE,Adjust camera view
96266,,,,,,,,,,,0.083,UP,0,0,0,LOW CONFIDENCE,Adjust camera view
96300,,,,,,,,,,,0.079,UP,0,0,0,LOW CONFIDENCE,Adjust camera view
96333,,,,,,,,,,,0.077,UP,0,0,0,LOW CONFIDENCE,Adjust camera view
96366,,,,,,,,,,,0.074,UP,0,0,0,LOW CONFIDENCE,Adjust camera view
96400,,,,,,,,,,,0.072,UP,0,0,0,LOW CONFIDENCE,Adjust camera view
96433,,,,,,,,,,,0.07,UP,0,0,0,LOW CONFIDENCE,Adjust camera view
96466,,,,,,,,,,,0.069,UP,0,0,0,LOW CONFIDENCE,Adjust camera view
96500,,,,,,,,,,,0.067,UP,0,0,0,LOW CONFIDENCE,Adjust camera view
96533,,,,,,,,,,,0.067,UP,0,0,0,LOW CONFIDENCE,Adjust camera view
96566,,,,,,,,,,,0.069,UP,0,0,0,LOW CONFIDENCE,Adjust camera view
96600,,,,,,,,,,,0.073,UP,0,0,0,LOW CONFIDENCE,Adjust camera view
96633,,,,,,,,,,,0.078,UP,0,0,0,LOW CONFIDENCE,Adjust camera view
96666,,,,,,,,,,,0.086,UP,0,0,0,LOW CONFIDENCE,Adjust camera view
96700,,,,,,,,,,,0.093,UP,0,0,0,LOW CONFIDENCE,Adjust camera view
96733,,,,,,,,,,,0.101,UP,0,0,0,LOW CONFIDENCE,Adjust camera view
96766,,,,,,,,,,,0.107,UP,0,0,0,LOW CONFIDENCE,Adjust camera view
96800,,,,,,,,,,,0.114,UP,0,0,0,LOW CONFIDENCE,Adjust camera view
96833,,,,,,,,,,,0.117,UP,0,0,0,LOW CONFIDENCE,Adjust camera view
96866,,,,,,,,,,,0.119,UP,0,0,0,LOW CONFIDENCE,Adjust camera view
96900,,,,,,,,,,,0.119,UP,0,0,0,LOW CONFIDENCE,Adjust camera view
96933,,,,,,,,,,,0.12,UP,0,0,0,LOW CONFIDENCE,Adjust camera view
96966,,,,,,,,,,,0.117,UP,0,0,0,LOW CONFIDENCE,Adjust camera view
97000,,,,,,,,,,,0.115,UP,0,0,0,LOW CONFIDENCE,Adjust camera view
97033,,,,,,,,,,,0.113,UP,0,0,0,LOW CONFIDENCE,Adjust camera view
97066,,,,,,,,,,,0.111,UP,0,0,0,LOW CONFIDENCE,Adjust camera view
97100,,,,,,,,,,,0.107,UP,0,0,0,LOW CONFIDENCE,Adjust camera view
97133,,,,,,,,,,,0.106,UP,0,0,0,LOW CONFIDENCE,Adjust camera view
97166,,,,,,,,,,,0.104,UP,0,0,0,LOW CONFIDENCE,Adjust camera view
97200,,,,,,,,,,,0.104,UP,0,0,0,LOW CONFIDENCE,Adjust camera view
97233,,,,,,,,,,,0.104,UP,0,0,0,LOW CONFIDENCE,Adjust camera view
97266,,,,,,,,,,,0.104,UP,0,0,0,LOW CONFIDENCE,Adjust camera view
97300,,,,,,,,,,,0.101,UP,0,0,0,LOW CONFIDENCE,Adjust camera view
97333,,,,,,,,,,,0.099,UP,0,0,0,LOW CONFIDENCE,Adjust camera view
97366,,,,,,,,,,,0.096,UP,0,0,0,LOW CONFIDENCE,Adjust camera view
97400,,,,,,,,,,,0.094,UP,0,0,0,LOW CONFIDENCE,Adjust camera view
97433,,,,,,,,,,,0.092,UP,0,0,0,LOW CONFIDENCE,Adjust camera view
97466,,,,,,,,,,,0.09,UP,0,0,0,LOW CONFIDENCE,Adjust camera view
97500,,,,,,,,,,,0.087,UP,0,0,0,LOW CONFIDENCE,Adjust camera view
97533,,,,,,,,,,,0.085,UP,0,0,0,LOW CONFIDENCE,Adjust camera view
97566,,,,,,,,,,,0.084,UP,0,0,0,LOW CONFIDENCE,Adjust camera view
97600,,,,,,,,,,,0.084,UP,0,0,0,LOW CONFIDENCE,Adjust camera view
97633,,,,,,,,,,,0.084,UP,0,0,0,LOW CONFIDENCE,Adjust camera view
97666,,,,,,,,,,,0.084,UP,0,0,0,LOW CONFIDENCE,Adjust camera view
97700,,,,,,,,,,,0.082,UP,0,0,0,LOW CONFIDENCE,Adjust camera view
97733,,,,,,,,,,,0.08,UP,0,0,0,LOW CONFIDENCE,Adjust camera view
97766,,,,,,,,,,,0.08,UP,0,0,0,LOW CONFIDENCE,Adjust camera view
97800,,,,,,,,,,,0.083,UP,0,0,0,LOW CONFIDENCE,Adjust camera view
97833,,,,,,,,,,,0.087,UP,0,0,0,LOW CONFIDENCE,Adjust camera view
97866,,,,,,,,,,,0.093,UP,0,0,0,LOW CONFIDENCE,Adjust camera view
97900,,,,,,,,,,,0.098,UP,0,0,0,LOW CONFIDENCE,Adjust camera view
97933,,,,,,,,,,,0.101,UP,0,0,0,LOW CONFIDENCE,Adjust camera view
97966,,,,,,,,,,,0.102,UP,0,0,0,LOW CONFIDENCE,Adjust camera view
0,,,,,,,,,,,0.139,UP,0,0,0,LOW CONFIDENCE,Adjust camera view
33,,,,,,,,,,,0.138,UP,0,0,0,LOW CONFIDENCE,Adjust camera view
66,,,,,,,,,,,0.136,UP,0,0,0,LOW CONFIDENCE,Adjust camera view
100,,,,,,,,,,,0.134,UP,0,0,0,LOW CONFIDENCE,Adjust camera view
133,,,,,,,,,,,0.133,UP,0,0,0,LOW CONFIDENCE,Adjust camera view
166,,,,,,,,,,,0.131,UP,0,0,0,LOW CONFIDENCE,Adjust camera view
200,,,,,,,,,,,0.129,UP,0,0,0,LOW CONFIDENCE,Adjust camera view
233,,,,,,,,,,,0.128,UP,0,0,0,LOW CONFIDENCE,Adjust camera view
266,,,,,,,,,,,0.127,UP,0,0,0,LOW CONFIDENCE,Adjust camera view
300,,,,,,,,,,,0.127,UP,0,0,0,LOW CONFIDENCE,Adjust camera view
333,,,,,,,,,,,0.126,UP,0,0,0,LOW CONFIDENCE,Adjust camera view
366,,,,,,,,,,,0.124,UP,0,0,0,LOW CONFIDENCE,Adjust camera view
400,,,,,,,,,,,0.123,UP,0,0,0,LOW CONFIDENCE,Adjust camera view
433,,,,,,,,,,,0.122,UP,0,0,0,LOW CONFIDENCE,Adjust camera view
466,,,,,,,,,,,0.12,UP,0,0,0,LOW CONFIDENCE,Adjust camera view
500,,,,,,,,,,,0.12,UP,0,0,0,LOW CONFIDENCE,Adjust camera view
533,,,,,,,,,,,0.12,UP,0,0,0,LOW CONFIDENCE,Adjust camera view
566,,,,,,,,,,,0.118,UP,0,0,0,LOW CONFIDENCE,Adjust camera view
600,,,,,,,,,,,0.118,UP,0,0,0,LOW CONFIDENCE,Adjust camera view
633,,,,,,,,,,,0.118,UP,0,0,0,LOW CONFIDENCE,Adjust camera view
666,,,,,,,,,,,0.117,UP,0,0,0,LOW CONFIDENCE,Adjust camera view
700,,,,,,,,,,,0.117,UP,0,0,0,LOW CONFIDENCE,Adjust camera view
733,,,,,,,,,,,0.117,UP,0,0,0,LOW CONFIDENCE,Adjust camera view
766,,,,,,,,,,,0.118,UP,0,0,0,LOW CONFIDENCE,Adjust camera view
800,,,,,,,,,,,0.117,UP,0,0,0,LOW CONFIDENCE,Adjust camera view
833,,,,,,,,,,,0.116,UP,0,0,0,LOW CONFIDENCE,Adjust camera view
866,,,,,,,,,,,0.116,UP,0,0,0,LOW CONFIDENCE,Adjust camera view
900,,,,,,,,,,,0.116,UP,0,0,0,LOW CONFIDENCE,Adjust camera view
933,,,,,,,,,,,0.115,UP,0,0,0,LOW CONFIDENCE,Adjust camera view
966,,,,,,,,,,,0.114,UP,0,0,0,LOW CONFIDENCE,Adjust camera view
1000,,,,,,,,,,,0.114,UP,0,0,0,LOW CONFIDENCE,Adjust camera view
1033,,,,,,,,,,,0.115,UP,0,0,0,LOW CONFIDENCE,Adjust camera view
1066,,,,,,,,,,,0.115,UP,0,0,0,LOW CONFIDENCE,Adjust camera view
1100,,,,,,,,,,,0.117,UP,0,0,0,LOW CONFIDENCE,Adjust camera view
1133,,,,,,,,,,,0.118,UP,0,0,0,LOW CONFIDENCE,Adjust camera view
1166,,,,,,,,,,,0.119,UP,0,0,0,LOW CONFIDENCE,Adjust camera view
1200,,,,,,,,,,,0.119,UP,0,0,0,LOW CONFIDENCE,Adjust camera view
1233,,,,,,,,,,,0.118,UP,0,0,0,LOW CONFIDENCE,Adjust camera view
1266,,,,,,,,,,,0.116,UP,0,0,0,LOW CONFIDENCE,Adjust camera view
1300,,,,,,,,,,,0.114,UP,0,0,0,LOW CONFIDENCE,Adjust camera view
1333,,,,,,,,,,,0.113,UP,0,0,0,LOW CONFIDENCE,Adjust camera view
1366,,,,,,,,,,,0.111,UP,0,0,0,LOW CONFIDENCE,Adjust camera view
1400,,,,,,,,,,,0.111,UP,0,0,0,LOW CONFIDENCE,Adjust camera view
1433,,,,,,,,,,,0.11,UP,0,0,0,LOW CONFIDENCE,Adjust camera view
1466,,,,,,,,,,,0.111,UP,0,0,0,LOW CONFIDENCE,Adjust camera view
1500,,,,,,,,,,,0.112,UP,0,0,0,LOW CONFIDENCE,Adjust camera view
1533,,,,,,,,,,,0.113,UP,0,0,0,LOW CONFIDENCE,Adjust camera view
1566,,,,,,,,,,,0.113,UP,0,0,0,LOW CONFIDENCE,Adjust camera view
1600,,,,,,,,,,,0.113,UP,0,0,0,LOW CONFIDENCE,Adjust camera view
1633,,,,,,,,,,,0.113,UP,0,0,0,LOW CONFIDENCE,Adjust camera view
1666,,,,,,,,,,,0.114,UP,0,0,0,LOW CONFIDENCE,Adjust camera view
1700,,,,,,,,,,,0.115,UP,0,0,0,LOW CONFIDENCE,Adjust camera view
1733,,,,,,,,,,,0.115,UP,0,0,0,LOW CONFIDENCE,Adjust camera view
1766,,,,,,,,,,,0.117,UP,0,0,0,LOW CONFIDENCE,Adjust camera view
1800,,,,,,,,,,,0.118,UP,0,0,0,LOW CONFIDENCE,Adjust camera view
1833,,,,,,,,,,,0.117,UP,0,0,0,LOW CONFIDENCE,Adjust camera view
1866,,,,,,,,,,,0.116,UP,0,0,0,LOW CONFIDENCE,Adjust camera view
1900,,,,,,,,,,,0.116,UP,0,0,0,LOW CONFIDENCE,Adjust camera view
1933,,,,,,,,,,,0.116,UP,0,0,0,LOW CONFIDENCE,Adjust camera view
1966,,,,,,,,,,,0.117,UP,0,0,0,LOW CONFIDENCE,Adjust camera view
2000,,,,,,,,,,,0.119,UP,0,0,0,LOW CONFIDENCE,Adjust camera view
2033,,,,,,,,,,,0.121,UP,0,0,0,LOW CONFIDENCE,Adjust camera view
2066,,,,,,,,,,,0.122,UP,0,0,0,LOW CONFIDENCE,Adjust camera view
2100,,,,,,,,,,,0.122,UP,0,0,0,LOW CONFIDENCE,Adjust camera view
2133,,,,,,,,,,,0.12,UP,0,0,0,LOW CONFIDENCE,Adjust camera view
2166,,,,,,,,,,,0.118,UP,0,0,0,LOW CONFIDENCE,Adjust camera view
2200,,,,,,,,,,,0.116,UP,0,0,0,LOW CONFIDENCE,Adjust camera view
2233,,,,,,,,,,,0.115,UP,0,0,0,LOW CONFIDENCE,Adjust camera view
2266,,,,,,,,,,,0.113,UP,0,0,0,LOW CONFIDENCE,Adjust camera view
2300,,,,,,,,,,,0.113,UP,0,0,0,LOW CONFIDENCE,Adjust camera view
2333,,,,,,,,,,,0.113,UP,0,0,0,LOW CONFIDENCE,Adjust camera view
2366,,,,,,,,,,,0.113,UP,0,0,0,LOW CONFIDENCE,Adjust camera view
2400,,,,,,,,,,,0.113,UP,0,0,0,LOW CONFIDENCE,Adjust camera view
2433,,,,,,,,,,,0.113,UP,0,0,0,LOW CONFIDENCE,Adjust camera view
2466,,,,,,,,,,,0.114,UP,0,0,0,LOW CONFIDENCE,Adjust camera view
2500,,,,,,,,,,,0.114,UP,0,0,0,LOW CONFIDENCE,Adjust camera view
2533,,,,,,,,,,,0.114,UP,0,0,0,LOW CONFIDENCE,Adjust camera view
2566,,,,,,,,,,,0.115,UP,0,0,0,LOW CONFIDENCE,Adjust camera view
2600,,,,,,,,,,,0.115,UP,0,0,0,LOW CONFIDENCE,Adjust camera view
2633,,,,,,,,,,,0.116,UP,0,0,0,LOW CONFIDENCE,Adjust camera view
2666,,,,,,,,,,,0.116,UP,0,0,0,LOW CONFIDENCE,Adjust camera view
2700,,,,,,,,,,,0.117,UP,0,0,0,LOW CONFIDENCE,Adjust camera view
2733,,,,,,,,,,,0.118,UP,0,0,0,LOW CONFIDENCE,Adjust camera view
2766,,,,,,,,,,,0.118,UP,0,0,0,LOW CONFIDENCE,Adjust camera view
2800,,,,,,,,,,,0.118,UP,0,0,0,LOW CONFIDENCE,Adjust camera view
2833,,,,,,,,,,,0.118,UP,0,0,0,LOW CONFIDENCE,Adjust camera view
2866,,,,,,,,,,,0.117,UP,0,0,0,LOW CONFIDENCE,Adjust camera view
2900,,,,,,,,,,,0.117,UP,0,0,0,LOW CONFIDENCE,Adjust camera view
2933,,,,,,,,,,,0.118,UP,0,0,0,LOW CONFIDENCE,Adjust camera view
2966,,,,,,,,,,,0.118,UP,0,0,0,LOW CONFIDENCE,Adjust camera view
3000,,,,,,,,,,,0.118,UP,0,0,0,LOW CONFIDENCE,Adjust camera view
3033,,,,,,,,,,,0.118,UP,0,0,0,LOW CONFIDENCE,Adjust camera view
3066,,,,,,,,,,,0.119,UP,0,0,0,LOW CONFIDENCE,Adjust camera view
3100,,,,,,,,,,,0.119,UP,0,0,0,LOW CONFIDENCE,Adjust camera view
3133,,,,,,,,,,,0.119,UP,0,0,0,LOW CONFIDENCE,Adjust camera view
3166,,,,,,,,,,,0.12,UP,0,0,0,LOW CONFIDENCE,Adjust camera view
3200,,,,,,,,,,,0.12,UP,0,0,0,LOW CONFIDENCE,Adjust camera view
3233,,,,,,,,,,,0.12,UP,0,0,0,LOW CONFIDENCE,Adjust camera view
3266,,,,,,,,,,,0.12,UP,0,0,0,LOW CONFIDENCE,Adjust camera view
3300,,,,,,,,,,,0.12,UP,0,0,0,LOW CONFIDENCE,Adjust camera view
3333,,,,,,,,,,,0.12,UP,0,0,0,LOW CONFIDENCE,Adjust camera view
3366,,,,,,,,,,,0.121,UP,0,0,0,LOW CONFIDENCE,Adjust camera view
3400,,,,,,,,,,,0.12,UP,0,0,0,LOW CONFIDENCE,Adjust camera view
3433,,,,,,,,,,,0.119,UP,0,0,0,LOW CONFIDENCE,Adjust camera view
3466,,,,,,,,,,,0.118,UP,0,0,0,LOW CONFIDENCE,Adjust camera view
3500,,,,,,,,,,,0.115,UP,0,0,0,LOW CONFIDENCE,Adjust camera view
3533,,,,,,,,,,,0.113,UP,0,0,0,LOW CONFIDENCE,Adjust camera view
3566,,,,,,,,,,,0.112,UP,0,0,0,LOW CONFIDENCE,Adjust camera view
3600,,,,,,,,,,,0.113,UP,0,0,0,LOW CONFIDENCE,Adjust camera view
3633,,,,,,,,,,,0.113,UP,0,0,0,LOW CONFIDENCE,Adjust camera view
3666,,,,,,,,,,,0.113,UP,0,0,0,LOW CONFIDENCE,Adjust camera view
3700,,,,,,,,,,,0.113,UP,0,0,0,LOW CONFIDENCE,Adjust camera view
3733,,,,,,,,,,,0.111,UP,0,0,0,LOW CONFIDENCE,Adjust camera view
3766,,,,,,,,,,,0.109,UP,0,0,0,LOW CONFIDENCE,Adjust camera view
3800,,,,,,,,,,,0.108,UP,0,0,0,LOW CONFIDENCE,Adjust camera view
3833,,,,,,,,,,,0.106,UP,0,0,0,LOW CONFIDENCE,Adjust camera view
3866,,,,,,,,,,,0.103,UP,0,0,0,LOW CONFIDENCE,Adjust camera view
3900,,,,,,,,,,,0.102,UP,0,0,0,LOW CONFIDENCE,Adjust camera view
3933,,,,,,,,,,,0.1,UP,0,0,0,LOW CONFIDENCE,Adjust camera view
3966,,,,,,,,,,,0.099,UP,0,0,0,LOW CONFIDENCE,Adjust camera view
4000,,,,,,,,,,,0.099,UP,0,0,0,LOW CONFIDENCE,Adjust camera view
4033,,,,,,,,,,,0.098,UP,0,0,0,LOW CONFIDENCE,Adjust camera view
4066,,,,,,,,,,,0.097,UP,0,0,0,LOW CONFIDENCE,Adjust camera view
4100,,,,,,,,,,,0.097,UP,0,0,0,LOW CONFIDENCE,Adjust camera view
4133,,,,,,,,,,,0.096,UP,0,0,0,LOW CONFIDENCE,Adjust camera view
4166,,,,,,,,,,,0.094,UP,0,0,0,LOW CONFIDENCE,Adjust camera view
4200,,,,,,,,,,,0.093,UP,0,0,0,LOW CONFIDENCE,Adjust camera view
4233,,,,,,,,,,,0.091,UP,0,0,0,LOW CONFIDENCE,Adjust camera view
4266,,,,,,,,,,,0.09,UP,0,0,0,LOW CONFIDENCE,Adjust camera view
4300,,,,,,,,,,,0.089,UP,0,0,0,LOW CONFIDENCE,Adjust camera view
4333,,,,,,,,,,,0.089,UP,0,0,0,LOW CONFIDENCE,Adjust camera view
4366,,,,,,,,,,,0.088,UP,0,0,0,LOW CONFIDENCE,Adjust camera view
4400,,,,,,,,,,,0.088,UP,0,0,0,LOW CONFIDENCE,Adjust camera view
4433,,,,,,,,,,,0.089,UP,0,0,0,LOW CONFIDENCE,Adjust camera view
4466,,,,,,,,,,,0.09,UP,0,0,0,LOW CONFIDENCE,Adjust camera view
4500,,,,,,,,,,,0.091,UP,0,0,0,LOW CONFIDENCE,Adjust camera view
4533,,,,,,,,,,,0.093,UP,0,0,0,LOW CONFIDENCE,Adjust camera view
4566,,,,,,,,,,,0.095,UP,0,0,0,LOW CONFIDENCE,Adjust camera view
4600,,,,,,,,,,,0.097,UP,0,0,0,LOW CONFIDENCE,Adjust camera view
4633,,,,,,,,,,,0.1,UP,0,0,0,LOW CONFIDENCE,Adjust camera view
4666,,,,,,,,,,,0.104,UP,0,0,0,LOW CONFIDENCE,Adjust camera view
4700,,,,,,,,,,,0.109,UP,0,0,0,LOW CONFIDENCE,Adjust camera view
4733,,,,,,,,,,,0.112,UP,0,0,0,LOW CONFIDENCE,Adjust camera view
4766,,,,,,,,,,,0.116,UP,0,0,0,LOW CONFIDENCE,Adjust camera view
4800,,,,,,,,,,,0.119,UP,0,0,0,LOW CONFIDENCE,Adjust camera view
4833,,,,,,,,,,,0.123,UP,0,0,0,LOW CONFIDENCE,Adjust camera view
4866,,,,,,,,,,,0.126,UP,0,0,0,LOW CONFIDENCE,Adjust camera view
4900,,,,,,,,,,,0.13,UP,0,0,0,LOW CONFIDENCE,Adjust camera view
4933,,,,,,,,,,,0.133,UP,0,0,0,LOW CONFIDENCE,Adjust camera view
4966,,,,,,,,,,,0.136,UP,0,0,0,LOW CONFIDENCE,Adjust camera view
5000,,,,,,,,,,,0.138,UP,0,0,0,LOW CONFIDENCE,Adjust camera view
5033,,,,,,,,,,,0.14,UP,0,0,0,LOW CONFIDENCE,Adjust camera view
5066,,,,,,,,,,,0.142,UP,0,0,0,LOW CONFIDENCE,Adjust camera view
5100,,,,,,,,,,,0.145,UP,0,0,0,LOW CONFIDENCE,Adjust camera view
5133,,,,,,,,,,,0.147,UP,0,0,0,LOW CONFIDENCE,Adjust camera view
5166,,,,,,,,,,,0.149,UP,0,0,0,LOW CONFIDENCE,Adjust camera view
5200,,,,,,,,,,,0.15,UP,0,0,0,LOW CONFIDENCE,Adjust camera view
5233,,,,,,,,,,,0.152,UP,0,0,0,LOW CONFIDENCE,Adjust camera view
5266,,,,,,,,,,,0.153,UP,0,0,0,LOW CONFIDENCE,Adjust camera view
5300,,,,,,,,,,,0.154,UP,0,0,0,LOW CONFIDENCE,Adjust camera view
5333,,,,,,,,,,,0.155,UP,0,0,0,LOW CONFIDENCE,Adjust camera view
5366,,,,,,,,,,,0.156,UP,0,0,0,LOW CONFIDENCE,Adjust camera view
5400,,,,,,,,,,,0.157,UP,0,0,0,LOW CONFIDENCE,Adjust camera view
5433,,,,,,,,,,,0.158,UP,0,0,0,LOW CONFIDENCE,Adjust camera view
5466,,,,,,,,,,,0.158,UP,0,0,0,LOW CONFIDENCE,Adjust camera view
5500,,,,,,,,,,,0.159,UP,0,0,0,LOW CONFIDENCE,Adjust camera view
5533,,,,,,,,,,,0.159,UP,0,0,0,LOW CONFIDENCE,Adjust camera view
5566,,,,,,,,,,,0.159,UP,0,0,0,LOW CONFIDENCE,Adjust camera view
5600,,,,,,,,,,,0.158,UP,0,0,0,LOW CONFIDENCE,Adjust camera view
5633,,,,,,,,,,,0.156,UP,0,0,0,LOW CONFIDENCE,Adjust camera view
5666,,,,,,,,,,,0.156,UP,0,0,0,LOW CONFIDENCE,Adjust camera view
5700,,,,,,,,,,,0.155,UP,0,0,0,LOW CONFIDENCE,Adjust camera view
5733,,,,,,,,,,,0.155,UP,0,0,0,LOW CONFIDENCE,Adjust camera view
5766,,,,,,,,,,,0.155,UP,0,0,0,LOW CONFIDENCE,Adjust camera view
5800,,,,,,,,,,,0.156,UP,0,0,0,LOW CONFIDENCE,Adjust camera view
5833,,,,,,,,,,,0.156,UP,0,0,0,LOW CONFIDENCE,Adjust camera view
5866,,,,,,,,,,,0.155,UP,0,0,0,LOW CONFIDENCE,Adjust camera view
5900,,,,,,,,,,,0.156,UP,0,0,0,LOW CONFIDENCE,Adjust camera view
5933,,,,,,,,,,,0.158,UP,0,0,0,LOW CONFIDENCE,Adjust camera view
5966,,,,,,,,,,,0.158,UP,0,0,0,LOW CONFIDENCE,Adjust camera view
6000,,,,,,,,,,,0.161,UP,0,0,0,LOW CONFIDENCE,Adjust camera view
6033,,,,,,,,,,,0.164,UP,0,0,0,LOW CONFIDENCE,Adjust camera view
6066,,,,,,,,,,,0.168,UP,0,0,0,LOW CONFIDENCE,Adjust camera view
6100,,,,,,,,,,,0.173,UP,0,0,0,LOW CONFIDENCE,Adjust camera view
6133,,,,,,,,,,,0.177,UP,0,0,0,LOW CONFIDENCE,Adjust camera view
6166,,,,,,,,,,,0.179,UP,0,0,0,LOW CONFIDENCE,Adjust camera view
6200,,,,,,,,,,,0.179,UP,0,0,0,LOW CONFIDENCE,Adjust camera view
6233,,,,,,,,,,,0.176,UP,0,0,0,LOW CONFIDENCE,Adjust camera view
6266,,,,,,,,,,,0.169,UP,0,0,0,LOW CONFIDENCE,Adjust camera view
6300,,,,,,,,,,,0.163,UP,0,0,0,LOW CONFIDENCE,Adjust camera view
6333,,,,,,,,,,,0.157,UP,0,0,0,LOW CONFIDENCE,Adjust camera view
6366,,,,,,,,,,,0.151,UP,0,0,0,LOW CONFIDENCE,Adjust camera view
6400,,,,,,,,,,,0.145,UP,0,0,0,LOW CONFIDENCE,Adjust camera view
6433,,,,,,,,,,,0.14,UP,0,0,0,LOW CONFIDENCE,Adjust camera view
6466,,,,,,,,,,,0.136,UP,0,0,0,LOW CONFIDENCE,Adjust camera view
6500,,,,,,,,,,,0.131,UP,0,0,0,LOW CONFIDENCE,Adjust camera view
6533,,,,,,,,,,,0.128,UP,0,0,0,LOW CONFIDENCE,Adjust camera view
6566,,,,,,,,,,,0.124,UP,0,0,0,LOW CONFIDENCE,Adjust camera view
6600,,,,,,,,,,,0.12,UP,0,0,0,LOW CONFIDENCE,Adjust camera view
6633,,,,,,,,,,,0.118,UP,0,0,0,LOW CONFIDENCE,Adjust camera view
6666,,,,,,,,,,,0.117,UP,0,0,0,LOW CONFIDENCE,Adjust camera view
6700,,,,,,,,,,,0.117,UP,0,0,0,LOW CONFIDENCE,Adjust camera view
6733,,,,,,,,,,,0.119,UP,0,0,0,LOW CONFIDENCE,Adjust camera view
6766,,,,,,,,,,,0.121,UP,0,0,0,LOW CONFIDENCE,Adjust camera view
6800,,,,,,,,,,,0.125,UP,0,0,0,LOW CONFIDENCE,Adjust camera view
6833,,,,,,,,,,,0.13,UP,0,0,0,LOW CONFIDENCE,Adjust camera view
6866,,,,,,,,,,,0.133,UP,0,0,0,LOW CONFIDENCE,Adjust camera view
6900,,,,,,,,,,,0.135,UP,0,0,0,LOW CONFIDENCE,Adjust camera view
6933,,,,,,,,,,,0.137,UP,0,0,0,LOW CONFIDENCE,Adjust camera view
6966,,,,,,,,,,,0.137,UP,0,0,0,LOW CONFIDENCE,Adjust camera view
7000,,,,,,,,,,,0.135,UP,0,0,0,LOW CONFIDENCE,Adjust camera view
7033,,,,,,,,,,,0.132,UP,0,0,0,LOW CONFIDENCE,Adjust camera view
7066,,,,,,,,,,,0.128,UP,0,0,0,LOW CONFIDENCE,Adjust camera view
7100,,,,,,,,,,,0.124,UP,0,0,0,LOW CONFIDENCE,Adjust camera view
7133,,,,,,,,,,,0.122,UP,0,0,0,LOW CONFIDENCE,Adjust camera view
7166,,,,,,,,,,,0.126,UP,0,0,0,LOW CONFIDENCE,Adjust camera view
7200,,,,,,,,,,,0.136,UP,0,0,0,LOW CONFIDENCE,Adjust camera view
7233,,,,,,,,,,,0.158,UP,0,0,0,LOW CONFIDENCE,Adjust camera view
7266,,,,,,,,,,,0.184,UP,0,0,0,LOW CONFIDENCE,Adjust camera view
7300,,,,,,,,,,,0.215,UP,0,0,0,LOW CONFIDENCE,Adjust camera view
7333,,,,,,,,,,,0.241,UP,0,0,0,LOW CONFIDENCE,Adjust camera view
7366,,,,,,,,,,,0.262,UP,0,0,0,LOW CONFIDENCE,Adjust camera view
7400,,,,,,,,,,,0.267,UP,0,0,0,LOW CONFIDENCE,Adjust camera view
7433,,,,,,,,,,,0.266,UP,0,0,0,LOW CONFIDENCE,Adjust camera view
7466,,,,,,,,,,,0.26,UP,0,0,0,LOW CONFIDENCE,Adjust camera view
7500,,,,,,,,,,,0.252,UP,0,0,0,LOW CONFIDENCE,Adjust camera view
7533,,,,,,,,,,,0.244,UP,0,0,0,LOW CONFIDENCE,Adjust camera view
7566,,,,,,,,,,,0.238,UP,0,0,0,LOW CONFIDENCE,Adjust camera view
7600,,,,,,,,,,,0.234,UP,0,0,0,LOW CONFIDENCE,Adjust camera view
7633,,,,,,,,,,,0.23,UP,0,0,0,LOW CONFIDENCE,Adjust camera view
7666,,,,,,,,,,,0.227,UP,0,0,0,LOW CONFIDENCE,Adjust camera view
7700,,,,,,,,,,,0.223,UP,0,0,0,LOW CONFIDENCE,Adjust camera view
7733,,,,,,,,,,,0.218,UP,0,0,0,LOW CONFIDENCE,Adjust camera view
7766,,,,,,,,,,,0.173,UP,0,0,0,NO PERSON,Step into frame
7800,,,,,,,,,,,0.127,UP,0,0,0,NO PERSON,Step into frame
7833,,,,,,,,,,,0.084,UP,0,0,0,NO PERSON,Step into frame
7866,,,,,,,,,,,0.041,UP,0,0,0,NO PERSON,Step into frame
7900,,,,,,,,,,,0.0,UP,0,0,0,NO PERSON,Step into frame
7933,,,,,,,,,,,0.0,UP,0,0,0,NO PERSON,Step into frame
7966,,,,,,,,,,,0.0,UP,0,0,0,NO PERSON,Step into frame
8000,,,,,,,,,,,0.0,UP,0,0,0,NO PERSON,Step into frame
8033,,,,,,,,,,,0.0,UP,0,0,0,NO PERSON,Step into frame
8066,,,,,,,,,,,0.0,UP,0,0,0,NO PERSON,Step into frame
8100,,,,,,,,,,,0.0,UP,0,0,0,NO PERSON,Step into frame
8133,,,,,,,,,,,0.0,UP,0,0,0,NO PERSON,Step into frame
8166,,,,,,,,,,,0.0,UP,0,0,0,NO PERSON,Step into frame
8200,,,,,,,,,,,0.0,UP,0,0,0,NO PERSON,Step into frame
8233,,,,,,,,,,,0.0,UP,0,0,0,NO PERSON,Step into frame
8266,,,,,,,,,,,0.0,UP,0,0,0,NO PERSON,Step into frame
8300,,,,,,,,,,,0.0,UP,0,0,0,NO PERSON,Step into frame
8333,,,,,,,,,,,0.0,UP,0,0,0,NO PERSON,Step into frame
8366,,,,,,,,,,,0.0,UP,0,0,0,NO PERSON,Step into frame
8400,,,,,,,,,,,0.0,UP,0,0,0,NO PERSON,Step into frame
8433,,,,,,,,,,,0.0,UP,0,0,0,NO PERSON,Step into frame
8466,,,,,,,,,,,0.0,UP,0,0,0,NO PERSON,Step into frame
8500,,,,,,,,,,,0.0,UP,0,0,0,NO PERSON,Step into frame
8533,,,,,,,,,,,0.0,UP,0,0,0,NO PERSON,Step into frame
8566,,,,,,,,,,,0.0,UP,0,0,0,NO PERSON,Step into frame
8600,,,,,,,,,,,0.0,UP,0,0,0,NO PERSON,Step into frame
8633,,,,,,,,,,,0.0,UP,0,0,0,NO PERSON,Step into frame
8666,,,,,,,,,,,0.0,UP,0,0,0,NO PERSON,Step into frame
8700,,,,,,,,,,,0.0,UP,0,0,0,NO PERSON,Step into frame
8733,,,,,,,,,,,0.0,UP,0,0,0,NO PERSON,Step into frame
8766,,,,,,,,,,,0.0,UP,0,0,0,NO PERSON,Step into frame
8800,,,,,,,,,,,0.0,UP,0,0,0,NO PERSON,Step into frame
8833,,,,,,,,,,,0.0,UP,0,0,0,NO PERSON,Step into frame
8866,,,,,,,,,,,0.0,UP,0,0,0,NO PERSON,Step into frame
8900,,,,,,,,,,,0.0,UP,0,0,0,NO PERSON,Step into frame
8933,,,,,,,,,,,0.0,UP,0,0,0,NO PERSON,Step into frame
8966,,,,,,,,,,,0.0,UP,0,0,0,NO PERSON,Step into frame
9000,,,,,,,,,,,0.0,UP,0,0,0,NO PERSON,Step into frame
9033,,,,,,,,,,,0.0,UP,0,0,0,NO PERSON,Step into frame
9066,,,,,,,,,,,0.0,UP,0,0,0,NO PERSON,Step into frame
9100,,,,,,,,,,,0.0,UP,0,0,0,NO PERSON,Step into frame
9133,,,,,,,,,,,0.0,UP,0,0,0,NO PERSON,Step into frame
9166,,,,,,,,,,,0.0,UP,0,0,0,NO PERSON,Step into frame
9200,,,,,,,,,,,0.0,UP,0,0,0,NO PERSON,Step into frame
9233,,,,,,,,,,,0.0,UP,0,0,0,NO PERSON,Step into frame
9266,,,,,,,,,,,0.0,UP,0,0,0,NO PERSON,Step into frame
9300,,,,,,,,,,,0.0,UP,0,0,0,NO PERSON,Step into frame
9333,,,,,,,,,,,0.0,UP,0,0,0,NO PERSON,Step into frame
9366,,,,,,,,,,,0.0,UP,0,0,0,NO PERSON,Step into frame
9400,,,,,,,,,,,0.0,UP,0,0,0,NO PERSON,Step into frame
9433,,,,,,,,,,,0.0,UP,0,0,0,NO PERSON,Step into frame
9466,,,,,,,,,,,0.0,UP,0,0,0,NO PERSON,Step into frame
9500,,,,,,,,,,,0.0,UP,0,0,0,NO PERSON,Step into frame
9533,,,,,,,,,,,0.0,UP,0,0,0,NO PERSON,Step into frame
9566,,,,,,,,,,,0.0,UP,0,0,0,NO PERSON,Step into frame
9600,,,,,,,,,,,0.0,UP,0,0,0,NO PERSON,Step into frame
9633,,,,,,,,,,,0.0,UP,0,0,0,NO PERSON,Step into frame
9666,,,,,,,,,,,0.0,UP,0,0,0,NO PERSON,Step into frame
9700,,,,,,,,,,,0.0,UP,0,0,0,NO PERSON,Step into frame
9733,,,,,,,,,,,0.0,UP,0,0,0,NO PERSON,Step into frame
9766,,,,,,,,,,,0.0,UP,0,0,0,NO PERSON,Step into frame
9800,,,,,,,,,,,0.0,UP,0,0,0,NO PERSON,Step into frame
9833,,,,,,,,,,,0.0,UP,0,0,0,NO PERSON,Step into frame
9866,,,,,,,,,,,0.0,UP,0,0,0,NO PERSON,Step into frame
9900,,,,,,,,,,,0.0,UP,0,0,0,NO PERSON,Step into frame
9933,,,,,,,,,,,0.0,UP,0,0,0,NO PERSON,Step into frame
9966,,,,,,,,,,,0.0,UP,0,0,0,NO PERSON,Step into frame
10000,,,,,,,,,,,0.0,UP,0,0,0,NO PERSON,Step into frame
10033,,,,,,,,,,,0.049,UP,0,0,0,LOW CONFIDENCE,Adjust camera view
10066,,,,,,,,,,,0.098,UP,0,0,0,LOW CONFIDENCE,Adjust camera view
10100,,,,,,,,,,,0.146,UP,0,0,0,LOW CONFIDENCE,Adjust camera view
10133,,,,,,,,,,,0.196,UP,0,0,0,LOW CONFIDENCE,Adjust camera view
10166,,,,,,,,,,,0.25,UP,0,0,0,LOW CONFIDENCE,Adjust camera view
10200,,,,,,,,,,,0.256,UP,0,0,0,LOW CONFIDENCE,Adjust camera view
10233,,,,,,,,,,,0.26,UP,0,0,0,LOW CONFIDENCE,Adjust camera view
10266,,,,,,,,,,,0.263,UP,0,0,0,LOW CONFIDENCE,Adjust camera view
10300,,,,,,,,,,,0.26,UP,0,0,0,LOW CONFIDENCE,Adjust camera view
10333,,,,,,,,,,,0.207,UP,0,0,0,NO PERSON,Step into frame
10366,,,,,,,,,,,0.152,UP,0,0,0,NO PERSON,Step into frame
10400,,,,,,,,,,,0.099,UP,0,0,0,NO PERSON,Step into frame
10433,,,,,,,,,,,0.048,UP,0,0,0,NO PERSON,Step into frame
10466,,,,,,,,,,,0.0,UP,0,0,0,NO PERSON,Step into frame
10500,,,,,,,,,,,0.0,UP,0,0,0,NO PERSON,Step into frame
10533,,,,,,,,,,,0.0,UP,0,0,0,NO PERSON,Step into frame
10566,,,,,,,,,,,0.0,UP,0,0,0,NO PERSON,Step into frame
10600,,,,,,,,,,,0.0,UP,0,0,0,NO PERSON,Step into frame
10633,,,,,,,,,,,0.062,UP,0,0,0,LOW CONFIDENCE,Adjust camera view
10666,,,,,,,,,,,0.136,UP,0,0,0,LOW CONFIDENCE,Adjust camera view
10700,,,,,,,,,,,0.221,UP,0,0,0,LOW CONFIDENCE,Adjust camera view
10733,,,,,,,,,,,0.221,UP,0,0,0,NO PERSON,Step into frame
10766,,,,,,,,,,,0.311,UP,0,0,0,LOW CONFIDENCE,Adjust camera view
10800,,,,,,,,,,,0.347,UP,0,0,0,LOW CONFIDENCE,Adjust camera view
10833,,,,,,,,,,,0.374,UP,0,0,0,LOW CONFIDENCE,Adjust camera view
10866,,,,,,,,,,,0.397,UP,0,0,0,LOW CONFIDENCE,Adjust camera view
10900,RIGHT,154.0,177.5,154.0,177.5,142.8,147.8,56.1,109.1,51.2,0.508,UP,0,0,0,FORM ISSUE,Keep torso upright - don't lean forward
10933,LEFT,173.5,152.6,163.8,165.0,137.1,166.8,54.9,40.3,27.0,0.533,UP,0,0,0,FORM ISSUE,Keep torso upright - don't lean forward
10966,LEFT,166.4,165.9,164.7,165.3,132.5,156.9,56.7,113.6,89.0,0.548,UP,0,0,0,FORM ISSUE,Keep torso upright - don't lean forward
11000,LEFT,156.3,155.8,162.6,163.0,123.5,154.7,56.0,101.8,51.5,0.554,UP,0,0,0,FORM ISSUE,Keep torso upright - don't lean forward
11033,LEFT,132.8,129.8,156.6,156.3,119.9,144.4,56.7,122.8,28.9,0.549,UP,0,0,0,FORM ISSUE,Keep torso upright - don't lean forward
11066,LEFT,125.2,124.5,150.9,145.7,110.7,128.5,59.2,168.3,42.7,0.536,UP,0,0,0,FORM ISSUE,Keep torso upright - don't lean forward
11100,LEFT,114.3,123.8,139.0,140.0,111.5,123.6,57.3,176.3,43.2,0.514,UP,0,0,0,FORM ISSUE,Keep torso upright - don't lean forward
11133,,,,,,,,,,,0.494,UP,0,0,0,LOW CONFIDENCE,Adjust camera view
11166,,,,,,,,,,,0.475,UP,0,0,0,LOW CONFIDENCE,Adjust camera view
11200,,,,,,,,,,,0.458,UP,0,0,0,LOW CONFIDENCE,Adjust camera view
11233,,,,,,,,,,,0.445,UP,0,0,0,LOW CONFIDENCE,Adjust camera view
11266,,,,,,,,,,,0.435,UP,0,0,0,LOW CONFIDENCE,Adjust camera view
11300,,,,,,,,,,,0.424,UP,0,0,0,LOW CONFIDENCE,Adjust camera view
11333,,,,,,,,,,,0.415,UP,0,0,0,LOW CONFIDENCE,Adjust camera view
11366,,,,,,,,,,,0.406,UP,0,0,0,LOW CONFIDENCE,Adjust camera view
11400,,,,,,,,,,,0.394,UP,0,0,0,LOW CONFIDENCE,Adjust camera view
11433,,,,,,,,,,,0.38,UP,0,0,0,LOW CONFIDENCE,Adjust camera view
11466,,,,,,,,,,,0.366,UP,0,0,0,LOW CONFIDENCE,Adjust camera view
11500,,,,,,,,,,,0.352,UP,0,0,0,LOW CONFIDENCE,Adjust camera view
11533,,,,,,,,,,,0.34,UP,0,0,0,LOW CONFIDENCE,Adjust camera view
11566,,,,,,,,,,,0.332,UP,0,0,0,LOW CONFIDENCE,Adjust camera view
11600,,,,,,,,,,,0.326,UP,0,0,0,LOW CONFIDENCE,Adjust camera view
11633,,,,,,,,,,,0.319,UP,0,0,0,LOW CONFIDENCE,Adjust camera view
11666,,,,,,,,,,,0.313,UP,0,0,0,LOW CONFIDENCE,Adjust camera view
11700,,,,,,,,,,,0.307,UP,0,0,0,LOW CONFIDENCE,Adjust camera view
11733,,,,,,,,,,,0.3,UP,0,0,0,LOW CONFIDENCE,Adjust camera view
11766,,,,,,,,,,,0.295,UP,0,0,0,LOW CONFIDENCE,Adjust camera view
11800,,,,,,,,,,,0.291,UP,0,0,0,LOW CONFIDENCE,Adjust camera view
11833,,,,,,,,,,,0.288,UP,0,0,0,LOW CONFIDENCE,Adjust camera view
11866,,,,,,,,,,,0.282,UP,0,0,0,LOW CONFIDENCE,Adjust camera view
11900,,,,,,,,,,,0.277,UP,0,0,0,LOW CONFIDENCE,Adjust camera view
11933,,,,,,,,,,,0.273,UP,0,0,0,LOW CONFIDENCE,Adjust camera view
11966,,,,,,,,,,,0.271,UP,0,0,0,LOW CONFIDENCE,Adjust camera view
12000,,,,,,,,,,,0.271,UP,0,0,0,LOW CONFIDENCE,Adjust camera view
12033,,,,,,,,,,,0.273,UP,0,0,0,LOW CONFIDENCE,Adjust camera view
12066,,,,,,,,,,,0.272,UP,0,0,0,LOW CONFIDENCE,Adjust camera view
12100,,,,,,,,,,,0.271,UP,0,0,0,LOW CONFIDENCE,Adjust camera view
12133,,,,,,,,,,,0.267,UP,0,0,0,LOW CONFIDENCE,Adjust camera view
12166,,,,,,,,,,,0.264,UP,0,0,0,LOW CONFIDENCE,Adjust camera view
12200,,,,,,,,,,,0.26,UP,0,0,0,LOW CONFIDENCE,Adjust camera view
12233,,,,,,,,,,,0.257,UP,0,0,0,LOW CONFIDENCE,Adjust camera view
12266,,,,,,,,,,,0.261,UP,0,0,0,LOW CONFIDENCE,Adjust camera view
12300,,,,,,,,,,,0.264,UP,0,0,0,LOW CONFIDENCE,Adjust camera view
12333,,,,,,,,,,,0.27,UP,0,0,0,LOW CONFIDENCE,Adjust camera view
12366,,,,,,,,,,,0.276,UP,0,0,0,LOW CONFIDENCE,Adjust camera view
12400,,,,,,,,,,,0.283,UP,0,0,0,LOW CONFIDENCE,Adjust camera view
12433,,,,,,,,,,,0.287,UP,0,0,0,LOW CONFIDENCE,Adjust camera view
12466,,,,,,,,,,,0.291,UP,0,0,0,LOW CONFIDENCE,Adjust camera view
12500,,,,,,,,,,,0.295,UP,0,0,0,LOW CONFIDENCE,Adjust camera view
12533,,,,,,,,,,,0.299,UP,0,0,0,LOW CONFIDENCE,Adjust camera view
12566,,,,,,,,,,,0.3,UP,0,0,0,LOW CONFIDENCE,Adjust camera view
12600,,,,,,,,,,,0.299,UP,0,0,0,LOW CONFIDENCE,Adjust camera view
12633,,,,,,,,,,,0.298,UP,0,0,0,LOW CONFIDENCE,Adjust camera view
12666,,,,,,,,,,,0.293,UP,0,0,0,LOW CONFIDENCE,Adjust camera view
12700,,,,,,,,,,,0.288,UP,0,0,0,LOW CONFIDENCE,Adjust camera view
12733,,,,,,,,,,,0.282,UP,0,0,0,LOW CONFIDENCE,Adjust camera view
12766,,,,,,,,,,,0.281,UP,0,0,0,LOW CONFIDENCE,Adjust camera view
12800,,,,,,,,,,,0.281,UP,0,0,0,LOW CONFIDENCE,Adjust camera view
12833,,,,,,,,,,,0.283,UP,0,0,0,LOW CONFIDENCE,Adjust camera view
12866,,,,,,,,,,,0.288,UP,0,0,0,LOW CONFIDENCE,Adjust camera view
12900,,,,,,,,,,,0.295,UP,0,0,0,LOW CONFIDENCE,Adjust camera view
12933,,,,,,,,,,,0.299,UP,0,0,0,LOW CONFIDENCE,Adjust camera view
12966,,,,,,,,,,,0.302,UP,0,0,0,LOW CONFIDENCE,Adjust camera view
13000,,,,,,,,,,,0.304,UP,0,0,0,LOW CONFIDENCE,Adjust camera view
13033,,,,,,,,,,,0.306,UP,0,0,0,LOW CONFIDENCE,Adjust camera view
13066,,,,,,,,,,,0.308,UP,0,0,0,LOW CONFIDENCE,Adjust camera view
13100,,,,,,,,,,,0.308,UP,0,0,0,LOW CONFIDENCE,Adjust camera view
13133,,,,,,,,,,,0.307,UP,0,0,0,LOW CONFIDENCE,Adjust camera view
13166,,,,,,,,,,,0.307,UP,0,0,0,LOW CONFIDENCE,Adjust camera view
13200,,,,,,,,,,,0.305,UP,0,0,0,LOW CONFIDENCE,Adjust camera view
13233,,,,,,,,,,,0.302,UP,0,0,0,LOW CONFIDENCE,Adjust camera view
13266,,,,,,,,,,,0.3,UP,0,0,0,LOW CONFIDENCE,Adjust camera view
13300,,,,,,,,,,,0.3,UP,0,0,0,LOW CONFIDENCE,Adjust camera view
13333,,,,,,,,,,,0.299,UP,0,0,0,LOW CONFIDENCE,Adjust camera view
13366,,,,,,,,,,,0.298,UP,0,0,0,LOW CONFIDENCE,Adjust camera view
13400,,,,,,,,,,,0.296,UP,0,0,0,LOW CONFIDENCE,Adjust camera view
13433,,,,,,,,,,,0.295,UP,0,0,0,LOW CONFIDENCE,Adjust camera view
13466,,,,,,,,,,,0.291,UP,0,0,0,LOW CONFIDENCE,Adjust camera view
13500,,,,,,,,,,,0.289,UP,0,0,0,LOW CONFIDENCE,Adjust camera view
13533,,,,,,,,,,,0.288,UP,0,0,0,LOW CONFIDENCE,Adjust camera view
13566,,,,,,,,,,,0.29,UP,0,0,0,LOW CONFIDENCE,Adjust camera view
13600,,,,,,,,,,,0.295,UP,0,0,0,LOW CONFIDENCE,Adjust camera view
13633,,,,,,,,,,,0.301,UP,0,0,0,LOW CONFIDENCE,Adjust camera view
13666,,,,,,,,,,,0.31,UP,0,0,0,LOW CONFIDENCE,Adjust camera view
13700,,,,,,,,,,,0.316,UP,0,0,0,LOW CONFIDENCE,Adjust camera view
13733,,,,,,,,,,,0.32,UP,0,0,0,LOW CONFIDENCE,Adjust camera view
13766,,,,,,,,,,,0.323,UP,0,0,0,LOW CONFIDENCE,Adjust camera view
13800,,,,,,,,,,,0.326,UP,0,0,0,LOW CONFIDENCE,Adjust camera view
13833,,,,,,,,,,,0.327,UP,0,0,0,LOW CONFIDENCE,Adjust camera view
13866,,,,,,,,,,,0.326,UP,0,0,0,LOW CONFIDENCE,Adjust camera view
13900,,,,,,,,,,,0.327,UP,0,0,0,LOW CONFIDENCE,Adjust camera view
13933,,,,,,,,,,,0.327,UP,0,0,0,LOW CONFIDENCE,Adjust camera view
13966,,,,,,,,,,,0.326,UP,0,0,0,LOW CONFIDENCE,Adjust camera view
14000,,,,,,,,,,,0.322,UP,0,0,0,LOW CONFIDENCE,Adjust camera view
14033,,,,,,,,,,,0.32,UP,0,0,0,LOW CONFIDENCE,Adjust camera view
14066,,,,,,,,,,,0.315,UP,0,0,0,LOW CONFIDENCE,Adjust camera view
14100,,,,,,,,,,,0.312,UP,0,0,0,LOW CONFIDENCE,Adjust camera view
14133,,,,,,,,,,,0.312,UP,0,0,0,LOW CONFIDENCE,Adjust camera view
14166,,,,,,,,,,,0.314,UP,0,0,0,LOW CONFIDENCE,Adjust camera view
14200,,,,,,,,,,,0.316,UP,0,0,0,LOW CONFIDENCE,Adjust camera view
14233,,,,,,,,,,,0.319,UP,0,0,0,LOW CONFIDENCE,Adjust camera view
14266,,,,,,,,,,,0.321,UP,0,0,0,LOW CONFIDENCE,Adjust camera view
14300,,,,,,,,,,,0.319,UP,0,0,0,LOW CONFIDENCE,Adjust camera view
14333,,,,,,,,,,,0.318,UP,0,0,0,LOW CONFIDENCE,Adjust camera view
14366,,,,,,,,,,,0.318,UP,0,0,0,LOW CONFIDENCE,Adjust camera view
14400,,,,,,,,,,,0.318,UP,0,0,0,LOW CONFIDENCE,Adjust camera view
14433,,,,,,,,,,,0.319,UP,0,0,0,LOW CONFIDENCE,Adjust camera view
14466,,,,,,,,,,,0.321,UP,0,0,0,LOW CONFIDENCE,Adjust camera view
14500,,,,,,,,,,,0.322,UP,0,0,0,LOW CONFIDENCE,Adjust camera view
14533,,,,,,,,,,,0.322,UP,0,0,0,LOW CONFIDENCE,Adjust camera view
14566,,,,,,,,,,,0.322,UP,0,0,0,LOW CONFIDENCE,Adjust camera view
14600,,,,,,,,,,,0.325,UP,0,0,0,LOW CONFIDENCE,Adjust camera view
14633,,,,,,,,,,,0.328,UP,0,0,0,LOW CONFIDENCE,Adjust camera view
14666,,,,,,,,,,,0.335,UP,0,0,0,LOW CONFIDENCE,Adjust camera view
14700,,,,,,,,,,,0.35,UP,0,0,0,LOW CONFIDENCE,Adjust camera view
14733,,,,,,,,,,,0.367,UP,0,0,0,LOW CONFIDENCE,Adjust camera view
14766,,,,,,,,,,,0.385,UP,0,0,0,LOW CONFIDENCE,Adjust camera view
14800,,,,,,,,,,,0.401,UP,0,0,0,LOW CONFIDENCE,Adjust camera view
14833,,,,,,,,,,,0.412,UP,0,0,0,LOW CONFIDENCE,Adjust camera view
14866,,,,,,,,,,,0.412,UP,0,0,0,LOW CONFIDENCE,Adjust camera view
14900,,,,,,,,,,,0.408,UP,0,0,0,LOW CONFIDENCE,Adjust camera view
14933,,,,,,,,,,,0.4,UP,0,0,0,LOW CONFIDENCE,Adjust camera view
14966,,,,,,,,,,,0.394,UP,0,0,0,LOW CONFIDENCE,Adjust camera view
15000,,,,,,,,,,,0.39,UP,0,0,0,LOW CONFIDENCE,Adjust camera view
15033,,,,,,,,,,,0.388,UP,0,0,0,LOW CONFIDENCE,Adjust camera view
15066,,,,,,,,,,,0.387,UP,0,0,0,LOW CONFIDENCE,Adjust camera view
15100,,,,,,,,,,,0.382,UP,0,0,0,LOW CONFIDENCE,Adjust camera view
15133,,,,,,,,,,,0.376,UP,0,0,0,LOW CONFIDENCE,Adjust camera view
15166,,,,,,,,,,,0.367,UP,0,0,0,LOW CONFIDENCE,Adjust camera view
15200,,,,,,,,,,,0.357,UP,0,0,0,LOW CONFIDENCE,Adjust camera view
15233,,,,,,,,,,,0.345,UP,0,0,0,LOW CONFIDENCE,Adjust camera view
15266,,,,,,,,,,,0.333,UP,0,0,0,LOW CONFIDENCE,Adjust camera view
15300,,,,,,,,,,,0.321,UP,0,0,0,LOW CONFIDENCE,Adjust camera view
15333,,,,,,,,,,,0.309,UP,0,0,0,LOW CONFIDENCE,Adjust camera view
15366,,,,,,,,,,,0.299,UP,0,0,0,LOW CONFIDENCE,Adjust camera view
15400,,,,,,,,,,,0.291,UP,0,0,0,LOW CONFIDENCE,Adjust camera view
15433,,,,,,,,,,,0.284,UP,0,0,0,LOW CONFIDENCE,Adjust camera view
15466,,,,,,,,,,,0.282,UP,0,0,0,LOW CONFIDENCE,Adjust camera view
15500,,,,,,,,,,,0.284,UP,0,0,0,LOW CONFIDENCE,Adjust camera view
15533,,,,,,,,,,,0.288,UP,0,0,0,LOW CONFIDENCE,Adjust camera view
15566,,,,,,,,,,,0.293,UP,0,0,0,LOW CONFIDENCE,Adjust camera view
15600,,,,,,,,,,,0.3,UP,0,0,0,LOW CONFIDENCE,Adjust camera view
15633,,,,,,,,,,,0.306,UP,0,0,0,LOW CONFIDENCE,Adjust camera view
15666,,,,,,,,,,,0.308,UP,0,0,0,LOW CONFIDENCE,Adjust camera view
15700,,,,,,,,,,,0.311,UP,0,0,0,LOW CONFIDENCE,Adjust camera view
15733,,,,,,,,,,,0.315,UP,0,0,0,LOW CONFIDENCE,Adjust camera view
15766,,,,,,,,,,,0.317,UP,0,0,0,LOW CONFIDENCE,Adjust camera view
15800,,,,,,,,,,,0.317,UP,0,0,0,LOW CONFIDENCE,Adjust camera view
15833,,,,,,,,,,,0.318,UP,0,0,0,LOW CONFIDENCE,Adjust camera view
15866,,,,,,,,,,,0.316,UP,0,0,0,LOW CONFIDENCE,Adjust camera view
15900,,,,,,,,,,,0.312,UP,0,0,0,LOW CONFIDENCE,Adjust camera view
15933,,,,,,,,,,,0.31,UP,0,0,0,LOW CONFIDENCE,Adjust camera view
15966,,,,,,,,,,,0.31,UP,0,0,0,LOW CONFIDENCE,Adjust camera view
16000,,,,,,,,,,,0.309,UP,0,0,0,LOW CONFIDENCE,Adjust camera view
16033,,,,,,,,,,,0.309,UP,0,0,0,LOW CONFIDENCE,Adjust camera view
16066,,,,,,,,,,,0.306,UP,0,0,0,LOW CONFIDENCE,Adjust camera view
16100,,,,,,,,,,,0.303,UP,0,0,0,LOW CONFIDENCE,Adjust camera view
16133,,,,,,,,,,,0.299,UP,0,0,0,LOW CONFIDENCE,Adjust camera view
16166,,,,,,,,,,,0.295,UP,0,0,0,LOW CONFIDENCE,Adjust camera view
16200,,,,,,,,,,,0.295,UP,0,0,0,LOW CONFIDENCE,Adjust camera view
16233,,,,,,,,,,,0.297,UP,0,0,0,LOW CONFIDENCE,Adjust camera view
16266,,,,,,,,,,,0.3,UP,0,0,0,LOW CONFIDENCE,Adjust camera view
16300,,,,,,,,,,,0.307,UP,0,0,0,LOW CONFIDENCE,Adjust camera view
16333,,,,,,,,,,,0.317,UP,0,0,0,LOW CONFIDENCE,Adjust camera view
16366,,,,,,,,,,,0.327,UP,0,0,0,LOW CONFIDENCE,Adjust camera view
16400,,,,,,,,,,,0.338,UP,0,0,0,LOW CONFIDENCE,Adjust camera view
16433,,,,,,,,,,,0.349,UP,0,0,0,LOW CONFIDENCE,Adjust camera view
16466,,,,,,,,,,,0.359,UP,0,0,0,LOW CONFIDENCE,Adjust camera view
16500,,,,,,,,,,,0.367,UP,0,0,0,LOW CONFIDENCE,Adjust camera view
16533,,,,,,,,,,,0.372,UP,0,0,0,LOW CONFIDENCE,Adjust camera view
16566,,,,,,,,,,,0.378,UP,0,0,0,LOW CONFIDENCE,Adjust camera view
16600,,,,,,,,,,,0.38,UP,0,0,0,LOW CONFIDENCE,Adjust camera view
16633,,,,,,,,,,,0.306,UP,0,0,0,NO PERSON,Step into frame
16666,,,,,,,,,,,0.31,UP,0,0,0,LOW CONFIDENCE,Adjust camera view
16700,,,,,,,,,,,0.312,UP,0,0,0,LOW CONFIDENCE,Adjust camera view
16733,,,,,,,,,,,0.312,UP,0,0,0,LOW CONFIDENCE,Adjust camera view
16766,,,,,,,,,,,0.31,UP,0,0,0,LOW CONFIDENCE,Adjust camera view
16800,,,,,,,,,,,0.385,UP,0,0,0,LOW CONFIDENCE,Adjust camera view
16833,,,,,,,,,,,0.378,UP,0,0,0,LOW CONFIDENCE,Adjust camera view
16866,,,,,,,,,,,0.372,UP,0,0,0,LOW CONFIDENCE,Adjust camera view
16900,,,,,,,,,,,0.37,UP,0,0,0,LOW CONFIDENCE,Adjust camera view
16933,,,,,,,,,,,0.373,UP,0,0,0,LOW CONFIDENCE,Adjust camera view
16966,,,,,,,,,,,0.376,UP,0,0,0,LOW CONFIDENCE,Adjust camera view
17000,,,,,,,,,,,0.38,UP,0,0,0,LOW CONFIDENCE,Adjust camera view
17033,,,,,,,,,,,0.381,UP,0,0,0,LOW CONFIDENCE,Adjust camera view
17066,,,,,,,,,,,0.382,UP,0,0,0,LOW CONFIDENCE,Adjust camera view
17100,,,,,,,,,,,0.376,UP,0,0,0,LOW CONFIDENCE,Adjust camera view
17133,,,,,,,,,,,0.367,UP,0,0,0,LOW CONFIDENCE,Adjust camera view
17166,,,,,,,,,,,0.357,UP,0,0,0,LOW CONFIDENCE,Adjust camera view
17200,,,,,,,,,,,0.345,UP,0,0,0,LOW CONFIDENCE,Adjust camera view
17233,,,,,,,,,,,0.329,UP,0,0,0,LOW CONFIDENCE,Adjust camera view
17266,,,,,,,,,,,0.312,UP,0,0,0,LOW CONFIDENCE,Adjust camera view
17300,,,,,,,,,,,0.294,UP,0,0,0,LOW CONFIDENCE,Adjust camera view
17333,,,,,,,,,,,0.277,UP,0,0,0,LOW CONFIDENCE,Adjust camera view
17366,,,,,,,,,,,0.264,UP,0,0,0,LOW CONFIDENCE,Adjust camera view
17400,,,,,,,,,,,0.257,UP,0,0,0,LOW CONFIDENCE,Adjust camera view
17433,,,,,,,,,,,0.254,UP,0,0,0,LOW CONFIDENCE,Adjust camera view
17466,,,,,,,,,,,0.259,UP,0,0,0,LOW CONFIDENCE,Adjust camera view
17500,,,,,,,,,,,0.261,UP,0,0,0,LOW CONFIDENCE,Adjust camera view
17533,,,,,,,,,,,0.261,UP,0,0,0,LOW CONFIDENCE,Adjust camera view
17566,,,,,,,,,,,0.258,UP,0,0,0,LOW CONFIDENCE,Adjust camera view
17600,,,,,,,,,,,0.258,UP,0,0,0,LOW CONFIDENCE,Adjust camera view
17633,,,,,,,,,,,0.259,UP,0,0,0,LOW CONFIDENCE,Adjust camera view
17666,,,,,,,,,,,0.206,UP,0,0,0,NO PERSON,Step into frame
17700,,,,,,,,,,,0.221,UP,0,0,0,LOW CONFIDENCE,Adjust camera view
17733,,,,,,,,,,,0.238,UP,0,0,0,LOW CONFIDENCE,Adjust camera view
17766,,,,,,,,,,,0.255,UP,0,0,0,LOW CONFIDENCE,Adjust camera view
17800,,,,,,,,,,,0.273,UP,0,0,0,LOW CONFIDENCE,Adjust camera view
17833,,,,,,,,,,,0.352,UP,0,0,0,LOW CONFIDENCE,Adjust camera view
17866,,,,,,,,,,,0.373,UP,0,0,0,LOW CONFIDENCE,Adjust camera view
17900,,,,,,,,,,,0.392,UP,0,0,0,LOW CONFIDENCE,Adjust camera view
17933,,,,,,,,,,,0.413,UP,0,0,0,LOW CONFIDENCE,Adjust camera view
17966,,,,,,,,,,,0.433,UP,0,0,0,LOW CONFIDENCE,Adjust camera view
18000,,,,,,,,,,,0.452,UP,0,0,0,LOW CONFIDENCE,Adjust camera view
18033,,,,,,,,,,,0.467,UP,0,0,0,LOW CONFIDENCE,Adjust camera view
18066,,,,,,,,,,,0.486,UP,0,0,0,LOW CONFIDENCE,Adjust camera view
18100,RIGHT,166.8,174.4,139.1,141.7,170.3,171.1,4.9,176.8,158.3,0.503,UP,0,0,0,FORM ISSUE,Pelvis tilting - keep hips square
18133,RIGHT,169.4,175.1,141.7,145.5,170.2,170.8,5.1,176.9,158.1,0.519,UP,0,0,0,FORM ISSUE,Pelvis tilting - keep hips square
18166,RIGHT,171.1,175.9,149.4,154.8,170.4,170.6,5.3,174.1,157.9,0.534,UP,0,0,0,FORM ISSUE,Pelvis tilting - keep hips square
18200,RIGHT,177.1,175.2,159.7,164.9,176.7,179.0,6.8,157.1,155.2,0.551,UP,0,0,0,FORM ISSUE,Pelvis tilting - keep hips square
18233,RIGHT,176.2,175.6,172.1,175.2,172.8,174.1,7.3,177.0,166.6,0.565,UP,0,0,0,FORM ISSUE,Pelvis tilting - keep hips square
18266,RIGHT,173.9,178.1,173.5,176.0,171.3,171.0,6.6,178.8,163.9,0.577,UP,0,0,0,FORM ISSUE,Pelvis tilting - keep hips square
18300,RIGHT,173.8,177.2,174.4,176.4,170.7,172.9,7.2,179.1,163.1,0.588,UP,0,0,0,FORM ISSUE,Pelvis tilting - keep hips square
18333,RIGHT,172.5,176.0,174.7,176.4,169.8,173.4,7.5,177.3,163.6,0.6,UP,0,0,0,FORM ISSUE,Pelvis tilting - keep hips square
18366,RIGHT,172.7,176.1,173.8,176.6,170.8,172.1,6.9,178.0,163.4,0.611,UP,0,0,0,FORM ISSUE,Pelvis tilting - keep hips square
18400,RIGHT,172.5,175.4,173.1,176.6,171.9,171.5,6.4,174.5,163.1,0.622,UP,0,0,0,FORM ISSUE,Pelvis tilting - keep hips square
18433,RIGHT,171.5,176.0,172.6,176.1,171.2,171.2,6.3,171.1,162.8,0.635,UP,0,0,0,FORM ISSUE,Pelvis tilting - keep hips square
18466,RIGHT,172.1,176.5,172.3,176.0,171.5,171.5,6.3,169.7,162.4,0.648,UP,0,0,0,FORM ISSUE,Pelvis tilting - keep hips square
18500,RIGHT,171.8,177.5,172.1,176.3,171.5,171.8,6.4,169.1,162.5,0.658,UP,0,0,0,FORM ISSUE,Pelvis tilting - keep hips square
18533,RIGHT,174.6,178.5,172.5,176.8,171.4,172.7,6.8,168.1,162.7,0.667,UP,0,0,0,FORM ISSUE,Pelvis tilting - keep hips square
18566,RIGHT,175.3,178.8,173.1,177.4,171.6,173.4,7.2,166.6,162.8,0.676,UP,0,0,0,FORM ISSUE,Pelvis tilting - keep hips square
18600,RIGHT,174.8,179.8,173.7,178.2,171.7,173.8,7.7,164.7,163.4,0.685,UP,0,0,0,FORM ISSUE,Pelvis tilting - keep hips square
18633,RIGHT,177.2,179.5,174.7,178.8,171.3,173.8,7.8,164.7,164.8,0.69,UP,0,0,0,FORM ISSUE,Pelvis tilting - keep hips square
18666,RIGHT,176.0,177.9,175.6,178.9,171.4,172.2,8.0,164.6,166.9,0.697,UP,0,0,0,FORM ISSUE,Pelvis tilting - keep hips square
18700,RIGHT,175.9,175.4,175.8,178.3,170.7,172.0,8.7,161.1,169.1,0.704,UP,0,0,0,FORM ISSUE,Pelvis tilting - keep hips square
18733,LEFT,176.0,176.4,176.0,177.8,174.1,176.1,10.9,17.5,2.6,0.708,UP,0,0,0,FORM ISSUE,Pelvis tilting - keep hips square
18766,LEFT,171.6,176.7,175.3,177.2,178.1,179.1,9.2,19.3,26.4,0.713,UP,0,0,0,FORM ISSUE,Pelvis tilting - keep hips square
18800,LEFT,178.5,174.0,175.6,176.1,172.8,175.9,10.5,3.5,6.5,0.72,UP,0,0,0,GOOD,Good Form
18833,LEFT,179.1,173.0,176.2,175.1,172.6,176.3,10.2,0.3,10.6,0.721,UP,0,0,0,GOOD,Good Form
18866,LEFT,179.8,175.0,177.0,175.0,173.7,178.8,10.6,1.7,11.7,0.718,UP,0,0,0,GOOD,Good Form
18900,LEFT,173.1,173.3,176.4,174.4,173.4,174.5,14.6,9.5,26.5,0.713,UP,0,0,0,FORM ISSUE,Shoulders uneven - keep level
18933,LEFT,175.9,174.8,177.3,174.0,171.0,177.5,14.2,16.4,6.3,0.702,UP,0,0,0,FORM ISSUE,Pelvis tilting - keep hips square
18966,LEFT,179.4,176.0,177.5,174.4,169.8,178.6,13.6,16.2,3.1,0.689,UP,0,0,0,FORM ISSUE,Pelvis tilting - keep hips square
19000,LEFT,173.6,174.0,176.4,174.6,173.8,177.3,14.3,37.8,43.7,0.675,UP,0,0,0,FORM ISSUE,Pelvis tilting - keep hips square
19033,LEFT,176.2,174.5,175.7,174.5,170.6,177.1,13.7,150.9,179.7,0.66,UP,0,0,0,FORM ISSUE,Pelvis tilting - keep hips square
19066,LEFT,175.2,174.1,176.1,174.7,171.4,179.7,12.3,1.4,1.2,0.642,UP,0,0,0,GOOD,Good Form
19100,LEFT,175.3,173.8,175.9,174.5,169.1,178.4,13.8,39.7,11.9,0.623,UP,0,0,0,FORM ISSUE,Pelvis tilting - keep hips square
19133,LEFT,169.6,175.5,174.0,174.4,173.8,177.7,13.8,20.6,40.9,0.606,UP,0,0,0,FORM ISSUE,Pelvis tilting - keep hips square
19166,LEFT,175.3,175.0,174.3,174.6,170.6,179.4,14.1,23.8,41.0,0.595,UP,0,0,0,FORM ISSUE,Pelvis tilting - keep hips square
19200,RIGHT,177.2,179.7,174.5,175.6,179.2,168.6,13.8,138.1,55.7,0.587,UP,0,0,0,FORM ISSUE,Pelvis tilting - keep hips square
19233,RIGHT,178.3,178.0,175.1,176.4,179.3,168.9,13.8,114.5,56.7,0.584,UP,0,0,0,FORM ISSUE,Pelvis tilting - keep hips square
19266,LEFT,177.5,177.2,175.6,177.1,169.5,178.3,14.2,32.2,50.6,0.584,UP,0,0,0,FORM ISSUE,Pelvis tilting - keep hips square
19300,LEFT,172.1,179.8,176.1,177.9,173.2,175.6,13.5,164.3,166.9,0.581,UP,0,0,0,FORM ISSUE,Pelvis tilting - keep hips square
19333,LEFT,172.0,178.1,175.4,178.6,172.9,175.1,13.6,159.9,155.4,0.576,UP,0,0,0,FORM ISSUE,Pelvis tilting - keep hips square
19366,RIGHT,172.9,166.6,174.6,175.9,178.6,175.3,13.4,15.6,84.1,0.571,UP,0,0,0,FORM ISSUE,Pelvis tilting - keep hips square
19400,RIGHT,175.0,171.5,173.9,174.6,178.0,174.3,13.1,13.4,59.4,0.562,UP,0,0,0,FORM ISSUE,Pelvis tilting - keep hips square
19433,RIGHT,175.4,171.0,173.5,173.4,178.0,174.5,12.9,5.7,37.4,0.552,UP,0,0,0,FORM ISSUE,Shoulders uneven - keep level
19466,RIGHT,176.4,171.5,174.4,171.7,177.2,176.5,12.5,1.6,33.4,0.544,UP,0,0,0,FORM ISSUE,Shoulders uneven - keep level
19500,RIGHT,175.7,173.2,175.1,170.7,173.8,177.2,13.0,12.2,136.4,0.535,UP,0,0,0,FORM ISSUE,Pelvis tilting - keep hips square
19533,RIGHT,178.2,175.0,176.1,172.4,176.9,175.9,12.2,168.4,173.7,0.527,UP,0,0,0,FORM ISSUE,Pelvis tilting - keep hips square
19566,RIGHT,173.8,178.5,175.9,173.8,174.0,176.9,11.4,165.1,177.5,0.522,UP,0,0,0,FORM ISSUE,Pelvis tilting - keep hips square
19600,RIGHT,178.4,176.2,176.5,174.9,177.8,177.9,10.3,168.0,179.4,0.524,UP,0,0,0,FORM ISSUE,Pelvis tilting - keep hips square
19633,LEFT,179.5,179.4,177.1,176.5,176.1,178.4,10.1,167.3,177.0,0.528,UP,0,0,0,FORM ISSUE,Pelvis tilting - keep hips square
19666,RIGHT,178.1,179.6,177.6,177.8,178.1,176.7,9.6,163.9,174.7,0.538,UP,0,0,0,FORM ISSUE,Pelvis tilting - keep hips square
19700,RIGHT,179.4,179.0,177.8,178.5,175.5,178.7,8.4,164.3,172.2,0.552,UP,0,0,0,FORM ISSUE,Pelvis tilting - keep hips square
19733,RIGHT,177.8,177.6,178.6,178.4,172.2,179.0,8.0,165.3,172.2,0.571,UP,0,0,0,FORM ISSUE,Pelvis tilting - keep hips square
19766,RIGHT,177.7,179.2,178.5,178.9,173.0,176.5,8.2,164.9,172.4,0.587,UP,0,0,0,FORM ISSUE,Pelvis tilting - keep hips square
19800,RIGHT,177.7,176.4,178.1,178.3,173.0,175.1,8.6,163.8,172.6,0.602,UP,0,0,0,FORM ISSUE,Pelvis tilting - keep hips square
19833,RIGHT,179.2,178.4,178.4,178.1,171.9,174.2,8.9,164.2,172.6,0.618,UP,0,0,0,FORM ISSUE,Pelvis tilting - keep hips square
19866,RIGHT,177.0,178.3,177.9,178.0,169.5,174.2,9.0,165.2,172.5,0.632,UP,0,0,0,FORM ISSUE,Pelvis tilting - keep hips square
19900,RIGHT,178.2,178.0,178.0,178.1,169.4,173.8,9.0,163.0,171.8,0.641,UP,0,0,0,FORM ISSUE,Pelvis tilting - keep hips square
19933,RIGHT,178.2,177.8,178.1,177.8,167.6,174.6,9.7,163.2,170.0,0.652,UP,0,0,0,FORM ISSUE,Pelvis tilting - keep hips square
19966,RIGHT,177.9,180.0,178.1,178.5,166.9,173.3,10.0,162.8,168.6,0.665,UP,0,0,0,FORM ISSUE,Pelvis tilting - keep hips square
20000,RIGHT,178.7,179.7,178.0,178.8,167.2,172.7,9.8,160.8,168.3,0.674,UP,0,0,0,FORM ISSUE,Pelvis tilting - keep hips square
20033,RIGHT,178.6,179.4,178.3,179.0,167.2,173.0,9.9,162.7,168.1,0.682,UP,0,0,0,FORM ISSUE,Pelvis tilting - keep hips square
20066,RIGHT,178.2,179.3,178.3,179.2,165.5,172.6,9.4,163.4,167.8,0.691,UP,0,0,0,FORM ISSUE,Pelvis tilting - keep hips square
20100,RIGHT,179.2,179.7,178.5,179.6,166.6,173.2,9.2,164.4,167.3,0.701,UP,0,0,0,FORM ISSUE,Pelvis tilting - keep hips square
20133,RIGHT,178.7,179.6,178.7,179.6,166.9,173.1,8.8,165.8,167.0,0.711,UP,0,0,0,FORM ISSUE,Pelvis tilting - keep hips square
20166,RIGHT,178.7,179.9,178.7,179.6,167.9,172.9,8.6,166.3,166.6,0.717,UP,0,0,0,FORM ISSUE,Pelvis tilting - keep hips square
20200,RIGHT,179.1,179.9,178.8,179.7,168.6,172.8,8.5,165.6,165.6,0.719,UP,0,0,0,FORM ISSUE,Pelvis tilting - keep hips square
20233,RIGHT,175.6,179.9,178.2,179.8,168.2,172.0,8.3,166.2,164.8,0.717,UP,0,0,0,FORM ISSUE,Pelvis tilting - keep hips square
20266,RIGHT,175.5,179.9,177.5,179.8,169.2,171.3,7.8,167.9,164.1,0.713,UP,0,0,0,FORM ISSUE,Pelvis tilting - keep hips square
20300,RIGHT,171.7,179.6,176.1,179.8,169.0,168.7,7.2,167.1,163.6,0.709,UP,0,0,0,FORM ISSUE,Pelvis tilting - keep hips square
20333,RIGHT,175.4,179.1,175.5,179.7,168.2,168.4,6.9,167.9,162.6,0.708,UP,0,0,0,FORM ISSUE,Pelvis tilting - keep hips square
20366,RIGHT,176.2,175.8,174.9,178.9,168.8,167.5,6.3,170.2,162.3,0.71,UP,0,0,0,FORM ISSUE,Pelvis tilting - keep hips square
20400,RIGHT,175.9,177.2,174.9,178.3,169.2,167.9,6.2,169.8,161.5,0.714,UP,0,0,0,FORM ISSUE,Pelvis tilting - keep hips square
20433,RIGHT,176.1,176.3,175.0,177.6,169.7,169.1,6.2,169.9,161.6,0.718,UP,0,0,0,FORM ISSUE,Pelvis tilting - keep hips square
20466,RIGHT,176.3,176.5,176.0,177.0,170.2,169.1,6.1,169.8,162.3,0.719,UP,0,0,0,FORM ISSUE,Pelvis tilting - keep hips square
20500,RIGHT,176.1,177.9,176.1,176.7,170.6,172.0,5.7,173.4,162.2,0.72,UP,0,0,0,FORM ISSUE,Pelvis tilting - keep hips square
20533,RIGHT,178.1,179.6,176.5,177.5,170.1,170.0,5.4,174.5,162.3,0.721,UP,0,0,0,FORM ISSUE,Pelvis tilting - keep hips square
20566,RIGHT,178.4,178.9,177.0,177.8,170.1,168.9,5.2,174.7,162.4,0.721,UP,0,0,0,FORM ISSUE,Pelvis tilting - keep hips square
20600,RIGHT,179.1,178.6,177.6,178.3,169.5,168.3,4.8,177.3,162.5,0.722,UP,0,0,0,FORM ISSUE,Pelvis tilting - keep hips square
20633,RIGHT,177.0,179.8,177.7,178.9,171.8,169.0,4.6,176.3,162.8,0.722,UP,0,0,0,FORM ISSUE,Pelvis tilting - keep hips square
20666,RIGHT,176.7,179.7,177.9,179.3,171.6,168.6,4.2,175.7,162.8,0.721,UP,0,0,0,FORM ISSUE,Pelvis tilting - keep hips square
20700,RIGHT,178.4,178.7,177.9,179.1,171.8,168.4,3.8,175.7,163.3,0.716,UP,0,0,0,FORM ISSUE,Pelvis tilting - keep hips square
20733,RIGHT,176.1,178.4,177.5,179.0,172.5,171.0,4.2,175.8,163.2,0.71,UP,0,0,0,FORM ISSUE,Pelvis tilting - keep hips square
20766,RIGHT,176.5,178.3,176.9,179.0,170.3,170.2,4.9,175.0,162.3,0.7,UP,0,0,0,FORM ISSUE,Pelvis tilting - keep hips square
20800,RIGHT,175.8,177.1,176.7,178.4,168.7,170.7,5.3,174.7,161.3,0.69,UP,0,0,0,FORM ISSUE,Pelvis tilting - keep hips square
20833,RIGHT,172.1,176.7,175.8,177.8,168.7,169.0,5.2,176.2,160.2,0.681,UP,0,0,0,FORM ISSUE,Pelvis tilting - keep hips square
20866,RIGHT,173.7,177.3,174.8,177.6,168.6,170.2,6.1,172.3,160.4,0.671,UP,0,0,0,FORM ISSUE,Pelvis tilting - keep hips square
20900,RIGHT,175.0,179.1,174.6,177.7,166.6,174.4,7.4,171.4,159.2,0.656,UP,0,0,0,FORM ISSUE,Pelvis tilting - keep hips square
20933,RIGHT,176.0,178.4,174.5,177.7,168.3,174.2,7.5,169.6,158.6,0.634,UP,0,0,0,FORM ISSUE,Pelvis tilting - keep hips square
20966,RIGHT,177.6,177.2,174.9,177.7,167.3,174.8,7.5,170.0,159.8,0.61,UP,0,0,0,FORM ISSUE,Pelvis tilting - keep hips square
21000,RIGHT,178.2,178.4,176.1,178.1,169.1,174.9,6.3,169.8,159.8,0.585,UP,0,0,0,FORM ISSUE,Pelvis tilting - keep hips square
21033,RIGHT,176.4,174.7,176.6,177.6,171.1,173.5,4.5,171.7,160.6,0.559,UP,0,0,0,FORM ISSUE,Pelvis tilting - keep hips square
21066,RIGHT,174.5,177.8,176.5,177.3,170.2,175.7,4.3,173.8,161.2,0.534,UP,0,0,0,FORM ISSUE,Pelvis tilting - keep hips square
21100,RIGHT,175.4,174.3,176.4,176.5,170.4,176.5,3.8,176.3,163.0,0.515,UP,0,0,0,FORM ISSUE,Pelvis tilting - keep hips square
21133,,,,,,,,,,,0.496,UP,0,0,0,LOW CONFIDENCE,Adjust camera view
21166,,,,,,,,,,,0.471,UP,0,0,0,LOW CONFIDENCE,Adjust camera view
21200,,,,,,,,,,,0.445,UP,0,0,0,LOW CONFIDENCE,Adjust camera view
21233,,,,,,,,,,,0.419,UP,0,0,0,LOW CONFIDENCE,Adjust camera view
21266,,,,,,,,,,,0.391,UP,0,0,0,LOW CONFIDENCE,Adjust camera view
21300,,,,,,,,,,,0.365,UP,0,0,0,LOW CONFIDENCE,Adjust camera view
21333,,,,,,,,,,,0.342,UP,0,0,0,LOW CONFIDENCE,Adjust camera view
21366,,,,,,,,,,,0.324,UP,0,0,0,LOW CONFIDENCE,Adjust camera view
21400,,,,,,,,,,,0.31,UP,0,0,0,LOW CONFIDENCE,Adjust camera view
21433,,,,,,,,,,,0.303,UP,0,0,0,LOW CONFIDENCE,Adjust camera view
21466,,,,,,,,,,,0.3,UP,0,0,0,LOW CONFIDENCE,Adjust camera view
21500,,,,,,,,,,,0.301,UP,0,0,0,LOW CONFIDENCE,Adjust camera view
21533,,,,,,,,,,,0.307,UP,0,0,0,LOW CONFIDENCE,Adjust camera view
21566,,,,,,,,,,,0.319,UP,0,0,0,LOW CONFIDENCE,Adjust camera view
21600,,,,,,,,,,,0.334,UP,0,0,0,LOW CONFIDENCE,Adjust camera view
21633,,,,,,,,,,,0.345,UP,0,0,0,LOW CONFIDENCE,Adjust camera view
21666,,,,,,,,,,,0.358,UP,0,0,0,LOW CONFIDENCE,Adjust camera view
21700,,,,,,,,,,,0.369,UP,0,0,0,LOW CONFIDENCE,Adjust camera view
21733,,,,,,,,,,,0.375,UP,0,0,0,LOW CONFIDENCE,Adjust camera view
21766,,,,,,,,,,,0.381,UP,0,0,0,LOW CONFIDENCE,Adjust camera view
21800,,,,,,,,,,,0.39,UP,0,0,0,LOW CONFIDENCE,Adjust camera view
21833,,,,,,,,,,,0.396,UP,0,0,0,LOW CONFIDENCE,Adjust camera view
21866,,,,,,,,,,,0.396,UP,0,0,0,LOW CONFIDENCE,Adjust camera view
21900,,,,,,,,,,,0.398,UP,0,0,0,LOW CONFIDENCE,Adjust camera view
21933,,,,,,,,,,,0.394,UP,0,0,0,LOW CONFIDENCE,Adjust camera view
21966,,,,,,,,,,,0.391,UP,0,0,0,LOW CONFIDENCE,Adjust camera view
22000,,,,,,,,,,,0.393,UP,0,0,0,LOW CONFIDENCE,Adjust camera view
22033,,,,,,,,,,,0.395,UP,0,0,0,LOW CONFIDENCE,Adjust camera view
22066,,,,,,,,,,,0.396,UP,0,0,0,LOW CONFIDENCE,Adjust camera view
22100,,,,,,,,,,,0.399,UP,0,0,0,LOW CONFIDENCE,Adjust camera view
22133,,,,,,,,,,,0.406,UP,0,0,0,LOW CONFIDENCE,Adjust camera view
22166,,,,,,,,,,,0.414,UP,0,0,0,LOW CONFIDENCE,Adjust camera view
22200,,,,,,,,,,,0.428,UP,0,0,0,LOW CONFIDENCE,Adjust camera view
22233,,,,,,,,,,,0.445,UP,0,0,0,LOW CONFIDENCE,Adjust camera view
22266,,,,,,,,,,,0.467,UP,0,0,0,LOW CONFIDENCE,Adjust camera view
22300,,,,,,,,,,,0.485,UP,0,0,0,LOW CONFIDENCE,Adjust camera view
22333,RIGHT,173.2,179.9,175.5,177.0,170.9,169.4,4.5,175.4,157.5,0.507,UP,0,0,0,FORM ISSUE,Pelvis tilting - keep hips square
22366,RIGHT,171.9,179.5,174.3,177.2,170.5,170.2,5.2,174.4,157.6,0.532,UP,0,0,0,FORM ISSUE,Pelvis tilting - keep hips square
22400,RIGHT,172.5,178.1,173.5,177.9,170.2,171.1,5.7,176.1,156.5,0.557,UP,0,0,0,FORM ISSUE,Pelvis tilting - keep hips square
22433,RIGHT,173.8,176.1,173.3,177.6,170.6,170.9,5.8,176.0,156.5,0.581,UP,0,0,0,FORM ISSUE,Pelvis tilting - keep hips square
22466,RIGHT,173.7,176.0,173.0,177.9,170.0,170.8,6.1,175.0,156.4,0.605,UP,0,0,0,FORM ISSUE,Pelvis tilting - keep hips square
22500,RIGHT,175.2,175.3,173.4,177.0,170.2,170.8,6.2,173.9,155.9,0.626,UP,0,0,0,FORM ISSUE,Pelvis tilting - keep hips square
22533,RIGHT,175.8,174.4,174.2,176.0,169.9,170.3,5.9,173.5,155.9,0.645,UP,0,0,0,FORM ISSUE,Pelvis tilting - keep hips square
22566,RIGHT,175.4,175.6,174.8,175.5,169.8,169.5,5.9,173.4,155.8,0.663,UP,0,0,0,FORM ISSUE,Pelvis tilting - keep hips square
22600,RIGHT,175.5,175.8,175.2,175.4,169.6,169.5,6.0,173.2,155.5,0.681,UP,0,0,0,FORM ISSUE,Pelvis tilting - keep hips square
22633,RIGHT,173.0,176.6,175.0,175.6,170.2,169.3,5.9,172.5,155.6,0.697,UP,0,0,0,FORM ISSUE,Pelvis tilting - keep hips square
22666,RIGHT,172.4,178.1,174.5,176.1,170.7,168.8,5.9,171.2,155.3,0.71,UP,0,0,0,FORM ISSUE,Pelvis tilting - keep hips square
22700,RIGHT,173.3,178.1,173.9,176.8,171.4,168.5,5.7,170.8,156.6,0.723,UP,0,0,0,FORM ISSUE,Pelvis tilting - keep hips square
22733,RIGHT,173.5,178.8,173.5,177.5,171.1,168.0,5.5,170.3,157.4,0.733,UP,0,0,0,FORM ISSUE,Pelvis tilting - keep hips square
22766,RIGHT,172.6,178.6,173.0,178.0,169.3,168.7,5.6,174.8,159.2,0.74,UP,0,0,0,FORM ISSUE,Pelvis tilting - keep hips square
22800,RIGHT,174.2,179.2,173.2,178.5,171.1,168.5,5.0,173.8,160.3,0.745,UP,0,0,0,FORM ISSUE,Pelvis tilting - keep hips square
22833,RIGHT,175.4,178.3,173.8,178.6,168.9,169.9,5.1,175.5,160.9,0.749,UP,0,0,0,FORM ISSUE,Pelvis tilting - keep hips square
22866,RIGHT,173.4,177.3,173.8,178.4,168.2,170.8,5.3,174.7,161.4,0.745,UP,0,0,0,FORM ISSUE,Pelvis tilting - keep hips square
22900,RIGHT,174.2,176.9,173.9,178.0,171.6,175.4,6.1,178.9,161.8,0.733,UP,0,0,0,FORM ISSUE,Pelvis tilting - keep hips square
22933,RIGHT,172.2,177.2,173.9,177.8,173.0,170.3,5.0,172.0,163.1,0.718,UP,0,0,0,FORM ISSUE,Pelvis tilting - keep hips square
22966,RIGHT,169.9,178.2,173.0,177.6,171.0,170.7,4.8,171.4,164.2,0.705,UP,0,0,0,FORM ISSUE,Pelvis tilting - keep hips square
23000,RIGHT,174.8,176.9,172.9,177.3,171.9,171.1,5.5,165.9,166.2,0.694,UP,0,0,0,FORM ISSUE,Pelvis tilting - keep hips square
23033,RIGHT,169.2,178.4,172.0,177.5,174.0,176.1,5.8,162.4,165.1,0.689,UP,0,0,0,FORM ISSUE,Pelvis tilting - keep hips square
23066,RIGHT,176.1,178.5,172.4,177.9,175.9,172.3,5.1,170.9,173.1,0.696,UP,0,0,0,FORM ISSUE,Pelvis tilting - keep hips square
23100,RIGHT,175.7,178.2,173.1,178.0,174.1,171.0,5.3,170.2,173.2,0.707,UP,0,0,0,FORM ISSUE,Pelvis tilting - keep hips square
23133,RIGHT,175.9,176.7,174.3,177.7,173.8,171.3,5.3,171.5,172.0,0.718,UP,0,0,0,FORM ISSUE,Pelvis tilting - keep hips square
23166,RIGHT,174.7,178.2,174.3,178.0,173.7,169.7,5.2,170.7,171.7,0.728,UP,0,0,0,FORM ISSUE,Pelvis tilting - keep hips square
23200,RIGHT,174.8,178.4,175.4,178.0,173.0,169.9,5.7,169.5,171.1,0.737,UP,0,0,0,FORM ISSUE,Pelvis tilting - keep hips square
23233,RIGHT,174.8,179.5,175.2,178.2,173.0,169.2,5.8,168.7,170.1,0.744,UP,0,0,0,FORM ISSUE,Pelvis tilting - keep hips square
23266,RIGHT,176.8,179.0,175.4,178.4,172.4,169.0,5.4,169.4,168.0,0.748,UP,0,0,0,FORM ISSUE,Pelvis tilting - keep hips square
23300,RIGHT,174.0,179.8,175.0,179.0,171.9,169.1,5.2,169.5,166.7,0.751,UP,0,0,0,FORM ISSUE,Pelvis tilting - keep hips square
23333,RIGHT,173.5,178.6,174.8,179.1,172.0,169.7,5.4,169.4,165.6,0.753,UP,0,0,0,FORM ISSUE,Pelvis tilting - keep hips square
23366,RIGHT,173.6,178.3,174.5,179.0,171.9,170.0,5.5,169.2,164.7,0.756,UP,0,0,0,FORM ISSUE,Pelvis tilting - keep hips square
23400,RIGHT,173.6,178.0,174.3,178.7,171.8,170.0,5.6,169.3,164.6,0.76,UP,0,0,0,FORM ISSUE,Pelvis tilting - keep hips square
23433,RIGHT,174.1,178.6,173.7,178.7,172.0,169.6,5.9,169.4,163.5,0.763,UP,0,0,0,FORM ISSUE,Pelvis tilting - keep hips square
23466,RIGHT,174.5,178.7,173.9,178.4,172.2,170.0,6.2,169.8,162.4,0.767,UP,0,0,0,FORM ISSUE,Pelvis tilting - keep hips square
23500,RIGHT,174.7,176.7,174.1,178.0,171.6,170.1,6.5,171.1,162.0,0.774,UP,0,0,0,FORM ISSUE,Pelvis tilting - keep hips square
23533,RIGHT,174.1,175.1,174.2,177.4,170.6,170.7,6.6,171.4,161.7,0.777,UP,0,0,0,FORM ISSUE,Pelvis tilting - keep hips square
23566,RIGHT,174.1,175.9,174.3,177.0,169.4,171.5,6.9,170.4,161.7,0.777,UP,0,0,0,FORM ISSUE,Pelvis tilting - keep hips square
23600,RIGHT,175.0,176.2,174.5,176.5,169.6,171.4,6.6,170.0,161.2,0.777,UP,0,0,0,FORM ISSUE,Pelvis tilting - keep hips square
23633,RIGHT,173.3,176.2,174.2,176.0,170.1,171.6,6.2,170.6,160.3,0.775,UP,0,0,0,FORM ISSUE,Pelvis tilting - keep hips square
23666,RIGHT,172.8,176.2,173.8,175.9,170.1,172.5,6.1,171.7,159.5,0.768,UP,0,0,0,FORM ISSUE,Pelvis tilting - keep hips square
23700,RIGHT,172.5,177.7,173.5,176.4,170.2,172.3,6.1,170.4,157.7,0.761,UP,0,0,0,FORM ISSUE,Pelvis tilting - keep hips square
23733,RIGHT,173.3,179.4,173.3,177.1,171.1,172.1,6.0,167.8,156.6,0.756,UP,0,0,0,FORM ISSUE,Pelvis tilting - keep hips square
23766,RIGHT,175.8,179.1,173.5,177.7,171.8,171.1,5.5,170.8,156.9,0.75,UP,0,0,0,FORM ISSUE,Pelvis tilting - keep hips square
23800,RIGHT,177.7,179.8,174.4,178.4,173.4,170.8,4.8,170.9,157.0,0.741,UP,0,0,0,FORM ISSUE,Pelvis tilting - keep hips square
23833,RIGHT,176.7,178.8,175.2,179.0,173.3,171.3,4.5,173.0,157.2,0.732,UP,0,0,0,FORM ISSUE,Pelvis tilting - keep hips square
23866,RIGHT,177.0,179.3,176.1,179.3,172.5,172.2,4.9,172.9,157.1,0.719,UP,0,0,0,FORM ISSUE,Pelvis tilting - keep hips square
23900,RIGHT,179.1,179.1,177.3,179.2,173.3,171.5,4.7,173.2,157.3,0.706,UP,0,0,0,FORM ISSUE,Pelvis tilting - keep hips square
23933,RIGHT,179.1,179.2,177.9,179.3,173.9,171.6,4.1,174.5,157.7,0.697,UP,0,0,0,FORM ISSUE,Pelvis tilting - keep hips square
23966,RIGHT,179.8,178.3,178.3,178.9,174.8,172.2,3.7,174.7,157.9,0.691,UP,0,0,0,FORM ISSUE,Pelvis tilting - keep hips square
24000,RIGHT,176.9,178.1,178.4,178.8,174.6,171.2,3.3,175.2,157.9,0.688,UP,0,0,0,FORM ISSUE,Pelvis tilting - keep hips square
24033,RIGHT,177.7,179.8,178.5,178.9,174.9,170.9,2.8,176.2,158.8,0.693,UP,0,0,0,FORM ISSUE,Pelvis tilting - keep hips square
24066,RIGHT,178.1,178.4,178.3,178.7,174.5,170.8,2.8,176.6,159.0,0.698,UP,0,0,0,FORM ISSUE,Pelvis tilting - keep hips square
24100,RIGHT,178.5,179.1,178.2,178.7,174.2,170.5,2.8,175.9,159.1,0.703,UP,0,0,0,FORM ISSUE,Pelvis tilting - keep hips square
24133,RIGHT,178.1,176.5,177.9,178.4,174.1,169.4,2.3,176.3,159.2,0.704,UP,0,0,0,FORM ISSUE,Pelvis tilting - keep hips square
24166,RIGHT,177.6,176.8,178.0,178.1,173.7,169.7,2.1,177.1,159.6,0.707,UP,0,0,0,FORM ISSUE,Pelvis tilting - keep hips square
24200,RIGHT,176.3,177.0,177.7,177.6,172.4,169.3,2.2,177.1,160.1,0.71,UP,0,0,0,FORM ISSUE,Pelvis tilting - keep hips square
24233,RIGHT,174.8,175.7,177.1,177.0,171.0,168.7,2.1,177.7,159.8,0.715,UP,0,0,0,FORM ISSUE,Pelvis tilting - keep hips square
24266,RIGHT,167.9,177.5,175.0,176.7,167.9,169.8,1.9,179.1,159.6,0.723,UP,0,0,0,FORM ISSUE,Pelvis tilting - keep hips square
24300,RIGHT,162.3,178.7,171.8,177.1,165.9,170.4,1.9,179.8,159.6,0.734,UP,0,0,0,FORM ISSUE,Pelvis tilting - keep hips square
24333,RIGHT,158.1,178.0,167.9,177.4,163.4,170.2,1.9,179.4,159.9,0.744,UP,0,0,0,FORM ISSUE,Pelvis tilting - keep hips square
24366,RIGHT,154.2,177.4,163.5,177.5,161.4,170.1,2.0,178.8,159.8,0.751,UP,0,0,0,FORM ISSUE,Pelvis tilting - keep hips square
24400,RIGHT,154.4,177.8,159.4,177.9,161.6,170.1,1.8,178.2,160.3,0.755,UP,0,0,0,FORM ISSUE,Pelvis tilting - keep hips square
24433,RIGHT,156.0,178.1,157.0,178.0,161.8,170.0,1.7,177.2,160.7,0.756,UP,0,0,0,FORM ISSUE,Pelvis tilting - keep hips square
24466,RIGHT,160.3,177.8,156.6,177.8,163.0,171.0,1.6,177.6,162.2,0.752,UP,0,0,0,FORM ISSUE,Pelvis tilting - keep hips square
24500,RIGHT,161.9,179.4,157.4,178.1,163.2,172.4,1.5,178.0,163.5,0.744,UP,0,0,0,FORM ISSUE,Pelvis tilting - keep hips square
24533,RIGHT,164.8,178.4,159.5,178.3,164.3,174.5,1.7,177.7,163.7,0.732,DOWN,0,0,0,FORM ISSUE,Pelvis tilting - keep hips square
24566,RIGHT,170.1,179.6,162.6,178.7,165.0,174.0,1.6,178.7,164.3,0.717,DOWN,0,0,0,FORM ISSUE,Pelvis tilting - keep hips square
24600,RIGHT,174.0,179.2,166.2,178.9,166.8,173.2,1.6,178.5,163.8,0.703,DOWN,0,0,0,FORM ISSUE,Pelvis tilting - keep hips square
24633,RIGHT,176.8,179.9,169.5,179.3,167.3,172.9,1.7,180.0,163.6,0.689,DOWN,0,0,0,FORM ISSUE,Pelvis tilting - keep hips square
24666,RIGHT,176.3,180.0,172.4,179.4,167.2,173.0,2.2,177.7,164.2,0.676,DOWN,0,0,0,FORM ISSUE,Pelvis tilting - keep hips square
24700,RIGHT,176.8,179.4,174.8,179.6,166.9,172.9,2.5,178.4,163.1,0.671,UP,0,0,0,FORM ISSUE,Pelvis tilting - keep hips square
24733,RIGHT,177.6,178.3,176.3,179.4,167.3,172.5,2.7,177.7,163.2,0.668,UP,0,0,0,FORM ISSUE,Pelvis tilting - keep hips square
24766,RIGHT,177.0,178.0,176.9,179.1,167.3,172.4,2.8,178.4,163.8,0.663,UP,0,0,0,FORM ISSUE,Pelvis tilting - keep hips square
24800,RIGHT,177.5,176.8,177.0,178.5,168.0,172.2,3.2,176.7,163.5,0.656,UP,0,0,0,FORM ISSUE,Pelvis tilting - keep hips square
24833,RIGHT,178.1,176.5,177.4,177.8,168.4,172.8,3.9,174.4,163.1,0.645,UP,0,0,0,FORM ISSUE,Pelvis tilting - keep hips square
24866,RIGHT,179.0,173.7,177.8,176.7,169.0,172.7,4.2,172.7,161.6,0.627,UP,0,0,0,FORM ISSUE,Pelvis tilting - keep hips square
24900,RIGHT,177.5,173.7,177.8,175.7,169.2,173.2,4.5,173.1,161.0,0.603,UP,0,0,0,FORM ISSUE,Pelvis tilting - keep hips square
24933,RIGHT,177.5,173.1,177.9,174.8,168.5,173.9,5.3,173.3,160.6,0.578,UP,0,0,0,FORM ISSUE,Pelvis tilting - keep hips square
24966,RIGHT,177.6,174.2,177.9,174.2,168.6,174.4,5.4,173.5,159.6,0.554,UP,0,0,0,FORM ISSUE,Pelvis tilting - keep hips square
25000,RIGHT,177.4,174.0,177.8,173.7,168.7,174.7,5.5,174.7,160.5,0.533,UP,0,0,0,FORM ISSUE,Pelvis tilting - keep hips square
25033,RIGHT,178.6,175.1,177.7,174.0,168.7,174.9,5.4,175.0,161.3,0.517,UP,0,0,0,FORM ISSUE,Pelvis tilting - keep hips square
25066,RIGHT,178.0,177.3,177.8,174.7,167.5,177.2,5.4,173.0,160.7,0.513,UP,0,0,0,FORM ISSUE,Pelvis tilting - keep hips square
25100,RIGHT,178.5,176.1,178.0,175.3,167.6,175.5,5.2,172.1,160.8,0.515,UP,0,0,0,FORM ISSUE,Pelvis tilting - keep hips square
25133,RIGHT,179.5,174.2,178.4,175.3,169.2,173.7,4.3,172.6,162.5,0.524,UP,0,0,0,FORM ISSUE,Pelvis tilting - keep hips square
25166,RIGHT,177.5,179.4,178.4,176.4,177.4,178.8,3.4,146.1,67.3,0.534,UP,0,0,0,FORM ISSUE,Pelvis tilting - keep hips square
25200,RIGHT,179.1,179.4,178.5,177.3,175.7,176.8,3.9,61.4,6.3,0.543,UP,0,0,0,FORM ISSUE,Pelvis tilting - keep hips square
25233,RIGHT,179.1,174.8,178.7,176.8,170.5,174.5,3.1,175.8,157.7,0.549,UP,0,0,0,FORM ISSUE,Pelvis tilting - keep hips square
25266,RIGHT,177.1,175.8,178.5,176.7,173.2,174.2,1.3,180.0,157.6,0.555,UP,0,0,0,FORM ISSUE,Pelvis tilting - keep hips square
25300,RIGHT,175.6,173.9,177.7,176.7,174.6,173.1,0.9,174.0,154.5,0.561,UP,0,0,0,FORM ISSUE,Pelvis tilting - keep hips square
25333,RIGHT,174.5,179.9,177.1,176.8,173.6,173.8,2.1,170.7,158.2,0.569,UP,0,0,0,FORM ISSUE,Pelvis tilting - keep hips square
25366,RIGHT,172.4,179.2,175.7,176.7,170.4,173.5,2.8,174.6,159.9,0.583,UP,0,0,0,FORM ISSUE,Pelvis tilting - keep hips square
25400,RIGHT,173.2,178.8,174.6,177.5,170.9,172.7,2.3,176.0,162.5,0.597,UP,0,0,0,FORM ISSUE,Pelvis tilting - keep hips square
25433,RIGHT,170.4,177.4,173.2,177.9,171.1,171.9,2.0,179.4,161.5,0.611,UP,0,0,0,FORM ISSUE,Pelvis tilting - keep hips square
25466,RIGHT,169.8,179.7,172.0,179.0,171.0,172.5,2.3,177.1,162.3,0.627,UP,0,0,0,FORM ISSUE,Pelvis tilting - keep hips square
25500,RIGHT,168.8,178.0,170.9,178.6,171.5,172.5,2.6,175.6,160.4,0.646,UP,0,0,0,FORM ISSUE,Pelvis tilting - keep hips square
25533,RIGHT,168.3,178.8,170.1,178.5,171.6,173.4,2.9,175.5,160.0,0.665,UP,0,0,0,FORM ISSUE,Pelvis tilting - keep hips square
25566,RIGHT,169.3,179.3,169.3,178.6,171.6,174.2,3.3,174.9,159.3,0.686,UP,0,0,0,FORM ISSUE,Pelvis tilting - keep hips square
25600,RIGHT,169.7,178.7,169.2,178.9,171.6,174.3,3.3,175.6,159.6,0.707,UP,0,0,0,FORM ISSUE,Pelvis tilting - keep hips square
25633,RIGHT,170.7,178.0,169.4,178.5,171.2,173.7,3.3,175.5,160.6,0.727,UP,0,0,0,FORM ISSUE,Pelvis tilting - keep hips square
25666,RIGHT,171.8,177.7,169.9,178.5,171.3,173.4,3.3,175.6,159.9,0.745,UP,0,0,0,FORM ISSUE,Pelvis tilting - keep hips square
25700,RIGHT,172.1,177.6,170.7,178.2,171.8,173.2,3.0,176.5,160.6,0.762,UP,0,0,0,FORM ISSUE,Pelvis tilting - keep hips square
25733,RIGHT,172.2,177.5,171.3,177.9,171.8,173.1,3.0,175.5,161.4,0.779,UP,0,0,0,FORM ISSUE,Pelvis tilting - keep hips square
25766,RIGHT,173.4,177.1,172.0,177.5,171.9,173.0,3.1,177.5,158.8,0.795,UP,0,0,0,FORM ISSUE,Pelvis tilting - keep hips square
25800,RIGHT,173.2,177.4,172.5,177.4,171.8,173.2,3.2,177.2,158.7,0.81,UP,0,0,0,FORM ISSUE,Pelvis tilting - keep hips square
25833,RIGHT,173.8,177.4,173.0,177.4,172.3,173.1,3.2,176.0,159.4,0.825,UP,0,0,0,FORM ISSUE,Pelvis tilting - keep hips square
25866,RIGHT,176.0,178.1,173.7,177.5,172.2,173.5,3.3,177.0,158.4,0.839,UP,0,0,0,FORM ISSUE,Pelvis tilting - keep hips square
25900,RIGHT,175.8,178.5,174.4,177.7,172.2,173.4,3.2,176.9,158.9,0.852,UP,0,0,0,FORM ISSUE,Pelvis tilting - keep hips square
25933,RIGHT,177.0,179.3,175.2,178.2,172.2,172.5,3.2,175.7,159.4,0.863,UP,0,0,0,FORM ISSUE,Pelvis tilting - keep hips square
25966,RIGHT,176.7,178.3,175.9,178.3,172.4,170.1,3.1,175.3,159.4,0.872,UP,0,0,0,FORM ISSUE,Pelvis tilting - keep hips square
26000,RIGHT,177.0,175.8,176.5,178.0,171.9,167.4,3.1,174.8,160.3,0.879,UP,0,0,0,FORM ISSUE,Pelvis tilting - keep hips square
26033,RIGHT,177.0,176.6,176.7,177.7,170.8,166.0,3.2,171.7,161.3,0.883,UP,0,0,0,FORM ISSUE,Pelvis tilting - keep hips square
26066,RIGHT,176.3,179.0,176.8,177.8,170.7,165.0,3.3,169.9,160.9,0.88,UP,0,0,0,FORM ISSUE,Pelvis tilting - keep hips square
26100,RIGHT,175.4,179.6,176.5,177.9,170.9,165.0,3.5,171.2,160.8,0.87,UP,0,0,0,FORM ISSUE,Pelvis tilting - keep hips square
26133,RIGHT,174.7,179.4,176.1,178.1,170.4,165.0,3.7,169.2,159.6,0.854,UP,0,0,0,FORM ISSUE,Pelvis tilting - keep hips square
26166,RIGHT,174.7,179.6,175.7,178.8,168.9,166.4,4.4,167.9,159.1,0.83,UP,0,0,0,FORM ISSUE,Pelvis tilting - keep hips square
26200,RIGHT,175.0,179.1,175.3,179.3,168.4,168.2,5.2,167.9,158.1,0.799,UP,0,0,0,FORM ISSUE,Pelvis tilting - keep hips square
26233,RIGHT,173.2,178.6,174.6,179.3,165.7,170.0,6.4,169.2,157.4,0.766,UP,0,0,0,FORM ISSUE,Pelvis tilting - keep hips square
26266,RIGHT,174.0,176.6,174.3,178.7,167.2,170.5,6.2,168.5,157.7,0.732,UP,0,0,0,FORM ISSUE,Pelvis tilting - keep hips square
26300,RIGHT,174.2,177.5,174.2,178.3,168.5,170.4,6.0,169.0,157.6,0.698,UP,0,0,0,FORM ISSUE,Pelvis tilting - keep hips square
26333,RIGHT,173.0,178.0,173.9,178.0,167.8,170.3,6.3,168.9,158.0,0.666,UP,0,0,0,FORM ISSUE,Pelvis tilting - keep hips square
26366,RIGHT,172.2,177.4,173.3,177.6,167.8,168.8,5.7,169.2,159.9,0.632,UP,0,0,0,FORM ISSUE,Pelvis tilting - keep hips square
26400,RIGHT,174.5,176.8,173.6,177.2,168.9,168.9,4.9,173.9,161.7,0.603,UP,0,0,0,FORM ISSUE,Pelvis tilting - keep hips square
26433,RIGHT,174.6,175.8,173.7,177.1,169.9,167.7,3.9,172.7,163.3,0.574,UP,0,0,0,FORM ISSUE,Pelvis tilting - keep hips square
26466,RIGHT,174.3,174.4,173.7,176.5,170.5,170.7,3.1,175.7,162.3,0.542,UP,0,0,0,FORM ISSUE,Pelvis tilting - keep hips square
26500,RIGHT,177.1,177.1,174.5,176.3,172.7,173.0,2.7,176.4,163.7,0.514,UP,0,0,0,FORM ISSUE,Pelvis tilting - keep hips square
26533,,,,,,,,,,,0.492,UP,0,0,0,LOW CONFIDENCE,Adjust camera view
26566,,,,,,,,,,,0.474,UP,0,0,0,LOW CONFIDENCE,Adjust camera view
26600,,,,,,,,,,,0.461,UP,0,0,0,LOW CONFIDENCE,Adjust camera view
26633,,,,,,,,,,,0.451,UP,0,0,0,LOW CONFIDENCE,Adjust camera view
26666,,,,,,,,,,,0.441,UP,0,0,0,LOW CONFIDENCE,Adjust camera view
26700,,,,,,,,,,,0.436,UP,0,0,0,LOW CONFIDENCE,Adjust camera view
26733,,,,,,,,,,,0.434,UP,0,0,0,LOW CONFIDENCE,Adjust camera view
26766,,,,,,,,,,,0.435,UP,0,0,0,LOW CONFIDENCE,Adjust camera view
26800,,,,,,,,,,,0.44,UP,0,0,0,LOW CONFIDENCE,Adjust camera view
26833,,,,,,,,,,,0.451,UP,0,0,0,LOW CONFIDENCE,Adjust camera view
26866,,,,,,,,,,,0.463,UP,0,0,0,LOW CONFIDENCE,Adjust camera view
26900,,,,,,,,,,,0.469,UP,0,0,0,LOW CONFIDENCE,Adjust camera view
26933,,,,,,,,,,,0.471,UP,0,0,0,LOW CONFIDENCE,Adjust camera view
26966,,,,,,,,,,,0.472,UP,0,0,0,LOW CONFIDENCE,Adjust camera view
27000,,,,,,,,,,,0.469,UP,0,0,0,LOW CONFIDENCE,Adjust camera view
27033,,,,,,,,,,,0.466,UP,0,0,0,LOW CONFIDENCE,Adjust camera view
27066,,,,,,,,,,,0.465,UP,0,0,0,LOW CONFIDENCE,Adjust camera view
27100,,,,,,,,,,,0.461,UP,0,0,0,LOW CONFIDENCE,Adjust camera view
27133,,,,,,,,,,,0.451,UP,0,0,0,LOW CONFIDENCE,Adjust camera view
27166,,,,,,,,,,,0.437,UP,0,0,0,LOW CONFIDENCE,Adjust camera view
27200,,,,,,,,,,,0.414,UP,0,0,0,LOW CONFIDENCE,Adjust camera view
27233,,,,,,,,,,,0.389,UP,0,0,0,LOW CONFIDENCE,Adjust camera view
27266,,,,,,,,,,,0.365,UP,0,0,0,LOW CONFIDENCE,Adjust camera view
27300,,,,,,,,,,,0.344,UP,0,0,0,LOW CONFIDENCE,Adjust camera view
27333,,,,,,,,,,,0.329,UP,0,0,0,LOW CONFIDENCE,Adjust camera view
27366,,,,,,,,,,,0.321,UP,0,0,0,LOW CONFIDENCE,Adjust camera view
27400,,,,,,,,,,,0.318,UP,0,0,0,LOW CONFIDENCE,Adjust camera view
27433,,,,,,,,,,,0.321,UP,0,0,0,LOW CONFIDENCE,Adjust camera view
27466,,,,,,,,,,,0.327,UP,0,0,0,LOW CONFIDENCE,Adjust camera view
27500,,,,,,,,,,,0.336,UP,0,0,0,LOW CONFIDENCE,Adjust camera view
27533,,,,,,,,,,,0.345,UP,0,0,0,LOW CONFIDENCE,Adjust camera view
27566,,,,,,,,,,,0.354,UP,0,0,0,LOW CONFIDENCE,Adjust camera view
27600,,,,,,,,,,,0.362,UP,0,0,0,LOW CONFIDENCE,Adjust camera view
27633,,,,,,,,,,,0.368,UP,0,0,0,LOW CONFIDENCE,Adjust camera view
27666,,,,,,,,,,,0.375,UP,0,0,0,LOW CONFIDENCE,Adjust camera view
27700,,,,,,,,,,,0.381,UP,0,0,0,LOW CONFIDENCE,Adjust camera view
27733,,,,,,,,,,,0.388,UP,0,0,0,LOW CONFIDENCE,Adjust camera view
27766,,,,,,,,,,,0.393,UP,0,0,0,LOW CONFIDENCE,Adjust camera view
27800,,,,,,,,,,,0.395,UP,0,0,0,LOW CONFIDENCE,Adjust camera view
27833,,,,,,,,,,,0.393,UP,0,0,0,LOW CONFIDENCE,Adjust camera view
27866,,,,,,,,,,,0.389,UP,0,0,0,LOW CONFIDENCE,Adjust camera view
27900,,,,,,,,,,,0.382,UP,0,0,0,LOW CONFIDENCE,Adjust camera view
27933,,,,,,,,,,,0.376,UP,0,0,0,LOW CONFIDENCE,Adjust camera view
27966,,,,,,,,,,,0.372,UP,0,0,0,LOW CONFIDENCE,Adjust camera view
28000,,,,,,,,,,,0.368,UP,0,0,0,LOW CONFIDENCE,Adjust camera view
28033,,,,,,,,,,,0.364,UP,0,0,0,LOW CONFIDENCE,Adjust camera view
28066,,,,,,,,,,,0.358,UP,0,0,0,LOW CONFIDENCE,Adjust camera view
28100,,,,,,,,,,,0.354,UP,0,0,0,LOW CONFIDENCE,Adjust camera view
28133,,,,,,,,,,,0.349,UP,0,0,0,LOW CONFIDENCE,Adjust camera view
28166,,,,,,,,,,,0.343,UP,0,0,0,LOW CONFIDENCE,Adjust camera view
28200,,,,,,,,,,,0.339,UP,0,0,0,LOW CONFIDENCE,Adjust camera view
28233,,,,,,,,,,,0.338,UP,0,0,0,LOW CONFIDENCE,Adjust camera view
28266,,,,,,,,,,,0.338,UP,0,0,0,LOW CONFIDENCE,Adjust camera view
28300,,,,,,,,,,,0.337,UP,0,0,0,LOW CONFIDENCE,Adjust camera view
28333,,,,,,,,,,,0.338,UP,0,0,0,LOW CONFIDENCE,Adjust camera view
28366,,,,,,,,,,,0.338,UP,0,0,0,LOW CONFIDENCE,Adjust camera view
28400,,,,,,,,,,,0.338,UP,0,0,0,LOW CONFIDENCE,Adjust camera view
28433,,,,,,,,,,,0.335,UP,0,0,0,LOW CONFIDENCE,Adjust camera view
28466,,,,,,,,,,,0.332,UP,0,0,0,LOW CONFIDENCE,Adjust camera view
28500,,,,,,,,,,,0.33,UP,0,0,0,LOW CONFIDENCE,Adjust camera view
28533,,,,,,,,,,,0.324,UP,0,0,0,LOW CONFIDENCE,Adjust camera view
28566,,,,,,,,,,,0.316,UP,0,0,0,LOW CONFIDENCE,Adjust camera view
28600,,,,,,,,,,,0.308,UP,0,0,0,LOW CONFIDENCE,Adjust camera view
28633,,,,,,,,,,,0.298,UP,0,0,0,LOW CONFIDENCE,Adjust camera view
28666,,,,,,,,,,,0.287,UP,0,0,0,LOW CONFIDENCE,Adjust camera view
28700,,,,,,,,,,,0.279,UP,0,0,0,LOW CONFIDENCE,Adjust camera view
28733,,,,,,,,,,,0.274,UP,0,0,0,LOW CONFIDENCE,Adjust camera view
28766,,,,,,,,,,,0.275,UP,0,0,0,LOW CONFIDENCE,Adjust camera view
28800,,,,,,,,,,,0.28,UP,0,0,0,LOW CONFIDENCE,Adjust camera view
28833,,,,,,,,,,,0.286,UP,0,0,0,LOW CONFIDENCE,Adjust camera view
28866,,,,,,,,,,,0.294,UP,0,0,0,LOW CONFIDENCE,Adjust camera view
28900,,,,,,,,,,,0.299,UP,0,0,0,LOW CONFIDENCE,Adjust camera view
28933,,,,,,,,,,,0.299,UP,0,0,0,LOW CONFIDENCE,Adjust camera view
28966,,,,,,,,,,,0.298,UP,0,0,0,LOW CONFIDENCE,Adjust camera view
29000,,,,,,,,,,,0.3,UP,0,0,0,LOW CONFIDENCE,Adjust camera view
29033,,,,,,,,,,,0.302,UP,0,0,0,LOW CONFIDENCE,Adjust camera view
29066,,,,,,,,,,,0.306,UP,0,0,0,LOW CONFIDENCE,Adjust camera view
29100,,,,,,,,,,,0.312,UP,0,0,0,LOW CONFIDENCE,Adjust camera view
29133,,,,,,,,,,,0.313,UP,0,0,0,LOW CONFIDENCE,Adjust camera view
29166,,,,,,,,,,,0.31,UP,0,0,0,LOW CONFIDENCE,Adjust camera view
29200,,,,,,,,,,,0.304,UP,0,0,0,LOW CONFIDENCE,Adjust camera view
29233,,,,,,,,,,,0.297,UP,0,0,0,LOW CONFIDENCE,Adjust camera view
29266,,,,,,,,,,,0.287,UP,0,0,0,LOW CONFIDENCE,Adjust camera view
29300,,,,,,,,,,,0.279,UP,0,0,0,LOW CONFIDENCE,Adjust camera view
29333,,,,,,,,,,,0.272,UP,0,0,0,LOW CONFIDENCE,Adjust camera view
29366,,,,,,,,,,,0.265,UP,0,0,0,LOW CONFIDENCE,Adjust camera view
29400,,,,,,,,,,,0.259,UP,0,0,0,LOW CONFIDENCE,Adjust camera view
29433,,,,,,,,,,,0.253,UP,0,0,0,LOW CONFIDENCE,Adjust camera view
29466,,,,,,,,,,,0.248,UP,0,0,0,LOW CONFIDENCE,Adjust camera view
29500,,,,,,,,,,,0.244,UP,0,0,0,LOW CONFIDENCE,Adjust camera view
29533,,,,,,,,,,,0.241,UP,0,0,0,LOW CONFIDENCE,Adjust camera view
29566,,,,,,,,,,,0.237,UP,0,0,0,LOW CONFIDENCE,Adjust camera view
29600,,,,,,,,,,,0.232,UP,0,0,0,LOW CONFIDENCE,Adjust camera view
29633,,,,,,,,,,,0.228,UP,0,0,0,LOW CONFIDENCE,Adjust camera view
29666,,,,,,,,,,,0.224,UP,0,0,0,LOW CONFIDENCE,Adjust camera view
29700,,,,,,,,,,,0.221,UP,0,0,0,LOW CONFIDENCE,Adjust camera view
29733,,,,,,,,,,,0.222,UP,0,0,0,LOW CONFIDENCE,Adjust camera view
29766,,,,,,,,,,,0.223,UP,0,0,0,LOW CONFIDENCE,Adjust camera view
29800,,,,,,,,,,,0.225,UP,0,0,0,LOW CONFIDENCE,Adjust camera view
29833,,,,,,,,,,,0.225,UP,0,0,0,LOW CONFIDENCE,Adjust camera view
29866,,,,,,,,,,,0.223,UP,0,0,0,LOW CONFIDENCE,Adjust camera view
29900,,,,,,,,,,,0.219,UP,0,0,0,LOW CONFIDENCE,Adjust camera view
29933,,,,,,,,,,,0.216,UP,0,0,0,LOW CONFIDENCE,Adjust camera view
29966,,,,,,,,,,,0.213,UP,0,0,0,LOW CONFIDENCE,Adjust camera view
30000,,,,,,,,,,,0.21,UP,0,0,0,LOW CONFIDENCE,Adjust camera view
30033,,,,,,,,,,,0.207,UP,0,0,0,LOW CONFIDENCE,Adjust camera view
30066,,,,,,,,,,,0.205,UP,0,0,0,LOW CONFIDENCE,Adjust camera view
30100,,,,,,,,,,,0.204,UP,0,0,0,LOW CONFIDENCE,Adjust camera view
30133,,,,,,,,,,,0.205,UP,0,0,0,LOW CONFIDENCE,Adjust camera view
30166,,,,,,,,,,,0.208,UP,0,0,0,LOW CONFIDENCE,Adjust camera view
30200,,,,,,,,,,,0.209,UP,0,0,0,LOW CONFIDENCE,Adjust camera view
30233,,,,,,,,,,,0.212,UP,0,0,0,LOW CONFIDENCE,Adjust camera view
30266,,,,,,,,,,,0.213,UP,0,0,0,LOW CONFIDENCE,Adjust camera view
30300,,,,,,,,,,,0.213,UP,0,0,0,LOW CONFIDENCE,Adjust camera view
30333,,,,,,,,,,,0.211,UP,0,0,0,LOW CONFIDENCE,Adjust camera view
30366,,,,,,,,,,,0.209,UP,0,0,0,LOW CONFIDENCE,Adjust camera view
30400,,,,,,,,,,,0.205,UP,0,0,0,LOW CONFIDENCE,Adjust camera view
30433,,,,,,,,,,,0.2,UP,0,0,0,LOW CONFIDENCE,Adjust camera view
30466,,,,,,,,,,,0.195,UP,0,0,0,LOW CONFIDENCE,Adjust camera view
30500,,,,,,,,,,,0.193,UP,0,0,0,LOW CONFIDENCE,Adjust camera view
30533,,,,,,,,,,,0.2,UP,0,0,0,LOW CONFIDENCE,Adjust camera view
30566,,,,,,,,,,,0.217,UP,0,0,0,LOW CONFIDENCE,Adjust camera view
30600,,,,,,,,,,,0.242,UP,0,0,0,LOW CONFIDENCE,Adjust camera view
30633,,,,,,,,,,,0.273,UP,0,0,0,LOW CONFIDENCE,Adjust camera view
30666,,,,,,,,,,,0.308,UP,0,0,0,LOW CONFIDENCE,Adjust camera view
30700,,,,,,,,,,,0.339,UP,0,0,0,LOW CONFIDENCE,Adjust camera view
30733,,,,,,,,,,,0.358,UP,0,0,0,LOW CONFIDENCE,Adjust camera view
30766,,,,,,,,,,,0.375,UP,0,0,0,LOW CONFIDENCE,Adjust camera view
30800,,,,,,,,,,,0.383,UP,0,0,0,LOW CONFIDENCE,Adjust camera view
30833,,,,,,,,,,,0.38,UP,0,0,0,LOW CONFIDENCE,Adjust camera view
30866,,,,,,,,,,,0.37,UP,0,0,0,LOW CONFIDENCE,Adjust camera view
30900,,,,,,,,,,,0.359,UP,0,0,0,LOW CONFIDENCE,Adjust camera view
30933,,,,,,,,,,,0.345,UP,0,0,0,LOW CONFIDENCE,Adjust camera view
30966,,,,,,,,,,,0.338,UP,0,0,0,LOW CONFIDENCE,Adjust camera view
31000,,,,,,,,,,,0.333,UP,0,0,0,LOW CONFIDENCE,Adjust camera view
31033,,,,,,,,,,,0.333,UP,0,0,0,LOW CONFIDENCE,Adjust camera view
31066,,,,,,,,,,,0.343,UP,0,0,0,LOW CONFIDENCE,Adjust camera view
31100,,,,,,,,,,,0.358,UP,0,0,0,LOW CONFIDENCE,Adjust camera view
31133,,,,,,,,,,,0.37,UP,0,0,0,LOW CONFIDENCE,Adjust camera view
31166,,,,,,,,,,,0.384,UP,0,0,0,LOW CONFIDENCE,Adjust camera view
31200,,,,,,,,,,,0.398,UP,0,0,0,LOW CONFIDENCE,Adjust camera view
31233,,,,,,,,,,,0.405,UP,0,0,0,LOW CONFIDENCE,Adjust camera view
31266,,,,,,,,,,,0.409,UP,0,0,0,LOW CONFIDENCE,Adjust camera view
31300,,,,,,,,,,,0.411,UP,0,0,0,LOW CONFIDENCE,Adjust camera view
31333,,,,,,,,,,,0.417,UP,0,0,0,LOW CONFIDENCE,Adjust camera view
31366,,,,,,,,,,,0.425,UP,0,0,0,LOW CONFIDENCE,Adjust camera view
31400,,,,,,,,,,,0.434,UP,0,0,0,LOW CONFIDENCE,Adjust camera view
31433,,,,,,,,,,,0.44,UP,0,0,0,LOW CONFIDENCE,Adjust camera view
31466,,,,,,,,,,,0.446,UP,0,0,0,LOW CONFIDENCE,Adjust camera view
31500,,,,,,,,,,,0.451,UP,0,0,0,LOW CONFIDENCE,Adjust camera view
31533,,,,,,,,,,,0.451,UP,0,0,0,LOW CONFIDENCE,Adjust camera view
31566,,,,,,,,,,,0.45,UP,0,0,0,LOW CONFIDENCE,Adjust camera view
31600,,,,,,,,,,,0.45,UP,0,0,0,LOW CONFIDENCE,Adjust camera view
31633,,,,,,,,,,,0.448,UP,0,0,0,LOW CONFIDENCE,Adjust camera view
31666,,,,,,,,,,,0.443,UP,0,0,0,LOW CONFIDENCE,Adjust camera view
31700,,,,,,,,,,,0.439,UP,0,0,0,LOW CONFIDENCE,Adjust camera view
31733,,,,,,,,,,,0.432,UP,0,0,0,LOW CONFIDENCE,Adjust camera view
31766,,,,,,,,,,,0.426,UP,0,0,0,LOW CONFIDENCE,Adjust camera view
31800,,,,,,,,,,,0.423,UP,0,0,0,LOW CONFIDENCE,Adjust camera view
31833,,,,,,,,,,,0.422,UP,0,0,0,LOW CONFIDENCE,Adjust camera view
31866,,,,,,,,,,,0.419,UP,0,0,0,LOW CONFIDENCE,Adjust camera view
31900,,,,,,,,,,,0.419,UP,0,0,0,LOW CONFIDENCE,Adjust camera view
31933,,,,,,,,,,,0.423,UP,0,0,0,LOW CONFIDENCE,Adjust camera view
31966,,,,,,,,,,,0.426,UP,0,0,0,LOW CONFIDENCE,Adjust camera view
32000,,,,,,,,,,,0.435,UP,0,0,0,LOW CONFIDENCE,Adjust camera view
32033,,,,,,,,,,,0.448,UP,0,0,0,LOW CONFIDENCE,Adjust camera view
32066,,,,,,,,,,,0.467,UP,0,0,0,LOW CONFIDENCE,Adjust camera view
32100,,,,,,,,,,,0.487,UP,0,0,0,LOW CONFIDENCE,Adjust camera view
32133,RIGHT,178.8,177.3,175.8,176.3,175.8,168.1,3.7,175.0,173.3,0.511,UP,0,0,0,FORM ISSUE,Pelvis tilting - keep hips square
32166,RIGHT,178.3,177.5,176.6,176.4,175.4,168.1,4.0,174.7,173.2,0.534,UP,0,0,0,FORM ISSUE,Pelvis tilting - keep hips square
32200,RIGHT,176.3,178.5,176.9,176.9,174.9,168.9,4.0,175.6,173.2,0.558,UP,0,0,0,FORM ISSUE,Pelvis tilting - keep hips square
32233,RIGHT,176.0,178.9,177.3,177.8,174.9,169.0,4.2,174.0,172.3,0.577,UP,0,0,0,FORM ISSUE,Pelvis tilting - keep hips square
32266,RIGHT,175.7,178.3,177.0,178.1,174.4,168.5,4.2,176.7,173.5,0.598,UP,0,0,0,FORM ISSUE,Pelvis tilting - keep hips square
32300,RIGHT,175.6,178.2,176.4,178.3,174.4,168.7,4.2,173.6,174.8,0.62,UP,0,0,0,FORM ISSUE,Pelvis tilting - keep hips square
32333,RIGHT,175.4,178.5,175.8,178.5,174.1,169.2,4.1,173.3,174.6,0.641,UP,0,0,0,FORM ISSUE,Pelvis tilting - keep hips square
32366,RIGHT,174.9,179.1,175.5,178.6,174.2,169.3,4.1,172.9,174.2,0.665,UP,0,0,0,FORM ISSUE,Pelvis tilting - keep hips square
32400,RIGHT,175.9,179.7,175.5,178.8,174.7,170.5,3.7,172.9,172.6,0.687,UP,0,0,0,FORM ISSUE,Pelvis tilting - keep hips square
32433,RIGHT,177.0,179.9,175.7,179.1,175.1,170.6,3.7,172.9,171.5,0.708,UP,0,0,0,FORM ISSUE,Pelvis tilting - keep hips square
32466,RIGHT,177.0,179.5,176.0,179.4,175.0,170.8,3.5,172.3,171.0,0.727,UP,0,0,0,FORM ISSUE,Pelvis tilting - keep hips square
32500,RIGHT,176.9,179.0,176.3,179.5,174.6,171.0,3.3,173.2,171.7,0.746,UP,0,0,0,FORM ISSUE,Pelvis tilting - keep hips square
32533,RIGHT,176.9,178.6,176.7,179.3,174.4,171.0,3.2,173.1,171.4,0.764,UP,0,0,0,FORM ISSUE,Pelvis tilting - keep hips square
32566,RIGHT,177.3,178.1,177.0,179.0,173.7,171.5,2.7,174.8,171.9,0.784,UP,0,0,0,FORM ISSUE,Pelvis tilting - keep hips square
32600,RIGHT,177.9,178.0,177.2,178.6,173.9,171.4,2.8,172.9,171.9,0.802,UP,0,0,0,FORM ISSUE,Pelvis tilting - keep hips square
32633,RIGHT,178.0,178.1,177.4,178.4,173.7,172.1,2.5,173.6,172.8,0.82,UP,0,0,0,FORM ISSUE,Pelvis tilting - keep hips square
32666,RIGHT,177.2,178.3,177.5,178.2,173.3,172.3,2.4,172.9,172.2,0.836,UP,0,0,0,FORM ISSUE,Pelvis tilting - keep hips square
32700,RIGHT,177.4,178.2,177.6,178.1,172.9,173.2,1.8,174.3,171.1,0.85,UP,0,0,0,FORM ISSUE,Pelvis tilting - keep hips square
32733,RIGHT,177.4,178.6,177.6,178.2,172.5,172.9,1.9,173.2,169.9,0.864,UP,0,0,0,FORM ISSUE,Pelvis tilting - keep hips square
32766,RIGHT,178.0,178.5,177.6,178.3,172.6,173.2,1.6,171.6,171.3,0.876,UP,0,0,0,FORM ISSUE,Pelvis tilting - keep hips square
32800,RIGHT,177.6,178.5,177.5,178.4,172.1,173.6,1.3,172.9,170.1,0.886,UP,0,0,0,FORM ISSUE,Pelvis tilting - keep hips square
32833,RIGHT,176.4,178.2,177.4,178.4,171.3,173.6,1.2,173.8,169.7,0.896,UP,0,0,0,FORM ISSUE,Pelvis tilting - keep hips square
32866,RIGHT,175.5,178.0,177.0,178.4,170.5,174.1,0.8,174.5,168.9,0.904,UP,0,0,0,FORM ISSUE,Pelvis tilting - keep hips square
32900,RIGHT,175.8,177.7,176.7,178.2,170.3,174.5,0.4,173.3,168.1,0.912,UP,0,0,0,FORM ISSUE,Pelvis tilting - keep hips square
32933,RIGHT,176.7,177.9,176.4,178.1,171.3,173.5,0.8,172.8,168.0,0.919,UP,0,0,0,FORM ISSUE,Pelvis tilting - keep hips square
32966,RIGHT,176.9,177.8,176.3,177.9,171.1,173.8,0.4,172.0,168.6,0.925,UP,0,0,0,FORM ISSUE,Pelvis tilting - keep hips square
33000,RIGHT,177.0,177.2,176.4,177.7,171.4,174.0,0.3,171.2,168.5,0.93,UP,0,0,0,FORM ISSUE,Pelvis tilting - keep hips square
33033,RIGHT,176.9,177.1,176.7,177.6,171.6,173.7,0.3,173.2,166.6,0.934,UP,0,0,0,FORM ISSUE,Pelvis tilting - keep hips square
33066,RIGHT,177.2,177.4,176.9,177.5,171.4,174.2,0.4,175.4,165.9,0.939,UP,0,0,0,FORM ISSUE,Pelvis tilting - keep hips square
33100,RIGHT,177.8,177.8,177.2,177.5,172.2,173.3,0.2,177.1,164.6,0.942,UP,0,0,0,FORM ISSUE,Pelvis tilting - keep hips square
33133,RIGHT,177.3,178.6,177.2,177.6,172.3,172.9,0.3,177.7,164.9,0.946,UP,0,0,0,FORM ISSUE,Pelvis tilting - keep hips square
33166,RIGHT,177.6,179.6,177.4,178.1,173.2,171.5,0.1,178.9,164.7,0.949,UP,0,0,0,FORM ISSUE,Pelvis tilting - keep hips square
33200,RIGHT,176.7,179.6,177.3,178.6,172.8,172.2,0.2,178.1,165.1,0.952,UP,0,0,0,FORM ISSUE,Pelvis tilting - keep hips square
33233,RIGHT,177.1,179.7,177.3,179.0,173.4,170.8,0.0,179.3,165.7,0.954,UP,0,0,0,FORM ISSUE,Pelvis tilting - keep hips square
33266,RIGHT,177.1,179.2,177.2,179.3,173.4,171.7,0.0,178.6,165.9,0.956,UP,0,0,0,FORM ISSUE,Pelvis tilting - keep hips square
33300,RIGHT,177.0,179.3,177.1,179.5,173.2,171.7,0.2,179.4,166.7,0.957,UP,0,0,0,FORM ISSUE,Pelvis tilting - keep hips square
33333,RIGHT,177.1,179.0,177.0,179.3,173.1,171.7,0.3,180.0,166.2,0.957,UP,0,0,0,FORM ISSUE,Pelvis tilting - keep hips square
33366,RIGHT,177.0,179.1,177.1,179.2,173.1,171.6,0.3,178.8,165.7,0.957,UP,0,0,0,FORM ISSUE,Pelvis tilting - keep hips square
33400,RIGHT,177.2,179.2,177.1,179.2,173.1,171.9,0.5,178.5,165.8,0.955,UP,0,0,0,FORM ISSUE,Pelvis tilting - keep hips square
33433,RIGHT,177.2,180.0,177.1,179.3,173.2,171.4,0.4,179.1,165.9,0.951,UP,0,0,0,FORM ISSUE,Pelvis tilting - keep hips square
33466,RIGHT,177.1,179.8,177.1,179.4,173.4,171.7,0.4,179.7,165.9,0.946,UP,0,0,0,FORM ISSUE,Pelvis tilting - keep hips square
33500,RIGHT,176.4,179.4,177.0,179.5,173.2,171.4,0.3,179.6,167.0,0.94,UP,0,0,0,FORM ISSUE,Pelvis tilting - keep hips square
33533,RIGHT,177.2,178.8,177.0,179.4,174.0,171.2,0.2,179.5,166.6,0.931,UP,0,0,0,FORM ISSUE,Pelvis tilting - keep hips square
33566,RIGHT,176.9,178.8,177.0,179.4,174.0,170.7,0.1,178.2,166.1,0.917,UP,0,0,0,FORM ISSUE,Pelvis tilting - keep hips square
33600,RIGHT,177.0,179.1,176.9,179.2,174.2,170.8,0.0,179.6,166.8,0.902,UP,0,0,0,FORM ISSUE,Pelvis tilting - keep hips square
33633,RIGHT,177.1,178.7,176.9,179.0,174.4,170.8,0.1,179.2,166.3,0.888,UP,0,0,0,FORM ISSUE,Pelvis tilting - keep hips square
33666,RIGHT,178.4,178.2,177.3,178.7,175.1,170.4,0.1,179.1,166.2,0.869,UP,0,0,0,FORM ISSUE,Pelvis tilting - keep hips square
33700,RIGHT,179.0,177.5,177.7,178.5,175.4,170.1,0.0,179.2,166.6,0.847,UP,0,0,0,FORM ISSUE,Pelvis tilting - keep hips square
33733,RIGHT,179.2,177.9,178.2,178.3,175.3,170.3,0.1,178.3,167.0,0.832,UP,0,0,0,FORM ISSUE,Pelvis tilting - keep hips square
33766,RIGHT,179.0,178.3,178.6,178.1,175.3,170.6,0.1,179.3,166.0,0.817,UP,0,0,0,FORM ISSUE,Pelvis tilting - keep hips square
33800,RIGHT,177.8,177.6,178.7,177.9,175.3,170.4,0.0,179.8,166.3,0.803,UP,0,0,0,FORM ISSUE,Pelvis tilting - keep hips square
33833,RIGHT,177.3,177.7,178.5,177.8,174.7,170.5,0.1,179.8,166.2,0.794,UP,0,0,0,FORM ISSUE,Pelvis tilting - keep hips square
33866,RIGHT,177.2,178.3,178.1,178.0,174.6,170.7,0.1,179.5,166.2,0.792,UP,0,0,0,FORM ISSUE,Pelvis tilting - keep hips square
33900,RIGHT,177.3,178.1,177.7,178.0,174.7,170.7,0.1,179.5,166.0,0.786,UP,0,0,0,FORM ISSUE,Pelvis tilting - keep hips square
33933,RIGHT,178.1,178.3,177.5,178.0,175.1,171.1,0.1,179.6,166.1,0.781,UP,0,0,0,FORM ISSUE,Pelvis tilting - keep hips square
33966,RIGHT,178.1,177.7,177.6,178.0,175.2,170.9,0.1,179.6,166.9,0.777,UP,0,0,0,FORM ISSUE,Pelvis tilting - keep hips square
34000,RIGHT,178.0,177.7,177.7,178.0,175.7,170.5,0.4,179.8,168.9,0.773,UP,0,0,0,FORM ISSUE,Pelvis tilting - keep hips square
34033,RIGHT,176.4,177.7,177.6,177.9,174.7,171.2,0.1,178.0,168.5,0.771,UP,0,0,0,FORM ISSUE,Pelvis tilting - keep hips square
34066,RIGHT,176.1,178.2,177.3,177.9,174.7,170.6,0.5,178.7,170.5,0.778,UP,0,0,0,FORM ISSUE,Pelvis tilting - keep hips square
34100,RIGHT,176.3,178.3,177.0,177.9,174.5,170.5,0.5,177.3,170.0,0.787,UP,0,0,0,FORM ISSUE,Pelvis tilting - keep hips square
34133,RIGHT,176.0,178.5,176.6,178.1,174.4,170.7,0.8,176.6,170.0,0.799,UP,0,0,0,FORM ISSUE,Pelvis tilting - keep hips square
34166,RIGHT,176.0,179.2,176.2,178.4,174.0,171.2,0.7,179.6,168.3,0.815,UP,0,0,0,FORM ISSUE,Pelvis tilting - keep hips square
34200,RIGHT,177.0,179.6,176.3,178.8,173.8,172.5,0.4,179.6,167.5,0.831,UP,0,0,0,FORM ISSUE,Pelvis tilting - keep hips square
34233,RIGHT,176.3,178.9,176.3,178.9,173.2,172.1,0.8,178.3,167.4,0.846,UP,0,0,0,FORM ISSUE,Pelvis tilting - keep hips square
34266,RIGHT,176.0,178.6,176.3,179.0,173.1,172.2,1.0,177.5,167.1,0.859,UP,0,0,0,FORM ISSUE,Pelvis tilting - keep hips square
34300,RIGHT,176.1,178.9,176.3,179.1,173.6,171.5,1.6,176.9,168.6,0.871,UP,0,0,0,FORM ISSUE,Pelvis tilting - keep hips square
34333,RIGHT,175.4,179.7,176.2,179.2,173.7,170.6,2.2,176.1,169.6,0.882,UP,0,0,0,FORM ISSUE,Pelvis tilting - keep hips square
34366,RIGHT,173.7,179.8,175.5,179.2,172.9,170.3,3.1,173.0,170.1,0.891,UP,0,0,0,FORM ISSUE,Pelvis tilting - keep hips square
34400,RIGHT,172.3,179.7,174.7,179.4,172.0,170.0,3.2,173.7,171.2,0.9,UP,0,0,0,FORM ISSUE,Pelvis tilting - keep hips square
34433,RIGHT,170.0,179.9,173.5,179.6,170.0,171.0,2.9,173.5,168.9,0.908,UP,0,0,0,FORM ISSUE,Pelvis tilting - keep hips square
34466,RIGHT,165.5,180.0,171.4,179.8,167.6,170.1,3.6,171.6,169.8,0.915,UP,0,0,0,FORM ISSUE,Pelvis tilting - keep hips square
34500,RIGHT,164.8,179.5,169.3,179.8,166.6,169.2,4.3,170.4,170.0,0.921,UP,0,0,0,FORM ISSUE,Pelvis tilting - keep hips square
34533,RIGHT,163.0,179.6,167.1,179.7,166.1,168.9,4.9,169.1,169.8,0.928,UP,0,0,0,FORM ISSUE,Pelvis tilting - keep hips square
34566,LEFT,179.7,161.5,168.6,176.1,168.3,165.1,5.4,170.7,169.7,0.933,UP,0,0,0,FORM ISSUE,Pelvis tilting - keep hips square
34600,LEFT,179.6,159.1,170.5,171.9,168.6,163.5,5.7,167.8,169.6,0.938,UP,0,0,0,FORM ISSUE,Pelvis tilting - keep hips square
34633,LEFT,179.6,159.7,173.4,167.9,169.3,162.2,5.5,170.8,173.3,0.942,UP,0,0,0,FORM ISSUE,Pelvis tilting - keep hips square
34666,LEFT,180.0,161.1,176.4,164.2,169.4,163.7,6.6,169.8,177.1,0.944,UP,0,0,0,FORM ISSUE,Pelvis tilting - keep hips square
34700,LEFT,179.5,164.0,179.7,161.1,166.4,166.8,8.6,170.9,177.6,0.945,UP,0,0,0,FORM ISSUE,Pelvis tilting - keep hips square
34733,LEFT,179.7,166.5,179.7,162.1,167.2,166.4,7.8,168.1,178.7,0.944,UP,0,0,0,FORM ISSUE,Pelvis tilting - keep hips square
34766,LEFT,175.6,163.8,178.9,163.0,175.6,167.7,4.7,173.8,177.5,0.942,UP,0,0,0,FORM ISSUE,Pelvis tilting - keep hips square
34800,LEFT,177.1,173.5,178.4,165.8,172.7,167.3,4.8,171.6,179.3,0.94,UP,0,0,0,FORM ISSUE,Pelvis tilting - keep hips square
34833,LEFT,180.0,177.6,178.4,169.1,169.7,168.3,5.9,169.1,179.7,0.937,UP,0,0,0,FORM ISSUE,Pelvis tilting - keep hips square
34866,LEFT,180.0,179.4,178.5,172.2,169.4,167.9,5.6,169.2,172.0,0.936,UP,0,0,0,FORM ISSUE,Pelvis tilting - keep hips square
34900,LEFT,179.8,178.9,178.5,174.7,169.0,167.8,5.8,167.3,169.1,0.936,UP,0,0,0,FORM ISSUE,Pelvis tilting - keep hips square
34933,LEFT,179.8,179.3,179.3,177.8,168.7,165.8,5.1,169.3,173.0,0.936,UP,0,0,0,FORM ISSUE,Pelvis tilting - keep hips square
34966,LEFT,180.0,179.4,179.9,178.9,168.8,165.2,4.9,169.4,173.0,0.937,UP,0,0,0,FORM ISSUE,Pelvis tilting - keep hips square
35000,RIGHT,179.5,179.2,179.8,179.2,164.5,168.2,4.2,170.1,174.1,0.938,UP,0,0,0,FORM ISSUE,Pelvis tilting - keep hips square
35033,RIGHT,177.2,178.9,179.3,179.1,161.8,168.6,3.6,171.2,173.6,0.939,UP,0,0,0,FORM ISSUE,Pelvis tilting - keep hips square
35066,RIGHT,175.3,178.3,178.4,179.0,160.0,169.0,2.8,172.6,169.8,0.94,UP,0,0,0,FORM ISSUE,Pelvis tilting - keep hips square
35100,RIGHT,174.8,178.9,177.4,178.9,160.2,169.3,2.4,173.4,169.4,0.94,UP,0,0,0,FORM ISSUE,Pelvis tilting - keep hips square
35133,RIGHT,173.4,178.3,176.1,178.7,159.3,171.1,1.6,172.8,169.4,0.941,UP,0,0,0,FORM ISSUE,Pelvis tilting - keep hips square
35166,RIGHT,169.5,177.7,174.1,178.4,156.1,171.3,1.0,174.0,168.9,0.943,UP,0,0,0,FORM ISSUE,Pelvis tilting - keep hips square
35200,RIGHT,164.5,178.5,171.5,178.3,151.6,172.1,0.2,174.4,165.8,0.945,UP,0,0,0,FORM ISSUE,Pelvis tilting - keep hips square
35233,RIGHT,160.5,179.5,168.5,178.6,147.2,172.9,1.8,173.7,165.0,0.945,UP,0,0,0,FORM ISSUE,Pelvis tilting - keep hips square
35266,RIGHT,152.5,179.4,164.1,178.7,142.1,172.4,2.2,174.9,166.5,0.945,UP,0,0,0,FORM ISSUE,Pelvis tilting - keep hips square
35300,RIGHT,150.4,165.7,159.5,176.2,142.3,175.8,2.1,173.7,167.3,0.942,UP,0,0,0,FORM ISSUE,Pelvis tilting - keep hips square
35333,RIGHT,147.3,165.8,155.0,173.8,141.7,174.9,2.1,179.3,168.4,0.938,UP,0,0,0,FORM ISSUE,Pelvis tilting - keep hips square
35366,RIGHT,139.7,150.9,150.1,168.3,135.7,179.4,3.2,179.4,170.2,0.93,UP,0,0,0,FORM ISSUE,Pelvis tilting - keep hips square
35400,RIGHT,127.0,142.2,143.4,160.8,126.3,164.5,3.3,175.4,167.1,0.912,UP,0,0,0,FORM ISSUE,Pelvis tilting - keep hips square
35433,RIGHT,119.0,152.1,136.7,155.3,118.9,175.9,3.1,174.8,167.0,0.884,DOWN,0,0,0,FORM ISSUE,Pelvis tilting - keep hips square
35466,RIGHT,120.3,146.3,130.7,151.5,121.7,170.9,2.7,176.3,166.7,0.847,DOWN,0,0,0,FORM ISSUE,Pelvis tilting - keep hips square
35500,RIGHT,119.6,146.5,125.1,147.6,122.3,172.7,2.7,173.6,170.6,0.802,DOWN,0,0,0,FORM ISSUE,Pelvis tilting - keep hips square
35533,RIGHT,117.1,143.3,120.6,146.1,123.0,164.5,2.4,166.1,175.3,0.754,DOWN,0,0,0,FORM ISSUE,Pelvis tilting - keep hips square
35566,RIGHT,120.0,150.9,119.2,147.8,125.5,165.9,2.0,171.4,173.9,0.711,DOWN,0,0,0,FORM ISSUE,Pelvis tilting - keep hips square
35600,RIGHT,120.7,160.3,119.5,149.5,128.2,168.8,1.7,177.5,174.5,0.677,DOWN,0,0,0,FORM ISSUE,Pelvis tilting - keep hips square
35633,RIGHT,114.0,168.8,118.3,153.9,124.9,173.7,1.3,171.7,179.4,0.65,DOWN,0,0,0,FORM ISSUE,Pelvis tilting - keep hips square
35666,RIGHT,117.6,164.6,117.9,157.6,128.0,172.8,1.3,169.2,177.7,0.631,DOWN,0,0,0,FORM ISSUE,Pelvis tilting - keep hips square
35700,RIGHT,118.5,163.6,118.2,161.6,126.8,177.1,1.7,167.2,178.7,0.621,DOWN,0,0,0,FORM ISSUE,Pelvis tilting - keep hips square
35733,RIGHT,111.0,161.5,116.4,163.8,121.2,176.5,2.2,168.0,177.5,0.613,DOWN,0,0,0,FORM ISSUE,Pelvis tilting - keep hips square
35766,RIGHT,113.5,167.7,114.9,165.2,121.1,177.5,3.0,169.7,174.7,0.605,DOWN,0,0,0,FORM ISSUE,Pelvis tilting - keep hips square
35800,RIGHT,116.3,161.2,115.4,163.7,123.4,176.8,3.6,169.9,176.9,0.599,DOWN,0,0,0,FORM ISSUE,Pelvis tilting - keep hips square
35833,RIGHT,117.5,164.5,115.4,163.7,124.1,178.4,4.1,170.1,173.8,0.595,DOWN,0,0,0,FORM ISSUE,Pelvis tilting - keep hips square
35866,RIGHT,119.6,165.4,115.6,164.1,126.3,179.0,4.1,170.9,172.6,0.586,DOWN,0,0,0,FORM ISSUE,Pelvis tilting - keep hips square
35900,RIGHT,120.1,173.3,117.4,166.4,126.0,178.7,4.4,171.5,171.6,0.581,DOWN,0,0,0,FORM ISSUE,Pelvis tilting - keep hips square
35933,RIGHT,118.8,173.4,118.5,167.6,125.2,178.0,4.2,171.6,172.4,0.578,DOWN,0,0,0,FORM ISSUE,Pelvis tilting - keep hips square
35966,RIGHT,119.3,170.3,119.1,169.4,125.4,178.7,4.7,171.2,171.6,0.574,DOWN,0,0,0,FORM ISSUE,Pelvis tilting - keep hips square
36000,RIGHT,121.4,167.2,119.8,169.9,127.6,176.8,4.7,173.2,175.1,0.565,DOWN,0,0,0,FORM ISSUE,Pelvis tilting - keep hips square
36033,RIGHT,124.3,22.6,120.8,141.4,129.8,173.9,5.1,175.3,174.7,0.549,DOWN,0,0,0,FORM ISSUE,Pelvis tilting - keep hips square
36066,RIGHT,128.4,33.7,122.4,113.4,132.8,175.1,5.5,176.7,174.0,0.529,DOWN,0,0,0,FORM ISSUE,Pelvis tilting - keep hips square
36100,RIGHT,128.7,174.1,124.4,113.6,131.9,178.3,5.5,177.4,169.9,0.505,DOWN,0,0,0,FORM ISSUE,Pelvis tilting - keep hips square
36133,,,,,,,,,,,0.477,DOWN,0,0,0,LOW CONFIDENCE,Adjust camera view
36166,,,,,,,,,,,0.451,DOWN,0,0,0,LOW CONFIDENCE,Adjust camera view
36200,,,,,,,,,,,0.429,DOWN,0,0,0,LOW CONFIDENCE,Adjust camera view
36233,,,,,,,,,,,0.41,DOWN,0,0,0,LOW CONFIDENCE,Adjust camera view
36266,,,,,,,,,,,0.398,DOWN,0,0,0,LOW CONFIDENCE,Adjust camera view
36300,,,,,,,,,,,0.389,DOWN,0,0,0,LOW CONFIDENCE,Adjust camera view
36333,,,,,,,,,,,0.392,DOWN,0,0,0,LOW CONFIDENCE,Adjust camera view
36366,,,,,,,,,,,0.403,DOWN,0,0,0,LOW CONFIDENCE,Adjust camera view
36400,,,,,,,,,,,0.425,DOWN,0,0,0,LOW CONFIDENCE,Adjust camera view
36433,,,,,,,,,,,0.454,DOWN,0,0,0,LOW CONFIDENCE,Adjust camera view
36466,,,,,,,,,,,0.492,DOWN,0,0,0,LOW CONFIDENCE,Adjust camera view
36500,RIGHT,150.7,157.0,130.7,110.9,149.7,175.0,4.6,177.8,158.4,0.528,DOWN,0,0,0,FORM ISSUE,Pelvis tilting - keep hips square
36533,RIGHT,151.8,158.7,136.8,109.2,150.5,173.8,4.5,176.4,159.6,0.566,DOWN,0,0,0,FORM ISSUE,Pelvis tilting - keep hips square
36566,RIGHT,152.1,162.9,142.3,137.3,150.8,172.4,4.5,176.0,158.5,0.602,DOWN,0,0,0,FORM ISSUE,Pelvis tilting - keep hips square
36600,RIGHT,152.4,163.6,147.1,163.3,151.2,173.1,4.3,178.0,159.0,0.634,DOWN,0,0,0,FORM ISSUE,Pelvis tilting - keep hips square
36633,RIGHT,152.8,161.5,151.9,160.8,151.5,173.4,4.4,178.3,158.2,0.664,DOWN,0,0,0,FORM ISSUE,Pelvis tilting - keep hips square
36666,RIGHT,153.1,164.3,152.4,162.2,152.3,172.8,4.1,178.5,158.8,0.692,DOWN,0,0,0,FORM ISSUE,Pelvis tilting - keep hips square
36700,RIGHT,153.1,164.0,152.7,163.3,152.3,172.8,4.0,178.2,158.6,0.716,DOWN,0,0,0,FORM ISSUE,Pelvis tilting - keep hips square
36733,RIGHT,153.2,164.1,152.9,163.5,152.4,172.7,3.8,178.8,158.0,0.738,DOWN,0,0,0,FORM ISSUE,Pelvis tilting - keep hips square
36766,RIGHT,153.4,162.6,153.1,163.3,152.9,173.0,3.6,178.4,158.5,0.757,DOWN,0,0,0,FORM ISSUE,Pelvis tilting - keep hips square
36800,RIGHT,153.3,163.3,153.2,163.7,152.8,172.8,3.5,178.3,157.9,0.774,DOWN,0,0,0,FORM ISSUE,Pelvis tilting - keep hips square
36833,RIGHT,153.3,161.3,153.3,163.1,152.8,173.1,3.5,178.6,157.4,0.789,DOWN,0,0,0,FORM ISSUE,Pelvis tilting - keep hips square
36866,RIGHT,153.4,161.2,153.3,162.5,153.1,173.1,3.4,178.8,157.4,0.803,DOWN,0,0,0,FORM ISSUE,Pelvis tilting - keep hips square
36900,RIGHT,154.1,160.2,153.5,161.7,153.5,173.1,3.4,178.5,157.2,0.815,DOWN,0,0,0,FORM ISSUE,Pelvis tilting - keep hips square
36933,RIGHT,152.4,161.1,153.3,161.4,152.4,173.1,3.4,178.5,157.4,0.825,DOWN,0,0,0,FORM ISSUE,Pelvis tilting - keep hips square
36966,RIGHT,152.5,159.5,153.2,160.7,152.7,173.5,3.3,178.6,157.5,0.835,DOWN,0,0,0,FORM ISSUE,Pelvis tilting - keep hips square
37000,RIGHT,152.5,158.2,153.0,160.0,152.7,174.0,3.3,178.1,157.4,0.843,DOWN,0,0,0,FORM ISSUE,Pelvis tilting - keep hips square
37033,RIGHT,152.4,156.1,152.8,159.0,152.8,174.5,3.1,178.9,157.0,0.849,DOWN,0,0,0,FORM ISSUE,Pelvis tilting - keep hips square
37066,RIGHT,152.7,167.9,152.5,160.5,153.5,177.4,3.1,177.8,157.2,0.846,DOWN,0,0,0,FORM ISSUE,Pelvis tilting - keep hips square
37100,RIGHT,152.0,156.4,152.4,159.6,153.0,178.4,3.0,177.5,157.1,0.84,DOWN,0,0,0,FORM ISSUE,Pelvis tilting - keep hips square
37133,RIGHT,152.9,148.4,152.5,157.4,154.7,169.3,2.6,179.8,158.0,0.826,DOWN,0,0,0,FORM ISSUE,Pelvis tilting - keep hips square
37166,RIGHT,150.4,148.8,152.1,155.5,153.5,171.9,2.5,179.8,159.2,0.808,DOWN,0,0,0,FORM ISSUE,Pelvis tilting - keep hips square
37200,RIGHT,149.9,145.6,151.6,153.4,154.5,176.5,2.1,179.5,161.1,0.787,DOWN,0,0,0,FORM ISSUE,Pelvis tilting - keep hips square
37233,RIGHT,148.4,135.4,150.7,146.9,153.1,177.3,2.1,178.3,161.3,0.767,DOWN,0,0,0,FORM ISSUE,Pelvis tilting - keep hips square
37266,RIGHT,144.8,130.9,149.3,141.8,150.6,178.6,2.3,178.7,163.5,0.744,DOWN,0,0,0,FORM ISSUE,Pelvis tilting - keep hips square
37300,RIGHT,142.5,133.8,147.2,138.9,148.6,178.9,2.3,177.5,164.8,0.722,DOWN,0,0,0,FORM ISSUE,Pelvis tilting - keep hips square
37333,RIGHT,142.9,116.8,145.7,132.5,148.5,174.1,2.3,178.1,166.4,0.698,DOWN,0,0,0,FORM ISSUE,Pelvis tilting - keep hips square
37366,RIGHT,141.0,123.5,143.9,128.1,146.4,176.2,2.4,177.5,166.0,0.674,DOWN,0,0,0,FORM ISSUE,Pelvis tilting - keep hips square
37400,RIGHT,139.5,97.0,142.1,120.4,147.0,174.9,2.6,175.1,167.9,0.652,DOWN,0,0,0,FORM ISSUE,Pelvis tilting - keep hips square
37433,RIGHT,138.6,88.1,140.9,111.8,146.4,175.6,2.6,172.5,169.8,0.633,DOWN,0,0,0,FORM ISSUE,Pelvis tilting - keep hips square
37466,RIGHT,132.4,96.3,138.9,104.3,142.6,175.8,2.4,171.0,169.8,0.616,DOWN,0,0,0,FORM ISSUE,Pelvis tilting - keep hips square
37500,RIGHT,131.6,110.1,136.6,103.0,143.4,173.1,2.0,170.0,170.1,0.604,DOWN,0,0,0,FORM ISSUE,Pelvis tilting - keep hips square
37533,RIGHT,130.8,129.3,134.6,104.2,144.0,163.2,1.6,170.3,169.1,0.596,DOWN,0,0,0,FORM ISSUE,Pelvis tilting - keep hips square
37566,RIGHT,130.6,141.6,132.8,113.1,143.7,168.3,1.7,172.1,167.8,0.592,DOWN,0,0,0,FORM ISSUE,Pelvis tilting - keep hips square
37600,RIGHT,129.0,149.0,130.9,125.3,143.1,168.6,1.6,171.1,167.8,0.588,DOWN,0,0,0,FORM ISSUE,Pelvis tilting - keep hips square
37633,RIGHT,128.3,154.1,130.1,136.8,143.9,170.7,1.5,169.6,168.7,0.589,DOWN,0,0,0,FORM ISSUE,Pelvis tilting - keep hips square
37666,RIGHT,127.7,164.1,129.3,147.6,142.6,175.8,1.7,168.5,168.6,0.593,DOWN,0,0,0,FORM ISSUE,Pelvis tilting - keep hips square
37700,RIGHT,125.0,160.5,128.1,153.9,141.1,174.9,1.4,172.2,168.5,0.593,DOWN,0,0,0,FORM ISSUE,Pelvis tilting - keep hips square
37733,RIGHT,124.5,164.2,126.9,158.4,142.0,179.4,1.6,169.7,168.1,0.594,DOWN,0,0,0,FORM ISSUE,Pelvis tilting - keep hips square
37766,RIGHT,124.7,143.0,126.0,157.2,142.4,169.9,1.9,168.7,167.4,0.599,DOWN,0,0,0,FORM ISSUE,Pelvis tilting - keep hips square
37800,RIGHT,120.5,131.2,124.5,152.6,140.7,165.9,2.0,168.0,169.9,0.601,DOWN,0,0,0,FORM ISSUE,Pelvis tilting - keep hips square
37833,RIGHT,120.8,133.0,123.1,146.3,141.0,167.8,2.1,168.6,169.7,0.603,DOWN,0,0,0,FORM ISSUE,Pelvis tilting - keep hips square
37866,RIGHT,120.2,139.5,122.1,142.1,140.1,172.7,2.0,168.1,169.1,0.607,DOWN,0,0,0,FORM ISSUE,Pelvis tilting - keep hips square
37900,RIGHT,116.7,138.9,120.6,137.1,137.7,172.7,2.1,169.0,168.1,0.609,DOWN,0,0,0,FORM ISSUE,Pelvis tilting - keep hips square
37933,RIGHT,115.5,137.7,118.7,136.0,136.8,172.6,2.2,168.9,167.6,0.61,DOWN,0,0,0,FORM ISSUE,Pelvis tilting - keep hips square
37966,RIGHT,112.8,122.6,117.2,134.3,135.4,170.6,2.3,169.5,169.2,0.61,DOWN,0,0,0,FORM ISSUE,Pelvis tilting - keep hips square
38000,RIGHT,112.9,114.2,115.6,130.6,135.2,170.7,2.5,169.2,169.2,0.608,DOWN,0,0,0,FORM ISSUE,Pelvis tilting - keep hips square
38033,RIGHT,110.6,92.9,113.7,121.3,134.5,167.6,2.5,168.9,170.3,0.602,DOWN,0,0,0,FORM ISSUE,Pelvis tilting - keep hips square
38066,RIGHT,111.0,99.0,112.5,113.3,134.7,164.9,2.2,168.9,170.5,0.593,DOWN,0,0,0,FORM ISSUE,Pelvis tilting - keep hips square
38100,RIGHT,112.6,101.6,112.0,106.1,135.7,167.6,2.2,169.0,170.5,0.585,DOWN,0,0,0,FORM ISSUE,Pelvis tilting - keep hips square
38133,RIGHT,113.1,110.5,112.0,103.6,136.4,163.1,2.1,168.7,171.2,0.573,DOWN,0,0,0,FORM ISSUE,Pelvis tilting - keep hips square
38166,RIGHT,111.6,109.7,111.8,102.7,136.0,165.1,2.1,169.0,171.0,0.563,DOWN,0,0,0,FORM ISSUE,Pelvis tilting - keep hips square
38200,RIGHT,111.6,109.7,112.0,106.1,136.9,161.6,1.8,168.7,171.2,0.553,DOWN,0,0,0,FORM ISSUE,Pelvis tilting - keep hips square
38233,RIGHT,110.8,80.2,111.9,102.3,137.2,163.2,1.7,168.9,171.3,0.549,DOWN,0,0,0,FORM ISSUE,Pelvis tilting - keep hips square
38266,RIGHT,111.0,123.6,111.6,106.7,136.6,172.1,1.9,169.1,171.0,0.542,DOWN,0,0,0,FORM ISSUE,Pelvis tilting - keep hips square
38300,RIGHT,109.7,93.5,110.9,103.3,134.0,171.2,2.1,169.1,170.5,0.539,DOWN,0,0,0,FORM ISSUE,Pelvis tilting - keep hips square
38333,RIGHT,109.9,106.0,110.6,102.6,133.9,176.6,2.5,169.4,170.4,0.534,DOWN,0,0,0,FORM ISSUE,Pelvis tilting - keep hips square
38366,RIGHT,109.7,98.0,110.2,100.3,131.4,177.3,3.1,169.9,170.0,0.531,DOWN,0,0,0,FORM ISSUE,Pelvis tilting - keep hips square
38400,RIGHT,108.8,99.1,109.8,104.0,131.5,175.2,3.5,170.0,170.9,0.524,DOWN,0,0,0,FORM ISSUE,Pelvis tilting - keep hips square
38433,RIGHT,110.1,106.0,109.7,100.5,131.7,177.2,3.7,170.5,170.9,0.518,DOWN,0,0,0,FORM ISSUE,Pelvis tilting - keep hips square
38466,RIGHT,109.6,91.1,109.6,100.0,131.1,176.7,4.0,170.5,170.9,0.512,DOWN,0,0,0,FORM ISSUE,Pelvis tilting - keep hips square
38500,RIGHT,107.7,101.1,109.2,99.1,129.4,174.3,3.9,170.9,170.7,0.507,DOWN,0,0,0,FORM ISSUE,Pelvis tilting - keep hips square
38533,RIGHT,109.8,143.9,109.2,108.2,130.7,172.4,3.7,170.4,170.4,0.503,DOWN,0,0,0,FORM ISSUE,Pelvis tilting - keep hips square
38566,,,,,,,,,,,0.5,DOWN,0,0,0,LOW CONFIDENCE,Adjust camera view
38600,RIGHT,113.2,150.3,110.1,118.5,132.9,170.3,3.3,169.7,170.7,0.501,DOWN,0,0,0,FORM ISSUE,Pelvis tilting - keep hips square
38633,RIGHT,117.0,153.4,111.5,128.0,134.4,169.7,3.3,169.9,168.8,0.506,DOWN,0,0,0,FORM ISSUE,Pelvis tilting - keep hips square
38666,RIGHT,118.8,153.1,113.3,140.4,135.0,171.0,3.5,170.6,166.7,0.511,DOWN,0,0,0,FORM ISSUE,Pelvis tilting - keep hips square
38700,RIGHT,118.4,98.0,115.4,139.8,133.2,171.2,3.6,170.4,166.5,0.515,DOWN,0,0,0,FORM ISSUE,Pelvis tilting - keep hips square
38733,RIGHT,122.6,113.2,118.0,133.6,135.0,177.1,3.6,171.0,166.3,0.518,DOWN,0,0,0,FORM ISSUE,Pelvis tilting - keep hips square
38766,RIGHT,124.8,120.8,120.3,127.7,136.8,178.1,3.7,174.8,167.1,0.517,DOWN,0,0,0,FORM ISSUE,Pelvis tilting - keep hips square
38800,RIGHT,126.2,29.0,122.2,102.8,136.4,178.7,4.0,174.1,166.8,0.507,DOWN,0,0,0,FORM ISSUE,Pelvis tilting - keep hips square
38833,,,,,,,,,,,0.493,DOWN,0,0,0,LOW CONFIDENCE,Adjust camera view
38866,,,,,,,,,,,0.479,DOWN,0,0,0,LOW CONFIDENCE,Adjust camera view
38900,,,,,,,,,,,0.468,DOWN,0,0,0,LOW CONFIDENCE,Adjust camera view
38933,,,,,,,,,,,0.459,DOWN,0,0,0,LOW CONFIDENCE,Adjust camera view
38966,,,,,,,,,,,0.465,DOWN,0,0,0,LOW CONFIDENCE,Adjust camera view
39000,,,,,,,,,,,0.48,DOWN,0,0,0,LOW CONFIDENCE,Adjust camera view
39033,RIGHT,145.0,154.4,127.4,103.1,148.9,165.6,3.8,179.0,159.0,0.501,DOWN,0,0,0,FORM ISSUE,Pelvis tilting - keep hips square
39066,RIGHT,150.2,173.5,133.8,118.2,152.1,172.9,3.8,177.4,159.6,0.529,DOWN,0,0,0,FORM ISSUE,Pelvis tilting - keep hips square
39100,RIGHT,152.1,161.9,139.7,127.9,153.0,171.1,4.1,176.5,157.6,0.561,DOWN,0,0,0,FORM ISSUE,Pelvis tilting - keep hips square
39133,RIGHT,155.8,170.4,145.9,137.9,155.2,173.2,4.1,177.5,156.6,0.59,DOWN,0,0,0,FORM ISSUE,Pelvis tilting - keep hips square
39166,RIGHT,158.9,167.2,152.4,165.5,155.7,168.7,4.2,176.6,156.1,0.619,DOWN,0,0,0,FORM ISSUE,Pelvis tilting - keep hips square
39200,RIGHT,160.8,170.1,155.6,168.6,156.2,167.3,4.5,175.4,155.2,0.649,DOWN,0,0,0,FORM ISSUE,Pelvis tilting - keep hips square
39233,RIGHT,159.4,171.5,157.4,168.2,156.1,167.0,5.0,175.9,155.5,0.676,DOWN,0,0,0,FORM ISSUE,Pelvis tilting - keep hips square
39266,RIGHT,159.0,169.5,158.8,169.7,155.7,169.5,5.5,174.2,154.3,0.702,DOWN,0,0,0,FORM ISSUE,Pelvis tilting - keep hips square
39300,RIGHT,158.5,166.7,159.3,169.0,155.7,170.4,5.4,175.4,153.6,0.726,DOWN,0,0,0,FORM ISSUE,Pelvis tilting - keep hips square
39333,RIGHT,158.8,167.1,159.3,169.0,155.7,170.7,5.6,173.8,154.1,0.749,DOWN,0,0,0,FORM ISSUE,Pelvis tilting - keep hips square
39366,RIGHT,160.0,168.2,159.2,168.6,156.4,171.4,5.8,172.8,154.5,0.77,DOWN,0,0,0,FORM ISSUE,Pelvis tilting - keep hips square
39400,RIGHT,161.3,170.4,159.5,168.4,157.2,170.6,5.4,174.0,156.0,0.788,DOWN,0,0,0,FORM ISSUE,Pelvis tilting - keep hips square
39433,RIGHT,160.9,169.8,159.9,168.4,156.1,169.7,5.5,176.2,156.3,0.804,DOWN,0,0,0,FORM ISSUE,Pelvis tilting - keep hips square
39466,RIGHT,162.4,172.3,160.7,169.6,157.4,169.3,5.4,174.7,156.8,0.819,DOWN,0,0,0,FORM ISSUE,Pelvis tilting - keep hips square
39500,RIGHT,164.3,172.9,161.8,170.7,158.7,169.6,5.1,175.3,157.8,0.832,DOWN,0,0,0,FORM ISSUE,Pelvis tilting - keep hips square
39533,RIGHT,164.9,173.2,162.8,171.7,158.9,169.7,4.9,176.4,158.3,0.844,DOWN,0,0,0,FORM ISSUE,Pelvis tilting - keep hips square
39566,RIGHT,165.9,177.1,163.7,173.1,160.1,168.6,4.6,175.4,159.0,0.855,DOWN,0,0,0,FORM ISSUE,Pelvis tilting - keep hips square
39600,RIGHT,167.0,175.9,164.9,174.3,161.8,168.6,3.8,175.6,159.2,0.864,UP,0,0,0,FORM ISSUE,Pelvis tilting - keep hips square
39633,RIGHT,167.2,176.0,165.9,175.0,163.3,167.8,2.6,176.5,160.3,0.873,UP,0,0,0,FORM ISSUE,Pelvis tilting - keep hips square
39666,RIGHT,171.7,175.7,167.3,175.6,166.2,166.3,1.3,176.4,162.4,0.881,UP,0,0,0,FORM ISSUE,Pelvis tilting - keep hips square
39700,RIGHT,172.5,174.3,168.9,175.8,166.4,166.7,0.5,177.4,163.5,0.889,UP,0,0,0,FORM ISSUE,Pelvis tilting - keep hips square
39733,RIGHT,172.2,173.3,170.1,175.0,166.9,167.7,0.3,180.0,165.8,0.895,UP,0,0,0,FORM ISSUE,Pelvis tilting - keep hips square
39766,RIGHT,170.8,172.0,170.9,174.2,165.8,169.6,0.5,179.0,166.8,0.9,UP,0,0,0,FORM ISSUE,Pelvis tilting - keep hips square
39800,RIGHT,169.0,173.2,171.2,173.7,164.8,169.0,0.8,178.1,166.8,0.904,UP,0,0,0,FORM ISSUE,Pelvis tilting - keep hips square
39833,RIGHT,165.2,173.4,169.9,173.2,160.4,171.3,0.2,176.9,166.8,0.909,UP,0,0,0,FORM ISSUE,Pelvis tilting - keep hips square
39866,RIGHT,166.3,174.6,168.7,173.3,159.4,171.0,0.1,176.5,166.7,0.912,UP,0,0,0,FORM ISSUE,Pelvis tilting - keep hips square
39900,RIGHT,166.7,174.8,167.6,173.6,158.0,171.4,0.2,175.9,166.0,0.915,UP,0,0,0,FORM ISSUE,Pelvis tilting - keep hips square
39933,RIGHT,168.1,178.0,167.1,174.8,157.7,170.2,0.1,175.4,165.8,0.919,UP,0,0,0,FORM ISSUE,Pelvis tilting - keep hips square
39966,RIGHT,171.0,176.9,167.5,175.5,158.1,171.1,0.0,174.0,166.6,0.921,UP,0,0,0,FORM ISSUE,Pelvis tilting - keep hips square
40000,RIGHT,172.3,176.5,168.9,176.2,158.0,171.9,0.3,174.0,165.2,0.922,UP,0,0,0,FORM ISSUE,Pelvis tilting - keep hips square
40033,RIGHT,172.3,178.3,170.1,176.9,157.6,171.4,0.7,176.8,164.5,0.923,UP,0,0,0,FORM ISSUE,Pelvis tilting - keep hips square
40066,RIGHT,171.7,178.4,171.1,177.6,156.7,172.1,1.2,177.3,163.7,0.925,UP,0,0,0,FORM ISSUE,Pelvis tilting - keep hips square
40100,RIGHT,171.9,179.1,171.8,177.8,156.6,172.0,1.4,175.3,163.5,0.926,UP,0,0,0,FORM ISSUE,Pelvis tilting - keep hips square
40133,RIGHT,171.8,179.0,172.0,178.3,156.5,171.8,1.3,175.8,163.0,0.927,UP,0,0,0,FORM ISSUE,Pelvis tilting - keep hips square
40166,RIGHT,168.6,179.0,171.3,178.8,154.1,172.6,2.0,177.9,161.7,0.928,UP,0,0,0,FORM ISSUE,Pelvis tilting - keep hips square
40200,RIGHT,164.1,179.5,169.6,179.0,152.5,171.2,1.7,178.7,160.9,0.926,UP,0,0,0,FORM ISSUE,Pelvis tilting - keep hips square
40233,RIGHT,163.0,177.5,167.9,178.8,152.4,172.4,1.9,179.4,159.6,0.921,UP,0,0,0,FORM ISSUE,Pelvis tilting - keep hips square
40266,RIGHT,160.0,170.4,165.5,177.1,151.1,174.8,2.3,179.9,160.0,0.916,UP,0,0,0,FORM ISSUE,Pelvis tilting - keep hips square
40300,RIGHT,153.2,167.0,161.8,174.7,147.9,175.9,2.3,178.3,158.9,0.91,UP,0,0,0,FORM ISSUE,Pelvis tilting - keep hips square
40333,RIGHT,148.7,159.9,157.8,170.9,146.0,178.4,2.2,179.6,159.2,0.904,UP,0,0,0,FORM ISSUE,Pelvis tilting - keep hips square
40366,RIGHT,147.5,159.5,154.5,166.8,145.6,176.2,1.7,179.7,160.1,0.898,UP,0,0,0,FORM ISSUE,Pelvis tilting - keep hips square
40400,RIGHT,139.7,147.7,149.8,160.9,138.2,162.2,2.1,179.2,161.5,0.885,UP,0,0,0,FORM ISSUE,Pelvis tilting - keep hips square
40433,RIGHT,137.3,148.4,145.3,156.5,135.0,169.9,2.6,173.2,166.6,0.865,UP,0,0,0,FORM ISSUE,Pelvis tilting - keep hips square
40466,RIGHT,132.4,140.8,141.1,151.3,132.0,174.7,2.7,175.0,171.3,0.843,DOWN,0,0,0,FORM ISSUE,Pelvis tilting - keep hips square
40500,RIGHT,132.0,149.5,137.8,149.2,130.9,178.6,2.9,173.7,166.5,0.815,DOWN,0,0,0,FORM ISSUE,Pelvis tilting - keep hips square
40533,RIGHT,131.2,153.3,134.5,147.9,132.3,179.9,2.4,174.0,168.3,0.785,DOWN,0,0,0,FORM ISSUE,Pelvis tilting - keep hips square
40566,RIGHT,126.3,143.0,131.8,147.0,127.3,179.8,3.3,173.1,170.6,0.757,DOWN,0,0,0,FORM ISSUE,Pelvis tilting - keep hips square
40600,RIGHT,121.3,108.2,128.6,138.9,125.1,170.3,3.4,173.3,173.3,0.729,DOWN,0,0,0,FORM ISSUE,Pelvis tilting - keep hips square
40633,RIGHT,119.0,101.5,126.0,131.1,123.7,175.0,3.1,170.4,171.8,0.702,DOWN,0,0,0,FORM ISSUE,Pelvis tilting - keep hips square
40666,RIGHT,118.5,136.3,123.3,128.5,122.6,175.8,3.9,174.7,165.8,0.682,DOWN,0,0,0,FORM ISSUE,Pelvis tilting - keep hips square
40700,RIGHT,118.6,142.9,120.8,126.4,123.2,173.3,4.2,170.2,167.9,0.667,DOWN,0,0,0,FORM ISSUE,Pelvis tilting - keep hips square
40733,RIGHT,116.7,142.3,118.8,126.2,121.6,173.0,5.2,168.6,167.3,0.656,DOWN,0,0,0,FORM ISSUE,Pelvis tilting - keep hips square
40766,RIGHT,117.1,137.2,118.0,132.0,121.4,173.1,5.7,168.9,167.3,0.652,DOWN,0,0,0,FORM ISSUE,Pelvis tilting - keep hips square
40800,RIGHT,113.8,135.8,117.0,138.9,118.8,172.7,6.4,168.2,166.2,0.651,DOWN,0,0,0,FORM ISSUE,Pelvis tilting - keep hips square
40833,RIGHT,113.6,139.4,116.0,139.5,117.5,170.7,6.6,168.9,164.8,0.648,DOWN,0,0,0,FORM ISSUE,Pelvis tilting - keep hips square
40866,RIGHT,110.5,110.2,114.3,133.0,114.9,174.5,6.7,171.8,167.1,0.642,DOWN,0,0,0,FORM ISSUE,Pelvis tilting - keep hips square
40900,RIGHT,110.6,125.0,113.1,129.5,114.2,174.2,7.0,172.3,166.8,0.639,DOWN,0,0,0,FORM ISSUE,Pelvis tilting - keep hips square
40933,RIGHT,110.3,129.9,111.7,128.1,112.7,177.3,7.4,172.4,165.1,0.632,DOWN,0,0,0,FORM ISSUE,Pelvis tilting - keep hips square
40966,RIGHT,110.0,130.3,111.0,127.0,112.0,176.9,7.5,171.7,164.9,0.623,DOWN,0,0,0,FORM ISSUE,Pelvis tilting - keep hips square
41000,RIGHT,109.9,128.2,110.3,124.7,112.3,176.6,7.6,171.9,161.9,0.613,DOWN,0,0,0,FORM ISSUE,Pelvis tilting - keep hips square
41033,RIGHT,110.1,121.5,110.2,127.0,112.1,176.8,7.7,172.4,162.5,0.604,DOWN,0,0,0,FORM ISSUE,Pelvis tilting - keep hips square
41066,RIGHT,110.7,124.6,110.2,126.9,112.2,176.6,7.9,173.0,160.2,0.592,DOWN,0,0,0,FORM ISSUE,Pelvis tilting - keep hips square
41100,RIGHT,109.4,112.9,110.0,123.5,111.2,176.6,8.1,173.8,158.8,0.579,DOWN,0,0,0,FORM ISSUE,Pelvis tilting - keep hips square
41133,RIGHT,109.8,128.7,110.0,123.2,112.0,173.9,8.3,173.4,159.7,0.567,DOWN,0,0,0,FORM ISSUE,Pelvis tilting - keep hips square
41166,RIGHT,109.9,138.6,110.0,125.3,111.1,178.7,8.7,174.3,158.8,0.554,DOWN,0,0,0,FORM ISSUE,Pelvis tilting - keep hips square
41200,RIGHT,109.2,136.2,109.8,128.2,110.5,175.9,9.0,174.4,159.1,0.541,DOWN,0,0,0,FORM ISSUE,Pelvis tilting - keep hips square
41233,RIGHT,109.1,120.9,109.5,127.5,110.3,175.3,9.2,174.4,159.4,0.528,DOWN,0,0,0,FORM ISSUE,Pelvis tilting - keep hips square
41266,RIGHT,108.8,114.3,109.4,127.7,110.2,174.4,9.2,174.5,159.6,0.518,DOWN,0,0,0,FORM ISSUE,Pelvis tilting - keep hips square
41300,RIGHT,108.9,140.7,109.2,130.1,110.3,173.7,9.2,174.7,159.8,0.507,DOWN,0,0,0,FORM ISSUE,Pelvis tilting - keep hips square
41333,,,,,,,,,,,0.496,DOWN,0,0,0,LOW CONFIDENCE,Adjust camera view
41366,,,,,,,,,,,0.488,DOWN,0,0,0,LOW CONFIDENCE,Adjust camera view
41400,,,,,,,,,,,0.481,DOWN,0,0,0,LOW CONFIDENCE,Adjust camera view
41433,,,,,,,,,,,0.475,DOWN,0,0,0,LOW CONFIDENCE,Adjust camera view
41466,,,,,,,,,,,0.468,DOWN,0,0,0,LOW CONFIDENCE,Adjust camera view
41500,,,,,,,,,,,0.464,DOWN,0,0,0,LOW CONFIDENCE,Adjust camera view
41533,,,,,,,,,,,0.456,DOWN,0,0,0,LOW CONFIDENCE,Adjust camera view
41566,,,,,,,,,,,0.45,DOWN,0,0,0,LOW CONFIDENCE,Adjust camera view
41600,,,,,,,,,,,0.447,DOWN,0,0,0,LOW CONFIDENCE,Adjust camera view
41633,,,,,,,,,,,0.444,DOWN,0,0,0,LOW CONFIDENCE,Adjust camera view
41666,,,,,,,,,,,0.441,DOWN,0,0,0,LOW CONFIDENCE,Adjust camera view
41700,,,,,,,,,,,0.443,DOWN,0,0,0,LOW CONFIDENCE,Adjust camera view
41733,,,,,,,,,,,0.443,DOWN,0,0,0,LOW CONFIDENCE,Adjust camera view
41766,,,,,,,,,,,0.443,DOWN,0,0,0,LOW CONFIDENCE,Adjust camera view
41800,,,,,,,,,,,0.448,DOWN,0,0,0,LOW CONFIDENCE,Adjust camera view
41833,,,,,,,,,,,0.457,DOWN,0,0,0,LOW CONFIDENCE,Adjust camera view
41866,,,,,,,,,,,0.466,DOWN,0,0,0,LOW CONFIDENCE,Adjust camera view
41900,,,,,,,,,,,0.481,DOWN,0,0,0,LOW CONFIDENCE,Adjust camera view
41933,,,,,,,,,,,0.498,DOWN,0,0,0,LOW CONFIDENCE,Adjust camera view
41966,RIGHT,115.8,148.1,110.4,132.0,126.1,168.9,2.7,172.4,175.9,0.513,DOWN,0,0,0,FORM ISSUE,Pelvis tilting - keep hips square
42000,RIGHT,114.7,150.4,111.5,134.9,125.3,171.8,2.7,171.5,175.0,0.523,DOWN,0,0,0,FORM ISSUE,Pelvis tilting - keep hips square
42033,RIGHT,115.9,156.4,112.8,142.0,127.4,174.2,2.4,171.8,174.5,0.535,DOWN,0,0,0,FORM ISSUE,Pelvis tilting - keep hips square
42066,RIGHT,115.4,160.6,114.1,151.2,127.1,175.6,2.5,171.6,175.5,0.546,DOWN,0,0,0,FORM ISSUE,Pelvis tilting - keep hips square
42100,RIGHT,116.3,163.0,115.6,155.7,127.9,176.2,2.5,171.9,172.9,0.558,DOWN,0,0,0,FORM ISSUE,Pelvis tilting - keep hips square
42133,RIGHT,116.7,140.2,115.8,154.1,127.1,173.6,2.5,172.5,171.8,0.569,DOWN,0,0,0,FORM ISSUE,Pelvis tilting - keep hips square
42166,RIGHT,117.1,133.9,116.3,150.8,127.2,175.8,2.5,175.1,170.0,0.579,DOWN,0,0,0,FORM ISSUE,Pelvis tilting - keep hips square
42200,RIGHT,118.0,135.2,116.7,146.6,128.5,176.0,2.2,176.5,169.0,0.587,DOWN,0,0,0,FORM ISSUE,Pelvis tilting - keep hips square
42233,RIGHT,117.2,128.1,117.1,140.1,126.3,178.8,2.4,177.7,165.4,0.587,DOWN,0,0,0,FORM ISSUE,Pelvis tilting - keep hips square
42266,RIGHT,119.8,87.8,117.8,125.0,128.0,179.3,2.4,176.2,168.2,0.584,DOWN,0,0,0,FORM ISSUE,Pelvis tilting - keep hips square
42300,RIGHT,121.6,93.0,118.8,115.6,129.8,177.5,2.3,176.6,165.9,0.575,DOWN,0,0,0,FORM ISSUE,Pelvis tilting - keep hips square
42333,RIGHT,122.0,89.7,119.7,106.8,129.7,173.9,2.2,175.8,165.2,0.562,DOWN,0,0,0,FORM ISSUE,Pelvis tilting - keep hips square
42366,RIGHT,123.9,107.5,120.9,101.2,131.7,173.4,2.1,176.7,167.7,0.555,DOWN,0,0,0,FORM ISSUE,Pelvis tilting - keep hips square
42400,RIGHT,126.5,121.6,122.8,99.9,133.5,177.0,2.1,174.9,168.0,0.558,DOWN,0,0,0,FORM ISSUE,Pelvis tilting - keep hips square
42433,RIGHT,132.3,140.8,125.3,110.5,137.6,177.5,1.9,174.9,165.7,0.563,DOWN,0,0,0,FORM ISSUE,Pelvis tilting - keep hips square
42466,RIGHT,138.8,151.2,128.7,122.2,142.2,173.9,1.8,175.4,163.2,0.571,DOWN,0,0,0,FORM ISSUE,Pelvis tilting - keep hips square
42500,RIGHT,140.1,148.2,132.3,133.9,143.7,176.9,1.7,175.5,160.6,0.591,DOWN,0,0,0,FORM ISSUE,Pelvis tilting - keep hips square
42533,RIGHT,140.4,156.3,135.6,143.6,143.0,173.9,1.8,178.8,159.6,0.608,DOWN,0,0,0,FORM ISSUE,Pelvis tilting - keep hips square
42566,RIGHT,142.7,159.3,138.9,151.2,144.5,172.1,2.0,178.5,157.2,0.625,DOWN,0,0,0,FORM ISSUE,Pelvis tilting - keep hips square
42600,RIGHT,150.6,154.6,142.5,153.9,150.4,171.5,1.7,179.4,156.8,0.641,DOWN,0,0,0,FORM ISSUE,Pelvis tilting - keep hips square
42633,RIGHT,152.9,164.9,145.3,156.7,151.3,176.0,2.4,179.6,157.0,0.663,DOWN,0,0,0,FORM ISSUE,Pelvis tilting - keep hips square
42666,RIGHT,156.2,170.1,148.5,161.0,152.5,170.8,3.0,177.6,155.1,0.684,DOWN,0,0,0,FORM ISSUE,Pelvis tilting - keep hips square
42700,RIGHT,160.9,171.7,152.6,164.1,154.7,169.4,3.3,177.6,156.3,0.705,DOWN,0,0,0,FORM ISSUE,Pelvis tilting - keep hips square
42733,RIGHT,164.6,172.3,157.0,166.7,157.8,169.2,3.2,176.8,157.9,0.724,DOWN,0,0,0,FORM ISSUE,Pelvis tilting - keep hips square
42766,RIGHT,166.1,171.5,160.1,170.1,158.9,169.5,3.1,177.2,158.1,0.743,DOWN,0,0,0,FORM ISSUE,Pelvis tilting - keep hips square
42800,RIGHT,170.2,174.3,163.6,172.0,161.1,168.2,3.3,175.2,158.0,0.76,DOWN,0,0,0,FORM ISSUE,Pelvis tilting - keep hips square
42833,RIGHT,174.4,174.5,167.2,172.9,163.4,167.7,3.3,174.1,156.8,0.775,DOWN,0,0,0,FORM ISSUE,Pelvis tilting - keep hips square
42866,RIGHT,176.3,174.7,170.3,173.5,164.2,168.2,3.5,173.2,156.9,0.788,DOWN,0,0,0,FORM ISSUE,Pelvis tilting - keep hips square
42900,RIGHT,179.2,175.0,173.2,174.0,165.3,168.0,3.6,174.2,156.8,0.8,UP,0,0,0,FORM ISSUE,Pelvis tilting - keep hips square
42933,RIGHT,179.9,174.4,176.0,174.6,165.6,168.3,3.5,175.5,154.7,0.812,UP,0,0,0,FORM ISSUE,Pelvis tilting - keep hips square
42966,RIGHT,179.2,175.0,177.8,174.7,165.4,167.9,3.3,175.4,155.2,0.824,UP,0,0,0,FORM ISSUE,Pelvis tilting - keep hips square
43000,RIGHT,179.4,174.9,178.8,174.8,165.8,167.9,3.2,176.6,155.1,0.834,UP,0,0,0,FORM ISSUE,Pelvis tilting - keep hips square
43033,RIGHT,178.9,175.3,179.3,174.9,165.7,167.7,3.3,175.7,155.7,0.845,UP,0,0,0,FORM ISSUE,Pelvis tilting - keep hips square
43066,RIGHT,178.5,174.2,179.2,174.8,165.6,168.0,3.4,174.8,155.3,0.855,UP,0,0,0,FORM ISSUE,Pelvis tilting - keep hips square
43100,RIGHT,178.7,174.2,178.9,174.7,165.4,167.8,3.4,174.8,154.9,0.864,UP,0,0,0,FORM ISSUE,Pelvis tilting - keep hips square
43133,RIGHT,178.7,173.6,178.8,174.4,164.9,168.6,3.7,175.0,155.0,0.872,UP,0,0,0,FORM ISSUE,Pelvis tilting - keep hips square
43166,RIGHT,178.4,173.3,178.6,174.1,164.3,169.0,3.9,174.7,155.1,0.88,UP,0,0,0,FORM ISSUE,Pelvis tilting - keep hips square
43200,RIGHT,178.7,174.3,178.6,173.9,164.1,168.9,4.0,175.1,155.3,0.886,UP,0,0,0,FORM ISSUE,Pelvis tilting - keep hips square
43233,RIGHT,178.7,174.3,178.6,173.9,164.0,169.2,4.0,174.8,155.4,0.892,UP,0,0,0,FORM ISSUE,Pelvis tilting - keep hips square
43266,RIGHT,179.4,174.3,178.8,174.0,164.1,169.6,4.1,173.6,155.9,0.897,UP,0,0,0,FORM ISSUE,Pelvis tilting - keep hips square
43300,RIGHT,179.1,174.6,178.8,174.2,164.3,169.4,3.9,173.5,155.9,0.902,UP,0,0,0,FORM ISSUE,Pelvis tilting - keep hips square
43333,RIGHT,179.7,174.3,179.1,174.4,165.1,169.2,3.8,173.8,156.5,0.906,UP,0,0,0,FORM ISSUE,Pelvis tilting - keep hips square
43366,RIGHT,179.8,174.2,179.3,174.3,165.1,168.6,3.5,173.9,156.9,0.911,UP,0,0,0,FORM ISSUE,Pelvis tilting - keep hips square
43400,RIGHT,179.7,174.3,179.5,174.3,165.4,168.6,3.4,173.7,158.4,0.914,UP,0,0,0,FORM ISSUE,Pelvis tilting - keep hips square
43433,RIGHT,179.9,174.7,179.6,174.4,165.6,168.0,3.2,173.8,160.0,0.918,UP,0,0,0,FORM ISSUE,Pelvis tilting - keep hips square
43466,RIGHT,180.0,174.9,179.8,174.5,166.1,167.2,2.9,174.8,162.3,0.921,UP,0,0,0,FORM ISSUE,Pelvis tilting - keep hips square
43500,RIGHT,180.0,175.4,179.9,174.7,166.4,166.7,2.6,174.7,163.7,0.924,UP,0,0,0,FORM ISSUE,Pelvis tilting - keep hips square
43533,RIGHT,179.1,175.8,179.7,175.0,166.4,166.0,2.2,175.0,164.7,0.927,UP,0,0,0,FORM ISSUE,Pelvis tilting - keep hips square
43566,RIGHT,179.4,176.7,179.7,175.5,168.1,164.3,1.3,175.2,166.6,0.929,UP,0,0,0,FORM ISSUE,Pelvis tilting - keep hips square
43600,RIGHT,179.0,176.6,179.5,175.9,168.2,163.4,0.8,175.3,167.6,0.932,UP,0,0,0,FORM ISSUE,Pelvis tilting - keep hips square
43633,RIGHT,179.3,176.7,179.3,176.2,168.8,162.9,0.6,175.2,168.7,0.934,UP,0,0,0,FORM ISSUE,Pelvis tilting - keep hips square
43666,RIGHT,178.9,175.4,179.1,176.2,169.4,161.8,0.2,175.8,169.4,0.935,UP,0,0,0,FORM ISSUE,Pelvis tilting - keep hips square
43700,LEFT,175.6,178.3,178.4,176.7,161.5,169.2,0.6,177.4,169.8,0.937,UP,0,0,0,FORM ISSUE,Pelvis tilting - keep hips square
43733,LEFT,177.5,178.5,178.1,177.1,158.4,169.0,1.3,179.7,169.9,0.938,UP,0,0,0,FORM ISSUE,Pelvis tilting - keep hips square
43766,LEFT,176.9,178.4,177.6,177.5,159.8,168.8,0.9,178.1,170.0,0.939,UP,0,0,0,FORM ISSUE,Pelvis tilting - keep hips square
43800,LEFT,177.3,179.2,177.2,178.0,160.4,169.4,0.4,175.9,170.0,0.94,UP,0,0,0,FORM ISSUE,Pelvis tilting - keep hips square
43833,RIGHT,179.5,177.4,177.4,178.4,169.2,160.6,0.1,175.9,169.9,0.941,UP,0,0,0,FORM ISSUE,Pelvis tilting - keep hips square
43866,RIGHT,179.1,177.4,178.0,178.2,168.9,160.6,0.1,174.7,169.4,0.941,UP,0,0,0,FORM ISSUE,Pelvis tilting - keep hips square
43900,RIGHT,178.4,177.2,178.2,177.9,168.4,161.3,0.3,174.5,169.0,0.941,UP,0,0,0,FORM ISSUE,Pelvis tilting - keep hips square
43933,RIGHT,178.7,177.3,178.6,177.7,168.4,161.5,0.6,175.0,168.7,0.942,UP,0,0,0,FORM ISSUE,Pelvis tilting - keep hips square
43966,RIGHT,179.1,176.9,178.9,177.2,168.4,162.0,0.8,175.8,167.6,0.942,UP,0,0,0,FORM ISSUE,Pelvis tilting - keep hips square
44000,RIGHT,179.1,176.9,178.9,177.1,168.0,162.1,1.1,175.0,167.0,0.942,UP,0,0,0,FORM ISSUE,Pelvis tilting - keep hips square
44033,RIGHT,179.0,176.8,178.8,177.0,167.7,162.4,1.3,174.6,166.0,0.943,UP,0,0,0,FORM ISSUE,Pelvis tilting - keep hips square
44066,RIGHT,178.6,176.3,178.9,176.8,167.6,162.8,1.4,174.8,165.0,0.944,UP,0,0,0,FORM ISSUE,Pelvis tilting - keep hips square
44100,RIGHT,178.6,176.3,178.9,176.6,167.4,163.2,1.6,174.8,163.2,0.944,UP,0,0,0,FORM ISSUE,Pelvis tilting - keep hips square
44133,RIGHT,178.5,176.0,178.8,176.5,167.4,163.5,1.6,174.2,162.4,0.944,UP,0,0,0,FORM ISSUE,Pelvis tilting - keep hips square
44166,RIGHT,178.2,175.9,178.6,176.3,167.3,163.7,1.6,174.8,161.8,0.944,UP,0,0,0,FORM ISSUE,Pelvis tilting - keep hips square
44200,RIGHT,177.9,175.1,178.3,175.9,167.3,165.3,1.9,174.4,161.1,0.944,UP,0,0,0,FORM ISSUE,Pelvis tilting - keep hips square
44233,RIGHT,176.0,175.9,177.8,175.8,166.6,165.5,1.7,176.3,161.1,0.944,UP,0,0,0,FORM ISSUE,Pelvis tilting - keep hips square
44266,RIGHT,175.4,175.2,177.2,175.6,166.2,166.6,1.6,178.3,162.1,0.946,UP,0,0,0,FORM ISSUE,Pelvis tilting - keep hips square
44300,RIGHT,174.2,174.8,176.3,175.4,165.5,167.1,1.5,178.8,162.5,0.947,UP,0,0,0,FORM ISSUE,Pelvis tilting - keep hips square
44333,RIGHT,173.4,177.5,175.4,175.7,164.4,166.6,1.8,176.7,163.1,0.949,UP,0,0,0,FORM ISSUE,Pelvis tilting - keep hips square
44366,RIGHT,172.8,177.8,174.3,176.2,163.2,167.6,2.0,177.7,163.1,0.95,UP,0,0,0,FORM ISSUE,Pelvis tilting - keep hips square
44400,RIGHT,172.6,179.8,173.7,177.0,160.6,168.8,2.5,178.3,163.8,0.951,UP,0,0,0,FORM ISSUE,Pelvis tilting - keep hips square
44433,RIGHT,173.6,175.6,173.3,177.1,159.5,168.8,2.9,178.3,164.4,0.952,UP,0,0,0,FORM ISSUE,Pelvis tilting - keep hips square
44466,RIGHT,176.3,174.8,173.7,177.1,158.5,170.6,3.5,178.7,163.5,0.952,UP,0,0,0,FORM ISSUE,Pelvis tilting - keep hips square
44500,RIGHT,179.3,175.2,174.9,176.6,158.5,172.4,3.8,178.4,164.3,0.953,UP,0,0,0,FORM ISSUE,Pelvis tilting - keep hips square
44533,RIGHT,178.0,173.8,175.9,175.8,158.7,171.9,3.8,175.7,165.4,0.954,UP,0,0,0,FORM ISSUE,Pelvis tilting - keep hips square
44566,RIGHT,176.3,172.4,176.7,174.4,160.1,172.7,4.3,175.9,164.2,0.956,UP,0,0,0,FORM ISSUE,Pelvis tilting - keep hips square
44600,RIGHT,177.5,172.8,177.5,173.8,160.3,173.4,4.1,176.0,162.3,0.957,UP,0,0,0,FORM ISSUE,Pelvis tilting - keep hips square
44633,RIGHT,178.3,173.2,177.9,173.5,160.0,174.1,4.3,177.1,161.9,0.959,UP,0,0,0,FORM ISSUE,Pelvis tilting - keep hips square
44666,RIGHT,174.1,173.8,176.8,173.2,158.7,175.4,4.7,177.4,160.9,0.959,UP,0,0,0,FORM ISSUE,Pelvis tilting - keep hips square
44700,RIGHT,170.8,173.3,175.4,173.1,156.2,174.8,4.7,179.5,160.3,0.959,UP,0,0,0,FORM ISSUE,Pelvis tilting - keep hips square
44733,RIGHT,171.0,174.3,174.3,173.5,159.4,175.3,4.3,178.6,160.2,0.958,UP,0,0,0,FORM ISSUE,Pelvis tilting - keep hips square
44766,RIGHT,169.1,174.8,172.6,173.9,161.0,175.6,4.0,178.7,160.2,0.957,UP,0,0,0,FORM ISSUE,Pelvis tilting - keep hips square
44800,RIGHT,166.9,174.5,170.4,174.2,160.0,175.6,4.3,178.3,160.0,0.957,UP,0,0,0,FORM ISSUE,Pelvis tilting - keep hips square
44833,RIGHT,168.7,175.6,169.3,174.5,161.8,175.2,4.0,178.6,159.6,0.957,UP,0,0,0,FORM ISSUE,Pelvis tilting - keep hips square
44866,RIGHT,168.9,175.7,168.9,175.0,164.2,174.4,3.9,178.4,159.5,0.957,UP,0,0,0,FORM ISSUE,Pelvis tilting - keep hips square
44900,RIGHT,175.2,176.8,169.8,175.5,167.9,174.5,4.0,178.3,159.3,0.958,UP,0,0,0,FORM ISSUE,Pelvis tilting - keep hips square
44933,RIGHT,174.9,177.3,170.9,176.0,168.6,174.8,4.1,179.0,158.7,0.96,UP,0,0,0,FORM ISSUE,Pelvis tilting - keep hips square
44966,RIGHT,175.0,177.1,172.6,176.5,169.2,174.6,4.0,180.0,158.8,0.961,UP,0,0,0,FORM ISSUE,Pelvis tilting - keep hips square
45000,RIGHT,174.3,176.8,173.7,176.7,170.2,174.6,4.0,179.8,158.7,0.962,UP,0,0,0,FORM ISSUE,Pelvis tilting - keep hips square
45033,RIGHT,174.6,176.7,174.8,176.9,170.3,174.7,4.0,178.8,158.8,0.964,UP,0,0,0,FORM ISSUE,Pelvis tilting - keep hips square
45066,RIGHT,174.8,176.5,174.7,176.9,170.7,175.0,4.0,178.2,158.8,0.966,UP,0,0,0,FORM ISSUE,Pelvis tilting - keep hips square
45100,RIGHT,175.2,176.2,174.8,176.6,171.0,175.0,3.9,178.6,157.3,0.967,UP,0,0,0,FORM ISSUE,Pelvis tilting - keep hips square
45133,RIGHT,173.7,176.6,174.5,176.6,170.4,175.1,3.8,178.6,156.4,0.968,UP,0,0,0,FORM ISSUE,Pelvis tilting - keep hips square
45166,RIGHT,174.5,176.9,174.6,176.6,171.0,174.8,3.5,178.8,156.9,0.969,UP,0,0,0,FORM ISSUE,Pelvis tilting - keep hips square
45200,RIGHT,176.7,177.1,175.0,176.7,172.3,174.9,3.6,179.0,156.2,0.969,UP,0,0,0,FORM ISSUE,Pelvis tilting - keep hips square
45233,RIGHT,176.4,177.0,175.3,176.8,172.7,174.6,3.5,179.6,157.0,0.969,UP,0,0,0,FORM ISSUE,Pelvis tilting - keep hips square
45266,RIGHT,177.1,179.5,175.7,177.4,173.6,175.2,3.0,179.9,157.5,0.969,UP,0,0,0,FORM ISSUE,Pelvis tilting - keep hips square
45300,RIGHT,177.4,180.0,176.4,178.1,174.3,175.2,2.8,179.8,157.6,0.969,UP,0,0,0,FORM ISSUE,Pelvis tilting - keep hips square
45333,RIGHT,176.2,180.0,176.8,178.7,174.3,175.0,2.5,179.6,157.3,0.969,UP,0,0,0,FORM ISSUE,Pelvis tilting - keep hips square
45366,RIGHT,170.9,179.2,175.6,179.1,172.7,175.9,1.8,177.7,158.5,0.968,UP,0,0,0,FORM ISSUE,Pelvis tilting - keep hips square
45400,RIGHT,171.3,177.9,174.6,179.3,172.2,177.8,1.0,174.5,158.6,0.966,UP,0,0,0,FORM ISSUE,Pelvis tilting - keep hips square
45433,RIGHT,169.6,177.7,173.1,178.9,171.9,178.4,0.9,174.2,158.1,0.962,UP,0,0,0,FORM ISSUE,Pelvis tilting - keep hips square
45466,RIGHT,169.4,176.6,171.5,178.3,171.7,179.4,1.1,175.3,157.9,0.956,UP,0,0,0,FORM ISSUE,Pelvis tilting - keep hips square
45500,RIGHT,170.2,179.0,170.3,178.1,171.9,178.7,1.2,174.8,157.6,0.949,UP,0,0,0,FORM ISSUE,Pelvis tilting - keep hips square
45533,LEFT,178.5,170.7,171.8,176.4,179.0,172.6,0.8,174.1,157.9,0.941,UP,0,0,0,FORM ISSUE,Pelvis tilting - keep hips square
45566,RIGHT,173.0,179.8,172.1,176.8,170.1,177.3,0.2,174.1,158.1,0.93,UP,0,0,0,FORM ISSUE,Pelvis tilting - keep hips square
45600,RIGHT,172.2,177.4,172.7,176.7,172.0,178.5,0.7,172.8,158.8,0.919,UP,0,0,0,FORM ISSUE,Pelvis tilting - keep hips square
45633,RIGHT,171.8,177.5,173.1,176.9,173.0,178.5,1.1,171.4,160.2,0.908,UP,0,0,0,FORM ISSUE,Pelvis tilting - keep hips square
45666,RIGHT,170.0,176.4,173.1,176.3,172.2,178.9,0.9,169.7,161.9,0.895,UP,0,0,0,FORM ISSUE,Pelvis tilting - keep hips square
45700,LEFT,178.0,170.0,173.0,176.2,178.8,172.7,0.8,170.0,161.9,0.881,UP,0,0,0,FORM ISSUE,Pelvis tilting - keep hips square
45733,RIGHT,171.8,179.2,172.7,176.1,173.8,177.8,1.0,170.3,161.5,0.865,UP,0,0,0,FORM ISSUE,Pelvis tilting - keep hips square
45766,RIGHT,171.3,178.3,172.6,176.3,173.9,177.9,1.3,170.0,161.4,0.851,UP,0,0,0,FORM ISSUE,Pelvis tilting - keep hips square
45800,RIGHT,168.2,178.6,171.8,176.5,172.2,177.5,1.4,170.5,161.0,0.837,UP,0,0,0,FORM ISSUE,Pelvis tilting - keep hips square
45833,RIGHT,169.4,179.0,171.7,177.0,173.0,177.1,1.3,170.7,160.1,0.824,UP,0,0,0,FORM ISSUE,Pelvis tilting - keep hips square
45866,RIGHT,170.0,178.2,170.1,178.7,174.0,177.0,1.7,170.0,160.2,0.811,UP,0,0,0,FORM ISSUE,Pelvis tilting - keep hips square
45900,LEFT,175.9,167.6,171.0,176.4,178.9,174.8,1.6,171.2,159.9,0.798,UP,0,0,0,FORM ISSUE,Pelvis tilting - keep hips square
45933,LEFT,177.7,168.6,172.3,174.4,177.1,175.2,1.9,170.1,161.2,0.784,UP,0,0,0,FORM ISSUE,Pelvis tilting - keep hips square
45966,LEFT,176.8,168.0,174.0,172.3,177.6,174.5,1.8,170.1,162.2,0.767,UP,0,0,0,FORM ISSUE,Pelvis tilting - keep hips square
46000,LEFT,176.3,167.2,175.3,170.0,178.1,174.4,1.6,171.3,161.7,0.745,UP,0,0,0,FORM ISSUE,Pelvis tilting - keep hips square
46033,LEFT,176.9,167.9,176.7,167.9,177.8,174.2,1.3,169.4,161.5,0.724,UP,0,0,0,FORM ISSUE,Pelvis tilting - keep hips square
46066,LEFT,176.6,167.8,176.9,167.9,177.9,174.2,1.2,168.7,162.8,0.702,UP,0,0,0,FORM ISSUE,Pelvis tilting - keep hips square
46100,LEFT,176.9,168.3,176.7,167.9,177.7,174.7,0.9,170.9,163.0,0.681,UP,0,0,0,FORM ISSUE,Pelvis tilting - keep hips square
46133,LEFT,178.3,169.8,177.0,168.2,177.3,174.1,0.4,172.4,162.9,0.665,UP,0,0,0,FORM ISSUE,Pelvis tilting - keep hips square
46166,LEFT,178.0,171.3,177.3,169.0,177.6,175.4,0.2,173.5,161.3,0.655,UP,0,0,0,FORM ISSUE,Pelvis tilting - keep hips square
46200,LEFT,177.7,168.5,177.5,169.1,177.9,174.9,0.2,172.7,161.7,0.646,UP,0,0,0,FORM ISSUE,Pelvis tilting - keep hips square
46233,LEFT,176.4,168.1,177.5,169.2,178.9,174.9,0.1,174.8,160.7,0.639,UP,0,0,0,FORM ISSUE,Pelvis tilting - keep hips square
46266,LEFT,175.7,168.7,177.2,169.3,179.1,175.1,0.1,175.9,160.6,0.636,UP,0,0,0,FORM ISSUE,Pelvis tilting - keep hips square
46300,LEFT,175.7,168.9,176.7,169.1,179.1,175.6,0.3,178.3,160.7,0.639,UP,0,0,0,FORM ISSUE,Pelvis tilting - keep hips square
46333,LEFT,175.5,169.6,176.2,168.8,179.3,175.8,0.4,179.2,160.6,0.645,UP,0,0,0,FORM ISSUE,Pelvis tilting - keep hips square
46366,LEFT,173.8,170.5,175.4,169.2,179.3,175.3,0.5,178.5,160.5,0.653,UP,0,0,0,FORM ISSUE,Pelvis tilting - keep hips square
46400,RIGHT,173.9,177.7,174.9,171.1,174.6,176.1,0.7,179.5,160.7,0.668,UP,0,0,0,FORM ISSUE,Pelvis tilting - keep hips square
46433,RIGHT,173.3,174.1,174.4,172.2,174.4,178.1,0.8,179.1,160.7,0.686,UP,0,0,0,FORM ISSUE,Pelvis tilting - keep hips square
46466,LEFT,168.9,171.0,173.1,172.6,179.1,174.1,0.3,178.8,161.2,0.701,UP,0,0,0,FORM ISSUE,Pelvis tilting - keep hips square
46500,LEFT,168.5,168.4,171.7,172.3,178.3,172.7,0.3,178.6,161.7,0.714,UP,0,0,0,FORM ISSUE,Pelvis tilting - keep hips square
46533,LEFT,170.1,163.8,171.0,171.0,178.2,170.6,0.3,177.8,161.0,0.725,UP,0,0,0,FORM ISSUE,Pelvis tilting - keep hips square
46566,LEFT,169.2,163.4,170.0,168.2,177.2,171.0,0.2,177.3,161.2,0.733,UP,0,0,0,FORM ISSUE,Pelvis tilting - keep hips square
46600,LEFT,169.9,164.2,169.3,166.2,176.7,171.3,0.3,177.2,160.9,0.737,UP,0,0,0,FORM ISSUE,Pelvis tilting - keep hips square
46633,LEFT,169.8,161.8,169.5,164.3,177.1,171.1,0.7,176.1,161.1,0.74,UP,0,0,0,FORM ISSUE,Pelvis tilting - keep hips square
46666,LEFT,170.6,163.4,169.9,163.3,176.9,171.5,0.9,176.1,161.1,0.742,UP,0,0,0,FORM ISSUE,Pelvis tilting - keep hips square
46700,LEFT,169.6,164.1,169.8,163.4,177.0,172.0,1.1,176.0,161.5,0.746,UP,0,0,0,FORM ISSUE,Pelvis tilting - keep hips square
46733,LEFT,169.4,165.6,169.9,163.8,176.3,173.0,1.1,176.2,161.2,0.748,UP,0,0,0,FORM ISSUE,Pelvis tilting - keep hips square
46766,LEFT,168.1,165.3,169.5,164.0,176.6,173.0,1.3,176.2,161.4,0.748,UP,0,0,0,FORM ISSUE,Pelvis tilting - keep hips square
46800,LEFT,167.2,166.1,169.0,164.9,176.3,173.7,1.5,176.3,161.4,0.748,UP,0,0,0,FORM ISSUE,Pelvis tilting - keep hips square
46833,LEFT,167.2,163.9,168.3,165.0,176.3,174.0,1.5,175.4,161.2,0.747,UP,0,0,0,FORM ISSUE,Pelvis tilting - keep hips square
46866,LEFT,166.6,164.9,167.7,165.2,176.2,174.8,1.4,176.1,160.8,0.747,UP,0,0,0,FORM ISSUE,Pelvis tilting - keep hips square
46900,LEFT,166.8,166.4,167.2,165.3,176.5,175.3,1.6,176.0,160.6,0.749,UP,0,0,0,FORM ISSUE,Pelvis tilting - keep hips square
46933,LEFT,167.1,165.7,167.0,165.4,176.3,175.3,1.3,176.2,160.8,0.751,UP,0,0,0,FORM ISSUE,Pelvis tilting - keep hips square
46966,LEFT,167.6,164.2,167.1,165.0,177.0,175.8,1.3,176.5,161.0,0.754,UP,0,0,0,FORM ISSUE,Pelvis tilting - keep hips square
47000,LEFT,169.2,164.5,167.5,165.1,177.0,176.4,1.3,176.2,161.4,0.759,UP,0,0,0,FORM ISSUE,Pelvis tilting - keep hips square
47033,LEFT,169.8,164.9,168.1,165.1,177.4,176.5,1.1,176.0,161.6,0.762,UP,0,0,0,FORM ISSUE,Pelvis tilting - keep hips square
47066,LEFT,169.8,167.8,168.7,165.4,177.5,177.9,1.0,176.6,161.7,0.766,UP,0,0,0,FORM ISSUE,Pelvis tilting - keep hips square
47100,LEFT,169.5,167.4,169.2,165.7,177.5,176.4,0.4,177.3,160.8,0.772,UP,0,0,0,FORM ISSUE,Pelvis tilting - keep hips square
47133,LEFT,171.2,167.3,169.9,166.4,178.6,176.0,0.0,179.7,158.1,0.775,UP,0,0,0,FORM ISSUE,Pelvis tilting - keep hips square
47166,LEFT,171.2,167.7,170.3,167.0,178.6,175.5,0.3,176.5,157.3,0.779,UP,0,0,0,FORM ISSUE,Pelvis tilting - keep hips square
47200,LEFT,171.2,163.5,170.6,166.7,178.8,175.4,0.3,176.2,156.6,0.783,UP,0,0,0,FORM ISSUE,Pelvis tilting - keep hips square
47233,LEFT,172.1,165.8,171.0,166.3,179.4,173.6,0.4,178.5,157.9,0.784,UP,0,0,0,FORM ISSUE,Pelvis tilting - keep hips square
47266,LEFT,171.5,165.4,171.4,165.9,178.5,172.0,1.1,177.2,158.0,0.782,UP,0,0,0,FORM ISSUE,Pelvis tilting - keep hips square
47300,LEFT,171.1,165.3,171.4,165.5,174.9,170.1,3.3,175.7,156.5,0.781,UP,0,0,0,FORM ISSUE,Pelvis tilting - keep hips square
47333,LEFT,172.2,165.5,171.6,165.1,175.4,170.7,2.8,179.7,157.9,0.778,UP,0,0,0,FORM ISSUE,Pelvis tilting - keep hips square
47366,LEFT,172.2,168.6,171.8,166.1,175.2,172.7,2.8,179.8,159.7,0.774,UP,0,0,0,FORM ISSUE,Pelvis tilting - keep hips square
47400,LEFT,174.9,166.9,172.4,166.3,170.1,179.1,3.2,79.0,17.9,0.765,UP,0,0,0,FORM ISSUE,Pelvis tilting - keep hips square
47433,LEFT,175.0,167.0,173.1,166.7,174.5,173.5,3.5,163.1,142.0,0.758,UP,0,0,0,FORM ISSUE,Pelvis tilting - keep hips square
47466,LEFT,174.8,168.3,173.8,167.2,176.0,171.1,3.7,174.6,146.4,0.75,UP,0,0,0,FORM ISSUE,Pelvis tilting - keep hips square
47500,LEFT,173.3,168.1,174.0,167.8,173.7,172.8,3.4,174.7,150.9,0.74,UP,0,0,0,FORM ISSUE,Pelvis tilting - keep hips square
47533,LEFT,172.9,168.8,174.2,167.8,174.4,173.8,3.2,172.9,152.8,0.73,UP,0,0,0,FORM ISSUE,Pelvis tilting - keep hips square
47566,LEFT,171.4,167.2,173.5,167.9,176.5,174.2,1.1,173.5,158.9,0.729,UP,0,0,0,FORM ISSUE,Pelvis tilting - keep hips square
47600,LEFT,170.2,167.2,172.5,167.9,176.3,174.3,0.4,176.4,161.9,0.73,UP,0,0,0,FORM ISSUE,Pelvis tilting - keep hips square
47633,LEFT,173.1,168.4,172.2,168.0,179.6,174.4,0.3,176.5,162.7,0.731,UP,0,0,0,FORM ISSUE,Pelvis tilting - keep hips square
47666,LEFT,173.4,169.2,172.2,168.2,179.5,174.0,0.2,175.1,162.8,0.731,UP,0,0,0,FORM ISSUE,Pelvis tilting - keep hips square
47700,LEFT,172.7,167.9,172.2,168.0,178.5,174.0,0.1,175.5,162.6,0.732,UP,0,0,0,FORM ISSUE,Pelvis tilting - keep hips square
47733,LEFT,172.5,168.5,172.4,168.2,178.9,173.0,0.3,176.2,162.8,0.73,UP,0,0,0,FORM ISSUE,Pelvis tilting - keep hips square
47766,LEFT,172.4,166.1,172.8,168.0,177.0,172.5,0.4,178.7,161.1,0.724,UP,0,0,0,FORM ISSUE,Pelvis tilting - keep hips square
47800,LEFT,173.0,169.6,172.8,168.2,176.5,173.5,0.8,177.4,160.4,0.721,UP,0,0,0,FORM ISSUE,Pelvis tilting - keep hips square
47833,LEFT,172.2,170.8,172.6,168.6,176.7,173.3,1.0,176.6,159.3,0.722,UP,0,0,0,FORM ISSUE,Pelvis tilting - keep hips square
47866,LEFT,174.1,176.1,172.8,170.2,178.0,172.7,1.0,175.7,159.1,0.719,UP,0,0,0,FORM ISSUE,Pelvis tilting - keep hips square
47900,LEFT,177.5,173.1,173.8,171.1,179.9,173.0,1.0,174.8,158.7,0.718,UP,0,0,0,FORM ISSUE,Pelvis tilting - keep hips square
47933,LEFT,176.8,172.4,174.7,172.4,180.0,172.9,1.1,175.0,158.5,0.716,UP,0,0,0,FORM ISSUE,Pelvis tilting - keep hips square
47966,LEFT,175.4,170.0,175.2,172.5,179.9,173.4,1.1,175.2,158.3,0.71,UP,0,0,0,FORM ISSUE,Pelvis tilting - keep hips square
48000,LEFT,175.7,170.1,175.9,172.3,179.7,174.1,0.7,175.7,158.3,0.702,UP,0,0,0,FORM ISSUE,Pelvis tilting - keep hips square
48033,LEFT,176.0,168.9,176.3,170.9,179.8,175.4,0.4,175.5,158.6,0.7,UP,0,0,0,FORM ISSUE,Pelvis tilting - keep hips square
48066,LEFT,176.3,168.3,176.0,169.9,179.7,175.9,0.2,176.8,158.9,0.696,UP,0,0,0,FORM ISSUE,Pelvis tilting - keep hips square
48100,LEFT,176.7,164.9,176.0,168.4,179.5,174.9,0.2,178.1,159.0,0.689,UP,0,0,0,FORM ISSUE,Pelvis tilting - keep hips square
48133,LEFT,175.6,167.2,176.1,167.9,179.1,174.7,0.4,179.7,159.4,0.68,UP,0,0,0,FORM ISSUE,Pelvis tilting - keep hips square
48166,LEFT,175.5,169.8,176.0,167.8,178.9,174.7,0.6,179.8,159.2,0.669,UP,0,0,0,FORM ISSUE,Pelvis tilting - keep hips square
48200,LEFT,175.3,169.6,175.9,168.0,178.8,174.2,0.9,179.9,159.6,0.652,UP,0,0,0,FORM ISSUE,Pelvis tilting - keep hips square
48233,LEFT,177.3,166.3,176.1,167.6,178.9,174.8,0.8,180.0,160.2,0.635,UP,0,0,0,FORM ISSUE,Pelvis tilting - keep hips square
48266,LEFT,177.1,168.8,176.1,168.3,178.7,174.6,1.0,179.9,160.2,0.62,UP,0,0,0,FORM ISSUE,Pelvis tilting - keep hips square
48300,LEFT,177.6,168.1,176.5,168.5,178.8,175.8,1.1,180.0,161.0,0.61,UP,0,0,0,FORM ISSUE,Pelvis tilting - keep hips square
48333,LEFT,177.7,170.9,177.0,168.7,178.2,176.3,1.1,178.6,161.2,0.602,UP,0,0,0,FORM ISSUE,Pelvis tilting - keep hips square
48366,LEFT,177.6,171.3,177.4,169.1,178.2,175.6,1.1,178.7,161.2,0.597,UP,0,0,0,FORM ISSUE,Pelvis tilting - keep hips square
48400,LEFT,177.8,171.7,177.5,170.2,178.2,175.9,1.0,178.8,161.6,0.594,UP,0,0,0,FORM ISSUE,Pelvis tilting - keep hips square
48433,LEFT,177.4,171.1,177.6,170.6,178.6,175.3,1.0,179.3,161.7,0.594,UP,0,0,0,FORM ISSUE,Pelvis tilting - keep hips square
48466,LEFT,176.9,170.7,177.5,171.1,178.6,173.8,1.0,179.5,161.8,0.59,UP,0,0,0,FORM ISSUE,Pelvis tilting - keep hips square
48500,LEFT,176.5,171.1,177.2,171.2,178.7,173.9,1.0,179.9,162.0,0.585,UP,0,0,0,FORM ISSUE,Pelvis tilting - keep hips square
48533,LEFT,177.1,170.7,177.1,171.0,178.7,173.6,0.7,177.5,161.8,0.583,UP,0,0,0,FORM ISSUE,Pelvis tilting - keep hips square
48566,LEFT,177.3,171.0,177.1,170.9,178.2,173.8,0.7,177.6,161.7,0.581,UP,0,0,0,FORM ISSUE,Pelvis tilting - keep hips square
48600,LEFT,176.6,166.7,176.9,170.0,178.6,174.6,0.6,177.8,161.6,0.582,UP,0,0,0,FORM ISSUE,Pelvis tilting - keep hips square
48633,LEFT,176.3,169.8,176.8,169.8,178.9,173.4,0.6,177.3,161.7,0.584,UP,0,0,0,FORM ISSUE,Pelvis tilting - keep hips square
48666,LEFT,176.4,169.9,176.7,169.6,177.7,173.2,1.5,178.1,161.9,0.587,UP,0,0,0,FORM ISSUE,Pelvis tilting - keep hips square
48700,LEFT,178.2,167.0,177.0,168.9,177.9,174.7,1.6,178.3,162.0,0.587,UP,0,0,0,FORM ISSUE,Pelvis tilting - keep hips square
48733,LEFT,177.9,170.3,177.1,168.7,178.2,176.3,1.5,179.7,162.0,0.588,UP,0,0,0,FORM ISSUE,Pelvis tilting - keep hips square
48766,LEFT,177.7,170.4,177.3,169.5,178.3,175.0,1.5,179.8,161.8,0.586,UP,0,0,0,FORM ISSUE,Pelvis tilting - keep hips square
48800,LEFT,177.4,171.2,177.5,169.7,178.2,175.9,1.4,178.3,161.9,0.583,UP,0,0,0,FORM ISSUE,Pelvis tilting - keep hips square
48833,LEFT,176.3,170.1,177.5,169.8,179.3,175.1,1.3,179.3,161.8,0.583,UP,0,0,0,FORM ISSUE,Pelvis tilting - keep hips square
48866,LEFT,178.7,171.6,177.6,170.7,177.5,175.4,1.2,179.5,161.8,0.583,UP,0,0,0,FORM ISSUE,Pelvis tilting - keep hips square
48900,LEFT,177.4,169.7,177.5,170.6,177.9,174.5,1.2,179.8,161.8,0.583,UP,0,0,0,FORM ISSUE,Pelvis tilting - keep hips square
48933,LEFT,176.7,169.4,177.3,170.4,178.5,175.6,1.1,178.9,161.9,0.584,UP,0,0,0,FORM ISSUE,Pelvis tilting - keep hips square
48966,LEFT,176.5,169.6,177.1,170.1,179.0,175.5,1.0,178.7,161.7,0.585,UP,0,0,0,FORM ISSUE,Pelvis tilting - keep hips square
49000,LEFT,174.4,172.4,176.8,170.5,179.9,174.9,0.5,177.9,161.5,0.585,UP,0,0,0,FORM ISSUE,Pelvis tilting - keep hips square
49033,LEFT,175.1,170.2,176.0,170.3,179.9,173.1,0.7,178.0,161.4,0.583,UP,0,0,0,FORM ISSUE,Pelvis tilting - keep hips square
49066,LEFT,177.1,171.3,176.0,170.6,178.9,174.1,0.5,177.9,161.4,0.58,UP,0,0,0,FORM ISSUE,Pelvis tilting - keep hips square
49100,LEFT,176.9,172.5,176.0,171.2,179.0,174.2,0.5,177.9,161.3,0.575,UP,0,0,0,FORM ISSUE,Pelvis tilting - keep hips square
49133,LEFT,175.4,170.4,175.8,171.3,179.7,174.3,0.4,179.3,161.4,0.57,UP,0,0,0,FORM ISSUE,Pelvis tilting - keep hips square
49166,LEFT,173.2,170.4,175.6,170.9,178.9,174.5,0.6,179.1,161.3,0.569,UP,0,0,0,FORM ISSUE,Pelvis tilting - keep hips square
49200,LEFT,173.2,172.7,175.2,171.5,178.7,175.9,0.5,177.9,161.2,0.57,UP,0,0,0,FORM ISSUE,Pelvis tilting - keep hips square
49233,LEFT,173.4,171.5,174.4,171.5,178.7,174.9,0.5,179.0,161.2,0.574,UP,0,0,0,FORM ISSUE,Pelvis tilting - keep hips square
49266,LEFT,173.8,171.5,173.8,171.3,178.9,175.0,0.6,179.5,161.3,0.58,UP,0,0,0,FORM ISSUE,Pelvis tilting - keep hips square
49300,LEFT,174.3,171.7,173.6,171.6,179.0,175.2,0.6,178.4,161.3,0.585,UP,0,0,0,FORM ISSUE,Pelvis tilting - keep hips square
49333,LEFT,174.0,170.6,173.8,171.6,179.8,175.3,0.9,179.2,161.5,0.584,UP,0,0,0,FORM ISSUE,Pelvis tilting - keep hips square
49366,LEFT,174.2,168.9,174.0,170.8,179.7,175.5,0.8,179.6,161.3,0.585,UP,0,0,0,FORM ISSUE,Pelvis tilting - keep hips square
49400,LEFT,174.5,168.9,174.2,170.3,179.7,175.4,0.7,179.9,161.1,0.586,UP,0,0,0,FORM ISSUE,Pelvis tilting - keep hips square
49433,LEFT,175.9,171.6,174.6,170.3,177.9,175.2,0.5,179.7,161.2,0.582,UP,0,0,0,FORM ISSUE,Pelvis tilting - keep hips square
49466,LEFT,175.5,173.4,174.8,170.7,179.8,175.0,0.5,179.9,161.3,0.581,UP,0,0,0,FORM ISSUE,Pelvis tilting - keep hips square
49500,LEFT,177.2,175.7,175.5,171.7,178.2,175.8,0.1,179.9,161.2,0.58,UP,0,0,0,FORM ISSUE,Pelvis tilting - keep hips square
49533,LEFT,179.1,174.8,176.4,172.9,179.1,175.6,0.2,179.7,161.2,0.581,UP,0,0,0,FORM ISSUE,Pelvis tilting - keep hips square
49566,LEFT,177.7,174.0,177.1,173.9,179.7,175.4,0.2,179.2,161.2,0.581,UP,0,0,0,FORM ISSUE,Pelvis tilting - keep hips square
49600,LEFT,175.7,173.9,177.0,174.4,178.7,174.3,0.2,178.6,161.1,0.584,UP,0,0,0,FORM ISSUE,Pelvis tilting - keep hips square
49633,LEFT,170.9,172.5,176.1,174.2,177.0,173.3,0.2,178.5,161.1,0.588,UP,0,0,0,FORM ISSUE,Pelvis tilting - keep hips square
49666,LEFT,170.9,172.5,174.8,173.5,177.5,172.6,0.4,177.7,161.1,0.595,UP,0,0,0,FORM ISSUE,Pelvis tilting - keep hips square
49700,LEFT,169.8,170.8,173.0,172.7,177.5,173.0,0.4,177.9,160.9,0.602,UP,0,0,0,FORM ISSUE,Pelvis tilting - keep hips square
49733,LEFT,170.6,167.6,171.6,171.4,177.5,173.2,0.3,177.6,161.0,0.611,UP,0,0,0,FORM ISSUE,Pelvis tilting - keep hips square
49766,LEFT,172.5,167.0,170.9,170.1,177.5,173.2,0.2,178.4,161.1,0.623,UP,0,0,0,FORM ISSUE,Pelvis tilting - keep hips square
49800,LEFT,172.0,167.2,171.2,169.0,177.3,173.6,0.5,178.4,160.8,0.636,UP,0,0,0,FORM ISSUE,Pelvis tilting - keep hips square
49833,LEFT,172.4,167.6,171.5,168.1,177.6,174.1,0.7,179.2,160.4,0.65,UP,0,0,0,FORM ISSUE,Pelvis tilting - keep hips square
49866,LEFT,170.3,167.9,171.6,167.5,176.7,173.9,0.7,179.9,160.8,0.664,UP,0,0,0,FORM ISSUE,Pelvis tilting - keep hips square
49900,LEFT,170.5,167.0,171.5,167.4,176.2,173.8,0.7,179.8,160.7,0.677,UP,0,0,0,FORM ISSUE,Pelvis tilting - keep hips square
49933,LEFT,170.0,170.0,171.0,168.0,176.3,173.9,0.9,179.8,160.8,0.688,UP,0,0,0,FORM ISSUE,Pelvis tilting - keep hips square
49966,LEFT,170.2,171.0,170.7,168.7,176.5,173.5,0.8,178.3,160.6,0.697,UP,0,0,0,FORM ISSUE,Pelvis tilting - keep hips square
50000,LEFT,169.4,171.9,170.1,169.6,175.9,173.2,0.8,178.1,160.3,0.703,UP,0,0,0,FORM ISSUE,Pelvis tilting - keep hips square
50033,LEFT,169.5,172.6,169.9,170.5,175.9,174.0,0.7,178.5,160.2,0.708,UP,0,0,0,FORM ISSUE,Pelvis tilting - keep hips square
50066,LEFT,169.3,170.3,169.7,171.2,175.6,174.0,0.5,177.0,159.9,0.713,UP,0,0,0,FORM ISSUE,Pelvis tilting - keep hips square
50100,LEFT,169.5,169.6,169.6,171.1,175.5,173.9,0.3,178.3,160.0,0.718,UP,0,0,0,FORM ISSUE,Pelvis tilting - keep hips square
50133,LEFT,168.6,169.1,169.3,170.7,174.9,173.6,0.2,178.6,160.1,0.724,UP,0,0,0,FORM ISSUE,Pelvis tilting - keep hips square
50166,LEFT,168.7,167.6,169.1,169.8,174.6,173.1,0.1,177.9,159.6,0.735,UP,0,0,0,FORM ISSUE,Pelvis tilting - keep hips square
50200,LEFT,168.4,167.0,168.9,168.7,173.9,173.2,0.2,179.1,159.6,0.744,UP,0,0,0,FORM ISSUE,Pelvis tilting - keep hips square
50233,LEFT,168.2,167.4,168.7,168.1,173.8,173.4,0.2,178.7,159.4,0.754,UP,0,0,0,FORM ISSUE,Pelvis tilting - keep hips square
50266,LEFT,168.2,167.7,168.4,167.7,173.6,173.2,0.3,178.5,159.2,0.762,UP,0,0,0,FORM ISSUE,Pelvis tilting - keep hips square
50300,LEFT,168.3,168.2,168.4,167.6,173.8,173.2,0.3,178.3,158.9,0.769,UP,0,0,0,FORM ISSUE,Pelvis tilting - keep hips square
50333,LEFT,168.3,166.8,168.3,167.4,173.8,173.1,0.3,178.4,159.0,0.776,UP,0,0,0,FORM ISSUE,Pelvis tilting - keep hips square
50366,LEFT,169.0,167.3,168.4,167.5,174.3,173.0,0.3,178.3,159.0,0.782,UP,0,0,0,FORM ISSUE,Pelvis tilting - keep hips square
50400,LEFT,168.2,169.0,168.4,167.8,173.8,172.3,0.3,178.8,159.1,0.785,UP,0,0,0,FORM ISSUE,Pelvis tilting - keep hips square
50433,LEFT,167.9,169.2,168.4,168.1,173.7,172.1,0.3,179.0,159.2,0.789,UP,0,0,0,FORM ISSUE,Pelvis tilting - keep hips square
50466,LEFT,167.3,169.1,168.1,168.3,173.4,171.9,0.4,179.2,159.2,0.792,UP,0,0,0,FORM ISSUE,Pelvis tilting - keep hips square
50500,LEFT,167.2,168.4,167.9,168.6,173.3,172.3,0.4,178.7,159.2,0.794,UP,0,0,0,FORM ISSUE,Pelvis tilting - keep hips square
50533,LEFT,167.2,168.3,167.6,168.8,173.6,172.1,0.4,178.6,159.3,0.798,UP,0,0,0,FORM ISSUE,Pelvis tilting - keep hips square
50566,LEFT,166.1,167.7,167.1,168.5,172.9,172.0,0.4,178.6,159.1,0.803,UP,0,0,0,FORM ISSUE,Pelvis tilting - keep hips square
50600,LEFT,164.7,166.7,166.5,168.0,171.6,171.9,0.6,177.0,159.0,0.809,UP,0,0,0,FORM ISSUE,Pelvis tilting - keep hips square
50633,LEFT,165.8,166.3,166.2,167.5,171.9,172.2,0.7,176.8,159.1,0.816,UP,0,0,0,FORM ISSUE,Pelvis tilting - keep hips square
50666,LEFT,166.2,164.5,166.0,166.7,172.1,171.9,0.7,175.9,159.0,0.823,UP,0,0,0,FORM ISSUE,Pelvis tilting - keep hips square
50700,LEFT,165.2,162.3,165.6,165.5,171.3,172.1,0.7,178.9,160.4,0.83,UP,0,0,0,FORM ISSUE,Pelvis tilting - keep hips square
50733,LEFT,164.9,160.6,165.3,164.1,171.5,171.6,0.5,179.3,161.4,0.835,UP,0,0,0,FORM ISSUE,Pelvis tilting - keep hips square
50766,LEFT,163.7,163.1,165.1,163.4,171.6,172.8,0.7,179.7,160.3,0.84,UP,0,0,0,FORM ISSUE,Pelvis tilting - keep hips square
50800,LEFT,164.2,157.3,164.8,161.6,169.6,169.4,0.8,179.9,160.7,0.845,UP,0,0,0,FORM ISSUE,Pelvis tilting - keep hips square
50833,LEFT,159.6,151.0,163.5,158.9,166.8,169.0,0.8,179.8,162.3,0.851,UP,0,0,0,FORM ISSUE,Pelvis tilting - keep hips square
50866,LEFT,158.4,152.6,162.2,156.9,166.2,168.6,1.0,177.0,161.6,0.857,UP,0,0,0,FORM ISSUE,Pelvis tilting - keep hips square
50900,LEFT,152.4,153.6,159.7,155.5,165.0,167.1,0.8,179.0,165.0,0.863,UP,0,0,0,FORM ISSUE,Pelvis tilting - keep hips square
50933,LEFT,152.8,159.4,157.5,154.8,164.8,166.5,0.8,178.6,165.0,0.867,UP,0,0,0,FORM ISSUE,Pelvis tilting - keep hips square
50966,LEFT,151.8,158.5,155.0,155.0,165.8,165.9,0.8,178.9,164.6,0.867,UP,0,0,0,FORM ISSUE,Pelvis tilting - keep hips square
51000,LEFT,144.9,156.3,152.0,156.1,163.0,164.7,0.8,176.0,163.3,0.863,UP,0,0,0,FORM ISSUE,Pelvis tilting - keep hips square
51033,LEFT,139.5,155.2,148.3,156.6,160.5,162.9,1.1,178.6,163.6,0.856,DOWN,0,0,0,FORM ISSUE,Pelvis tilting - keep hips square
51066,LEFT,138.3,152.9,145.4,156.4,160.0,161.8,1.3,177.1,165.1,0.844,DOWN,0,0,0,FORM ISSUE,Pelvis tilting - keep hips square
51100,RIGHT,146.0,132.5,144.1,151.1,158.4,157.7,1.5,174.2,165.4,0.829,DOWN,0,0,0,FORM ISSUE,Pelvis tilting - keep hips square
51133,LEFT,134.3,147.3,140.6,148.8,155.4,157.5,1.2,179.8,169.0,0.813,DOWN,0,0,0,FORM ISSUE,Pelvis tilting - keep hips square
51166,RIGHT,149.6,134.4,141.5,144.5,156.7,155.6,1.5,176.3,169.1,0.79,DOWN,0,0,0,FORM ISSUE,Pelvis tilting - keep hips square
51200,RIGHT,146.6,134.8,142.9,140.4,157.5,155.5,1.6,180.0,171.4,0.763,DOWN,0,0,0,FORM ISSUE,Pelvis tilting - keep hips square
51233,LEFT,138.6,151.1,143.0,140.0,159.6,161.5,0.6,176.6,172.9,0.734,DOWN,0,0,0,FORM ISSUE,Pelvis tilting - keep hips square
51266,RIGHT,150.6,134.3,143.9,140.4,160.2,155.7,1.0,178.1,168.3,0.707,DOWN,0,0,0,FORM ISSUE,Pelvis tilting - keep hips square
51300,RIGHT,155.6,138.8,148.2,138.7,158.8,158.2,0.7,179.4,167.1,0.675,DOWN,0,0,0,FORM ISSUE,Pelvis tilting - keep hips square
51333,RIGHT,153.9,136.6,149.1,139.1,158.9,156.2,0.9,179.7,165.3,0.647,DOWN,0,0,0,FORM ISSUE,Pelvis tilting - keep hips square
51366,RIGHT,151.3,126.4,150.0,137.5,159.4,154.5,1.0,179.2,167.6,0.619,DOWN,0,0,0,FORM ISSUE,Pelvis tilting - keep hips square
51400,RIGHT,151.1,126.6,152.5,132.6,158.0,153.4,1.7,178.3,167.9,0.593,DOWN,0,0,0,FORM ISSUE,Pelvis tilting - keep hips square
51433,RIGHT,139.0,128.1,150.2,131.3,149.2,152.4,2.0,177.9,168.2,0.568,DOWN,0,0,0,FORM ISSUE,Pelvis tilting - keep hips square
51466,RIGHT,130.2,128.9,145.1,129.3,145.6,149.9,2.4,177.0,167.9,0.549,DOWN,0,0,0,FORM ISSUE,Pelvis tilting - keep hips square
51500,RIGHT,134.7,125.2,141.3,127.1,142.1,139.9,2.8,177.6,167.5,0.534,DOWN,0,0,0,FORM ISSUE,Pelvis tilting - keep hips square
51533,RIGHT,126.4,124.6,136.3,126.7,137.8,145.3,3.0,177.1,167.9,0.523,DOWN,0,0,0,FORM ISSUE,Pelvis tilting - keep hips square
51566,RIGHT,129.3,128.8,131.9,127.1,138.5,145.5,3.1,177.2,168.0,0.514,DOWN,0,0,0,FORM ISSUE,Pelvis tilting - keep hips square
51600,LEFT,133.0,135.2,130.7,128.5,144.7,140.1,3.4,177.5,168.5,0.511,DOWN,0,0,0,FORM ISSUE,Pelvis tilting - keep hips square
51633,RIGHT,132.8,133.1,131.2,129.4,138.8,144.4,3.7,177.5,168.7,0.507,DOWN,0,0,0,FORM ISSUE,Pelvis tilting - keep hips square
51666,RIGHT,136.1,132.9,131.5,130.9,140.9,144.5,4.0,177.6,168.9,0.503,DOWN,0,0,0,FORM ISSUE,Pelvis tilting - keep hips square
51700,RIGHT,125.5,127.6,131.3,131.5,133.5,141.4,4.1,178.3,169.1,0.5,DOWN,0,0,0,FORM ISSUE,Pelvis tilting - keep hips square
51733,,,,,,,,,,,0.496,DOWN,0,0,0,LOW CONFIDENCE,Adjust camera view
51766,,,,,,,,,,,0.488,DOWN,0,0,0,LOW CONFIDENCE,Adjust camera view
51800,,,,,,,,,,,0.481,DOWN,0,0,0,LOW CONFIDENCE,Adjust camera view
51833,,,,,,,,,,,0.473,DOWN,0,0,0,LOW CONFIDENCE,Adjust camera view
51866,,,,,,,,,,,0.467,DOWN,0,0,0,LOW CONFIDENCE,Adjust camera view
51900,,,,,,,,,,,0.462,DOWN,0,0,0,LOW CONFIDENCE,Adjust camera view
51933,,,,,,,,,,,0.461,DOWN,0,0,0,LOW CONFIDENCE,Adjust camera view
51966,,,,,,,,,,,0.465,DOWN,0,0,0,LOW CONFIDENCE,Adjust camera view
52000,,,,,,,,,,,0.473,DOWN,0,0,0,LOW CONFIDENCE,Adjust camera view
52033,,,,,,,,,,,0.485,DOWN,0,0,0,LOW CONFIDENCE,Adjust camera view
52066,,,,,,,,,,,0.499,DOWN,0,0,0,LOW CONFIDENCE,Adjust camera view
52100,RIGHT,124.9,121.8,130.4,130.1,139.8,141.3,5.2,175.0,164.3,0.51,DOWN,0,0,0,FORM ISSUE,Pelvis tilting - keep hips square
52133,RIGHT,134.0,127.5,130.7,128.6,147.4,145.8,5.2,171.1,162.6,0.517,DOWN,0,0,0,FORM ISSUE,Pelvis tilting - keep hips square
52166,RIGHT,140.0,127.4,132.1,127.4,148.1,144.2,5.5,169.7,162.1,0.518,DOWN,0,0,0,FORM ISSUE,Pelvis tilting - keep hips square
52200,RIGHT,147.3,127.6,134.3,126.4,152.9,147.7,5.8,175.0,162.2,0.516,DOWN,0,0,0,FORM ISSUE,Pelvis tilting - keep hips square
52233,RIGHT,142.6,129.2,137.8,126.7,150.7,147.5,6.6,170.2,160.7,0.513,DOWN,0,0,0,FORM ISSUE,Pelvis tilting - keep hips square
52266,RIGHT,152.2,140.4,143.2,130.4,157.1,157.3,7.0,170.4,160.1,0.509,DOWN,0,0,0,FORM ISSUE,Pelvis tilting - keep hips square
52300,RIGHT,148.2,137.5,146.0,132.4,154.3,158.2,7.4,171.5,157.1,0.504,DOWN,0,0,0,FORM ISSUE,Pelvis tilting - keep hips square
52333,LEFT,138.7,150.1,145.8,137.0,158.1,160.2,7.5,173.4,156.6,0.503,DOWN,0,0,0,FORM ISSUE,Pelvis tilting - keep hips square
52366,RIGHT,150.9,150.8,146.5,141.6,157.2,165.9,8.0,171.2,154.1,0.5,DOWN,0,0,0,FORM ISSUE,Pelvis tilting - keep hips square
52400,,,,,,,,,,,0.497,DOWN,0,0,0,LOW CONFIDENCE,Adjust camera view
52433,,,,,,,,,,,0.497,DOWN,0,0,0,LOW CONFIDENCE,Adjust camera view
52466,LEFT,151.2,148.4,148.2,145.4,160.0,155.3,9.8,162.2,152.4,0.503,DOWN,0,0,0,FORM ISSUE,Pelvis tilting - keep hips square
52500,LEFT,149.8,142.5,147.8,145.9,160.8,158.3,9.3,166.0,149.4,0.514,DOWN,0,0,0,FORM ISSUE,Pelvis tilting - keep hips square
52533,LEFT,154.6,152.8,149.0,148.9,162.3,161.5,8.9,165.2,150.9,0.528,DOWN,0,0,0,FORM ISSUE,Pelvis tilting - keep hips square
52566,LEFT,172.0,160.0,155.7,150.9,170.4,164.6,8.0,169.0,150.7,0.544,DOWN,0,0,0,FORM ISSUE,Pelvis tilting - keep hips square
52600,LEFT,166.4,162.2,158.8,153.2,168.1,165.5,7.6,166.0,150.5,0.563,DOWN,0,0,0,FORM ISSUE,Pelvis tilting - keep hips square
52633,LEFT,166.6,161.7,161.9,155.8,169.4,167.7,6.9,171.3,150.3,0.579,DOWN,0,0,0,FORM ISSUE,Pelvis tilting - keep hips square
52666,LEFT,167.1,159.9,165.3,159.3,169.9,169.7,6.7,166.4,151.0,0.594,DOWN,0,0,0,FORM ISSUE,Pelvis tilting - keep hips square
52700,LEFT,165.2,158.4,167.5,160.4,169.3,168.5,6.8,169.3,150.4,0.611,DOWN,0,0,0,FORM ISSUE,Pelvis tilting - keep hips square
52733,LEFT,165.0,158.0,166.1,160.0,168.7,169.1,6.7,168.3,150.1,0.629,DOWN,0,0,0,FORM ISSUE,Pelvis tilting - keep hips square
52766,LEFT,166.6,159.4,166.1,159.5,169.6,169.5,6.7,168.4,149.1,0.646,DOWN,0,0,0,FORM ISSUE,Pelvis tilting - keep hips square
52800,LEFT,166.4,157.9,166.1,158.7,169.4,170.2,6.5,169.6,149.9,0.665,DOWN,0,0,0,FORM ISSUE,Pelvis tilting - keep hips square
52833,LEFT,167.2,158.0,166.1,158.4,170.0,168.8,6.6,163.7,148.6,0.684,DOWN,0,0,0,FORM ISSUE,Pelvis tilting - keep hips square
52866,LEFT,167.5,159.8,166.6,158.6,169.4,170.3,6.1,168.1,151.3,0.702,DOWN,0,0,0,FORM ISSUE,Pelvis tilting - keep hips square
52900,LEFT,169.3,161.5,167.4,159.3,170.2,170.1,6.2,169.1,149.7,0.716,DOWN,0,0,0,FORM ISSUE,Pelvis tilting - keep hips square
52933,LEFT,167.8,161.9,167.6,159.8,170.9,169.5,6.3,167.6,149.1,0.728,DOWN,0,0,0,FORM ISSUE,Pelvis tilting - keep hips square
52966,LEFT,168.6,164.2,168.1,161.1,171.0,169.7,6.3,172.4,150.3,0.735,DOWN,0,0,0,FORM ISSUE,Pelvis tilting - keep hips square
53000,LEFT,173.1,166.3,169.3,162.7,172.7,169.1,6.4,171.5,149.2,0.738,DOWN,0,0,0,FORM ISSUE,Pelvis tilting - keep hips square
53033,LEFT,172.9,167.5,170.3,164.3,174.1,169.0,6.5,171.4,150.2,0.733,DOWN,0,0,0,FORM ISSUE,Pelvis tilting - keep hips square
53066,LEFT,171.2,168.4,170.7,165.6,173.3,169.3,6.4,171.1,151.3,0.727,DOWN,0,0,0,FORM ISSUE,Pelvis tilting - keep hips square
53100,LEFT,171.8,169.8,171.5,167.2,173.1,168.9,6.2,172.5,150.7,0.717,UP,0,0,0,FORM ISSUE,Pelvis tilting - keep hips square
53133,LEFT,172.4,169.7,172.3,168.3,173.6,169.2,5.9,172.2,150.8,0.708,UP,0,0,0,FORM ISSUE,Pelvis tilting - keep hips square
53166,LEFT,172.0,161.9,172.1,167.4,173.7,170.8,5.5,171.2,151.5,0.702,UP,0,0,0,FORM ISSUE,Pelvis tilting - keep hips square
53200,LEFT,173.9,163.7,172.3,166.7,174.6,172.0,5.2,172.1,151.1,0.704,UP,0,0,0,FORM ISSUE,Pelvis tilting - keep hips square
53233,LEFT,176.2,163.1,173.2,165.6,174.6,172.5,5.0,171.8,151.4,0.709,UP,0,0,0,FORM ISSUE,Pelvis tilting - keep hips square
53266,LEFT,172.7,163.6,173.4,164.4,174.8,171.9,4.7,171.9,152.0,0.718,UP,0,0,0,FORM ISSUE,Pelvis tilting - keep hips square
53300,LEFT,173.9,164.3,173.7,163.3,175.0,173.0,4.3,172.5,152.9,0.73,UP,0,0,0,FORM ISSUE,Pelvis tilting - keep hips square
53333,LEFT,174.3,166.0,174.2,164.2,175.3,173.8,3.8,173.1,153.9,0.742,UP,0,0,0,FORM ISSUE,Pelvis tilting - keep hips square
53366,LEFT,172.6,167.3,174.0,164.9,176.0,174.3,3.3,172.2,155.0,0.752,UP,0,0,0,FORM ISSUE,Pelvis tilting - keep hips square
53400,LEFT,172.0,166.4,173.1,165.5,175.5,173.9,3.1,173.6,154.8,0.76,UP,0,0,0,FORM ISSUE,Pelvis tilting - keep hips square
53433,LEFT,171.6,167.3,172.9,166.3,175.4,172.6,3.4,171.6,154.5,0.768,UP,0,0,0,FORM ISSUE,Pelvis tilting - keep hips square
53466,LEFT,171.8,165.2,172.5,166.5,174.6,172.8,3.5,171.0,154.9,0.775,UP,0,0,0,FORM ISSUE,Pelvis tilting - keep hips square
53500,LEFT,171.8,165.6,172.0,166.4,174.1,172.6,3.2,173.5,154.6,0.78,UP,0,0,0,FORM ISSUE,Pelvis tilting - keep hips square
53533,LEFT,171.2,166.5,171.7,166.2,174.7,172.7,3.2,172.7,154.8,0.785,UP,0,0,0,FORM ISSUE,Pelvis tilting - keep hips square
53566,LEFT,172.2,166.2,171.7,166.2,174.8,172.5,2.9,173.4,155.3,0.79,UP,0,0,0,FORM ISSUE,Pelvis tilting - keep hips square
53600,LEFT,172.9,166.4,172.0,166.0,175.8,172.3,3.0,174.1,154.5,0.792,UP,0,0,0,FORM ISSUE,Pelvis tilting - keep hips square
53633,LEFT,173.5,164.7,172.3,165.9,175.9,172.2,2.8,175.2,155.2,0.793,UP,0,0,0,FORM ISSUE,Pelvis tilting - keep hips square
53666,LEFT,175.1,164.2,173.0,165.6,176.5,171.9,3.1,175.4,155.7,0.793,UP,0,0,0,FORM ISSUE,Pelvis tilting - keep hips square
53700,LEFT,177.4,167.9,174.2,165.9,178.3,171.6,3.2,176.3,155.9,0.791,UP,0,0,0,FORM ISSUE,Pelvis tilting - keep hips square
53733,LEFT,177.5,169.2,175.3,166.5,179.1,172.5,3.0,177.7,155.9,0.783,UP,0,0,0,FORM ISSUE,Pelvis tilting - keep hips square
53766,LEFT,178.4,169.6,176.4,167.1,179.7,172.2,3.1,178.8,156.4,0.773,UP,0,0,0,FORM ISSUE,Pelvis tilting - keep hips square
53800,LEFT,177.9,168.2,177.3,167.8,179.3,173.1,2.8,178.7,157.0,0.761,UP,0,0,0,FORM ISSUE,Pelvis tilting - keep hips square
53833,RIGHT,177.2,179.2,177.7,170.8,173.1,175.4,2.7,178.3,157.2,0.749,UP,0,0,0,FORM ISSUE,Pelvis tilting - keep hips square
53866,RIGHT,176.9,179.1,177.6,173.1,172.5,175.9,3.1,178.2,157.3,0.738,UP,0,0,0,FORM ISSUE,Pelvis tilting - keep hips square
53900,RIGHT,178.8,177.3,177.8,174.7,172.1,176.8,3.4,177.7,157.2,0.729,UP,0,0,0,FORM ISSUE,Pelvis tilting - keep hips square
53933,RIGHT,177.7,178.3,177.7,176.4,171.9,176.6,3.5,176.9,157.3,0.721,UP,0,0,0,FORM ISSUE,Pelvis tilting - keep hips square
53966,RIGHT,178.3,175.5,177.8,177.9,171.5,178.6,3.7,176.2,157.3,0.71,UP,0,0,0,FORM ISSUE,Pelvis tilting - keep hips square
54000,RIGHT,173.4,173.3,177.0,176.7,171.7,179.7,3.3,177.4,158.5,0.701,UP,0,0,0,FORM ISSUE,Pelvis tilting - keep hips square
54033,RIGHT,175.4,175.0,176.7,175.9,172.0,179.3,3.1,176.6,158.6,0.691,UP,0,0,0,FORM ISSUE,Pelvis tilting - keep hips square
54066,RIGHT,176.5,180.0,176.3,176.4,172.2,177.5,3.1,176.1,158.3,0.683,UP,0,0,0,FORM ISSUE,Pelvis tilting - keep hips square
54100,RIGHT,177.7,179.3,176.3,176.6,172.0,177.1,3.2,176.1,158.9,0.675,UP,0,0,0,FORM ISSUE,Pelvis tilting - keep hips square
54133,LEFT,178.2,172.7,176.2,176.1,179.7,171.5,3.6,176.3,159.3,0.674,UP,0,0,0,FORM ISSUE,Pelvis tilting - keep hips square
54166,RIGHT,173.0,180.0,176.2,177.4,170.9,179.5,3.8,176.1,159.1,0.669,UP,0,0,0,FORM ISSUE,Pelvis tilting - keep hips square
54200,LEFT,178.3,171.9,176.7,176.8,178.2,171.6,3.4,177.7,159.4,0.666,UP,0,0,0,FORM ISSUE,Pelvis tilting - keep hips square
54233,LEFT,176.5,170.3,176.7,174.8,177.5,171.8,3.0,179.2,159.8,0.664,UP,0,0,0,FORM ISSUE,Pelvis tilting - keep hips square
54266,LEFT,177.0,172.4,176.6,173.4,179.0,172.0,2.8,179.6,159.9,0.661,UP,0,0,0,FORM ISSUE,Pelvis tilting - keep hips square
54300,RIGHT,174.3,175.9,175.8,174.1,171.7,179.0,2.3,179.7,161.1,0.657,UP,0,0,0,FORM ISSUE,Pelvis tilting - keep hips square
54333,LEFT,175.3,171.0,176.3,172.3,177.2,171.8,2.2,177.6,160.4,0.657,UP,0,0,0,FORM ISSUE,Pelvis tilting - keep hips square
54366,LEFT,176.3,170.1,175.9,171.9,177.9,171.5,1.7,178.2,160.4,0.656,UP,0,0,0,FORM ISSUE,Pelvis tilting - keep hips square
54400,LEFT,173.8,170.4,175.3,172.0,177.2,171.8,1.5,176.3,160.0,0.658,UP,0,0,0,FORM ISSUE,Pelvis tilting - keep hips square
54433,LEFT,174.9,169.6,174.9,171.4,177.5,171.7,1.8,175.1,159.3,0.663,UP,0,0,0,FORM ISSUE,Pelvis tilting - keep hips square
54466,LEFT,176.6,169.6,175.4,170.1,178.2,171.7,2.0,174.9,159.1,0.668,UP,0,0,0,FORM ISSUE,Pelvis tilting - keep hips square
54500,LEFT,177.2,169.8,175.8,169.9,178.8,171.7,2.0,175.5,159.1,0.669,UP,0,0,0,FORM ISSUE,Pelvis tilting - keep hips square
54533,RIGHT,171.6,175.3,174.8,170.9,171.8,177.3,1.9,175.0,159.0,0.67,UP,0,0,0,FORM ISSUE,Pelvis tilting - keep hips square
54566,RIGHT,172.3,175.5,174.5,172.0,171.9,177.9,2.1,175.1,159.0,0.669,UP,0,0,0,FORM ISSUE,Pelvis tilting - keep hips square
54600,RIGHT,178.5,178.5,175.2,173.7,171.5,177.7,3.1,174.6,159.5,0.667,UP,0,0,0,FORM ISSUE,Pelvis tilting - keep hips square
54633,RIGHT,179.0,177.9,175.7,175.4,170.9,179.6,3.5,173.6,159.5,0.662,UP,0,0,0,FORM ISSUE,Pelvis tilting - keep hips square
54666,RIGHT,178.7,177.9,176.0,177.0,170.9,179.8,3.4,173.5,159.5,0.656,UP,0,0,0,FORM ISSUE,Pelvis tilting - keep hips square
54700,RIGHT,177.3,178.1,177.2,177.6,170.8,177.9,3.2,175.8,159.8,0.65,UP,0,0,0,FORM ISSUE,Pelvis tilting - keep hips square
54733,RIGHT,176.1,179.8,177.9,178.5,170.9,179.8,2.9,176.2,160.3,0.644,UP,0,0,0,FORM ISSUE,Pelvis tilting - keep hips square
54766,RIGHT,174.6,179.2,177.1,178.6,170.5,176.1,2.8,176.5,160.2,0.634,UP,0,0,0,FORM ISSUE,Pelvis tilting - keep hips square
54800,RIGHT,175.2,179.2,176.4,178.8,170.6,174.3,2.7,176.5,160.2,0.627,UP,0,0,0,FORM ISSUE,Pelvis tilting - keep hips square
54833,RIGHT,175.8,179.9,175.8,179.2,170.8,173.8,2.6,176.6,160.6,0.621,UP,0,0,0,FORM ISSUE,Pelvis tilting - keep hips square
54866,RIGHT,173.4,179.9,175.0,179.6,170.9,174.4,2.6,173.9,160.0,0.618,UP,0,0,0,FORM ISSUE,Pelvis tilting - keep hips square
54900,RIGHT,173.3,179.6,174.5,179.6,171.1,177.9,2.2,174.5,160.0,0.613,UP,0,0,0,FORM ISSUE,Pelvis tilting - keep hips square
54933,RIGHT,174.1,173.5,174.4,178.4,171.1,178.5,2.1,173.3,159.9,0.611,UP,0,0,0,FORM ISSUE,Pelvis tilting - keep hips square
54966,RIGHT,174.8,179.9,174.3,178.6,171.6,173.3,2.0,173.6,159.9,0.607,UP,0,0,0,FORM ISSUE,Pelvis tilting - keep hips square
55000,RIGHT,173.4,177.7,173.8,178.1,171.8,176.7,1.8,174.3,158.9,0.608,UP,0,0,0,FORM ISSUE,Pelvis tilting - keep hips square
55033,RIGHT,173.1,179.8,173.7,178.1,171.7,177.3,1.9,173.1,159.1,0.607,UP,0,0,0,FORM ISSUE,Pelvis tilting - keep hips square
55066,RIGHT,173.6,178.9,173.8,178.0,171.2,178.9,2.3,171.6,159.1,0.608,UP,0,0,0,FORM ISSUE,Pelvis tilting - keep hips square
55100,RIGHT,175.1,178.9,174.0,179.1,170.2,176.1,2.6,170.4,158.5,0.609,UP,0,0,0,FORM ISSUE,Pelvis tilting - keep hips square
55133,RIGHT,174.6,173.0,174.0,177.7,170.0,178.0,2.5,168.8,158.7,0.611,UP,0,0,0,FORM ISSUE,Pelvis tilting - keep hips square
55166,RIGHT,174.5,178.0,174.2,177.7,168.9,173.2,2.7,168.8,158.3,0.611,UP,0,0,0,FORM ISSUE,Pelvis tilting - keep hips square
55200,RIGHT,174.0,179.5,174.4,177.7,168.4,167.8,2.9,168.1,158.2,0.613,UP,0,0,0,FORM ISSUE,Pelvis tilting - keep hips square
55233,RIGHT,173.8,173.7,174.4,176.6,167.0,162.1,3.4,167.3,157.9,0.619,UP,0,0,0,FORM ISSUE,Pelvis tilting - keep hips square
55266,RIGHT,173.0,174.0,174.0,175.6,166.5,161.5,3.6,166.9,158.1,0.628,UP,0,0,0,FORM ISSUE,Pelvis tilting - keep hips square
55300,RIGHT,173.5,172.1,173.8,175.4,166.0,162.5,3.8,167.0,158.4,0.638,UP,0,0,0,FORM ISSUE,Pelvis tilting - keep hips square
55333,RIGHT,173.2,173.1,173.5,174.5,165.1,164.0,3.8,167.2,158.6,0.649,UP,0,0,0,FORM ISSUE,Pelvis tilting - keep hips square
55366,RIGHT,171.8,178.4,173.1,174.2,165.6,179.8,3.6,168.1,158.8,0.658,UP,0,0,0,FORM ISSUE,Pelvis tilting - keep hips square
55400,LEFT,158.2,166.4,169.9,172.8,170.3,167.8,1.9,170.7,159.0,0.663,UP,0,0,0,FORM ISSUE,Pelvis tilting - keep hips square
55433,RIGHT,166.4,169.0,168.6,171.8,167.9,177.9,1.8,172.3,159.6,0.666,UP,0,0,0,FORM ISSUE,Pelvis tilting - keep hips square
55466,LEFT,167.5,167.1,167.4,170.8,177.0,168.8,0.9,173.7,160.4,0.666,UP,0,0,0,FORM ISSUE,Pelvis tilting - keep hips square
55500,RIGHT,163.0,154.8,165.4,167.1,167.0,170.9,0.4,177.4,162.1,0.664,UP,0,0,0,FORM ISSUE,Pelvis tilting - keep hips square
55533,LEFT,160.8,164.1,163.2,164.3,171.7,168.3,0.1,177.9,163.0,0.663,UP,0,0,0,FORM ISSUE,Pelvis tilting - keep hips square
55566,LEFT,157.0,162.0,162.9,163.4,170.4,167.9,0.2,178.1,162.6,0.664,UP,0,0,0,FORM ISSUE,Pelvis tilting - keep hips square
55600,LEFT,156.7,166.0,161.0,162.8,169.4,167.6,0.3,178.6,163.1,0.664,UP,0,0,0,FORM ISSUE,Pelvis tilting - keep hips square
55633,LEFT,155.4,165.1,158.6,162.4,169.9,169.4,0.8,179.4,164.6,0.667,UP,0,0,0,FORM ISSUE,Pelvis tilting - keep hips square
55666,LEFT,157.7,166.1,157.5,164.6,170.7,170.5,1.2,173.8,168.5,0.67,UP,0,0,0,FORM ISSUE,Pelvis tilting - keep hips square
55700,RIGHT,165.9,160.4,158.5,163.9,168.8,172.6,1.1,174.8,170.1,0.673,UP,0,0,0,FORM ISSUE,Pelvis tilting - keep hips square
55733,RIGHT,165.9,157.5,160.3,163.0,168.6,171.2,1.1,176.2,171.6,0.676,UP,0,0,0,FORM ISSUE,Pelvis tilting - keep hips square
55766,LEFT,156.5,162.5,160.3,162.3,170.2,168.5,0.5,179.7,171.2,0.682,UP,0,0,0,FORM ISSUE,Pelvis tilting - keep hips square
55800,LEFT,148.7,159.2,158.9,161.1,166.9,167.6,0.4,177.4,171.3,0.687,UP,0,0,0,FORM ISSUE,Pelvis tilting - keep hips square
55833,LEFT,146.9,155.4,156.8,159.0,166.3,168.5,0.5,178.6,169.5,0.69,UP,0,0,0,FORM ISSUE,Pelvis tilting - keep hips square
55866,LEFT,149.0,156.7,153.4,158.3,164.5,166.0,0.3,178.6,166.0,0.694,UP,0,0,0,FORM ISSUE,Pelvis tilting - keep hips square
55900,LEFT,141.0,153.8,148.4,157.5,161.0,164.9,0.4,174.3,168.6,0.694,UP,0,0,0,FORM ISSUE,Pelvis tilting - keep hips square
55933,RIGHT,155.0,143.5,148.1,153.7,164.2,163.7,0.4,173.0,168.4,0.687,DOWN,0,0,0,FORM ISSUE,Pelvis tilting - keep hips square
55966,RIGHT,156.5,143.0,149.7,150.5,163.4,162.3,1.1,174.8,166.5,0.675,DOWN,0,0,0,FORM ISSUE,Pelvis tilting - keep hips square
56000,RIGHT,155.6,141.1,151.4,147.6,160.7,161.7,1.1,177.7,167.1,0.657,DOWN,0,0,0,FORM ISSUE,Pelvis tilting - keep hips square
56033,RIGHT,155.1,140.6,152.6,144.4,159.2,158.9,1.9,177.6,166.5,0.637,DOWN,0,0,0,FORM ISSUE,Pelvis tilting - keep hips square
56066,RIGHT,149.9,136.1,154.4,140.9,154.8,148.5,3.5,173.7,166.0,0.62,DOWN,0,0,0,FORM ISSUE,Pelvis tilting - keep hips square
56100,LEFT,139.4,149.6,151.3,142.1,153.0,154.8,4.1,179.2,164.4,0.6,DOWN,0,0,0,FORM ISSUE,Pelvis tilting - keep hips square
56133,RIGHT,152.4,142.5,150.5,142.0,154.5,154.3,4.1,175.1,163.9,0.581,DOWN,0,0,0,FORM ISSUE,Pelvis tilting - keep hips square
56166,RIGHT,150.5,141.3,149.5,142.0,152.5,151.2,4.2,178.6,164.0,0.567,DOWN,0,0,0,FORM ISSUE,Pelvis tilting - keep hips square
56200,RIGHT,148.4,139.0,148.1,141.7,150.5,149.9,4.3,178.7,165.3,0.554,DOWN,0,0,0,FORM ISSUE,Pelvis tilting - keep hips square
56233,LEFT,137.7,143.2,145.7,143.1,146.8,148.3,4.0,178.2,166.1,0.537,DOWN,0,0,0,FORM ISSUE,Pelvis tilting - keep hips square
56266,RIGHT,138.0,139.1,145.4,141.0,145.4,150.8,3.8,170.4,169.7,0.522,DOWN,0,0,0,FORM ISSUE,Pelvis tilting - keep hips square
56300,RIGHT,139.2,139.3,142.8,140.4,143.9,149.7,3.7,173.2,167.8,0.504,DOWN,0,0,0,FORM ISSUE,Pelvis tilting - keep hips square
56333,,,,,,,,,,,0.482,DOWN,0,0,0,LOW CONFIDENCE,Adjust camera view
56366,,,,,,,,,,,0.458,DOWN,0,0,0,LOW CONFIDENCE,Adjust camera view
56400,,,,,,,,,,,0.437,DOWN,0,0,0,LOW CONFIDENCE,Adjust camera view
56433,,,,,,,,,,,0.419,DOWN,0,0,0,LOW CONFIDENCE,Adjust camera view
56466,,,,,,,,,,,0.409,DOWN,0,0,0,LOW CONFIDENCE,Adjust camera view
56500,,,,,,,,,,,0.405,DOWN,0,0,0,LOW CONFIDENCE,Adjust camera view
56533,,,,,,,,,,,0.405,DOWN,0,0,0,LOW CONFIDENCE,Adjust camera view
56566,,,,,,,,,,,0.404,DOWN,0,0,0,LOW CONFIDENCE,Adjust camera view
56600,,,,,,,,,,,0.405,DOWN,0,0,0,LOW CONFIDENCE,Adjust camera view
56633,,,,,,,,,,,0.407,DOWN,0,0,0,LOW CONFIDENCE,Adjust camera view
56666,,,,,,,,,,,0.408,DOWN,0,0,0,LOW CONFIDENCE,Adjust camera view
56700,,,,,,,,,,,0.414,DOWN,0,0,0,LOW CONFIDENCE,Adjust camera view
56733,,,,,,,,,,,0.421,DOWN,0,0,0,LOW CONFIDENCE,Adjust camera view
56766,,,,,,,,,,,0.428,DOWN,0,0,0,LOW CONFIDENCE,Adjust camera view
56800,,,,,,,,,,,0.432,DOWN,0,0,0,LOW CONFIDENCE,Adjust camera view
56833,,,,,,,,,,,0.437,DOWN,0,0,0,LOW CONFIDENCE,Adjust camera view
56866,,,,,,,,,,,0.437,DOWN,0,0,0,LOW CONFIDENCE,Adjust camera view
56900,,,,,,,,,,,0.436,DOWN,0,0,0,LOW CONFIDENCE,Adjust camera view
56933,,,,,,,,,,,0.438,DOWN,0,0,0,LOW CONFIDENCE,Adjust camera view
56966,,,,,,,,,,,0.439,DOWN,0,0,0,LOW CONFIDENCE,Adjust camera view
57000,,,,,,,,,,,0.44,DOWN,0,0,0,LOW CONFIDENCE,Adjust camera view
57033,,,,,,,,,,,0.443,DOWN,0,0,0,LOW CONFIDENCE,Adjust camera view
57066,,,,,,,,,,,0.445,DOWN,0,0,0,LOW CONFIDENCE,Adjust camera view
57100,,,,,,,,,,,0.443,DOWN,0,0,0,LOW CONFIDENCE,Adjust camera view
57133,,,,,,,,,,,0.446,DOWN,0,0,0,LOW CONFIDENCE,Adjust camera view
57166,,,,,,,,,,,0.448,DOWN,0,0,0,LOW CONFIDENCE,Adjust camera view
57200,,,,,,,,,,,0.452,DOWN,0,0,0,LOW CONFIDENCE,Adjust camera view
57233,,,,,,,,,,,0.457,DOWN,0,0,0,LOW CONFIDENCE,Adjust camera view
57266,,,,,,,,,,,0.465,DOWN,0,0,0,LOW CONFIDENCE,Adjust camera view
57300,,,,,,,,,,,0.473,DOWN,0,0,0,LOW CONFIDENCE,Adjust camera view
57333,,,,,,,,,,,0.483,DOWN,0,0,0,LOW CONFIDENCE,Adjust camera view
57366,,,,,,,,,,,0.493,DOWN,0,0,0,LOW CONFIDENCE,Adjust camera view
57400,RIGHT,149.9,139.3,142.7,140.0,158.9,159.5,2.9,174.9,165.7,0.504,DOWN,0,0,0,FORM ISSUE,Pelvis tilting - keep hips square
57433,RIGHT,151.0,139.7,143.2,140.1,160.1,162.9,2.3,175.1,167.3,0.513,DOWN,0,0,0,FORM ISSUE,Pelvis tilting - keep hips square
57466,RIGHT,159.6,151.8,147.6,141.8,164.6,169.1,1.7,178.8,166.6,0.52,DOWN,0,0,0,FORM ISSUE,Pelvis tilting - keep hips square
57500,RIGHT,153.4,148.0,150.6,143.6,164.2,168.1,1.2,179.7,165.1,0.523,DOWN,0,0,0,FORM ISSUE,Pelvis tilting - keep hips square
57533,LEFT,148.0,155.7,152.4,146.9,167.1,165.8,1.2,176.3,164.6,0.527,DOWN,0,0,0,FORM ISSUE,Pelvis tilting - keep hips square
57566,LEFT,148.5,158.5,152.1,150.7,164.8,166.2,1.3,174.5,162.2,0.534,DOWN,0,0,0,FORM ISSUE,Pelvis tilting - keep hips square
57600,LEFT,149.5,160.1,151.8,154.8,165.5,166.2,1.3,176.4,160.3,0.543,DOWN,0,0,0,FORM ISSUE,Pelvis tilting - keep hips square
57633,RIGHT,161.9,155.3,152.3,155.5,167.3,170.5,1.3,176.4,160.4,0.553,DOWN,0,0,0,FORM ISSUE,Pelvis tilting - keep hips square
57666,LEFT,153.3,155.6,152.2,157.0,168.7,168.3,1.6,174.9,160.4,0.567,DOWN,0,0,0,FORM ISSUE,Pelvis tilting - keep hips square
57700,LEFT,156.5,156.1,153.9,157.1,169.9,171.1,1.8,177.2,159.1,0.582,DOWN,0,0,0,FORM ISSUE,Pelvis tilting - keep hips square
57733,LEFT,162.7,155.2,156.8,156.4,173.2,168.9,1.9,178.7,160.1,0.594,DOWN,0,0,0,FORM ISSUE,Pelvis tilting - keep hips square
57766,LEFT,158.5,157.4,158.6,155.9,172.5,168.5,1.8,179.9,159.1,0.605,DOWN,0,0,0,FORM ISSUE,Pelvis tilting - keep hips square
57800,LEFT,164.5,159.4,159.1,156.7,174.4,168.5,1.8,178.7,158.8,0.611,DOWN,0,0,0,FORM ISSUE,Pelvis tilting - keep hips square
57833,LEFT,168.3,166.5,162.1,158.9,175.9,169.9,2.8,175.1,157.9,0.614,DOWN,0,0,0,FORM ISSUE,Pelvis tilting - keep hips square
57866,LEFT,172.4,166.8,165.3,161.1,177.6,169.1,2.9,176.3,156.3,0.612,DOWN,0,0,0,FORM ISSUE,Pelvis tilting - keep hips square
57900,RIGHT,171.4,169.2,167.0,163.9,168.8,175.4,2.5,177.9,157.7,0.607,DOWN,0,0,0,FORM ISSUE,Pelvis tilting - keep hips square
57933,RIGHT,170.1,168.9,169.4,166.2,169.9,175.8,3.0,177.7,157.8,0.601,DOWN,0,0,0,FORM ISSUE,Pelvis tilting - keep hips square
57966,LEFT,172.8,169.6,171.0,168.2,176.9,170.2,3.2,175.6,157.4,0.6,DOWN,0,0,0,FORM ISSUE,Pelvis tilting - keep hips square
58000,RIGHT,171.0,178.9,171.5,170.7,170.7,174.6,3.0,175.4,158.2,0.598,UP,0,0,0,FORM ISSUE,Pelvis tilting - keep hips square
58033,RIGHT,168.6,174.2,170.8,172.2,169.3,179.7,3.1,177.2,157.5,0.596,UP,0,0,0,FORM ISSUE,Pelvis tilting - keep hips square
58066,RIGHT,169.3,173.0,170.3,172.9,169.7,178.7,2.7,178.7,157.6,0.594,UP,0,0,0,FORM ISSUE,Pelvis tilting - keep hips square
58100,LEFT,177.2,168.9,171.8,172.9,177.7,170.1,2.5,179.7,157.6,0.594,UP,0,0,0,FORM ISSUE,Pelvis tilting - keep hips square
58133,LEFT,179.5,170.8,173.1,173.2,178.3,170.8,2.7,178.7,157.8,0.591,UP,0,0,0,FORM ISSUE,Pelvis tilting - keep hips square
58166,RIGHT,175.1,179.7,173.9,173.3,170.7,178.3,2.9,178.2,158.0,0.59,UP,0,0,0,FORM ISSUE,Pelvis tilting - keep hips square
58200,RIGHT,173.2,179.1,174.9,174.3,171.4,179.8,2.6,178.7,158.4,0.59,UP,0,0,0,FORM ISSUE,Pelvis tilting - keep hips square
58233,RIGHT,178.0,178.7,176.6,175.4,171.2,174.7,2.5,178.6,159.0,0.592,UP,0,0,0,FORM ISSUE,Pelvis tilting - keep hips square
58266,RIGHT,174.8,177.1,176.1,177.1,171.7,178.8,2.1,179.4,159.3,0.595,UP,0,0,0,FORM ISSUE,Pelvis tilting - keep hips square
58300,LEFT,174.1,173.0,175.0,177.5,179.0,172.4,2.0,179.5,159.4,0.599,UP,0,0,0,FORM ISSUE,Pelvis tilting - keep hips square
58333,LEFT,178.2,172.0,175.7,176.0,179.4,172.9,1.5,179.6,160.1,0.603,UP,0,0,0,FORM ISSUE,Pelvis tilting - keep hips square
58366,LEFT,177.3,171.9,176.5,174.5,179.6,173.0,1.4,179.5,160.7,0.608,UP,0,0,0,FORM ISSUE,Pelvis tilting - keep hips square
58400,LEFT,176.9,167.7,176.3,172.3,179.9,172.8,1.3,178.9,160.8,0.615,UP,0,0,0,FORM ISSUE,Pelvis tilting - keep hips square
58433,LEFT,177.6,169.2,176.8,170.7,179.8,173.5,1.0,178.6,161.5,0.619,UP,0,0,0,FORM ISSUE,Pelvis tilting - keep hips square
58466,LEFT,175.0,171.3,177.0,170.4,177.2,173.5,0.9,179.6,162.2,0.62,UP,0,0,0,FORM ISSUE,Pelvis tilting - keep hips square
58500,LEFT,174.3,172.1,176.2,170.4,179.8,173.8,1.1,178.3,162.6,0.621,UP,0,0,0,FORM ISSUE,Pelvis tilting - keep hips square
58533,LEFT,177.0,170.0,176.2,170.1,179.4,173.8,1.0,177.9,163.3,0.624,UP,0,0,0,FORM ISSUE,Pelvis tilting - keep hips square
58566,LEFT,174.8,169.7,175.7,170.5,179.7,174.0,0.8,177.3,164.0,0.626,UP,0,0,0,FORM ISSUE,Pelvis tilting - keep hips square
58600,LEFT,175.4,169.4,175.3,170.5,179.7,174.0,0.7,176.7,164.6,0.631,UP,0,0,0,FORM ISSUE,Pelvis tilting - keep hips square
58633,LEFT,178.7,168.2,176.0,169.9,177.0,174.0,0.7,176.2,164.9,0.639,UP,0,0,0,FORM ISSUE,Pelvis tilting - keep hips square
58666,LEFT,179.8,167.7,177.2,169.0,177.7,174.2,0.2,175.3,165.6,0.649,UP,0,0,0,FORM ISSUE,Pelvis tilting - keep hips square
58700,LEFT,176.4,170.1,177.0,169.0,176.2,172.4,0.1,174.0,165.5,0.656,UP,0,0,0,FORM ISSUE,Pelvis tilting - keep hips square
58733,LEFT,177.2,170.4,177.5,169.2,179.3,172.5,0.3,175.1,166.1,0.662,UP,0,0,0,FORM ISSUE,Pelvis tilting - keep hips square
58766,LEFT,176.4,170.2,177.7,169.3,179.0,172.3,0.4,176.4,166.0,0.667,UP,0,0,0,FORM ISSUE,Pelvis tilting - keep hips square
58800,LEFT,178.5,169.7,177.7,169.6,179.2,172.0,0.7,176.5,166.1,0.673,UP,0,0,0,FORM ISSUE,Pelvis tilting - keep hips square
58833,RIGHT,171.8,179.3,176.1,171.9,171.8,177.2,1.2,177.1,165.7,0.674,UP,0,0,0,FORM ISSUE,Pelvis tilting - keep hips square
58866,RIGHT,171.0,179.4,175.0,173.8,171.3,178.8,1.4,177.5,165.6,0.675,UP,0,0,0,FORM ISSUE,Pelvis tilting - keep hips square
58900,LEFT,179.7,170.2,175.5,173.8,178.9,171.2,1.8,179.6,164.8,0.675,UP,0,0,0,FORM ISSUE,Pelvis tilting - keep hips square
58933,RIGHT,173.2,179.6,174.8,175.6,171.0,175.5,2.1,179.6,163.5,0.67,UP,0,0,0,FORM ISSUE,Pelvis tilting - keep hips square
58966,LEFT,177.1,170.1,174.6,175.7,176.1,171.0,2.2,179.0,163.0,0.664,UP,0,0,0,FORM ISSUE,Pelvis tilting - keep hips square
59000,LEFT,173.9,170.4,175.0,174.0,176.0,171.0,2.3,179.1,162.4,0.661,UP,0,0,0,FORM ISSUE,Pelvis tilting - keep hips square
59033,LEFT,172.4,170.9,175.2,172.3,176.2,170.8,2.2,179.2,162.3,0.658,UP,0,0,0,FORM ISSUE,Pelvis tilting - keep hips square
59066,RIGHT,171.3,170.1,173.6,172.2,170.4,175.4,2.1,179.5,162.1,0.655,UP,0,0,0,FORM ISSUE,Pelvis tilting - keep hips square
59100,LEFT,177.0,166.2,174.3,169.6,174.5,171.3,2.1,178.2,162.0,0.658,UP,0,0,0,FORM ISSUE,Pelvis tilting - keep hips square
59133,LEFT,178.3,167.8,174.6,169.1,178.5,171.9,1.9,179.3,161.4,0.659,UP,0,0,0,FORM ISSUE,Pelvis tilting - keep hips square
59166,LEFT,173.9,166.6,174.6,168.3,176.6,171.8,1.6,179.9,162.0,0.663,UP,0,0,0,FORM ISSUE,Pelvis tilting - keep hips square
59200,LEFT,177.1,166.7,175.5,167.5,178.1,172.7,0.8,179.8,161.6,0.668,UP,0,0,0,FORM ISSUE,Pelvis tilting - keep hips square
59233,LEFT,172.9,166.7,175.8,166.8,175.9,173.7,0.2,179.6,161.9,0.677,UP,0,0,0,FORM ISSUE,Pelvis tilting - keep hips square
59266,LEFT,174.3,165.9,175.3,166.8,175.6,173.7,0.2,178.6,162.4,0.688,UP,0,0,0,FORM ISSUE,Pelvis tilting - keep hips square
59300,LEFT,175.5,164.1,174.7,166.0,175.9,174.6,0.1,179.0,162.0,0.703,UP,0,0,0,FORM ISSUE,Pelvis tilting - keep hips square
59333,LEFT,175.2,163.1,175.0,165.3,176.0,174.8,0.3,178.9,161.8,0.717,UP,0,0,0,FORM ISSUE,Pelvis tilting - keep hips square
59366,LEFT,174.0,162.1,174.4,164.4,174.4,174.1,0.1,179.2,160.8,0.733,UP,0,0,0,FORM ISSUE,Pelvis tilting - keep hips square
59400,LEFT,174.8,163.1,174.7,163.6,175.2,174.5,0.1,179.7,160.1,0.746,UP,0,0,0,FORM ISSUE,Pelvis tilting - keep hips square
59433,LEFT,172.4,163.3,174.4,163.1,174.4,173.0,0.2,178.4,159.6,0.756,UP,0,0,0,FORM ISSUE,Pelvis tilting - keep hips square
59466,LEFT,171.8,162.9,173.6,162.9,174.4,173.8,0.4,177.9,160.6,0.764,UP,0,0,0,FORM ISSUE,Pelvis tilting - keep hips square
59500,LEFT,169.4,163.5,172.5,163.0,172.7,173.8,0.5,178.1,160.4,0.772,UP,0,0,0,FORM ISSUE,Pelvis tilting - keep hips square
59533,LEFT,170.3,164.4,171.7,163.4,172.5,173.4,0.4,177.8,160.1,0.778,UP,0,0,0,FORM ISSUE,Pelvis tilting - keep hips square
59566,LEFT,169.2,163.0,170.6,163.4,171.8,174.0,0.4,178.3,160.7,0.783,UP,0,0,0,FORM ISSUE,Pelvis tilting - keep hips square
59600,LEFT,171.2,162.6,170.4,163.3,172.3,174.3,0.5,177.9,160.5,0.79,UP,0,0,0,FORM ISSUE,Pelvis tilting - keep hips square
59633,LEFT,171.0,163.3,170.2,163.3,172.3,174.0,0.3,178.0,160.6,0.796,UP,0,0,0,FORM ISSUE,Pelvis tilting - keep hips square
59666,LEFT,171.0,166.5,170.5,163.9,173.6,172.5,0.4,177.6,160.6,0.8,UP,0,0,0,FORM ISSUE,Pelvis tilting - keep hips square
59700,LEFT,170.8,168.5,170.6,164.8,174.7,174.4,0.9,178.1,160.2,0.803,UP,0,0,0,FORM ISSUE,Pelvis tilting - keep hips square
59733,LEFT,172.3,174.4,171.2,167.1,176.5,174.5,1.3,178.6,159.7,0.8,UP,0,0,0,FORM ISSUE,Pelvis tilting - keep hips square
59766,LEFT,172.9,176.4,171.6,169.8,177.3,173.7,1.6,178.7,159.1,0.79,UP,0,0,0,FORM ISSUE,Pelvis tilting - keep hips square
59800,LEFT,172.3,174.3,171.9,172.0,177.2,174.3,1.5,178.9,157.7,0.775,UP,0,0,0,FORM ISSUE,Pelvis tilting - keep hips square
59833,LEFT,172.5,170.2,172.2,172.8,176.8,174.1,1.1,178.7,155.9,0.762,UP,0,0,0,FORM ISSUE,Pelvis tilting - keep hips square
59866,LEFT,172.8,170.4,172.6,173.1,176.7,173.6,0.6,178.2,155.5,0.75,UP,0,0,0,FORM ISSUE,Pelvis tilting - keep hips square
59900,LEFT,172.9,172.7,172.7,172.8,176.7,173.8,0.5,178.0,155.3,0.74,UP,0,0,0,FORM ISSUE,Pelvis tilting - keep hips square
59933,LEFT,172.2,173.0,172.5,172.1,176.7,173.9,0.4,177.4,154.6,0.735,UP,0,0,0,FORM ISSUE,Pelvis tilting - keep hips square
59966,LEFT,171.9,172.8,172.4,171.8,176.2,173.6,0.2,177.7,154.3,0.731,UP,0,0,0,FORM ISSUE,Pelvis tilting - keep hips square
60000,LEFT,171.7,172.0,172.3,172.2,176.1,173.8,0.2,177.6,153.6,0.725,UP,0,0,0,FORM ISSUE,Pelvis tilting - keep hips square
60033,LEFT,172.7,170.0,172.3,172.1,175.3,174.7,0.2,177.8,153.2,0.72,UP,0,0,0,FORM ISSUE,Pelvis tilting - keep hips square
60066,LEFT,172.4,168.4,172.2,171.2,175.2,174.7,0.2,178.4,153.2,0.717,UP,0,0,0,FORM ISSUE,Pelvis tilting - keep hips square
60100,LEFT,171.3,170.8,172.0,170.8,175.0,173.8,0.2,178.0,153.2,0.712,UP,0,0,0,FORM ISSUE,Pelvis tilting - keep hips square
60133,LEFT,169.8,169.5,171.6,170.1,175.6,174.3,0.1,177.7,153.2,0.709,UP,0,0,0,FORM ISSUE,Pelvis tilting - keep hips square
60166,LEFT,169.8,170.2,171.2,169.8,175.4,173.7,0.2,179.1,152.9,0.705,UP,0,0,0,FORM ISSUE,Pelvis tilting - keep hips square
60200,LEFT,169.9,169.0,170.7,169.6,175.5,175.0,0.2,177.4,153.0,0.703,UP,0,0,0,FORM ISSUE,Pelvis tilting - keep hips square
60233,LEFT,170.2,170.2,170.2,170.0,175.2,174.4,0.4,178.3,153.1,0.7,UP,0,0,0,FORM ISSUE,Pelvis tilting - keep hips square
60266,LEFT,170.8,168.8,170.1,169.6,175.0,174.9,0.6,178.6,153.2,0.703,UP,0,0,0,FORM ISSUE,Pelvis tilting - keep hips square
60300,LEFT,174.1,169.6,171.0,169.6,176.3,174.0,1.1,178.4,153.2,0.704,UP,0,0,0,FORM ISSUE,Pelvis tilting - keep hips square
60333,LEFT,176.1,171.4,172.2,169.8,177.4,173.8,0.9,178.6,153.3,0.707,UP,0,0,0,FORM ISSUE,Pelvis tilting - keep hips square
60366,LEFT,172.5,173.6,172.8,170.7,177.4,173.7,0.8,178.0,153.9,0.708,UP,0,0,0,FORM ISSUE,Pelvis tilting - keep hips square
60400,LEFT,171.2,173.0,173.0,171.3,176.5,173.8,0.6,177.5,153.9,0.711,UP,0,0,0,FORM ISSUE,Pelvis tilting - keep hips square
60433,LEFT,173.1,172.8,173.4,172.1,176.0,174.8,0.1,177.1,155.0,0.711,UP,0,0,0,FORM ISSUE,Pelvis tilting - keep hips square
60466,LEFT,170.1,172.6,172.6,172.7,176.7,174.7,0.3,177.0,156.2,0.713,UP,0,0,0,FORM ISSUE,Pelvis tilting - keep hips square
60500,LEFT,171.0,171.2,171.6,172.6,177.2,174.6,0.2,175.8,157.0,0.714,UP,0,0,0,FORM ISSUE,Pelvis tilting - keep hips square
60533,LEFT,167.7,166.9,170.6,171.3,176.8,175.1,0.2,175.8,157.2,0.715,UP,0,0,0,FORM ISSUE,Pelvis tilting - keep hips square
60566,LEFT,168.2,169.3,170.0,170.6,177.0,175.0,0.3,175.9,157.8,0.713,UP,0,0,0,FORM ISSUE,Pelvis tilting - keep hips square
60600,LEFT,169.9,170.2,169.4,170.0,177.7,175.3,0.6,177.7,158.0,0.71,UP,0,0,0,FORM ISSUE,Pelvis tilting - keep hips square
60633,LEFT,170.1,173.8,169.4,170.3,177.9,175.2,0.8,178.1,158.3,0.706,UP,0,0,0,FORM ISSUE,Pelvis tilting - keep hips square
60666,RIGHT,174.2,171.5,170.0,170.3,175.3,179.0,1.0,178.7,158.6,0.702,UP,0,0,0,FORM ISSUE,Pelvis tilting - keep hips square
60700,RIGHT,174.6,178.7,171.4,172.7,175.5,174.5,0.6,178.5,158.5,0.693,UP,0,0,0,FORM ISSUE,Pelvis tilting - keep hips square
60733,LEFT,176.0,174.4,172.9,173.7,176.8,175.4,0.6,178.6,158.0,0.688,UP,0,0,0,FORM ISSUE,Pelvis tilting - keep hips square
60766,RIGHT,174.9,178.9,174.0,175.5,175.1,176.7,0.6,179.6,158.3,0.68,UP,0,0,0,FORM ISSUE,Pelvis tilting - keep hips square
60800,RIGHT,175.3,177.7,175.0,176.2,174.9,178.4,0.4,178.6,158.0,0.67,UP,0,0,0,FORM ISSUE,Pelvis tilting - keep hips square
60833,LEFT,174.3,174.0,175.0,176.7,179.9,174.8,0.4,179.0,158.2,0.663,UP,0,0,0,FORM ISSUE,Pelvis tilting - keep hips square
60866,RIGHT,174.3,178.0,175.0,176.6,174.3,172.2,0.3,178.6,158.7,0.655,UP,0,0,0,FORM ISSUE,Pelvis tilting - keep hips square
60900,LEFT,176.0,172.6,175.0,176.2,176.0,175.0,0.4,178.7,158.7,0.648,UP,0,0,0,FORM ISSUE,Pelvis tilting - keep hips square
60933,LEFT,179.4,172.5,175.9,175.0,176.8,174.6,0.4,179.9,158.9,0.642,UP,0,0,0,FORM ISSUE,Pelvis tilting - keep hips square
60966,LEFT,175.2,172.7,175.8,174.0,177.8,174.9,0.4,180.0,159.5,0.64,UP,0,0,0,FORM ISSUE,Pelvis tilting - keep hips square
61000,LEFT,178.0,175.3,176.6,174.2,179.7,174.9,0.5,180.0,159.5,0.636,UP,0,0,0,FORM ISSUE,Pelvis tilting - keep hips square
61033,LEFT,178.9,173.6,177.5,173.3,178.3,174.6,0.4,179.5,159.5,0.634,UP,0,0,0,FORM ISSUE,Pelvis tilting - keep hips square
61066,LEFT,178.0,171.6,177.9,173.1,178.7,175.0,0.4,179.4,159.2,0.634,UP,0,0,0,FORM ISSUE,Pelvis tilting - keep hips square
61100,LEFT,173.6,172.9,176.7,173.2,178.5,174.9,0.4,179.8,159.0,0.634,UP,0,0,0,FORM ISSUE,Pelvis tilting - keep hips square
61133,LEFT,174.5,173.0,176.6,173.3,178.1,175.1,0.5,179.8,159.0,0.635,UP,0,0,0,FORM ISSUE,Pelvis tilting - keep hips square
61166,RIGHT,176.0,172.4,176.2,172.7,174.6,178.9,0.6,179.5,159.2,0.635,UP,0,0,0,FORM ISSUE,Pelvis tilting - keep hips square
61200,LEFT,173.8,174.3,175.2,172.8,177.7,174.0,0.7,179.2,159.1,0.638,UP,0,0,0,FORM ISSUE,Pelvis tilting - keep hips square
61233,RIGHT,177.1,173.1,175.0,173.2,173.1,177.6,0.5,178.6,159.2,0.638,UP,0,0,0,FORM ISSUE,Pelvis tilting - keep hips square
61266,LEFT,173.1,175.3,174.9,173.6,177.6,172.9,0.5,178.9,159.3,0.64,UP,0,0,0,FORM ISSUE,Pelvis tilting - keep hips square
61300,LEFT,170.2,175.2,174.0,174.1,175.6,172.8,0.5,179.2,159.3,0.642,UP,0,0,0,FORM ISSUE,Pelvis tilting - keep hips square
61333,LEFT,168.6,174.2,172.6,174.4,175.1,173.2,0.7,179.1,159.2,0.646,UP,0,0,0,FORM ISSUE,Pelvis tilting - keep hips square
61366,LEFT,169.7,173.9,171.7,174.4,175.3,173.0,0.7,179.4,159.1,0.649,UP,0,0,0,FORM ISSUE,Pelvis tilting - keep hips square
61400,LEFT,169.6,172.8,170.2,174.3,174.7,172.8,0.5,179.8,158.9,0.653,UP,0,0,0,FORM ISSUE,Pelvis tilting - keep hips square
61433,LEFT,170.9,170.9,169.8,173.4,175.4,173.5,0.8,179.9,160.1,0.656,UP,0,0,0,FORM ISSUE,Pelvis tilting - keep hips square
61466,LEFT,173.2,170.8,170.4,172.5,177.4,173.4,0.7,179.7,160.1,0.659,UP,0,0,0,FORM ISSUE,Pelvis tilting - keep hips square
61500,LEFT,171.1,173.1,170.9,172.3,177.3,173.1,0.6,179.9,158.5,0.658,UP,0,0,0,FORM ISSUE,Pelvis tilting - keep hips square
61533,RIGHT,172.8,167.1,171.5,170.9,172.4,175.4,0.5,179.9,158.6,0.659,UP,0,0,0,FORM ISSUE,Pelvis tilting - keep hips square
61566,LEFT,170.2,170.3,171.6,170.4,175.9,172.1,0.5,179.6,159.0,0.663,UP,0,0,0,FORM ISSUE,Pelvis tilting - keep hips square
61600,LEFT,171.9,173.4,171.8,170.9,176.7,171.9,0.5,179.4,158.9,0.662,UP,0,0,0,FORM ISSUE,Pelvis tilting - keep hips square
61633,LEFT,174.1,174.0,172.0,171.6,176.2,170.9,0.5,178.4,158.8,0.66,UP,0,0,0,FORM ISSUE,Pelvis tilting - keep hips square
61666,LEFT,172.8,173.5,172.4,171.6,175.7,170.6,0.3,178.9,158.7,0.659,UP,0,0,0,FORM ISSUE,Pelvis tilting - keep hips square
61700,LEFT,172.2,169.8,172.3,172.2,175.6,172.4,0.3,179.1,158.2,0.66,UP,0,0,0,FORM ISSUE,Pelvis tilting - keep hips square
61733,LEFT,169.0,171.8,172.0,172.5,176.0,172.4,0.2,179.1,158.3,0.658,UP,0,0,0,FORM ISSUE,Pelvis tilting - keep hips square
61766,LEFT,170.8,170.4,171.8,171.9,175.4,172.2,0.1,178.6,158.6,0.66,UP,0,0,0,FORM ISSUE,Pelvis tilting - keep hips square
61800,LEFT,170.7,170.5,171.1,171.2,174.2,172.3,0.0,179.2,158.7,0.663,UP,0,0,0,FORM ISSUE,Pelvis tilting - keep hips square
61833,LEFT,170.8,171.8,170.7,170.9,174.5,171.4,0.0,179.8,158.9,0.668,UP,0,0,0,FORM ISSUE,Pelvis tilting - keep hips square
61866,LEFT,172.4,171.6,170.7,171.2,174.4,171.9,0.0,178.6,158.3,0.669,UP,0,0,0,FORM ISSUE,Pelvis tilting - keep hips square
61900,LEFT,171.6,168.6,171.3,170.6,173.9,172.6,0.1,178.9,157.9,0.674,UP,0,0,0,FORM ISSUE,Pelvis tilting - keep hips square
61933,LEFT,169.1,165.8,170.9,169.7,172.1,172.5,0.0,179.5,157.4,0.68,UP,0,0,0,FORM ISSUE,Pelvis tilting - keep hips square
61966,LEFT,169.5,166.7,170.7,168.9,172.0,172.4,0.1,179.9,157.1,0.69,UP,0,0,0,FORM ISSUE,Pelvis tilting - keep hips square
62000,LEFT,167.1,162.9,169.9,167.2,171.1,173.5,0.3,179.6,158.2,0.703,UP,0,0,0,FORM ISSUE,Pelvis tilting - keep hips square
62033,LEFT,165.3,164.2,168.5,165.7,171.4,173.8,0.9,179.9,157.9,0.719,UP,0,0,0,FORM ISSUE,Pelvis tilting - keep hips square
62066,LEFT,165.2,165.2,167.2,165.0,170.3,173.1,1.1,178.8,159.1,0.734,UP,0,0,0,FORM ISSUE,Pelvis tilting - keep hips square
62100,LEFT,167.7,168.2,167.0,165.5,171.5,172.0,2.2,178.8,160.5,0.744,UP,0,0,0,FORM ISSUE,Pelvis tilting - keep hips square
62133,LEFT,167.2,166.5,166.5,165.4,170.9,172.8,3.0,177.8,161.2,0.756,UP,0,0,0,FORM ISSUE,Pelvis tilting - keep hips square
62166,LEFT,168.3,171.8,166.8,167.2,171.1,173.4,3.4,176.5,162.3,0.763,UP,0,0,0,FORM ISSUE,Pelvis tilting - keep hips square
62200,LEFT,166.4,168.9,167.0,168.1,171.2,175.0,4.4,176.7,163.7,0.771,UP,0,0,0,FORM ISSUE,Pelvis tilting - keep hips square
62233,LEFT,164.1,167.0,166.8,168.5,171.5,176.6,5.5,178.3,164.0,0.779,UP,0,0,0,FORM ISSUE,Pelvis tilting - keep hips square
62266,LEFT,159.6,164.9,165.1,167.8,169.9,174.9,5.2,176.7,164.4,0.788,UP,0,0,0,FORM ISSUE,Pelvis tilting - keep hips square
62300,LEFT,157.5,157.2,163.2,166.0,167.2,174.7,4.6,177.2,165.9,0.796,UP,0,0,0,FORM ISSUE,Pelvis tilting - keep hips square
62333,LEFT,154.0,157.4,160.3,163.1,164.8,175.3,4.5,177.1,165.8,0.805,UP,0,0,0,FORM ISSUE,Pelvis tilting - keep hips square
62366,LEFT,148.4,156.7,156.7,160.6,160.1,169.8,3.6,179.5,165.8,0.814,UP,0,0,0,FORM ISSUE,Pelvis tilting - keep hips square
62400,LEFT,145.5,158.0,153.0,158.8,157.3,168.1,3.1,179.4,163.0,0.822,UP,0,0,0,FORM ISSUE,Pelvis tilting - keep hips square
62433,LEFT,141.4,155.9,149.4,157.0,153.3,166.9,2.6,176.6,163.5,0.83,UP,0,0,0,FORM ISSUE,Pelvis tilting - keep hips square
62466,LEFT,138.6,153.1,145.6,156.2,150.9,167.0,2.3,177.0,164.4,0.838,UP,0,0,0,FORM ISSUE,Pelvis tilting - keep hips square
62500,LEFT,135.9,144.3,142.0,153.6,148.4,164.5,2.1,177.9,165.9,0.844,DOWN,0,0,0,FORM ISSUE,Pelvis tilting - keep hips square
62533,LEFT,133.6,148.0,139.0,151.9,149.7,164.2,2.5,179.0,167.1,0.849,DOWN,0,0,0,FORM ISSUE,Pelvis tilting - keep hips square
62566,LEFT,131.3,152.5,136.2,150.8,149.2,163.5,1.8,175.8,169.2,0.852,DOWN,0,0,0,FORM ISSUE,Pelvis tilting - keep hips square
62600,LEFT,131.1,151.4,134.1,149.9,147.5,162.3,1.4,176.5,170.1,0.853,DOWN,0,0,0,FORM ISSUE,Pelvis tilting - keep hips square
62633,LEFT,127.3,140.6,131.8,147.4,145.7,155.8,1.1,179.2,170.0,0.851,DOWN,0,0,0,FORM ISSUE,Pelvis tilting - keep hips square
62666,LEFT,120.7,133.7,128.8,145.3,141.4,151.1,0.0,178.3,169.3,0.846,DOWN,0,0,0,FORM ISSUE,Pelvis tilting - keep hips square
62700,LEFT,127.8,128.5,127.6,141.4,139.7,147.0,0.4,179.8,167.3,0.837,DOWN,0,0,0,FORM ISSUE,Pelvis tilting - keep hips square
62733,LEFT,122.4,125.6,125.9,136.0,143.8,145.8,1.0,174.6,168.3,0.821,DOWN,0,0,0,FORM ISSUE,Pelvis tilting - keep hips square
62766,LEFT,120.0,118.2,123.6,129.3,147.5,146.8,2.2,172.0,173.3,0.795,DOWN,0,0,0,FORM ISSUE,Pelvis tilting - keep hips square
62800,LEFT,116.7,98.8,121.5,121.0,145.9,147.5,2.6,172.4,174.0,0.761,DOWN,0,0,0,FORM ISSUE,Pelvis tilting - keep hips square
62833,RIGHT,101.0,110.8,117.6,116.4,145.6,146.6,2.8,174.4,174.0,0.724,DOWN,0,0,0,FORM ISSUE,Pelvis tilting - keep hips square
62866,LEFT,109.9,98.6,114.0,110.4,145.6,141.7,2.8,172.4,175.3,0.687,DOWN,0,0,0,FORM ISSUE,Pelvis tilting - keep hips square
62900,RIGHT,87.3,101.7,107.0,105.6,140.4,143.9,2.4,175.2,176.5,0.65,DOWN,0,0,0,FORM ISSUE,Pelvis tilting - keep hips square
62933,LEFT,95.0,87.6,102.0,99.5,139.9,141.6,1.6,169.4,178.7,0.619,DOWN,0,0,0,FORM ISSUE,Pelvis tilting - keep hips square
62966,LEFT,102.3,100.0,99.1,99.7,138.1,142.7,1.9,169.5,175.3,0.598,DOWN,0,0,0,FORM ISSUE,Pelvis tilting - keep hips square
63000,LEFT,93.2,80.5,97.5,93.7,135.8,132.1,1.5,172.2,177.9,0.583,DOWN,0,0,0,FORM ISSUE,Pelvis tilting - keep hips square
63033,LEFT,91.9,68.3,93.9,87.6,125.7,133.6,1.0,177.1,179.9,0.575,DOWN,0,0,0,FORM ISSUE,Pelvis tilting - keep hips square
63066,LEFT,92.8,75.0,95.0,82.3,131.5,135.7,0.9,178.5,178.6,0.573,DOWN,0,0,0,FORM ISSUE,Pelvis tilting - keep hips square
63100,LEFT,96.2,77.5,95.3,80.3,133.9,136.5,0.6,178.1,177.3,0.576,BOTTOM,0,0,0,FORM ISSUE,Pelvis tilting - keep hips square
63133,LEFT,89.4,70.4,92.7,74.4,132.0,137.9,0.7,176.5,177.6,0.58,BOTTOM,0,0,0,FORM ISSUE,Pelvis tilting - keep hips square
63166,LEFT,89.8,68.8,92.0,72.0,130.4,140.2,0.8,172.1,179.1,0.581,BOTTOM,0,0,0,FORM ISSUE,Pelvis tilting - keep hips square
63200,LEFT,94.7,60.2,92.6,70.4,127.4,146.4,0.6,172.6,179.8,0.578,BOTTOM,0,0,0,FORM ISSUE,Pelvis tilting - keep hips square
63233,LEFT,86.7,62.9,91.3,68.0,134.1,144.7,0.6,170.0,179.6,0.569,BOTTOM,0,0,0,FORM ISSUE,Pelvis tilting - keep hips square
63266,LEFT,87.5,67.5,89.6,66.0,137.3,145.1,1.3,168.5,179.7,0.556,BOTTOM,0,0,0,FORM ISSUE,Pelvis tilting - keep hips square
63300,LEFT,112.6,63.0,94.2,64.5,136.7,139.0,1.3,172.6,178.0,0.544,BOTTOM,0,0,0,FORM ISSUE,Pelvis tilting - keep hips square
63333,LEFT,108.7,61.1,98.0,62.9,137.4,135.2,1.0,172.2,175.4,0.531,BOTTOM,0,0,0,FORM ISSUE,Pelvis tilting - keep hips square
63366,LEFT,107.0,55.5,100.5,62.0,135.0,133.6,0.5,173.6,177.4,0.523,BOTTOM,0,0,0,FORM ISSUE,Pelvis tilting - keep hips square
63400,LEFT,101.5,57.3,103.5,60.9,134.6,134.1,0.4,173.1,177.7,0.518,BOTTOM,0,0,0,FORM ISSUE,Pelvis tilting - keep hips square
63433,LEFT,86.9,56.9,103.4,58.7,135.9,129.7,0.3,173.5,177.5,0.514,BOTTOM,0,0,0,FORM ISSUE,Pelvis tilting - keep hips square
63466,LEFT,105.1,61.6,101.9,58.5,135.5,134.7,0.1,175.6,177.1,0.506,BOTTOM,0,0,0,FORM ISSUE,Pelvis tilting - keep hips square
63500,,,,,,,,,,,0.5,BOTTOM,0,0,0,LOW CONFIDENCE,Adjust camera view
63533,,,,,,,,,,,0.489,BOTTOM,0,0,0,LOW CONFIDENCE,Adjust camera view
63566,,,,,,,,,,,0.482,BOTTOM,0,0,0,LOW CONFIDENCE,Adjust camera view
63600,,,,,,,,,,,0.477,BOTTOM,0,0,0,LOW CONFIDENCE,Adjust camera view
63633,,,,,,,,,,,0.475,BOTTOM,0,0,0,LOW CONFIDENCE,Adjust camera view
63666,,,,,,,,,,,0.473,BOTTOM,0,0,0,LOW CONFIDENCE,Adjust camera view
63700,,,,,,,,,,,0.473,BOTTOM,0,0,0,LOW CONFIDENCE,Adjust camera view
63733,,,,,,,,,,,0.47,BOTTOM,0,0,0,LOW CONFIDENCE,Adjust camera view
63766,,,,,,,,,,,0.466,BOTTOM,0,0,0,LOW CONFIDENCE,Adjust camera view
63800,,,,,,,,,,,0.46,BOTTOM,0,0,0,LOW CONFIDENCE,Adjust camera view
63833,,,,,,,,,,,0.456,BOTTOM,0,0,0,LOW CONFIDENCE,Adjust camera view
63866,,,,,,,,,,,0.457,BOTTOM,0,0,0,LOW CONFIDENCE,Adjust camera view
63900,,,,,,,,,,,0.459,BOTTOM,0,0,0,LOW CONFIDENCE,Adjust camera view
63933,,,,,,,,,,,0.462,BOTTOM,0,0,0,LOW CONFIDENCE,Adjust camera view
63966,,,,,,,,,,,0.465,BOTTOM,0,0,0,LOW CONFIDENCE,Adjust camera view
64000,,,,,,,,,,,0.463,BOTTOM,0,0,0,LOW CONFIDENCE,Adjust camera view
64033,,,,,,,,,,,0.459,BOTTOM,0,0,0,LOW CONFIDENCE,Adjust camera view
64066,,,,,,,,,,,0.453,BOTTOM,0,0,0,LOW CONFIDENCE,Adjust camera view
64100,,,,,,,,,,,0.448,BOTTOM,0,0,0,LOW CONFIDENCE,Adjust camera view
64133,,,,,,,,,,,0.445,BOTTOM,0,0,0,LOW CONFIDENCE,Adjust camera view
64166,,,,,,,,,,,0.444,BOTTOM,0,0,0,LOW CONFIDENCE,Adjust camera view
64200,,,,,,,,,,,0.444,BOTTOM,0,0,0,LOW CONFIDENCE,Adjust camera view
64233,,,,,,,,,,,0.45,BOTTOM,0,0,0,LOW CONFIDENCE,Adjust camera view
64266,,,,,,,,,,,0.459,BOTTOM,0,0,0,LOW CONFIDENCE,Adjust camera view
64300,,,,,,,,,,,0.471,BOTTOM,0,0,0,LOW CONFIDENCE,Adjust camera view
64333,,,,,,,,,,,0.488,BOTTOM,0,0,0,LOW CONFIDENCE,Adjust camera view
64366,LEFT,110.0,90.1,102.1,64.3,119.8,130.7,0.8,178.1,175.3,0.509,BOTTOM,0,0,0,FORM ISSUE,Pelvis tilting - keep hips square
64400,LEFT,114.9,93.5,103.7,71.9,129.9,132.2,0.7,178.7,175.1,0.526,BOTTOM,0,0,0,FORM ISSUE,Pelvis tilting - keep hips square
64433,LEFT,118.3,106.2,107.1,81.7,127.5,142.1,0.5,178.8,177.4,0.543,BOTTOM,0,0,0,FORM ISSUE,Pelvis tilting - keep hips square
64466,RIGHT,110.2,104.1,111.7,91.1,144.3,139.0,0.3,175.7,176.0,0.559,BOTTOM,0,0,0,FORM ISSUE,Pelvis tilting - keep hips square
64500,RIGHT,118.7,124.1,114.4,103.6,147.3,155.5,0.1,176.7,176.5,0.569,DOWN,0,0,0,FORM ISSUE,Pelvis tilting - keep hips square
64533,RIGHT,125.3,133.8,117.5,112.3,148.1,161.3,0.1,177.2,175.8,0.577,DOWN,0,0,0,FORM ISSUE,Pelvis tilting - keep hips square
64566,RIGHT,137.6,118.4,122.0,117.3,154.8,160.1,0.5,178.4,173.3,0.581,DOWN,0,0,0,FORM ISSUE,Pelvis tilting - keep hips square
64600,LEFT,125.0,115.9,123.4,119.3,147.4,152.1,1.7,174.6,171.4,0.581,DOWN,0,0,0,FORM ISSUE,Pelvis tilting - keep hips square
64633,LEFT,122.8,113.0,125.9,121.0,146.4,153.7,2.5,169.3,166.2,0.578,DOWN,0,0,0,FORM ISSUE,Pelvis tilting - keep hips square
64666,LEFT,129.2,128.6,128.0,121.9,150.5,160.5,2.9,179.8,165.4,0.571,DOWN,0,0,0,FORM ISSUE,Pelvis tilting - keep hips square
64700,LEFT,131.8,134.3,129.3,122.0,152.6,160.9,3.2,177.8,161.7,0.564,DOWN,0,0,0,FORM ISSUE,Pelvis tilting - keep hips square
64733,LEFT,132.4,115.2,128.2,121.4,150.0,163.3,4.4,169.8,158.2,0.561,DOWN,0,0,0,FORM ISSUE,Pelvis tilting - keep hips square
64766,LEFT,135.3,134.2,130.3,125.1,151.5,162.3,4.7,172.5,158.4,0.561,DOWN,0,0,0,FORM ISSUE,Pelvis tilting - keep hips square
64800,LEFT,130.1,139.2,131.8,130.3,151.8,162.4,6.3,175.5,154.9,0.566,DOWN,0,0,0,FORM ISSUE,Pelvis tilting - keep hips square
64833,LEFT,135.6,129.0,133.0,130.4,155.1,160.0,6.0,162.2,151.8,0.578,DOWN,0,0,0,FORM ISSUE,Pelvis tilting - keep hips square
64866,LEFT,143.9,133.0,135.5,130.1,156.3,162.0,5.3,158.2,152.4,0.595,DOWN,0,0,0,FORM ISSUE,Pelvis tilting - keep hips square
64900,LEFT,145.2,132.2,138.0,133.5,156.4,162.4,4.4,163.2,154.0,0.614,DOWN,0,0,0,FORM ISSUE,Pelvis tilting - keep hips square
64933,LEFT,149.0,142.1,140.8,135.1,159.1,167.6,4.0,163.4,155.1,0.632,DOWN,0,0,0,FORM ISSUE,Pelvis tilting - keep hips square
64966,LEFT,160.8,152.1,146.9,137.7,165.6,174.8,2.9,172.6,157.8,0.653,DOWN,0,0,0,FORM ISSUE,Pelvis tilting - keep hips square
65000,LEFT,166.3,148.9,153.0,141.7,169.0,171.4,2.7,171.8,157.2,0.672,DOWN,0,0,0,FORM ISSUE,Pelvis tilting - keep hips square
65033,LEFT,166.3,170.9,157.5,149.2,168.0,171.2,2.7,174.9,157.6,0.685,DOWN,0,0,0,FORM ISSUE,Pelvis tilting - keep hips square
65066,LEFT,174.1,166.4,163.3,156.1,172.7,169.7,2.5,178.1,156.7,0.699,DOWN,0,0,0,FORM ISSUE,Pelvis tilting - keep hips square
65100,LEFT,171.9,166.6,167.9,161.0,172.4,170.9,2.0,171.0,157.3,0.711,DOWN,0,0,0,FORM ISSUE,Pelvis tilting - keep hips square
65133,LEFT,166.7,169.8,169.1,164.5,171.4,171.5,1.8,169.6,155.5,0.723,DOWN,0,0,0,FORM ISSUE,Pelvis tilting - keep hips square
65166,LEFT,168.6,167.8,169.5,168.3,171.5,171.6,1.6,169.0,157.3,0.734,DOWN,0,0,0,FORM ISSUE,Pelvis tilting - keep hips square
65200,LEFT,168.1,159.7,169.9,166.1,171.0,171.8,1.7,166.5,156.8,0.748,DOWN,0,0,0,FORM ISSUE,Pelvis tilting - keep hips square
65233,LEFT,168.8,151.5,168.8,163.1,171.3,172.8,1.6,168.4,157.0,0.761,UP,1,1,0,FORM ISSUE,Pelvis tilting - keep hips square
65266,LEFT,175.3,157.0,169.5,161.2,174.7,174.9,1.4,162.8,157.5,0.774,UP,1,1,0,FORM ISSUE,Pelvis tilting - keep hips square
65300,LEFT,175.6,158.2,171.3,158.8,174.5,174.6,1.4,165.0,156.4,0.787,UP,1,1,0,FORM ISSUE,Pelvis tilting - keep hips square
65333,LEFT,173.6,159.0,172.3,157.1,173.2,174.7,1.5,166.5,156.9,0.799,UP,1,1,0,FORM ISSUE,Pelvis tilting - keep hips square
65366,LEFT,173.6,158.1,173.4,156.7,173.3,174.6,1.5,166.8,155.8,0.81,UP,1,1,0,FORM ISSUE,Pelvis tilting - keep hips square
65400,LEFT,168.2,161.1,173.3,158.7,176.0,174.4,1.5,168.6,156.3,0.818,UP,1,1,0,FORM ISSUE,Pelvis tilting - keep hips square
65433,LEFT,171.1,159.6,172.4,159.2,176.2,173.7,1.6,167.5,156.8,0.825,UP,1,1,0,FORM ISSUE,Pelvis tilting - keep hips square
65466,LEFT,173.1,156.7,171.9,158.9,174.7,174.8,1.5,168.8,157.6,0.832,UP,1,1,0,FORM ISSUE,Pelvis tilting - keep hips square
65500,LEFT,173.2,157.9,171.8,158.7,174.3,174.6,1.6,170.4,157.8,0.838,UP,1,1,0,FORM ISSUE,Pelvis tilting - keep hips square
65533,LEFT,172.0,159.3,171.5,158.9,175.6,175.0,1.8,170.6,157.7,0.844,UP,1,1,0,FORM ISSUE,Pelvis tilting - keep hips square
65566,LEFT,175.9,159.6,173.1,158.6,174.5,175.5,2.0,170.6,156.9,0.851,UP,1,1,0,FORM ISSUE,Pelvis tilting - keep hips square
65600,LEFT,176.4,158.7,174.1,158.4,173.0,174.1,2.4,169.3,156.6,0.858,UP,1,1,0,FORM ISSUE,Pelvis tilting - keep hips square
65633,LEFT,176.5,162.3,174.8,159.6,172.3,173.9,2.4,168.5,155.7,0.864,UP,1,1,0,FORM ISSUE,Pelvis tilting - keep hips square
65666,LEFT,176.7,161.5,175.5,160.3,172.4,173.5,2.6,165.7,154.6,0.869,UP,1,1,0,FORM ISSUE,Pelvis tilting - keep hips square
65700,LEFT,176.8,164.0,176.4,161.2,172.3,173.1,2.9,167.6,154.1,0.874,UP,1,1,0,FORM ISSUE,Pelvis tilting - keep hips square
65733,LEFT,173.7,171.7,176.0,163.6,173.7,172.4,3.1,167.1,153.0,0.876,UP,1,1,0,FORM ISSUE,Pelvis tilting - keep hips square
65766,LEFT,178.2,172.3,176.4,166.4,174.7,171.6,3.2,167.4,152.9,0.877,UP,1,1,0,FORM ISSUE,Pelvis tilting - keep hips square
65800,LEFT,178.3,176.0,176.8,169.1,174.9,170.0,3.1,167.0,152.9,0.872,UP,1,1,0,FORM ISSUE,Pelvis tilting - keep hips square
65833,LEFT,179.1,173.0,177.2,171.4,175.5,170.8,2.9,166.2,154.1,0.866,UP,1,1,0,FORM ISSUE,Pelvis tilting - keep hips square
65866,LEFT,178.7,174.3,177.6,173.5,177.3,170.9,2.5,167.4,155.4,0.857,UP,1,1,0,FORM ISSUE,Pelvis tilting - keep hips square
65900,LEFT,179.2,163.3,178.7,171.8,177.2,171.4,2.1,168.6,155.8,0.85,UP,1,1,0,FORM ISSUE,Pelvis tilting - keep hips square
65933,LEFT,178.9,162.8,178.8,169.9,177.2,171.8,1.8,169.2,156.6,0.845,UP,1,1,0,FORM ISSUE,Pelvis tilting - keep hips square
65966,LEFT,179.3,160.9,179.0,166.9,177.8,173.2,1.3,170.2,159.0,0.845,UP,1,1,0,FORM ISSUE,Pelvis tilting - keep hips square
66000,LEFT,179.3,161.4,179.1,164.5,179.2,173.8,0.2,171.5,161.9,0.847,UP,1,1,0,FORM ISSUE,Pelvis tilting - keep hips square
66033,LEFT,177.5,161.4,178.8,162.0,179.5,174.6,0.1,173.4,164.8,0.852,UP,1,1,0,FORM ISSUE,Pelvis tilting - keep hips square
66066,LEFT,176.8,161.7,178.4,161.7,178.9,175.9,0.6,175.2,164.9,0.856,UP,1,1,0,FORM ISSUE,Pelvis tilting - keep hips square
66100,LEFT,174.7,160.6,177.5,161.2,178.6,175.9,1.3,178.8,168.1,0.86,UP,1,1,0,FORM ISSUE,Pelvis tilting - keep hips square
66133,LEFT,174.9,162.6,176.7,161.5,177.3,176.9,1.1,179.8,168.3,0.864,UP,1,1,0,FORM ISSUE,Pelvis tilting - keep hips square
66166,LEFT,176.9,163.3,176.2,161.9,176.7,176.8,0.6,179.4,165.7,0.867,UP,1,1,0,FORM ISSUE,Pelvis tilting - keep hips square
66200,LEFT,174.4,160.7,175.6,161.8,174.1,173.1,0.9,178.1,165.9,0.871,UP,1,1,0,FORM ISSUE,Pelvis tilting - keep hips square
66233,LEFT,177.1,160.2,175.6,161.5,174.7,171.7,1.1,177.7,165.7,0.875,UP,1,1,0,FORM ISSUE,Pelvis tilting - keep hips square
66266,LEFT,174.7,160.8,175.6,161.5,174.9,171.5,1.2,178.4,165.5,0.879,UP,1,1,0,FORM ISSUE,Pelvis tilting - keep hips square
66300,LEFT,172.9,162.5,175.2,161.5,173.5,170.8,1.7,179.8,164.8,0.88,UP,1,1,0,FORM ISSUE,Pelvis tilting - keep hips square
66333,LEFT,174.6,163.4,174.7,161.5,173.5,171.0,2.1,179.9,164.5,0.881,UP,1,1,0,FORM ISSUE,Pelvis tilting - keep hips square
66366,LEFT,172.7,167.2,174.4,162.8,176.4,171.6,2.6,179.5,164.4,0.879,UP,1,1,0,FORM ISSUE,Pelvis tilting - keep hips square
66400,RIGHT,170.4,174.1,173.1,165.6,168.2,178.9,3.3,179.3,164.7,0.872,UP,1,1,0,FORM ISSUE,Pelvis tilting - keep hips square
66433,RIGHT,170.2,175.6,172.2,168.6,167.9,178.7,3.3,176.9,164.7,0.857,UP,1,1,0,FORM ISSUE,Pelvis tilting - keep hips square
66466,RIGHT,175.8,173.7,172.7,170.8,168.2,179.1,2.6,179.8,163.0,0.84,UP,1,1,0,FORM ISSUE,Pelvis tilting - keep hips square
66500,RIGHT,174.3,177.1,172.7,173.5,168.4,177.8,2.3,179.2,161.7,0.819,UP,1,1,0,FORM ISSUE,Pelvis tilting - keep hips square
66533,RIGHT,171.9,179.8,172.5,176.1,167.1,175.5,3.2,179.2,160.5,0.79,UP,1,1,0,FORM ISSUE,Pelvis tilting - keep hips square
66566,RIGHT,174.7,179.4,173.4,177.1,169.6,172.9,3.3,179.5,159.8,0.758,UP,1,1,0,FORM ISSUE,Pelvis tilting - keep hips square
66600,RIGHT,177.9,175.5,174.9,177.1,171.2,169.5,3.5,176.1,160.0,0.731,UP,1,1,0,FORM ISSUE,Pelvis tilting - keep hips square
66633,RIGHT,175.5,178.9,174.9,178.1,172.0,172.0,3.5,175.6,160.0,0.705,UP,1,1,0,FORM ISSUE,Pelvis tilting - keep hips square
66666,RIGHT,175.9,176.6,175.2,178.0,172.6,169.7,3.4,175.3,159.9,0.681,UP,1,1,0,FORM ISSUE,Pelvis tilting - keep hips square
66700,RIGHT,174.0,175.9,175.6,177.3,172.1,169.6,2.7,177.2,161.0,0.667,UP,1,1,0,FORM ISSUE,Pelvis tilting - keep hips square
66733,RIGHT,174.4,179.0,175.6,177.2,173.2,170.2,2.2,178.3,162.3,0.661,UP,1,1,0,FORM ISSUE,Pelvis tilting - keep hips square
66766,RIGHT,171.1,178.1,174.2,177.7,171.2,174.3,2.5,178.6,162.5,0.654,UP,1,1,0,FORM ISSUE,Pelvis tilting - keep hips square
66800,RIGHT,173.3,178.2,173.8,177.6,173.0,171.9,2.1,179.7,162.5,0.646,UP,1,1,0,FORM ISSUE,Pelvis tilting - keep hips square
66833,RIGHT,175.8,179.7,173.7,178.2,172.9,172.0,2.2,176.6,162.8,0.642,UP,1,1,0,FORM ISSUE,Pelvis tilting - keep hips square
66866,RIGHT,173.9,178.0,173.7,178.6,170.3,172.0,2.2,177.3,162.8,0.635,UP,1,1,0,FORM ISSUE,Pelvis tilting - keep hips square
66900,RIGHT,172.6,179.0,173.4,178.6,169.4,172.4,2.1,174.7,163.2,0.624,UP,1,1,0,FORM ISSUE,Pelvis tilting - keep hips square
66933,RIGHT,172.8,179.6,173.7,178.9,169.3,172.4,1.8,177.0,163.3,0.611,UP,1,1,0,FORM ISSUE,Pelvis tilting - keep hips square
66966,RIGHT,175.5,179.2,174.2,179.1,169.1,173.3,1.6,178.2,163.1,0.597,UP,1,1,0,FORM ISSUE,Pelvis tilting - keep hips square
67000,RIGHT,171.0,179.6,173.2,179.1,168.3,174.4,1.9,176.7,163.4,0.577,UP,1,1,0,FORM ISSUE,Pelvis tilting - keep hips square
67033,RIGHT,172.0,179.2,172.8,179.3,168.2,173.9,1.8,179.0,163.9,0.561,UP,1,1,0,FORM ISSUE,Pelvis tilting - keep hips square
67066,RIGHT,171.5,178.7,172.6,179.3,167.7,174.0,1.5,177.0,163.7,0.546,UP,1,1,0,FORM ISSUE,Pelvis tilting - keep hips square
67100,RIGHT,172.6,179.7,172.5,179.3,168.9,172.8,0.9,176.0,163.5,0.536,UP,1,1,0,FORM ISSUE,Pelvis tilting - keep hips square
67133,RIGHT,172.3,179.3,171.9,179.3,167.0,173.1,0.3,171.9,164.1,0.526,UP,1,1,0,FORM ISSUE,Pelvis tilting - keep hips square
67166,RIGHT,172.1,179.9,172.1,179.3,170.7,171.8,0.4,174.7,164.2,0.523,UP,1,1,0,FORM ISSUE,Pelvis tilting - keep hips square
67200,RIGHT,172.4,179.8,172.2,179.5,171.4,170.9,0.1,174.1,164.4,0.515,UP,1,1,0,FORM ISSUE,Pelvis tilting - keep hips square
67233,RIGHT,170.8,177.6,172.0,179.2,167.4,170.9,0.2,173.6,164.0,0.506,UP,1,1,0,FORM ISSUE,Pelvis tilting - keep hips square
67266,,,,,,,,,,,0.497,UP,1,1,0,LOW CONFIDENCE,Adjust camera view
67300,,,,,,,,,,,0.49,UP,1,1,0,LOW CONFIDENCE,Adjust camera view
67333,,,,,,,,,,,0.483,UP,1,1,0,LOW CONFIDENCE,Adjust camera view
67366,,,,,,,,,,,0.474,UP,1,1,0,LOW CONFIDENCE,Adjust camera view
67400,,,,,,,,,,,0.471,UP,1,1,0,LOW CONFIDENCE,Adjust camera view
67433,,,,,,,,,,,0.473,UP,1,1,0,LOW CONFIDENCE,Adjust camera view
67466,,,,,,,,,,,0.479,UP,1,1,0,LOW CONFIDENCE,Adjust camera view
67500,,,,,,,,,,,0.489,UP,1,1,0,LOW CONFIDENCE,Adjust camera view
67533,RIGHT,169.2,173.9,171.4,178.1,166.3,176.2,0.8,174.5,165.0,0.507,UP,1,1,0,FORM ISSUE,Pelvis tilting - keep hips square
67566,RIGHT,169.6,175.7,170.8,177.3,166.3,174.7,0.9,175.2,165.1,0.521,UP,1,1,0,FORM ISSUE,Pelvis tilting - keep hips square
67600,RIGHT,172.9,177.4,171.0,176.9,168.3,173.0,0.9,175.5,165.0,0.533,UP,1,1,0,FORM ISSUE,Pelvis tilting - keep hips square
67633,RIGHT,173.4,179.6,171.2,176.8,170.2,172.0,1.0,178.9,164.4,0.54,UP,1,1,0,FORM ISSUE,Pelvis tilting - keep hips square
67666,RIGHT,173.6,179.6,171.8,177.2,170.4,171.8,1.1,178.6,164.2,0.542,UP,1,1,0,FORM ISSUE,Pelvis tilting - keep hips square
67700,RIGHT,173.8,179.7,172.7,178.4,170.3,171.6,1.1,178.6,164.2,0.541,UP,1,1,0,FORM ISSUE,Pelvis tilting - keep hips square
67733,RIGHT,173.3,178.4,173.4,178.9,170.1,170.8,1.2,179.3,163.7,0.542,UP,1,1,0,FORM ISSUE,Pelvis tilting - keep hips square
67766,RIGHT,173.4,178.6,173.5,179.2,169.9,171.0,1.3,179.8,163.4,0.542,UP,1,1,0,FORM ISSUE,Pelvis tilting - keep hips square
67800,RIGHT,173.9,178.7,173.6,179.0,170.8,171.1,1.3,180.0,163.4,0.541,UP,1,1,0,FORM ISSUE,Pelvis tilting - keep hips square
67833,RIGHT,173.7,179.8,173.6,179.0,171.9,170.1,0.6,179.9,163.7,0.544,UP,1,1,0,FORM ISSUE,Pelvis tilting - keep hips square
67866,RIGHT,174.4,179.9,173.7,179.1,172.5,171.4,0.5,178.2,163.5,0.546,UP,1,1,0,FORM ISSUE,Pelvis tilting - keep hips square
67900,RIGHT,175.6,179.7,174.2,179.3,172.3,171.5,0.3,176.4,164.3,0.544,UP,1,1,0,FORM ISSUE,Pelvis tilting - keep hips square
67933,RIGHT,173.9,180.0,174.3,179.6,168.5,174.0,1.0,178.5,164.3,0.544,UP,1,1,0,FORM ISSUE,Pelvis tilting - keep hips square
67966,RIGHT,170.9,179.9,173.7,179.8,169.0,173.1,0.8,176.3,164.9,0.545,UP,1,1,0,FORM ISSUE,Pelvis tilting - keep hips square
68000,RIGHT,171.7,178.9,173.3,179.7,169.6,172.3,0.7,175.9,165.6,0.54,UP,1,1,0,FORM ISSUE,Pelvis tilting - keep hips square
68033,RIGHT,172.1,179.7,172.8,179.6,169.7,174.7,1.2,177.0,165.8,0.533,UP,1,1,0,FORM ISSUE,Pelvis tilting - keep hips square
68066,RIGHT,172.8,179.4,172.3,179.6,169.8,174.8,1.2,177.1,165.8,0.53,UP,1,1,0,FORM ISSUE,Pelvis tilting - keep hips square
68100,RIGHT,172.7,179.6,172.1,179.5,169.3,173.3,0.9,175.5,165.8,0.522,UP,1,1,0,FORM ISSUE,Pelvis tilting - keep hips square
68133,RIGHT,173.1,180.0,172.5,179.5,169.5,172.0,0.7,174.1,166.0,0.51,UP,1,1,0,FORM ISSUE,Pelvis tilting - keep hips square
68166,RIGHT,174.4,179.3,173.0,179.6,170.4,173.9,0.7,175.8,165.4,0.5,UP,1,1,0,FORM ISSUE,Pelvis tilting - keep hips square
68200,,,,,,,,,,,0.494,UP,1,1,0,LOW CONFIDENCE,Adjust camera view
68233,,,,,,,,,,,0.49,UP,1,1,0,LOW CONFIDENCE,Adjust camera view
68266,,,,,,,,,,,0.482,UP,1,1,0,LOW CONFIDENCE,Adjust camera view
68300,,,,,,,,,,,0.483,UP,1,1,0,LOW CONFIDENCE,Adjust camera view
68333,,,,,,,,,,,0.486,UP,1,1,0,LOW CONFIDENCE,Adjust camera view
68366,,,,,,,,,,,0.491,UP,1,1,0,LOW CONFIDENCE,Adjust camera view
68400,,,,,,,,,,,0.495,UP,1,1,0,LOW CONFIDENCE,Adjust camera view
68433,RIGHT,81.7,165.4,154.9,176.7,78.4,169.3,2.1,170.6,165.7,0.507,UP,1,1,0,FORM ISSUE,Pelvis tilting - keep hips square
68466,RIGHT,168.4,174.0,154.1,175.7,165.8,177.0,2.4,174.8,165.9,0.512,UP,1,1,0,FORM ISSUE,Pelvis tilting - keep hips square
68500,RIGHT,171.6,176.3,153.8,175.0,168.9,176.0,1.9,174.7,166.0,0.517,UP,1,1,0,FORM ISSUE,Pelvis tilting - keep hips square
68533,RIGHT,171.7,176.6,153.6,174.3,167.5,176.8,2.0,175.7,165.6,0.523,UP,1,1,0,FORM ISSUE,Pelvis tilting - keep hips square
68566,RIGHT,171.4,175.9,153.0,173.6,167.0,175.9,2.1,178.0,165.8,0.53,DOWN,1,1,0,FORM ISSUE,Pelvis tilting - keep hips square
68600,RIGHT,175.0,177.0,171.6,176.0,168.6,175.5,3.0,179.1,165.3,0.532,DOWN,1,1,0,FORM ISSUE,Pelvis tilting - keep hips square
68633,RIGHT,104.4,166.6,158.8,174.5,99.2,173.6,3.4,177.3,164.9,0.54,DOWN,1,1,0,FORM ISSUE,Pelvis tilting - keep hips square
68666,RIGHT,127.9,168.9,150.1,173.0,124.6,176.1,3.7,177.9,164.5,0.549,DOWN,1,1,0,FORM ISSUE,Pelvis tilting - keep hips square
68700,RIGHT,159.8,173.3,147.7,172.3,157.0,179.2,3.8,175.3,164.4,0.555,DOWN,1,1,0,FORM ISSUE,Pelvis tilting - keep hips square
68733,RIGHT,160.9,175.0,145.6,172.1,156.5,179.7,3.9,177.0,164.5,0.558,DOWN,1,1,0,FORM ISSUE,Pelvis tilting - keep hips square
68766,RIGHT,172.3,178.7,145.1,172.5,166.3,178.0,4.0,177.7,164.3,0.559,DOWN,1,1,0,FORM ISSUE,Pelvis tilting - keep hips square
68800,RIGHT,170.5,174.9,158.3,174.1,166.1,178.9,4.1,177.5,163.9,0.555,DOWN,1,1,0,FORM ISSUE,Pelvis tilting - keep hips square
68833,RIGHT,168.3,173.4,166.4,175.0,159.8,178.0,4.1,178.0,164.0,0.552,DOWN,1,1,0,FORM ISSUE,Pelvis tilting - keep hips square
68866,RIGHT,161.1,169.0,166.6,174.2,153.7,175.9,4.2,177.3,163.8,0.554,DOWN,1,1,0,FORM ISSUE,Pelvis tilting - keep hips square
68900,RIGHT,86.8,12.1,151.8,141.6,79.2,8.5,4.3,174.3,163.9,0.563,DOWN,1,1,0,FORM ISSUE,Pelvis tilting - keep hips square
68933,RIGHT,147.6,171.5,146.9,140.2,141.2,166.8,4.0,175.1,164.4,0.579,DOWN,1,1,0,FORM ISSUE,Pelvis tilting - keep hips square
68966,RIGHT,159.7,170.4,144.7,139.3,153.6,177.6,3.2,175.6,166.1,0.599,DOWN,1,1,0,FORM ISSUE,Pelvis tilting - keep hips square
69000,RIGHT,159.0,169.8,142.9,138.6,153.5,175.7,2.1,176.6,167.4,0.618,DOWN,1,1,0,FORM ISSUE,Pelvis tilting - keep hips square
69033,RIGHT,176.9,172.9,146.0,139.3,171.4,178.2,2.2,169.9,168.5,0.634,DOWN,1,1,0,FORM ISSUE,Pelvis tilting - keep hips square
69066,LEFT,176.0,173.1,163.8,171.5,172.1,173.8,1.0,173.6,169.1,0.643,DOWN,1,1,0,FORM ISSUE,Pelvis tilting - keep hips square
69100,LEFT,178.5,174.2,170.0,172.1,170.8,174.0,1.4,174.6,169.9,0.65,DOWN,1,1,0,FORM ISSUE,Pelvis tilting - keep hips square
69133,LEFT,177.2,175.4,173.5,173.1,171.5,176.6,1.5,177.4,171.4,0.651,DOWN,1,1,0,FORM ISSUE,Pelvis tilting - keep hips square
69166,LEFT,179.8,174.1,177.7,173.9,172.3,176.7,1.0,179.3,173.0,0.647,DOWN,1,1,0,FORM ISSUE,Pelvis tilting - keep hips square
69200,LEFT,179.9,175.5,178.3,174.4,173.5,178.6,1.0,178.1,173.6,0.639,UP,1,1,0,FORM ISSUE,Pelvis tilting - keep hips square
69233,LEFT,179.5,179.2,179.0,175.7,174.5,176.9,1.2,174.7,175.7,0.627,UP,1,1,0,FORM ISSUE,Pelvis tilting - keep hips square
69266,RIGHT,175.3,178.0,178.3,176.4,170.6,177.5,3.2,175.1,176.0,0.62,UP,1,1,0,FORM ISSUE,Pelvis tilting - keep hips square
69300,RIGHT,177.4,175.9,178.4,176.5,171.1,174.1,3.3,176.2,176.5,0.615,UP,1,1,0,FORM ISSUE,Pelvis tilting - keep hips square
69333,RIGHT,178.4,177.1,178.1,177.1,171.5,172.9,3.0,174.9,176.5,0.611,UP,1,1,0,FORM ISSUE,Pelvis tilting - keep hips square
69366,RIGHT,176.0,178.3,177.3,177.7,170.2,173.7,3.0,173.8,177.1,0.613,UP,1,1,0,FORM ISSUE,Pelvis tilting - keep hips square
69400,RIGHT,175.4,175.6,176.5,177.0,170.4,173.5,3.9,164.3,178.7,0.622,UP,1,1,0,FORM ISSUE,Pelvis tilting - keep hips square
69433,RIGHT,172.8,177.0,176.0,176.8,168.9,172.4,3.3,171.0,178.7,0.631,UP,1,1,0,FORM ISSUE,Pelvis tilting - keep hips square
69466,LEFT,179.2,172.9,176.4,176.2,174.0,170.4,3.3,172.6,176.1,0.644,UP,1,1,0,FORM ISSUE,Pelvis tilting - keep hips square
69500,LEFT,179.9,173.4,176.7,175.4,174.8,170.8,3.4,174.5,176.4,0.663,UP,1,1,0,FORM ISSUE,Pelvis tilting - keep hips square
69533,LEFT,179.2,172.5,177.3,174.3,174.4,172.4,3.3,176.3,176.3,0.684,UP,1,1,0,FORM ISSUE,Pelvis tilting - keep hips square
69566,LEFT,178.2,173.8,177.9,173.9,171.8,173.7,1.8,174.6,176.5,0.704,UP,1,1,0,FORM ISSUE,Pelvis tilting - keep hips square
69600,LEFT,178.3,173.5,179.0,173.2,170.9,174.2,1.2,176.1,176.3,0.723,UP,1,1,0,FORM ISSUE,Pelvis tilting - keep hips square
69633,LEFT,178.6,174.1,178.8,173.5,171.0,174.9,0.7,176.4,173.9,0.741,UP,1,1,0,FORM ISSUE,Pelvis tilting - keep hips square
69666,LEFT,178.0,174.7,178.5,173.7,171.0,174.8,0.7,176.4,171.8,0.757,UP,1,1,0,FORM ISSUE,Pelvis tilting - keep hips square
69700,LEFT,177.5,175.4,178.1,174.3,171.5,174.9,0.9,176.7,171.0,0.77,UP,1,1,0,FORM ISSUE,Pelvis tilting - keep hips square
69733,LEFT,178.6,175.4,178.2,174.6,172.0,175.0,0.8,176.9,170.5,0.781,UP,1,1,0,FORM ISSUE,Pelvis tilting - keep hips square
69766,LEFT,179.1,176.5,178.4,175.2,172.2,174.5,0.5,177.9,169.8,0.792,UP,1,1,0,FORM ISSUE,Pelvis tilting - keep hips square
69800,RIGHT,173.9,180.0,177.4,176.4,173.1,172.3,0.2,179.7,169.5,0.802,UP,1,1,0,FORM ISSUE,Pelvis tilting - keep hips square
69833,RIGHT,171.8,178.7,176.2,177.2,171.6,172.4,0.0,179.8,169.6,0.814,UP,1,1,0,FORM ISSUE,Pelvis tilting - keep hips square
69866,RIGHT,164.0,178.6,173.5,177.8,166.4,171.8,0.3,179.9,169.6,0.827,UP,1,1,0,FORM ISSUE,Pelvis tilting - keep hips square
69900,RIGHT,163.2,177.9,170.4,178.3,164.4,171.8,0.7,178.5,169.7,0.839,UP,1,1,0,FORM ISSUE,Pelvis tilting - keep hips square
69933,RIGHT,166.2,178.1,167.8,178.6,164.9,171.7,1.2,177.7,170.0,0.851,UP,1,1,0,FORM ISSUE,Pelvis tilting - keep hips square
69966,RIGHT,165.2,179.4,166.1,178.5,162.8,171.8,1.2,177.2,170.2,0.863,UP,1,1,0,FORM ISSUE,Pelvis tilting - keep hips square
70000,RIGHT,166.7,179.5,165.1,178.7,162.1,171.7,1.4,177.1,170.4,0.874,UP,1,1,0,FORM ISSUE,Pelvis tilting - keep hips square
70033,RIGHT,168.4,179.5,165.9,178.9,161.1,171.4,1.5,176.7,170.4,0.884,UP,1,1,0,FORM ISSUE,Pelvis tilting - keep hips square
70066,RIGHT,172.6,179.6,167.8,179.2,161.5,171.5,1.6,176.8,170.7,0.894,UP,1,1,0,FORM ISSUE,Pelvis tilting - keep hips square
70100,RIGHT,174.0,179.5,169.4,179.5,161.4,171.0,1.9,176.5,171.0,0.903,UP,1,1,0,FORM ISSUE,Pelvis tilting - keep hips square
70133,RIGHT,176.2,178.9,171.6,179.4,161.0,170.1,2.0,176.0,171.4,0.911,UP,1,1,0,FORM ISSUE,Pelvis tilting - keep hips square
70166,RIGHT,179.2,178.6,174.1,179.2,161.9,169.6,2.4,173.8,171.4,0.918,UP,1,1,0,FORM ISSUE,Pelvis tilting - keep hips square
70200,RIGHT,178.0,178.5,176.0,179.0,161.7,169.5,2.1,173.7,171.4,0.925,UP,1,1,0,FORM ISSUE,Pelvis tilting - keep hips square
70233,RIGHT,179.7,178.1,177.4,178.7,160.5,169.5,1.5,174.5,170.6,0.931,UP,1,1,0,FORM ISSUE,Pelvis tilting - keep hips square
70266,RIGHT,179.9,177.2,178.6,178.3,159.1,170.1,0.9,175.0,169.1,0.937,UP,1,1,0,FORM ISSUE,Pelvis tilting - keep hips square
70300,RIGHT,177.9,177.3,178.9,177.9,157.9,169.9,0.5,174.2,168.1,0.942,UP,1,1,0,FORM ISSUE,Pelvis tilting - keep hips square
70333,RIGHT,175.2,177.7,178.1,177.8,155.9,169.3,0.5,174.6,167.6,0.947,UP,1,1,0,FORM ISSUE,Pelvis tilting - keep hips square
70366,RIGHT,172.1,179.9,176.9,178.0,153.3,170.7,0.2,176.2,166.6,0.95,UP,1,1,0,FORM ISSUE,Pelvis tilting - keep hips square
70400,RIGHT,169.6,176.0,174.9,177.6,151.3,171.9,0.7,176.3,165.0,0.951,UP,1,1,0,FORM ISSUE,Pelvis tilting - keep hips square
70433,RIGHT,164.9,172.7,171.9,176.7,148.7,172.2,0.7,177.6,164.0,0.949,UP,1,1,0,FORM ISSUE,Pelvis tilting - keep hips square
70466,RIGHT,158.3,169.3,168.0,175.1,146.2,175.4,0.5,178.0,163.7,0.94,UP,1,1,0,FORM ISSUE,Pelvis tilting - keep hips square
70500,RIGHT,152.4,158.0,163.5,171.2,143.0,180.0,0.4,178.6,162.5,0.922,UP,1,1,0,FORM ISSUE,Pelvis tilting - keep hips square
70533,RIGHT,146.0,139.3,158.2,163.1,139.0,171.0,0.7,175.0,162.1,0.894,UP,1,1,0,FORM ISSUE,Pelvis tilting - keep hips square
70566,RIGHT,130.1,130.5,150.3,154.0,136.0,155.7,3.0,102.3,4.5,0.855,UP,1,1,0,FORM ISSUE,Pelvis tilting - keep hips square
70600,RIGHT,125.3,135.4,142.4,146.5,125.1,168.4,3.0,165.8,165.0,0.811,UP,1,1,0,FORM ISSUE,Pelvis tilting - keep hips square
70633,RIGHT,120.5,131.1,134.9,138.9,121.9,161.1,4.5,152.5,167.5,0.768,UP,1,1,0,FORM ISSUE,Pelvis tilting - keep hips square
70666,RIGHT,123.5,151.7,129.1,137.6,124.9,171.6,3.8,170.1,168.8,0.731,DOWN,1,1,0,FORM ISSUE,Pelvis tilting - keep hips square
70700,RIGHT,125.1,159.3,124.9,141.6,128.4,176.8,3.5,172.9,170.7,0.702,DOWN,1,1,0,FORM ISSUE,Pelvis tilting - keep hips square
70733,RIGHT,113.4,141.9,121.6,143.9,119.9,159.8,4.3,160.8,175.0,0.679,DOWN,1,1,0,FORM ISSUE,Pelvis tilting - keep hips square
70766,RIGHT,115.9,146.2,119.7,146.1,124.0,166.9,3.4,168.9,178.2,0.657,DOWN,1,1,0,FORM ISSUE,Pelvis tilting - keep hips square
70800,RIGHT,119.1,125.1,119.4,144.9,125.7,168.5,3.4,169.0,178.2,0.64,DOWN,1,1,0,FORM ISSUE,Pelvis tilting - keep hips square
70833,RIGHT,121.4,134.3,119.0,141.4,128.9,173.0,2.9,170.5,177.3,0.623,DOWN,1,1,0,FORM ISSUE,Pelvis tilting - keep hips square
70866,RIGHT,119.9,128.4,118.0,135.2,127.8,175.7,2.5,172.9,174.1,0.606,DOWN,1,1,0,FORM ISSUE,Pelvis tilting - keep hips square
70900,RIGHT,119.8,121.3,119.2,131.1,127.5,177.9,2.1,169.7,176.4,0.592,DOWN,1,1,0,FORM ISSUE,Pelvis tilting - keep hips square
70933,RIGHT,119.4,111.4,119.9,124.1,130.0,178.9,1.9,168.9,175.1,0.578,DOWN,1,1,0,FORM ISSUE,Pelvis tilting - keep hips square
70966,RIGHT,120.4,82.2,120.2,115.5,133.8,177.0,1.9,168.0,175.0,0.56,DOWN,1,1,0,FORM ISSUE,Pelvis tilting - keep hips square
71000,RIGHT,121.2,78.6,120.1,104.4,133.8,176.2,2.3,168.0,176.0,0.543,DOWN,1,1,0,FORM ISSUE,Pelvis tilting - keep hips square
71033,RIGHT,125.9,80.8,121.3,94.9,133.2,176.6,2.5,168.9,175.4,0.526,DOWN,1,1,0,FORM ISSUE,Pelvis tilting - keep hips square
71066,RIGHT,127.4,87.2,122.9,88.1,133.0,177.3,2.8,170.8,176.7,0.51,DOWN,1,1,0,FORM ISSUE,Pelvis tilting - keep hips square
71100,,,,,,,,,,,0.496,DOWN,1,1,0,LOW CONFIDENCE,Adjust camera view
71133,,,,,,,,,,,0.482,DOWN,1,1,0,LOW CONFIDENCE,Adjust camera view
71166,,,,,,,,,,,0.463,DOWN,1,1,0,LOW CONFIDENCE,Adjust camera view
71200,,,,,,,,,,,0.443,DOWN,1,1,0,LOW CONFIDENCE,Adjust camera view
71233,,,,,,,,,,,0.426,DOWN,1,1,0,LOW CONFIDENCE,Adjust camera view
71266,,,,,,,,,,,0.419,DOWN,1,1,0,LOW CONFIDENCE,Adjust camera view
71300,,,,,,,,,,,0.427,DOWN,1,1,0,LOW CONFIDENCE,Adjust camera view
71333,,,,,,,,,,,0.448,DOWN,1,1,0,LOW CONFIDENCE,Adjust camera view
71366,,,,,,,,,,,0.481,DOWN,1,1,0,LOW CONFIDENCE,Adjust camera view
71400,RIGHT,170.2,165.9,133.0,98.9,167.5,166.4,3.7,178.1,160.1,0.52,DOWN,1,1,0,FORM ISSUE,Pelvis tilting - keep hips square
71433,RIGHT,167.5,167.2,142.4,115.9,163.4,166.1,3.5,176.5,164.6,0.558,DOWN,1,1,0,FORM ISSUE,Pelvis tilting - keep hips square
71466,RIGHT,169.8,172.2,152.2,134.7,164.0,166.9,3.1,179.3,168.2,0.59,DOWN,1,1,0,FORM ISSUE,Pelvis tilting - keep hips square
71500,RIGHT,165.8,175.5,160.1,153.6,169.7,167.5,1.6,178.2,175.0,0.619,DOWN,1,1,0,FORM ISSUE,Pelvis tilting - keep hips square
71533,LEFT,171.2,174.7,168.9,171.1,167.9,165.7,0.8,9.6,4.8,0.643,DOWN,1,1,0,GOOD,Lower hips deeper into lunge
71566,LEFT,174.6,174.6,169.8,172.8,177.6,178.2,4.6,60.3,166.3,0.66,DOWN,1,1,0,FORM ISSUE,Pelvis tilting - keep hips square
71600,LEFT,173.9,173.4,171.1,174.1,165.7,176.8,4.7,27.4,11.2,0.675,DOWN,1,1,0,FORM ISSUE,Pelvis tilting - keep hips square
71633,LEFT,172.6,173.9,171.6,174.4,168.9,174.4,1.9,7.4,2.4,0.69,DOWN,1,1,0,GOOD,Lower hips deeper into lunge
71666,LEFT,174.3,177.1,173.3,174.7,174.0,174.1,0.4,2.0,1.5,0.704,UP,1,1,0,GOOD,Good Form
71700,LEFT,177.2,176.5,174.5,175.1,176.8,174.8,0.6,8.0,0.1,0.717,UP,1,1,0,GOOD,Good Form
71733,LEFT,173.7,176.8,174.3,175.5,172.4,176.0,1.3,7.7,3.6,0.728,UP,1,1,0,GOOD,Good Form
71766,,,,,,,,,,,0.587,UP,1,1,0,NO PERSON,Step into frame
71800,,,,,,,,,,,0.442,UP,1,1,0,NO PERSON,Step into frame
71833,,,,,,,,,,,0.295,UP,1,1,0,NO PERSON,Step into frame
71866,,,,,,,,,,,0.148,UP,1,1,0,NO PERSON,Step into frame
71900,,,,,,,,,,,0.0,UP,1,1,0,NO PERSON,Step into frame
71933,,,,,,,,,,,0.0,UP,1,1,0,NO PERSON,Step into frame
71966,,,,,,,,,,,0.0,UP,1,1,0,NO PERSON,Step into frame
72000,,,,,,,,,,,0.0,UP,1,1,0,NO PERSON,Step into frame
72033,,,,,,,,,,,0.0,UP,1,1,0,NO PERSON,Step into frame
72066,,,,,,,,,,,0.0,UP,1,1,0,NO PERSON,Step into frame
72100,,,,,,,,,,,0.0,UP,1,1,0,NO PERSON,Step into frame
72133,,,,,,,,,,,0.0,UP,1,1,0,NO PERSON,Step into frame
72166,,,,,,,,,,,0.0,UP,1,1,0,NO PERSON,Step into frame
72200,,,,,,,,,,,0.0,UP,1,1,0,NO PERSON,Step into frame
72233,,,,,,,,,,,0.0,UP,1,1,0,NO PERSON,Step into frame
72266,,,,,,,,,,,0.0,UP,1,1,0,NO PERSON,Step into frame
72300,,,,,,,,,,,0.142,UP,1,1,0,LOW CONFIDENCE,Adjust camera view
72333,,,,,,,,,,,0.276,UP,1,1,0,LOW CONFIDENCE,Adjust camera view
72366,,,,,,,,,,,0.404,UP,1,1,0,LOW CONFIDENCE,Adjust camera view
72400,RIGHT,105.8,108.3,160.7,162.5,139.6,147.8,2.0,164.4,164.4,0.521,UP,1,1,0,FORM ISSUE,Pelvis tilting - keep hips square
72433,RIGHT,100.5,107.1,146.3,149.2,139.8,147.5,1.6,168.5,164.6,0.63,UP,1,1,0,FORM ISSUE,Pelvis tilting - keep hips square
72466,RIGHT,90.9,104.2,129.6,134.6,145.1,149.4,1.8,171.7,166.3,0.589,UP,1,1,0,FORM ISSUE,Pelvis tilting - keep hips square
72500,LEFT,103.1,114.0,114.8,122.1,148.0,150.2,3.5,172.0,145.7,0.551,UP,1,1,0,FORM ISSUE,Pelvis tilting - keep hips square
72533,LEFT,136.0,148.6,107.3,116.5,160.2,168.1,5.7,174.5,155.7,0.515,UP,1,1,0,FORM ISSUE,Pelvis tilting - keep hips square
72566,,,,,,,,,,,0.488,UP,1,1,0,LOW CONFIDENCE,Adjust camera view
72600,,,,,,,,,,,0.467,UP,1,1,0,LOW CONFIDENCE,Adjust camera view
72633,,,,,,,,,,,0.452,UP,1,1,0,LOW CONFIDENCE,Adjust camera view
72666,,,,,,,,,,,0.44,UP,1,1,0,LOW CONFIDENCE,Adjust camera view
72700,,,,,,,,,,,0.433,UP,1,1,0,LOW CONFIDENCE,Adjust camera view
72733,,,,,,,,,,,0.426,UP,1,1,0,LOW CONFIDENCE,Adjust camera view
72766,,,,,,,,,,,0.422,UP,1,1,0,LOW CONFIDENCE,Adjust camera view
72800,,,,,,,,,,,0.422,UP,1,1,0,LOW CONFIDENCE,Adjust camera view
72833,,,,,,,,,,,0.433,UP,1,1,0,LOW CONFIDENCE,Adjust camera view
72866,,,,,,,,,,,0.45,UP,1,1,0,LOW CONFIDENCE,Adjust camera view
72900,,,,,,,,,,,0.476,UP,1,1,0,LOW CONFIDENCE,Adjust camera view
72933,LEFT,169.4,175.0,120.0,129.8,173.7,172.0,2.4,179.9,173.1,0.508,UP,1,1,0,FORM ISSUE,Pelvis tilting - keep hips square
72966,LEFT,179.2,178.0,135.7,144.0,173.5,169.6,0.1,1.7,0.0,0.542,UP,1,1,0,GOOD,Good Form
73000,LEFT,175.7,178.1,152.7,158.8,167.7,169.5,0.8,0.2,3.2,0.572,UP,1,1,0,GOOD,Good Form
73033,LEFT,173.0,176.3,166.7,171.2,162.5,169.4,1.4,4.2,1.3,0.597,UP,1,1,0,GOOD,Good Form
73066,LEFT,175.3,175.4,174.5,176.6,164.1,169.2,0.6,2.5,3.9,0.618,UP,1,1,0,GOOD,Good Form
73100,LEFT,179.1,174.6,176.5,176.5,165.7,167.5,0.4,3.6,6.8,0.635,UP,1,1,0,GOOD,Good Form
73133,RIGHT,179.3,179.6,176.5,176.8,161.3,171.5,1.0,164.3,178.3,0.651,UP,1,1,0,FORM ISSUE,Pelvis tilting - keep hips square
73166,RIGHT,173.2,179.2,176.0,177.0,155.4,172.7,1.7,179.3,173.5,0.668,UP,1,1,0,FORM ISSUE,Pelvis tilting - keep hips square
73200,RIGHT,171.0,178.6,175.6,177.5,158.2,173.2,1.1,179.9,172.2,0.687,UP,1,1,0,FORM ISSUE,Pelvis tilting - keep hips square
73233,RIGHT,170.1,177.8,174.5,177.9,159.5,173.3,0.6,179.0,171.2,0.708,UP,1,1,0,FORM ISSUE,Pelvis tilting - keep hips square
73266,RIGHT,167.6,178.9,172.2,178.8,161.5,173.4,0.3,177.9,170.4,0.73,UP,1,1,0,FORM ISSUE,Pelvis tilting - keep hips square
73300,RIGHT,169.3,177.8,170.2,178.5,165.0,173.3,0.1,179.5,171.1,0.752,UP,1,1,0,FORM ISSUE,Pelvis tilting - keep hips square
73333,RIGHT,169.5,176.3,169.5,177.9,167.8,173.9,0.6,178.9,168.3,0.768,UP,1,1,0,FORM ISSUE,Pelvis tilting - keep hips square
73366,RIGHT,170.8,178.3,169.5,177.8,168.4,175.7,0.6,179.9,169.0,0.783,UP,1,1,0,FORM ISSUE,Pelvis tilting - keep hips square
73400,RIGHT,172.2,177.2,169.9,177.7,169.2,175.1,0.9,180.0,168.4,0.797,UP,1,1,0,FORM ISSUE,Pelvis tilting - keep hips square
73433,RIGHT,172.8,177.2,170.9,177.4,169.5,174.4,1.6,179.4,167.4,0.809,UP,1,1,0,FORM ISSUE,Pelvis tilting - keep hips square
73466,RIGHT,173.8,176.6,171.8,177.1,169.1,176.6,2.6,177.3,165.3,0.819,UP,1,1,0,FORM ISSUE,Pelvis tilting - keep hips square
73500,RIGHT,173.4,177.9,172.6,177.4,168.8,177.8,3.0,177.9,164.3,0.83,UP,1,1,0,FORM ISSUE,Pelvis tilting - keep hips square
73533,RIGHT,173.2,177.1,173.1,177.2,168.0,178.4,3.4,176.9,163.7,0.84,UP,1,1,0,FORM ISSUE,Pelvis tilting - keep hips square
73566,RIGHT,173.0,177.1,173.2,177.2,167.7,178.2,3.6,176.5,163.9,0.847,UP,1,1,0,FORM ISSUE,Pelvis tilting - keep hips square
73600,RIGHT,171.9,176.9,173.1,177.1,167.4,177.8,3.6,176.2,163.3,0.855,UP,1,1,0,FORM ISSUE,Pelvis tilting - keep hips square
73633,RIGHT,172.3,177.0,172.7,177.2,166.5,178.6,4.0,175.7,162.8,0.862,UP,1,1,0,FORM ISSUE,Pelvis tilting - keep hips square
73666,RIGHT,174.2,177.0,172.9,177.0,167.3,177.4,4.0,175.8,162.6,0.87,UP,1,1,0,FORM ISSUE,Pelvis tilting - keep hips square
73700,RIGHT,174.8,176.7,173.2,177.0,167.3,177.1,4.1,175.7,161.4,0.878,UP,1,1,0,FORM ISSUE,Pelvis tilting - keep hips square
73733,RIGHT,175.2,177.4,173.7,177.0,167.6,176.8,4.1,175.4,162.3,0.885,UP,1,1,0,FORM ISSUE,Pelvis tilting - keep hips square
73766,RIGHT,176.3,178.2,174.6,177.3,167.7,176.9,4.1,175.6,162.4,0.892,UP,1,1,0,FORM ISSUE,Pelvis tilting - keep hips square
73800,RIGHT,177.2,178.2,175.5,177.5,168.2,176.3,4.1,175.2,162.9,0.899,UP,1,1,0,FORM ISSUE,Pelvis tilting - keep hips square
73833,RIGHT,178.3,178.5,176.4,177.8,168.6,175.8,4.3,175.2,163.4,0.905,UP,1,1,0,FORM ISSUE,Pelvis tilting - keep hips square
73866,RIGHT,179.4,177.9,177.3,178.0,168.8,174.7,4.4,175.7,163.9,0.912,UP,1,1,0,FORM ISSUE,Pelvis tilting - keep hips square
73900,RIGHT,179.5,178.1,178.1,178.2,168.6,173.2,4.5,175.8,164.4,0.918,UP,1,1,0,FORM ISSUE,Pelvis tilting - keep hips square
73933,RIGHT,179.0,178.5,178.7,178.2,168.1,172.4,4.6,175.6,164.3,0.924,UP,1,1,0,FORM ISSUE,Pelvis tilting - keep hips square
73966,RIGHT,178.3,178.6,178.9,178.3,167.2,172.5,4.7,176.2,163.9,0.929,UP,1,1,0,FORM ISSUE,Pelvis tilting - keep hips square
74000,RIGHT,178.1,179.4,178.9,178.5,167.2,172.5,4.5,176.7,163.3,0.934,UP,1,1,0,FORM ISSUE,Pelvis tilting - keep hips square
74033,RIGHT,177.4,179.4,178.5,178.8,166.8,171.5,4.3,177.1,162.6,0.939,UP,1,1,0,FORM ISSUE,Pelvis tilting - keep hips square
74066,RIGHT,177.5,178.6,178.1,178.9,167.2,171.0,3.9,177.6,163.4,0.943,UP,1,1,0,FORM ISSUE,Pelvis tilting - keep hips square
74100,RIGHT,177.5,179.8,177.8,179.2,167.6,170.6,3.6,178.1,163.8,0.947,UP,1,1,0,FORM ISSUE,Pelvis tilting - keep hips square
74133,RIGHT,178.2,179.2,177.7,179.3,168.8,170.1,2.7,178.4,164.2,0.95,UP,1,1,0,FORM ISSUE,Pelvis tilting - keep hips square
74166,RIGHT,177.3,175.2,177.6,178.4,168.9,169.3,2.6,179.5,164.9,0.954,UP,1,1,0,FORM ISSUE,Pelvis tilting - keep hips square
74200,RIGHT,178.0,176.4,177.7,177.8,168.2,170.4,2.6,179.3,164.6,0.956,UP,1,1,0,FORM ISSUE,Pelvis tilting - keep hips square
74233,RIGHT,178.6,178.7,177.9,177.9,168.5,171.4,2.0,179.6,165.0,0.959,UP,1,1,0,FORM ISSUE,Pelvis tilting - keep hips square
74266,RIGHT,178.8,177.6,178.2,177.4,167.9,171.0,2.2,179.7,165.4,0.961,UP,1,1,0,FORM ISSUE,Pelvis tilting - keep hips square
74300,RIGHT,179.3,177.8,178.4,177.1,165.6,172.8,3.0,179.9,165.3,0.963,UP,1,1,0,FORM ISSUE,Pelvis tilting - keep hips square
74333,RIGHT,178.5,177.6,178.6,177.6,165.2,172.2,2.5,179.9,165.7,0.965,UP,1,1,0,FORM ISSUE,Pelvis tilting - keep hips square
74366,RIGHT,179.2,177.8,178.9,177.9,164.6,173.2,2.7,179.8,166.1,0.966,UP,1,1,0,FORM ISSUE,Pelvis tilting - keep hips square
74400,RIGHT,178.6,179.1,178.9,178.0,164.7,174.1,2.8,179.7,166.3,0.967,UP,1,1,0,FORM ISSUE,Pelvis tilting - keep hips square
74433,RIGHT,180.0,178.9,179.1,178.2,163.2,175.4,3.1,179.4,166.5,0.968,UP,1,1,0,FORM ISSUE,Pelvis tilting - keep hips square
74466,RIGHT,179.8,177.0,179.2,178.1,163.4,174.3,2.7,179.6,166.7,0.969,UP,1,1,0,FORM ISSUE,Pelvis tilting - keep hips square
74500,RIGHT,179.7,176.4,179.4,177.9,163.9,174.0,2.3,179.6,166.9,0.97,UP,1,1,0,FORM ISSUE,Pelvis tilting - keep hips square
74533,RIGHT,179.2,177.3,179.4,177.7,164.3,174.4,2.0,179.8,168.5,0.97,UP,1,1,0,FORM ISSUE,Pelvis tilting - keep hips square
74566,RIGHT,179.9,178.5,179.7,177.6,164.0,175.2,1.7,179.9,169.1,0.97,UP,1,1,0,FORM ISSUE,Pelvis tilting - keep hips square
74600,RIGHT,179.1,179.5,179.5,177.7,165.2,175.4,1.1,179.7,170.0,0.971,UP,1,1,0,FORM ISSUE,Pelvis tilting - keep hips square
74633,LEFT,179.6,178.8,179.5,178.1,175.5,165.7,0.8,179.2,170.3,0.971,UP,1,1,0,FORM ISSUE,Pelvis tilting - keep hips square
74666,LEFT,179.5,178.9,179.5,178.6,174.8,166.3,0.3,178.6,171.3,0.971,UP,1,1,0,FORM ISSUE,Pelvis tilting - keep hips square
74700,LEFT,179.0,179.9,179.4,179.1,174.1,166.5,0.1,177.9,171.5,0.971,UP,1,1,0,FORM ISSUE,Pelvis tilting - keep hips square
74733,LEFT,177.3,179.8,178.9,179.4,172.5,167.3,0.4,177.2,172.2,0.97,UP,1,1,0,FORM ISSUE,Pelvis tilting - keep hips square
74766,LEFT,176.1,179.4,178.3,179.4,172.2,167.0,0.4,176.5,173.0,0.97,UP,1,1,0,FORM ISSUE,Pelvis tilting - keep hips square
74800,LEFT,176.6,179.0,177.7,179.4,172.9,166.9,0.4,176.3,174.5,0.97,UP,1,1,0,FORM ISSUE,Pelvis tilting - keep hips square
74833,LEFT,177.2,178.7,177.2,179.4,173.1,167.6,0.6,176.3,175.4,0.97,UP,1,1,0,FORM ISSUE,Pelvis tilting - keep hips square
74866,LEFT,177.3,178.9,176.9,179.2,173.2,167.9,0.8,176.4,176.6,0.97,UP,1,1,0,FORM ISSUE,Pelvis tilting - keep hips square
74900,LEFT,177.1,178.5,176.9,178.9,172.8,168.1,1.0,176.4,178.5,0.97,UP,1,1,0,FORM ISSUE,Pelvis tilting - keep hips square
74933,LEFT,177.0,179.0,177.0,178.8,172.4,168.3,1.1,176.6,180.0,0.97,UP,1,1,0,FORM ISSUE,Pelvis tilting - keep hips square
74966,LEFT,177.3,179.2,177.2,178.9,172.3,168.6,1.1,176.6,179.4,0.97,UP,1,1,0,FORM ISSUE,Pelvis tilting - keep hips square
75000,LEFT,177.5,179.2,177.2,179.0,172.3,168.7,1.3,176.6,178.5,0.97,UP,1,1,0,FORM ISSUE,Pelvis tilting - keep hips square
75033,LEFT,177.3,179.2,177.3,179.0,172.1,168.9,1.5,176.6,177.7,0.971,UP,1,1,0,FORM ISSUE,Pelvis tilting - keep hips square
75066,LEFT,177.9,178.9,177.4,179.1,172.4,168.7,1.5,176.8,176.6,0.971,UP,1,1,0,FORM ISSUE,Pelvis tilting - keep hips square
75100,LEFT,179.4,179.3,177.9,179.1,172.6,169.2,1.8,176.5,176.1,0.972,UP,1,1,0,FORM ISSUE,Pelvis tilting - keep hips square
75133,LEFT,179.9,179.5,178.4,179.2,173.0,169.6,1.9,176.6,175.2,0.972,UP,1,1,0,FORM ISSUE,Pelvis tilting - keep hips square
75166,LEFT,179.7,179.3,178.8,179.2,172.9,169.6,1.9,176.5,174.7,0.973,UP,1,1,0,FORM ISSUE,Pelvis tilting - keep hips square
75200,LEFT,179.6,179.6,179.3,179.3,172.8,169.9,2.0,175.7,174.0,0.973,UP,1,1,0,FORM ISSUE,Pelvis tilting - keep hips square
75233,LEFT,179.7,179.7,179.7,179.5,172.7,170.2,2.1,176.2,173.3,0.973,UP,1,1,0,FORM ISSUE,Pelvis tilting - keep hips square
75266,LEFT,179.8,179.4,179.7,179.5,172.6,170.4,2.3,176.5,172.7,0.974,UP,1,1,0,FORM ISSUE,Pelvis tilting - keep hips square
75300,LEFT,179.4,179.5,179.6,179.5,172.3,170.5,2.4,176.8,172.5,0.974,UP,1,1,0,FORM ISSUE,Pelvis tilting - keep hips square
75333,LEFT,179.7,179.2,179.6,179.5,172.9,170.5,2.4,176.8,172.4,0.975,UP,1,1,0,FORM ISSUE,Pelvis tilting - keep hips square
75366,LEFT,179.6,178.5,179.6,179.2,172.8,170.2,2.4,176.8,172.2,0.975,UP,1,1,0,FORM ISSUE,Pelvis tilting - keep hips square
75400,LEFT,178.8,177.5,179.5,178.8,172.4,169.5,2.3,176.9,171.8,0.976,UP,1,1,0,FORM ISSUE,Pelvis tilting - keep hips square
75433,LEFT,177.6,175.9,179.0,178.1,171.5,168.4,2.3,177.1,171.2,0.976,UP,1,1,0,FORM ISSUE,Pelvis tilting - keep hips square
75466,LEFT,176.3,173.2,178.4,176.9,170.7,166.8,2.3,177.1,171.2,0.976,UP,1,1,0,FORM ISSUE,Pelvis tilting - keep hips square
75500,LEFT,174.7,171.5,177.4,175.3,170.0,165.2,2.1,177.4,172.1,0.977,UP,1,1,0,FORM ISSUE,Pelvis tilting - keep hips square
75533,LEFT,174.7,171.0,176.4,173.8,170.0,164.7,2.1,177.2,173.0,0.977,UP,1,1,0,FORM ISSUE,Pelvis tilting - keep hips square
75566,LEFT,174.8,170.7,175.6,172.5,170.0,164.2,2.1,177.1,174.2,0.978,UP,1,1,0,FORM ISSUE,Pelvis tilting - keep hips square
75600,LEFT,175.1,170.3,175.1,171.4,170.4,163.9,1.9,177.3,175.0,0.978,UP,1,1,0,FORM ISSUE,Pelvis tilting - keep hips square
75633,LEFT,175.3,170.2,174.9,170.8,170.4,163.7,1.9,177.0,175.4,0.978,UP,1,1,0,FORM ISSUE,Pelvis tilting - keep hips square
75666,LEFT,176.0,170.9,175.2,170.6,170.8,164.1,1.9,176.8,175.7,0.978,UP,1,1,0,FORM ISSUE,Pelvis tilting - keep hips square
75700,LEFT,176.1,171.1,175.5,170.7,171.0,164.2,1.8,176.8,176.4,0.979,UP,1,1,0,FORM ISSUE,Pelvis tilting - keep hips square
75733,LEFT,175.5,171.2,175.6,170.8,170.9,163.9,1.6,177.1,177.2,0.979,UP,1,1,0,FORM ISSUE,Pelvis tilting - keep hips square
75766,LEFT,175.8,172.0,175.7,171.1,171.1,164.4,1.6,177.0,178.0,0.979,UP,1,1,0,FORM ISSUE,Pelvis tilting - keep hips square
75800,LEFT,176.4,172.7,176.0,171.6,171.4,165.2,1.7,176.7,178.8,0.979,UP,1,1,0,FORM ISSUE,Pelvis tilting - keep hips square
75833,LEFT,177.6,173.7,176.3,172.1,171.9,166.0,1.8,176.8,179.2,0.979,UP,1,1,0,FORM ISSUE,Pelvis tilting - keep hips square
75866,LEFT,177.8,174.7,176.6,172.9,172.0,166.6,1.9,176.8,179.4,0.979,UP,1,1,0,FORM ISSUE,Pelvis tilting - keep hips square
75900,LEFT,177.8,175.4,177.1,173.7,172.2,167.1,1.8,176.8,179.3,0.979,UP,1,1,0,FORM ISSUE,Pelvis tilting - keep hips square
75933,LEFT,177.4,176.1,177.4,174.5,172.6,166.8,1.5,176.9,179.5,0.978,UP,1,1,0,FORM ISSUE,Pelvis tilting - keep hips square
75966,LEFT,178.2,176.6,177.8,175.3,172.7,166.9,1.3,177.5,179.8,0.978,UP,1,1,0,FORM ISSUE,Pelvis tilting - keep hips square
76000,LEFT,177.7,175.7,177.8,175.7,172.6,166.7,1.2,177.8,179.7,0.978,UP,1,1,0,FORM ISSUE,Pelvis tilting - keep hips square
76033,LEFT,177.5,174.7,177.7,175.7,172.6,165.9,0.9,178.4,179.8,0.977,UP,1,1,0,FORM ISSUE,Pelvis tilting - keep hips square
76066,LEFT,177.6,174.3,177.7,175.5,172.9,165.4,0.9,178.4,180.0,0.977,UP,1,1,0,FORM ISSUE,Pelvis tilting - keep hips square
76100,LEFT,177.9,173.2,177.8,174.9,173.2,165.1,0.9,178.9,179.7,0.976,UP,1,1,0,FORM ISSUE,Pelvis tilting - keep hips square
76133,LEFT,177.9,174.9,177.7,174.6,173.2,166.2,1.0,178.7,179.5,0.976,UP,1,1,0,FORM ISSUE,Pelvis tilting - keep hips square
76166,LEFT,178.3,175.7,177.9,174.6,173.4,166.8,1.1,178.1,179.0,0.975,UP,1,1,0,FORM ISSUE,Pelvis tilting - keep hips square
76200,LEFT,178.6,176.1,178.1,174.8,173.7,167.7,1.3,177.0,178.7,0.975,UP,1,1,0,FORM ISSUE,Pelvis tilting - keep hips square
76233,LEFT,178.3,176.4,178.2,175.2,173.9,169.3,1.2,178.3,178.5,0.974,UP,1,1,0,FORM ISSUE,Pelvis tilting - keep hips square
76266,LEFT,178.1,177.6,178.3,176.1,173.9,169.8,1.3,177.7,177.7,0.974,UP,1,1,0,FORM ISSUE,Pelvis tilting - keep hips square
76300,LEFT,178.4,177.7,178.4,176.7,174.1,170.7,1.2,177.8,176.7,0.974,UP,1,1,0,FORM ISSUE,Pelvis tilting - keep hips square
76333,LEFT,178.2,177.1,178.3,177.0,174.2,170.9,1.2,178.1,176.0,0.974,UP,1,1,0,FORM ISSUE,Pelvis tilting - keep hips square
76366,LEFT,178.3,176.9,178.3,177.1,174.1,171.4,1.3,178.5,175.9,0.974,UP,1,1,0,FORM ISSUE,Pelvis tilting - keep hips square
76400,RIGHT,177.2,178.0,178.1,177.5,171.5,174.1,1.2,178.8,175.6,0.974,UP,1,1,0,FORM ISSUE,Pelvis tilting - keep hips square
76433,LEFT,178.3,177.7,178.1,177.5,173.6,172.2,1.4,178.5,175.3,0.974,UP,1,1,0,FORM ISSUE,Pelvis tilting - keep hips square
76466,RIGHT,178.3,179.3,178.1,177.8,172.6,174.0,1.2,178.9,175.6,0.974,UP,1,1,0,FORM ISSUE,Pelvis tilting - keep hips square
76500,LEFT,176.3,177.7,177.7,177.9,172.7,172.6,0.8,179.5,175.7,0.975,UP,1,1,0,FORM ISSUE,Pelvis tilting - keep hips square
76533,RIGHT,177.0,176.2,177.4,177.8,172.5,172.2,0.8,179.4,175.5,0.975,UP,1,1,0,FORM ISSUE,Pelvis tilting - keep hips square
76566,RIGHT,177.2,176.8,177.4,177.5,173.1,172.5,0.8,179.9,174.5,0.975,UP,1,1,0,FORM ISSUE,Pelvis tilting - keep hips square
76600,RIGHT,177.1,176.6,177.2,177.3,173.2,172.3,0.7,179.9,173.7,0.976,UP,1,1,0,FORM ISSUE,Pelvis tilting - keep hips square
76633,RIGHT,176.3,176.8,176.8,176.8,172.7,172.9,0.6,179.7,171.2,0.976,UP,1,1,0,FORM ISSUE,Pelvis tilting - keep hips square
76666,RIGHT,176.2,177.1,176.8,176.7,172.9,172.7,0.6,179.4,170.4,0.976,UP,1,1,0,FORM ISSUE,Pelvis tilting - keep hips square
76700,RIGHT,175.4,177.4,176.4,177.0,172.1,172.9,0.2,179.3,170.0,0.976,UP,1,1,0,FORM ISSUE,Pelvis tilting - keep hips square
76733,RIGHT,174.7,177.3,175.9,177.0,170.9,173.1,0.2,178.4,169.7,0.976,UP,1,1,0,FORM ISSUE,Pelvis tilting - keep hips square
76766,RIGHT,174.7,177.6,175.4,177.2,170.9,173.6,0.3,179.1,169.8,0.976,UP,1,1,0,FORM ISSUE,Pelvis tilting - keep hips square
76800,RIGHT,174.1,177.2,175.0,177.3,170.7,173.4,0.4,179.5,169.6,0.976,UP,1,1,0,FORM ISSUE,Pelvis tilting - keep hips square
76833,RIGHT,175.5,177.0,174.9,177.3,171.1,172.7,0.0,179.7,169.8,0.975,UP,1,1,0,FORM ISSUE,Pelvis tilting - keep hips square
76866,RIGHT,175.8,177.2,174.9,177.3,171.8,172.1,0.2,180.0,169.5,0.974,UP,1,1,0,FORM ISSUE,Pelvis tilting - keep hips square
76900,RIGHT,175.9,177.0,175.2,177.2,171.9,171.9,0.3,180.0,169.6,0.973,UP,1,1,0,FORM ISSUE,Pelvis tilting - keep hips square
76933,RIGHT,175.6,177.4,175.4,177.2,171.9,171.8,0.4,180.0,169.3,0.972,UP,1,1,0,FORM ISSUE,Pelvis tilting - keep hips square
76966,RIGHT,175.7,177.2,175.7,177.2,172.4,171.3,0.9,178.7,169.8,0.971,UP,1,1,0,FORM ISSUE,Pelvis tilting - keep hips square
77000,RIGHT,175.3,176.5,175.7,177.1,172.6,170.9,1.1,178.8,169.8,0.971,UP,1,1,0,FORM ISSUE,Pelvis tilting - keep hips square
77033,RIGHT,174.5,175.1,175.4,176.7,172.7,169.9,1.4,179.0,170.2,0.971,UP,1,1,0,FORM ISSUE,Pelvis tilting - keep hips square
77066,RIGHT,174.4,175.2,175.1,176.3,172.9,169.9,1.6,178.6,170.1,0.971,UP,1,1,0,FORM ISSUE,Pelvis tilting - keep hips square
77100,RIGHT,174.0,175.5,174.8,175.9,172.5,170.1,1.7,178.3,170.9,0.971,UP,1,1,0,FORM ISSUE,Pelvis tilting - keep hips square
77133,RIGHT,173.1,175.1,174.3,175.5,171.7,170.4,1.7,177.9,171.1,0.971,UP,1,1,0,FORM ISSUE,Pelvis tilting - keep hips square
77166,RIGHT,172.3,176.0,173.7,175.4,170.8,170.6,2.0,176.4,171.6,0.972,UP,1,1,0,FORM ISSUE,Pelvis tilting - keep hips square
77200,RIGHT,170.6,176.3,172.9,175.6,169.7,170.9,2.0,176.3,171.7,0.972,UP,1,1,0,FORM ISSUE,Pelvis tilting - keep hips square
77233,RIGHT,171.3,177.3,172.3,176.1,169.6,172.1,2.1,176.2,171.4,0.972,UP,1,1,0,FORM ISSUE,Pelvis tilting - keep hips square
77266,RIGHT,171.8,177.5,171.8,176.4,168.6,172.4,2.0,175.6,171.2,0.972,UP,1,1,0,FORM ISSUE,Pelvis tilting - keep hips square
77300,RIGHT,177.8,177.7,172.8,177.0,167.5,172.7,1.8,175.9,170.9,0.973,UP,1,1,0,FORM ISSUE,Pelvis tilting - keep hips square
77333,RIGHT,178.3,177.9,174.0,177.3,166.0,173.6,1.4,175.8,170.6,0.973,UP,1,1,0,FORM ISSUE,Pelvis tilting - keep hips square
77366,RIGHT,178.7,177.5,175.6,177.6,165.7,173.3,1.4,175.4,170.2,0.973,UP,1,1,0,FORM ISSUE,Pelvis tilting - keep hips square
77400,RIGHT,179.4,177.9,177.2,177.7,165.6,173.8,1.2,175.4,170.4,0.973,UP,1,1,0,FORM ISSUE,Pelvis tilting - keep hips square
77433,RIGHT,179.6,176.9,178.8,177.6,163.3,173.5,1.1,174.6,169.5,0.973,UP,1,1,0,FORM ISSUE,Pelvis tilting - keep hips square
77466,RIGHT,179.6,174.1,179.1,176.9,161.5,172.4,0.7,173.4,169.1,0.972,UP,1,1,0,FORM ISSUE,Pelvis tilting - keep hips square
77500,RIGHT,179.3,173.8,179.3,176.1,160.3,172.3,0.5,173.7,167.9,0.972,UP,1,1,0,FORM ISSUE,Pelvis tilting - keep hips square
77533,RIGHT,179.2,173.2,179.4,175.2,158.9,171.9,0.2,174.2,167.4,0.97,UP,1,1,0,FORM ISSUE,Pelvis tilting - keep hips square
77566,RIGHT,177.0,172.7,178.9,174.2,158.2,171.9,0.2,175.3,166.4,0.969,UP,1,1,0,FORM ISSUE,Pelvis tilting - keep hips square
77600,RIGHT,176.0,171.9,178.2,173.2,157.4,170.9,0.2,174.0,165.0,0.967,UP,1,1,0,FORM ISSUE,Pelvis tilting - keep hips square
77633,RIGHT,174.8,173.5,177.3,173.0,156.1,171.4,0.6,173.8,164.3,0.965,UP,1,1,0,FORM ISSUE,Pelvis tilting - keep hips square
77666,RIGHT,168.6,174.1,175.1,173.1,152.6,170.8,0.6,173.7,163.5,0.963,UP,1,1,0,FORM ISSUE,Pelvis tilting - keep hips square
77700,RIGHT,160.3,178.0,171.4,174.1,149.6,172.0,0.5,174.2,163.0,0.958,UP,1,1,0,FORM ISSUE,Pelvis tilting - keep hips square
77733,RIGHT,157.9,175.1,167.5,174.5,148.1,174.0,0.4,173.4,162.9,0.952,UP,1,1,0,FORM ISSUE,Pelvis tilting - keep hips square
77766,RIGHT,153.8,166.0,163.1,173.3,145.7,176.3,0.5,173.8,161.7,0.943,UP,1,1,0,FORM ISSUE,Pelvis tilting - keep hips square
77800,RIGHT,151.5,158.4,158.4,170.3,146.4,178.8,0.3,175.3,160.7,0.927,UP,1,1,0,FORM ISSUE,Pelvis tilting - keep hips square
77833,RIGHT,143.3,152.5,153.4,166.0,143.1,179.1,1.0,174.2,161.5,0.904,UP,1,1,0,FORM ISSUE,Pelvis tilting - keep hips square
77866,RIGHT,136.3,152.6,148.6,160.9,136.8,179.1,0.3,174.7,158.6,0.88,UP,1,1,0,FORM ISSUE,Pelvis tilting - keep hips square
77900,RIGHT,134.6,160.5,143.9,158.0,135.4,176.2,0.9,172.3,159.4,0.855,UP,1,1,0,FORM ISSUE,Pelvis tilting - keep hips square
77933,RIGHT,131.1,149.4,139.4,154.7,131.3,179.4,2.1,174.1,158.3,0.831,DOWN,1,1,0,FORM ISSUE,Pelvis tilting - keep hips square
77966,RIGHT,130.7,153.5,135.2,153.7,129.8,178.5,3.1,175.2,158.1,0.811,DOWN,1,1,0,FORM ISSUE,Pelvis tilting - keep hips square
78000,RIGHT,127.4,149.2,132.0,153.0,128.9,179.4,3.8,177.6,159.9,0.796,DOWN,1,1,0,FORM ISSUE,Pelvis tilting - keep hips square
78033,RIGHT,126.1,128.6,130.0,148.2,129.5,178.0,3.7,174.4,162.3,0.776,DOWN,1,1,0,FORM ISSUE,Pelvis tilting - keep hips square
78066,RIGHT,119.7,153.1,127.0,146.8,129.3,178.3,3.6,174.1,165.1,0.758,DOWN,1,1,0,FORM ISSUE,Pelvis tilting - keep hips square
78100,RIGHT,115.1,152.6,123.8,147.4,131.8,178.8,3.0,173.6,166.5,0.738,DOWN,1,1,0,FORM ISSUE,Pelvis tilting - keep hips square
78133,RIGHT,105.4,139.0,118.7,144.5,132.7,176.7,2.8,173.1,170.7,0.718,DOWN,1,1,0,FORM ISSUE,Pelvis tilting - keep hips square
78166,RIGHT,94.7,114.8,112.2,137.6,131.3,179.8,2.8,173.0,169.0,0.696,DOWN,1,1,0,FORM ISSUE,Pelvis tilting - keep hips square
78200,RIGHT,95.5,138.5,106.1,139.6,131.7,177.9,2.4,174.1,167.9,0.675,DOWN,1,1,0,FORM ISSUE,Pelvis tilting - keep hips square
78233,RIGHT,97.2,147.1,101.6,138.4,131.6,176.7,2.2,173.2,168.1,0.648,DOWN,1,1,0,FORM ISSUE,Pelvis tilting - keep hips square
78266,RIGHT,88.1,108.5,96.2,129.6,124.5,176.1,2.4,173.7,164.4,0.62,DOWN,1,1,0,FORM ISSUE,Pelvis tilting - keep hips square
78300,RIGHT,79.1,64.6,90.9,114.7,121.3,175.9,2.0,175.0,161.9,0.591,DOWN,1,1,0,FORM ISSUE,Pelvis tilting - keep hips square
78333,RIGHT,78.3,81.4,87.7,108.0,123.0,173.4,2.0,178.7,160.3,0.563,DOWN,1,1,0,FORM ISSUE,Pelvis tilting - keep hips square
78366,RIGHT,84.3,139.4,85.4,108.2,125.4,176.5,1.8,178.2,162.2,0.539,DOWN,1,1,0,FORM ISSUE,Pelvis tilting - keep hips square
78400,RIGHT,86.3,155.8,83.2,109.9,125.4,178.4,1.7,177.6,161.1,0.518,DOWN,1,1,0,FORM ISSUE,Pelvis tilting - keep hips square
78433,,,,,,,,,,,0.498,DOWN,1,1,0,LOW CONFIDENCE,Adjust camera view
78466,,,,,,,,,,,0.476,DOWN,1,1,0,LOW CONFIDENCE,Adjust camera view
78500,,,,,,,,,,,0.456,DOWN,1,1,0,LOW CONFIDENCE,Adjust camera view
78533,,,,,,,,,,,0.434,DOWN,1,1,0,LOW CONFIDENCE,Adjust camera view
78566,,,,,,,,,,,0.414,DOWN,1,1,0,LOW CONFIDENCE,Adjust camera view
78600,,,,,,,,,,,0.396,DOWN,1,1,0,LOW CONFIDENCE,Adjust camera view
78633,,,,,,,,,,,0.381,DOWN,1,1,0,LOW CONFIDENCE,Adjust camera view
78666,,,,,,,,,,,0.367,DOWN,1,1,0,LOW CONFIDENCE,Adjust camera view
78700,,,,,,,,,,,0.355,DOWN,1,1,0,LOW CONFIDENCE,Adjust camera view
78733,,,,,,,,,,,0.344,DOWN,1,1,0,LOW CONFIDENCE,Adjust camera view
78766,,,,,,,,,,,0.333,DOWN,1,1,0,LOW CONFIDENCE,Adjust camera view
78800,,,,,,,,,,,0.323,DOWN,1,1,0,LOW CONFIDENCE,Adjust camera view
78833,,,,,,,,,,,0.313,DOWN,1,1,0,LOW CONFIDENCE,Adjust camera view
78866,,,,,,,,,,,0.304,DOWN,1,1,0,LOW CONFIDENCE,Adjust camera view
78900,,,,,,,,,,,0.299,DOWN,1,1,0,LOW CONFIDENCE,Adjust camera view
78933,,,,,,,,,,,0.294,DOWN,1,1,0,LOW CONFIDENCE,Adjust camera view
78966,,,,,,,,,,,0.29,DOWN,1,1,0,LOW CONFIDENCE,Adjust camera view
79000,,,,,,,,,,,0.288,DOWN,1,1,0,LOW CONFIDENCE,Adjust camera view
79033,,,,,,,,,,,0.287,DOWN,1,1,0,LOW CONFIDENCE,Adjust camera view
79066,,,,,,,,,,,0.284,DOWN,1,1,0,LOW CONFIDENCE,Adjust camera view
79100,,,,,,,,,,,0.281,DOWN,1,1,0,LOW CONFIDENCE,Adjust camera view
79133,,,,,,,,,,,0.276,DOWN,1,1,0,LOW CONFIDENCE,Adjust camera view
79166,,,,,,,,,,,0.273,DOWN,1,1,0,LOW CONFIDENCE,Adjust camera view
79200,,,,,,,,,,,0.271,DOWN,1,1,0,LOW CONFIDENCE,Adjust camera view
79233,,,,,,,,,,,0.27,DOWN,1,1,0,LOW CONFIDENCE,Adjust camera view
79266,,,,,,,,,,,0.272,DOWN,1,1,0,LOW CONFIDENCE,Adjust camera view
79300,,,,,,,,,,,0.278,DOWN,1,1,0,LOW CONFIDENCE,Adjust camera view
79333,,,,,,,,,,,0.29,DOWN,1,1,0,LOW CONFIDENCE,Adjust camera view
79366,,,,,,,,,,,0.303,DOWN,1,1,0,LOW CONFIDENCE,Adjust camera view
79400,,,,,,,,,,,0.322,DOWN,1,1,0,LOW CONFIDENCE,Adjust camera view
79433,,,,,,,,,,,0.346,DOWN,1,1,0,LOW CONFIDENCE,Adjust camera view
79466,,,,,,,,,,,0.375,DOWN,1,1,0,LOW CONFIDENCE,Adjust camera view
79500,,,,,,,,,,,0.404,DOWN,1,1,0,LOW CONFIDENCE,Adjust camera view
79533,,,,,,,,,,,0.434,DOWN,1,1,0,LOW CONFIDENCE,Adjust camera view
79566,,,,,,,,,,,0.461,DOWN,1,1,0,LOW CONFIDENCE,Adjust camera view
79600,,,,,,,,,,,0.489,DOWN,1,1,0,LOW CONFIDENCE,Adjust camera view
79633,RIGHT,164.6,165.2,98.5,121.3,160.9,170.7,4.3,169.4,149.9,0.513,DOWN,1,1,0,FORM ISSUE,Pelvis tilting - keep hips square
79666,RIGHT,167.6,167.2,116.2,141.8,162.2,169.8,4.3,168.1,156.2,0.532,DOWN,1,1,0,FORM ISSUE,Pelvis tilting - keep hips square
79700,RIGHT,169.5,168.8,134.5,159.3,164.0,169.8,4.2,169.8,158.7,0.551,DOWN,1,1,0,FORM ISSUE,Pelvis tilting - keep hips square
79733,RIGHT,174.8,178.3,152.6,167.1,167.5,172.7,4.2,178.7,165.6,0.568,DOWN,1,1,0,FORM ISSUE,Pelvis tilting - keep hips square
79766,RIGHT,176.3,176.8,170.6,171.3,168.7,173.8,4.6,173.2,161.3,0.581,DOWN,1,1,0,FORM ISSUE,Pelvis tilting - keep hips square
79800,RIGHT,178.5,175.9,173.3,173.4,170.9,174.4,4.6,172.5,169.3,0.589,DOWN,1,1,0,FORM ISSUE,Pelvis tilting - keep hips square
79833,LEFT,177.2,170.9,175.3,174.1,176.0,176.2,3.2,172.7,168.4,0.594,DOWN,1,1,0,FORM ISSUE,Pelvis tilting - keep hips square
79866,RIGHT,177.5,172.1,176.9,174.8,177.2,174.7,3.2,173.5,173.2,0.596,DOWN,1,1,0,FORM ISSUE,Pelvis tilting - keep hips square
79900,RIGHT,179.0,170.7,177.7,173.3,175.6,174.5,2.9,172.4,170.3,0.592,UP,1,1,0,FORM ISSUE,Pelvis tilting - keep hips square
79933,RIGHT,178.0,177.8,178.1,173.5,177.1,173.7,3.3,170.9,177.2,0.583,UP,1,1,0,FORM ISSUE,Pelvis tilting - keep hips square
79966,RIGHT,176.3,177.7,177.6,173.8,177.4,172.9,3.2,171.9,173.6,0.578,UP,1,1,0,FORM ISSUE,Pelvis tilting - keep hips square
80000,RIGHT,177.9,179.3,177.7,175.5,178.4,174.4,2.6,174.1,174.4,0.576,UP,1,1,0,FORM ISSUE,Pelvis tilting - keep hips square
80033,RIGHT,177.7,177.7,177.8,176.6,179.6,177.4,3.3,172.0,161.6,0.574,UP,1,1,0,FORM ISSUE,Pelvis tilting - keep hips square
80066,LEFT,178.3,179.6,177.6,178.4,173.4,179.7,2.4,175.1,176.2,0.58,UP,1,1,0,FORM ISSUE,Pelvis tilting - keep hips square
80100,,,,,,,,,,,0.467,UP,1,1,0,NO PERSON,Step into frame
80133,,,,,,,,,,,0.352,UP,1,1,0,NO PERSON,Step into frame
80166,,,,,,,,,,,0.236,UP,1,1,0,NO PERSON,Step into frame
80200,,,,,,,,,,,0.119,UP,1,1,0,NO PERSON,Step into frame
80233,,,,,,,,,,,0.116,UP,1,1,0,LOW CONFIDENCE,Adjust camera view
80266,,,,,,,,,,,0.228,UP,1,1,0,LOW CONFIDENCE,Adjust camera view
80300,,,,,,,,,,,0.339,UP,1,1,0,LOW CONFIDENCE,Adjust camera view
80333,,,,,,,,,,,0.449,UP,1,1,0,LOW CONFIDENCE,Adjust camera view
80366,RIGHT,178.5,179.2,177.7,178.7,175.1,179.8,0.3,44.2,24.4,0.556,UP,1,1,0,FORM ISSUE,Pelvis tilting - keep hips square
80400,RIGHT,179.7,179.6,178.4,179.1,175.3,176.2,0.4,18.6,17.1,0.548,UP,1,1,0,FORM ISSUE,Pelvis tilting - keep hips square
80433,RIGHT,178.9,177.9,178.6,178.8,175.3,176.3,0.2,24.4,23.2,0.544,UP,1,1,0,FORM ISSUE,Pelvis tilting - keep hips square
80466,RIGHT,177.4,178.8,178.6,179.0,174.9,177.5,0.0,29.3,21.9,0.544,UP,1,1,0,FORM ISSUE,Pelvis tilting - keep hips square
80500,RIGHT,175.2,179.3,177.9,179.0,173.2,179.1,1.0,26.9,19.4,0.545,UP,1,1,0,FORM ISSUE,Pelvis tilting - keep hips square
80533,RIGHT,176.9,179.9,177.6,179.1,174.5,178.6,0.5,23.3,21.1,0.544,UP,1,1,0,FORM ISSUE,Pelvis tilting - keep hips square
80566,RIGHT,179.1,174.5,177.5,178.1,178.6,175.9,0.0,156.0,163.1,0.542,UP,1,1,0,FORM ISSUE,Pelvis tilting - keep hips square
80600,RIGHT,176.1,177.5,176.9,178.0,174.4,179.6,1.2,24.2,11.6,0.537,UP,1,1,0,FORM ISSUE,Pelvis tilting - keep hips square
80633,LEFT,174.6,175.8,176.4,177.4,178.8,176.6,0.6,32.1,47.9,0.528,UP,1,1,0,FORM ISSUE,Pelvis tilting - keep hips square
80666,LEFT,175.2,171.1,176.4,175.7,179.1,173.4,1.6,3.8,5.8,0.519,UP,1,1,0,GOOD,Good Form
80700,LEFT,177.4,172.3,176.5,174.2,178.6,173.8,1.4,5.4,7.6,0.509,UP,1,1,0,GOOD,Good Form
80733,,,,,,,,,,,0.497,UP,1,1,0,LOW CONFIDENCE,Adjust camera view
80766,,,,,,,,,,,0.483,UP,1,1,0,LOW CONFIDENCE,Adjust camera view
80800,,,,,,,,,,,0.475,UP,1,1,0,LOW CONFIDENCE,Adjust camera view
80833,,,,,,,,,,,0.464,UP,1,1,0,LOW CONFIDENCE,Adjust camera view
80866,,,,,,,,,,,0.459,UP,1,1,0,LOW CONFIDENCE,Adjust camera view
80900,,,,,,,,,,,0.454,UP,1,1,0,LOW CONFIDENCE,Adjust camera view
80933,,,,,,,,,,,0.451,UP,1,1,0,LOW CONFIDENCE,Adjust camera view
80966,,,,,,,,,,,0.443,UP,1,1,0,LOW CONFIDENCE,Adjust camera view
81000,,,,,,,,,,,0.439,UP,1,1,0,LOW CONFIDENCE,Adjust camera view
81033,,,,,,,,,,,0.434,UP,1,1,0,LOW CONFIDENCE,Adjust camera view
81066,,,,,,,,,,,0.429,UP,1,1,0,LOW CONFIDENCE,Adjust camera view
81100,,,,,,,,,,,0.427,UP,1,1,0,LOW CONFIDENCE,Adjust camera view
81133,,,,,,,,,,,0.425,UP,1,1,0,LOW CONFIDENCE,Adjust camera view
81166,,,,,,,,,,,0.426,UP,1,1,0,LOW CONFIDENCE,Adjust camera view
81200,,,,,,,,,,,0.427,UP,1,1,0,LOW CONFIDENCE,Adjust camera view
81233,,,,,,,,,,,0.43,UP,1,1,0,LOW CONFIDENCE,Adjust camera view
81266,,,,,,,,,,,0.428,UP,1,1,0,LOW CONFIDENCE,Adjust camera view
81300,,,,,,,,,,,0.427,UP,1,1,0,LOW CONFIDENCE,Adjust camera view
81333,,,,,,,,,,,0.425,UP,1,1,0,LOW CONFIDENCE,Adjust camera view
81366,,,,,,,,,,,0.426,UP,1,1,0,LOW CONFIDENCE,Adjust camera view
81400,,,,,,,,,,,0.423,UP,1,1,0,LOW CONFIDENCE,Adjust camera view
81433,,,,,,,,,,,0.421,UP,1,1,0,LOW CONFIDENCE,Adjust camera view
81466,,,,,,,,,,,0.417,UP,1,1,0,LOW CONFIDENCE,Adjust camera view
81500,,,,,,,,,,,0.409,UP,1,1,0,LOW CONFIDENCE,Adjust camera view
81533,,,,,,,,,,,0.401,UP,1,1,0,LOW CONFIDENCE,Adjust camera view
81566,,,,,,,,,,,0.394,UP,1,1,0,LOW CONFIDENCE,Adjust camera view
81600,,,,,,,,,,,0.392,UP,1,1,0,LOW CONFIDENCE,Adjust camera view
81633,,,,,,,,,,,0.391,UP,1,1,0,LOW CONFIDENCE,Adjust camera view
81666,,,,,,,,,,,0.389,UP,1,1,0,LOW CONFIDENCE,Adjust camera view
81700,,,,,,,,,,,0.312,UP,1,1,0,NO PERSON,Step into frame
81733,,,,,,,,,,,0.234,UP,1,1,0,NO PERSON,Step into frame
81766,,,,,,,,,,,0.231,UP,1,1,0,LOW CONFIDENCE,Adjust camera view
81800,,,,,,,,,,,0.23,UP,1,1,0,LOW CONFIDENCE,Adjust camera view
81833,,,,,,,,,,,0.229,UP,1,1,0,LOW CONFIDENCE,Adjust camera view
81866,,,,,,,,,,,0.307,UP,1,1,0,LOW CONFIDENCE,Adjust camera view
81900,,,,,,,,,,,0.385,UP,1,1,0,LOW CONFIDENCE,Adjust camera view
81933,,,,,,,,,,,0.388,UP,1,1,0,LOW CONFIDENCE,Adjust camera view
81966,,,,,,,,,,,0.399,UP,1,1,0,LOW CONFIDENCE,Adjust camera view
82000,,,,,,,,,,,0.418,UP,1,1,0,LOW CONFIDENCE,Adjust camera view
82033,,,,,,,,,,,0.444,UP,1,1,0,LOW CONFIDENCE,Adjust camera view
82066,,,,,,,,,,,0.474,UP,1,1,0,LOW CONFIDENCE,Adjust camera view
82100,RIGHT,168.7,171.7,174.4,173.7,170.5,179.3,2.6,176.4,164.1,0.508,UP,1,1,0,FORM ISSUE,Pelvis tilting - keep hips square
82133,RIGHT,170.1,178.6,173.2,173.9,169.5,173.8,1.6,172.4,159.6,0.537,UP,1,1,0,FORM ISSUE,Pelvis tilting - keep hips square
82166,RIGHT,169.6,179.6,172.2,174.7,166.3,173.0,2.8,173.6,158.3,0.56,UP,1,1,0,FORM ISSUE,Pelvis tilting - keep hips square
82200,RIGHT,169.8,179.4,171.1,176.3,165.3,172.1,3.0,174.8,157.5,0.579,UP,1,1,0,FORM ISSUE,Pelvis tilting - keep hips square
82233,RIGHT,171.7,176.3,170.0,177.1,166.1,173.2,2.1,173.3,159.3,0.592,UP,1,1,0,FORM ISSUE,Pelvis tilting - keep hips square
82266,RIGHT,168.1,179.5,169.8,178.7,166.4,176.7,1.8,167.1,152.3,0.605,UP,1,1,0,FORM ISSUE,Pelvis tilting - keep hips square
82300,RIGHT,168.6,178.5,169.5,178.7,165.0,176.3,1.8,170.1,153.1,0.618,UP,1,1,0,FORM ISSUE,Pelvis tilting - keep hips square
82333,RIGHT,168.3,178.5,169.3,178.4,162.8,177.5,3.2,171.9,152.7,0.628,UP,1,1,0,FORM ISSUE,Pelvis tilting - keep hips square
82366,RIGHT,160.4,177.3,167.4,178.0,161.8,175.8,2.7,173.4,151.5,0.637,UP,1,1,0,FORM ISSUE,Pelvis tilting - keep hips square
82400,RIGHT,158.5,179.6,164.8,178.7,161.0,176.9,2.7,175.3,151.3,0.652,UP,1,1,0,FORM ISSUE,Pelvis tilting - keep hips square
82433,RIGHT,159.1,178.9,163.0,178.6,162.6,176.2,2.1,177.3,152.4,0.667,UP,1,1,0,FORM ISSUE,Pelvis tilting - keep hips square
82466,RIGHT,155.6,175.2,160.4,177.9,163.1,174.1,1.8,178.7,154.4,0.681,UP,1,1,0,FORM ISSUE,Pelvis tilting - keep hips square
82500,RIGHT,161.5,177.0,159.0,177.6,166.3,174.2,1.4,178.3,154.7,0.697,UP,1,1,0,FORM ISSUE,Pelvis tilting - keep hips square
82533,RIGHT,165.8,178.5,160.1,177.9,168.5,175.1,1.9,178.2,155.0,0.711,UP,1,1,0,FORM ISSUE,Pelvis tilting - keep hips square
82566,RIGHT,165.5,178.1,161.5,177.6,167.8,178.4,2.8,177.3,154.9,0.722,UP,1,1,0,FORM ISSUE,Pelvis tilting - keep hips square
82600,RIGHT,169.0,173.6,163.5,176.5,168.9,174.0,3.0,174.9,154.7,0.726,UP,1,1,0,FORM ISSUE,Pelvis tilting - keep hips square
82633,RIGHT,172.0,175.9,166.8,176.6,169.7,175.3,3.3,175.2,155.0,0.724,UP,1,1,0,FORM ISSUE,Pelvis tilting - keep hips square
82666,RIGHT,175.6,176.4,169.6,176.5,171.1,175.1,3.7,174.6,155.9,0.72,UP,1,1,0,FORM ISSUE,Pelvis tilting - keep hips square
82700,RIGHT,174.6,177.4,171.3,176.3,171.7,176.1,3.8,174.6,156.0,0.712,UP,1,1,0,FORM ISSUE,Pelvis tilting - keep hips square
82733,RIGHT,171.6,177.9,172.6,176.2,169.8,176.5,4.0,173.7,156.0,0.701,UP,1,1,0,FORM ISSUE,Pelvis tilting - keep hips square
82766,RIGHT,172.4,178.5,173.3,177.2,170.0,177.5,4.4,175.9,155.6,0.691,UP,1,1,0,FORM ISSUE,Pelvis tilting - keep hips square
82800,RIGHT,170.3,177.8,172.9,177.6,168.6,177.7,4.9,175.3,155.9,0.685,UP,1,1,0,FORM ISSUE,Pelvis tilting - keep hips square
82833,RIGHT,170.9,177.0,172.0,177.7,168.4,177.4,5.1,173.0,157.1,0.681,UP,1,1,0,FORM ISSUE,Pelvis tilting - keep hips square
82866,RIGHT,171.0,176.7,171.2,177.6,168.6,177.3,5.0,173.7,157.0,0.681,UP,1,1,0,FORM ISSUE,Pelvis tilting - keep hips square
82900,RIGHT,171.2,177.2,171.2,177.4,168.3,177.3,5.0,174.3,157.2,0.683,UP,1,1,0,FORM ISSUE,Pelvis tilting - keep hips square
82933,RIGHT,171.7,177.0,171.0,177.1,168.8,177.3,5.0,174.1,157.1,0.687,UP,1,1,0,FORM ISSUE,Pelvis tilting - keep hips square
82966,RIGHT,170.5,179.5,171.1,177.5,168.1,178.6,5.1,173.7,155.9,0.69,UP,1,1,0,FORM ISSUE,Pelvis tilting - keep hips square
83000,RIGHT,171.2,175.9,171.1,177.3,167.9,178.4,5.1,173.5,154.9,0.692,UP,1,1,0,FORM ISSUE,Pelvis tilting - keep hips square
83033,RIGHT,170.8,174.3,171.1,176.8,168.2,177.4,4.8,178.1,155.2,0.687,UP,1,1,0,FORM ISSUE,Pelvis tilting - keep hips square
83066,RIGHT,167.6,170.3,170.4,175.4,165.9,176.6,3.9,178.0,156.3,0.681,UP,1,1,0,FORM ISSUE,Pelvis tilting - keep hips square
83100,RIGHT,168.0,173.4,169.6,174.7,166.7,178.0,3.2,177.9,156.7,0.671,UP,1,1,0,FORM ISSUE,Pelvis tilting - keep hips square
83133,RIGHT,168.9,174.8,169.3,173.8,168.1,179.8,2.5,179.9,157.2,0.657,UP,1,1,0,FORM ISSUE,Pelvis tilting - keep hips square
83166,RIGHT,169.2,173.1,168.9,173.2,168.5,179.1,2.0,179.8,157.8,0.642,UP,1,1,0,FORM ISSUE,Pelvis tilting - keep hips square
83200,RIGHT,170.0,174.9,168.7,173.3,169.6,178.8,1.5,179.4,158.9,0.63,UP,1,1,0,FORM ISSUE,Pelvis tilting - keep hips square
83233,LEFT,173.1,169.0,169.8,173.0,175.0,169.9,1.0,178.7,159.6,0.621,UP,1,1,0,FORM ISSUE,Pelvis tilting - keep hips square
83266,LEFT,171.8,166.8,170.6,171.7,174.0,169.2,0.8,178.9,160.1,0.619,UP,1,1,0,FORM ISSUE,Pelvis tilting - keep hips square
83300,LEFT,173.0,164.2,171.4,169.6,173.1,169.6,0.2,178.4,160.3,0.625,UP,1,1,0,FORM ISSUE,Pelvis tilting - keep hips square
83333,LEFT,171.5,162.9,171.9,167.5,173.7,169.6,1.2,177.9,160.7,0.635,UP,1,1,0,FORM ISSUE,Pelvis tilting - keep hips square
83366,LEFT,172.9,163.5,172.4,165.3,173.1,170.7,1.5,175.6,161.8,0.648,UP,1,1,0,FORM ISSUE,Pelvis tilting - keep hips square
83400,LEFT,175.1,162.1,172.8,163.9,173.7,171.0,2.2,174.5,162.7,0.66,UP,1,1,0,FORM ISSUE,Pelvis tilting - keep hips square
83433,LEFT,172.4,163.5,173.0,163.2,173.5,173.2,3.1,176.2,163.9,0.673,UP,1,1,0,FORM ISSUE,Pelvis tilting - keep hips square
83466,LEFT,173.1,163.9,173.0,163.2,172.8,174.8,3.5,175.9,166.0,0.685,UP,1,1,0,FORM ISSUE,Pelvis tilting - keep hips square
83500,LEFT,176.4,162.0,174.0,163.0,173.4,176.0,3.9,178.1,167.4,0.698,UP,1,1,0,FORM ISSUE,Pelvis tilting - keep hips square
83533,LEFT,175.6,160.0,174.5,162.3,172.8,177.2,4.5,176.3,170.9,0.712,UP,1,1,0,FORM ISSUE,Pelvis tilting - keep hips square
83566,LEFT,175.3,160.0,174.6,161.9,171.8,177.5,4.6,178.9,169.0,0.726,UP,1,1,0,FORM ISSUE,Pelvis tilting - keep hips square
83600,LEFT,172.9,159.6,174.7,161.1,171.0,177.5,4.8,179.2,169.8,0.739,UP,1,1,0,FORM ISSUE,Pelvis tilting - keep hips square
83633,LEFT,171.0,161.0,174.3,160.5,169.1,175.0,4.7,177.4,170.2,0.752,UP,1,1,0,FORM ISSUE,Pelvis tilting - keep hips square
83666,LEFT,171.8,161.6,173.3,160.4,170.2,174.9,5.2,177.9,169.9,0.765,UP,1,1,0,FORM ISSUE,Pelvis tilting - keep hips square
83700,LEFT,169.2,156.0,172.0,159.6,169.9,174.1,6.2,171.8,172.9,0.777,UP,1,1,0,FORM ISSUE,Pelvis tilting - keep hips square
83733,LEFT,164.2,150.0,169.8,157.6,168.3,175.4,6.6,171.2,173.0,0.789,UP,1,1,0,FORM ISSUE,Pelvis tilting - keep hips square
83766,LEFT,163.9,155.6,168.0,156.8,168.4,176.0,6.9,171.7,174.3,0.801,UP,1,1,0,FORM ISSUE,Pelvis tilting - keep hips square
83800,LEFT,158.4,161.5,165.5,156.9,165.6,174.7,6.6,173.7,172.4,0.812,UP,1,1,0,FORM ISSUE,Pelvis tilting - keep hips square
83833,LEFT,155.8,161.5,162.3,156.9,163.5,172.7,5.8,178.9,171.2,0.821,UP,1,1,0,FORM ISSUE,Pelvis tilting - keep hips square
83866,LEFT,144.9,159.4,157.4,157.6,157.9,169.8,4.8,176.7,170.3,0.828,UP,1,1,0,FORM ISSUE,Pelvis tilting - keep hips square
83900,LEFT,144.8,160.0,153.6,159.6,154.0,170.0,4.1,180.0,171.6,0.834,UP,1,1,0,FORM ISSUE,Pelvis tilting - keep hips square
83933,LEFT,134.3,155.0,147.6,159.5,145.6,165.0,3.0,177.3,170.1,0.838,UP,1,1,0,FORM ISSUE,Pelvis tilting - keep hips square
83966,LEFT,130.5,148.5,142.1,156.9,142.1,161.4,2.5,177.5,169.8,0.839,UP,1,1,0,FORM ISSUE,Pelvis tilting - keep hips square
84000,LEFT,135.0,151.2,137.9,154.8,149.5,168.3,3.5,178.3,172.9,0.839,DOWN,1,1,0,FORM ISSUE,Pelvis tilting - keep hips square
84033,LEFT,144.7,138.9,137.9,150.7,159.4,170.3,3.8,177.9,173.1,0.833,DOWN,1,1,0,FORM ISSUE,Pelvis tilting - keep hips square
84066,LEFT,131.1,115.8,135.1,141.9,149.2,166.9,2.8,179.5,173.6,0.816,DOWN,1,1,0,FORM ISSUE,Pelvis tilting - keep hips square
84100,RIGHT,139.2,120.3,136.1,134.9,168.9,159.4,3.6,178.1,177.2,0.792,DOWN,1,1,0,FORM ISSUE,Pelvis tilting - keep hips square
84133,LEFT,119.1,112.8,133.8,127.8,149.6,160.1,2.9,179.8,177.5,0.768,DOWN,1,1,0,FORM ISSUE,Pelvis tilting - keep hips square
84166,RIGHT,143.6,118.5,135.6,121.3,161.5,153.0,2.6,178.4,178.9,0.737,DOWN,1,1,0,FORM ISSUE,Pelvis tilting - keep hips square
84200,RIGHT,142.0,106.7,135.0,114.8,168.1,168.6,3.2,179.0,179.9,0.703,DOWN,1,1,0,FORM ISSUE,Pelvis tilting - keep hips square
84233,RIGHT,158.1,147.8,140.4,121.2,168.7,175.7,3.4,176.4,179.3,0.672,DOWN,1,1,0,FORM ISSUE,Pelvis tilting - keep hips square
84266,RIGHT,141.8,158.6,140.9,128.9,160.5,176.3,3.6,176.7,178.0,0.641,DOWN,1,1,0,FORM ISSUE,Pelvis tilting - keep hips square
84300,RIGHT,151.7,159.1,147.4,138.2,169.1,179.7,4.2,175.6,176.1,0.606,DOWN,1,1,0,FORM ISSUE,Pelvis tilting - keep hips square
84333,RIGHT,147.5,172.5,148.2,149.0,170.9,173.3,4.0,177.4,176.7,0.573,DOWN,1,1,0,FORM ISSUE,Pelvis tilting - keep hips square
84366,RIGHT,128.9,173.0,145.6,162.2,162.6,174.3,4.0,179.1,177.3,0.549,DOWN,1,1,0,FORM ISSUE,Pelvis tilting - keep hips square
84400,RIGHT,121.5,174.9,138.3,167.7,161.2,173.6,4.2,178.5,175.0,0.527,DOWN,1,1,0,FORM ISSUE,Pelvis tilting - keep hips square
84433,RIGHT,111.6,174.1,132.2,170.7,162.9,176.6,4.3,177.3,173.7,0.511,DOWN,1,1,0,FORM ISSUE,Pelvis tilting - keep hips square
84466,,,,,,,,,,,0.499,DOWN,1,1,0,LOW CONFIDENCE,Adjust camera view
84500,,,,,,,,,,,0.495,DOWN,1,1,0,LOW CONFIDENCE,Adjust camera view
84533,,,,,,,,,,,0.487,DOWN,1,1,0,LOW CONFIDENCE,Adjust camera view
84566,,,,,,,,,,,0.479,DOWN,1,1,0,LOW CONFIDENCE,Adjust camera view
84600,,,,,,,,,,,0.473,DOWN,1,1,0,LOW CONFIDENCE,Adjust camera view
84633,,,,,,,,,,,0.466,DOWN,1,1,0,LOW CONFIDENCE,Adjust camera view
84666,,,,,,,,,,,0.454,DOWN,1,1,0,LOW CONFIDENCE,Adjust camera view
84700,,,,,,,,,,,0.45,DOWN,1,1,0,LOW CONFIDENCE,Adjust camera view
84733,,,,,,,,,,,0.449,DOWN,1,1,0,LOW CONFIDENCE,Adjust camera view
84766,,,,,,,,,,,0.447,DOWN,1,1,0,LOW CONFIDENCE,Adjust camera view
84800,,,,,,,,,,,0.443,DOWN,1,1,0,LOW CONFIDENCE,Adjust camera view
84833,,,,,,,,,,,0.436,DOWN,1,1,0,LOW CONFIDENCE,Adjust camera view
84866,,,,,,,,,,,0.428,DOWN,1,1,0,LOW CONFIDENCE,Adjust camera view
84900,,,,,,,,,,,0.428,DOWN,1,1,0,LOW CONFIDENCE,Adjust camera view
84933,,,,,,,,,,,0.432,DOWN,1,1,0,LOW CONFIDENCE,Adjust camera view
84966,,,,,,,,,,,0.444,DOWN,1,1,0,LOW CONFIDENCE,Adjust camera view
85000,,,,,,,,,,,0.466,DOWN,1,1,0,LOW CONFIDENCE,Adjust camera view
85033,,,,,,,,,,,0.49,DOWN,1,1,0,LOW CONFIDENCE,Adjust camera view
85066,LEFT,33.5,75.4,108.6,154.0,19.0,137.0,1.6,171.7,176.7,0.512,DOWN,1,1,0,FORM ISSUE,Pelvis tilting - keep hips square
85100,LEFT,108.6,102.6,100.8,140.0,96.2,146.5,1.5,170.6,174.4,0.533,DOWN,1,1,0,FORM ISSUE,Pelvis tilting - keep hips square
85133,LEFT,143.4,111.7,103.7,127.7,141.0,153.6,1.4,177.5,175.2,0.548,DOWN,1,1,0,FORM ISSUE,Pelvis tilting - keep hips square
85166,LEFT,144.9,108.4,108.4,114.4,148.2,153.2,1.3,175.7,172.6,0.556,DOWN,1,1,0,FORM ISSUE,Pelvis tilting - keep hips square
85200,RIGHT,153.1,146.9,116.7,109.0,168.3,160.2,1.6,178.6,171.3,0.555,DOWN,1,1,0,FORM ISSUE,Pelvis tilting - keep hips square
85233,LEFT,145.5,151.5,139.1,124.2,156.3,162.2,1.6,177.2,167.3,0.548,DOWN,1,1,0,FORM ISSUE,Pelvis tilting - keep hips square
85266,LEFT,160.9,157.7,149.6,135.2,164.1,163.7,0.7,168.5,169.0,0.543,DOWN,1,1,0,FORM ISSUE,Pelvis tilting - keep hips square
85300,LEFT,166.1,158.0,154.1,144.5,166.5,163.2,0.3,171.9,165.0,0.545,DOWN,1,1,0,FORM ISSUE,Pelvis tilting - keep hips square
85333,LEFT,164.6,162.5,158.0,155.3,165.7,164.5,0.2,166.3,165.4,0.554,DOWN,1,1,0,FORM ISSUE,Pelvis tilting - keep hips square
85366,LEFT,154.4,156.1,158.3,157.2,165.1,165.4,0.9,172.9,163.9,0.565,DOWN,1,1,0,FORM ISSUE,Pelvis tilting - keep hips square
85400,LEFT,161.9,162.5,161.6,159.4,171.9,173.9,1.3,163.5,159.2,0.575,DOWN,1,1,0,FORM ISSUE,Pelvis tilting - keep hips square
85433,LEFT,159.8,167.6,161.3,161.3,161.1,175.1,4.9,49.9,10.0,0.577,DOWN,1,1,0,FORM ISSUE,Pelvis tilting - keep hips square
85466,LEFT,161.0,174.5,160.3,164.6,165.6,175.8,4.2,72.5,40.0,0.576,DOWN,1,1,0,FORM ISSUE,Pelvis tilting - keep hips square
85500,LEFT,164.0,173.0,160.2,166.7,166.5,173.5,4.5,33.2,41.3,0.576,DOWN,1,1,0,FORM ISSUE,Pelvis tilting - keep hips square
85533,LEFT,174.2,162.0,164.2,167.9,175.9,179.9,3.9,53.2,108.8,0.578,DOWN,1,1,0,FORM ISSUE,Pelvis tilting - keep hips square
85566,LEFT,175.2,167.1,166.8,168.8,175.2,172.1,3.3,146.0,126.0,0.58,UP,1,1,0,FORM ISSUE,Pelvis tilting - keep hips square
85600,RIGHT,173.3,165.0,169.6,168.3,172.9,178.9,1.0,174.5,174.8,0.588,UP,1,1,0,FORM ISSUE,Pelvis tilting - keep hips square
85633,RIGHT,149.4,155.1,167.2,164.4,174.2,177.7,2.5,166.1,179.2,0.594,UP,1,1,0,FORM ISSUE,Pelvis tilting - keep hips square
85666,RIGHT,161.3,168.6,166.7,163.6,163.4,172.9,5.3,171.1,174.0,0.598,UP,1,1,0,FORM ISSUE,Pelvis tilting - keep hips square
85700,,,,,,,,,,,0.478,UP,1,1,0,NO PERSON,Step into frame
85733,,,,,,,,,,,0.361,UP,1,1,0,NO PERSON,Step into frame
85766,,,,,,,,,,,0.242,UP,1,1,0,NO PERSON,Step into frame
85800,,,,,,,,,,,0.121,UP,1,1,0,NO PERSON,Step into frame
85833,,,,,,,,,,,0.0,UP,1,1,0,NO PERSON,Step into frame
85866,,,,,,,,,,,0.0,UP,1,1,0,NO PERSON,Step into frame
85900,,,,,,,,,,,0.119,UP,1,1,0,LOW CONFIDENCE,Adjust camera view
85933,,,,,,,,,,,0.119,UP,1,1,0,NO PERSON,Step into frame
85966,,,,,,,,,,,0.119,UP,1,1,0,NO PERSON,Step into frame
86000,,,,,,,,,,,0.119,UP,1,1,0,NO PERSON,Step into frame
86033,,,,,,,,,,,0.119,UP,1,1,0,NO PERSON,Step into frame
86066,,,,,,,,,,,0.0,UP,1,1,0,NO PERSON,Step into frame
86100,,,,,,,,,,,0.0,UP,1,1,0,NO PERSON,Step into frame
86133,,,,,,,,,,,0.123,UP,1,1,0,LOW CONFIDENCE,Adjust camera view
86166,,,,,,,,,,,0.25,UP,1,1,0,LOW CONFIDENCE,Adjust camera view
86200,,,,,,,,,,,0.382,UP,1,1,0,LOW CONFIDENCE,Adjust camera view
86233,RIGHT,174.6,168.1,166.8,164.8,165.3,172.8,7.2,0.7,21.8,0.514,UP,1,1,0,FORM ISSUE,Shoulders uneven - keep level
86266,RIGHT,170.4,172.8,165.8,165.9,158.9,170.0,7.6,17.3,11.4,0.649,UP,1,1,0,FORM ISSUE,Pelvis tilting - keep hips square
86300,RIGHT,177.0,170.7,166.5,167.1,167.4,172.6,6.3,10.1,4.9,0.664,UP,1,1,0,GOOD,Good Form
86333,RIGHT,173.3,176.1,171.3,171.3,163.7,173.0,6.9,15.2,13.1,0.673,UP,1,1,0,FORM ISSUE,Pelvis tilting - keep hips square
86366,RIGHT,163.7,177.1,171.8,173.0,176.0,176.3,10.5,22.2,9.6,0.675,UP,1,1,0,FORM ISSUE,Pelvis tilting - keep hips square
86400,RIGHT,174.5,175.3,171.8,174.4,163.2,173.3,7.0,20.0,19.8,0.678,UP,1,1,0,FORM ISSUE,Pelvis tilting - keep hips square
86433,RIGHT,173.4,172.1,172.4,174.3,163.6,170.9,6.3,21.2,15.6,0.674,UP,1,1,0,FORM ISSUE,Pelvis tilting - keep hips square
86466,RIGHT,172.9,174.5,171.6,175.0,162.3,172.4,7.1,22.3,20.5,0.666,UP,1,1,0,FORM ISSUE,Pelvis tilting - keep hips square
86500,RIGHT,172.9,176.4,171.5,175.1,163.2,172.4,5.8,21.7,18.4,0.657,UP,1,1,0,FORM ISSUE,Pelvis tilting - keep hips square
86533,RIGHT,172.3,173.7,173.2,174.4,162.7,176.3,8.8,28.9,19.9,0.65,UP,1,1,0,FORM ISSUE,Pelvis tilting - keep hips square
86566,RIGHT,175.9,178.9,173.5,175.1,163.3,174.8,7.6,27.2,19.5,0.643,UP,1,1,0,FORM ISSUE,Pelvis tilting - keep hips square
86600,RIGHT,175.3,178.2,173.9,176.4,163.8,173.9,6.9,24.2,17.4,0.639,UP,1,1,0,FORM ISSUE,Pelvis tilting - keep hips square
86633,RIGHT,176.6,176.9,174.6,176.8,165.4,173.5,6.8,21.8,16.3,0.635,UP,1,1,0,FORM ISSUE,Pelvis tilting - keep hips square
86666,RIGHT,176.2,177.0,175.3,177.0,165.7,173.0,6.1,21.5,16.2,0.636,UP,1,1,0,FORM ISSUE,Pelvis tilting - keep hips square
86700,RIGHT,177.1,176.8,176.2,177.6,165.6,173.5,6.7,21.4,19.2,0.634,UP,1,1,0,FORM ISSUE,Pelvis tilting - keep hips square
86733,RIGHT,175.7,178.1,176.2,177.4,165.3,174.0,6.9,22.6,21.5,0.631,UP,1,1,0,FORM ISSUE,Pelvis tilting - keep hips square
86766,RIGHT,175.8,176.5,176.3,177.1,167.5,175.7,7.2,18.5,17.3,0.625,UP,1,1,0,FORM ISSUE,Pelvis tilting - keep hips square
86800,RIGHT,176.0,173.0,176.1,176.3,166.9,176.2,7.7,20.1,20.3,0.617,UP,1,1,0,FORM ISSUE,Pelvis tilting - keep hips square
86833,RIGHT,178.2,167.8,176.5,174.5,168.2,174.8,8.5,24.5,26.2,0.602,UP,1,1,0,FORM ISSUE,Pelvis tilting - keep hips square
86866,RIGHT,176.5,171.5,176.4,173.4,166.0,174.5,8.4,21.6,21.8,0.592,UP,1,1,0,FORM ISSUE,Pelvis tilting - keep hips square
86900,RIGHT,174.5,169.8,176.2,171.7,164.1,173.6,8.0,15.7,12.8,0.585,UP,1,1,0,FORM ISSUE,Pelvis tilting - keep hips square
86933,RIGHT,173.8,170.4,175.8,170.5,162.9,173.3,8.3,14.8,15.1,0.58,UP,1,1,0,FORM ISSUE,Pelvis tilting - keep hips square
86966,RIGHT,171.2,173.2,174.8,170.6,162.0,172.6,7.8,13.8,14.8,0.581,UP,1,1,0,FORM ISSUE,Pelvis tilting - keep hips square
87000,RIGHT,172.3,174.1,173.6,171.8,163.3,172.2,7.7,12.9,16.5,0.586,UP,1,1,0,FORM ISSUE,Pelvis tilting - keep hips square
87033,RIGHT,170.3,173.6,172.4,172.2,163.0,171.6,7.4,15.3,17.5,0.59,UP,1,1,0,FORM ISSUE,Pelvis tilting - keep hips square
87066,RIGHT,172.4,173.6,172.0,173.0,163.7,171.5,7.3,15.0,16.4,0.595,UP,1,1,0,FORM ISSUE,Pelvis tilting - keep hips square
87100,RIGHT,173.0,172.4,171.8,173.4,163.3,171.6,8.2,10.9,12.0,0.601,UP,1,1,0,GOOD,Good Form
87133,RIGHT,177.7,176.2,173.1,174.0,175.0,173.4,8.1,56.0,84.8,0.606,UP,1,1,0,FORM ISSUE,Pelvis tilting - keep hips square
87166,RIGHT,177.6,171.9,174.2,173.5,168.5,175.4,9.8,20.4,31.4,0.608,UP,1,1,0,FORM ISSUE,Pelvis tilting - keep hips square
87200,RIGHT,173.6,176.4,174.8,174.1,165.5,179.0,7.6,13.9,14.8,0.61,UP,1,1,0,FORM ISSUE,Pelvis tilting - keep hips square
87233,RIGHT,174.3,174.4,175.2,174.3,167.2,176.5,6.9,16.2,17.9,0.609,UP,1,1,0,FORM ISSUE,Pelvis tilting - keep hips square
87266,RIGHT,176.6,175.3,175.9,174.8,169.9,176.1,6.1,14.5,13.5,0.606,UP,1,1,0,FORM ISSUE,Pelvis tilting - keep hips square
87300,RIGHT,178.6,171.0,176.1,173.8,174.9,177.7,4.1,12.2,22.7,0.608,UP,1,1,0,FORM ISSUE,Pelvis tilting - keep hips square
87333,LEFT,178.1,179.3,176.2,175.3,178.2,179.3,2.1,167.6,177.0,0.615,UP,1,1,0,FORM ISSUE,Pelvis tilting - keep hips square
87366,LEFT,179.7,179.7,177.5,175.9,175.5,179.9,2.0,173.9,170.5,0.62,UP,1,1,0,FORM ISSUE,Pelvis tilting - keep hips square
87400,RIGHT,179.8,172.9,178.6,175.6,172.6,179.5,1.2,65.6,5.0,0.624,UP,1,1,0,FORM ISSUE,Pelvis tilting - keep hips square
87433,RIGHT,179.7,174.2,179.2,175.4,175.4,179.8,0.9,21.7,4.8,0.626,UP,1,1,0,FORM ISSUE,Pelvis tilting - keep hips square
87466,RIGHT,177.8,171.5,179.0,175.5,174.7,179.6,0.7,3.4,0.1,0.62,UP,1,1,0,GOOD,Good Form
87500,RIGHT,179.9,173.2,179.4,174.3,171.1,179.4,1.8,5.6,3.7,0.61,UP,1,1,0,GOOD,Good Form
87533,RIGHT,179.1,175.8,179.3,173.5,170.9,179.4,1.8,11.1,4.3,0.598,UP,1,1,0,GOOD,Good Form
87566,LEFT,178.9,177.9,179.1,174.5,179.8,173.2,2.7,165.9,174.4,0.592,UP,1,1,0,FORM ISSUE,Pelvis tilting - keep hips square
87600,RIGHT,178.7,177.5,178.9,175.2,171.3,178.7,4.2,168.8,175.6,0.592,UP,1,1,0,FORM ISSUE,Pelvis tilting - keep hips square
87633,RIGHT,174.6,179.1,178.2,176.7,166.4,177.6,5.3,175.8,174.7,0.598,UP,1,1,0,FORM ISSUE,Pelvis tilting - keep hips square
87666,LEFT,178.3,175.5,177.9,177.1,167.7,175.0,5.0,12.7,4.0,0.606,UP,1,1,0,FORM ISSUE,Pelvis tilting - keep hips square
87700,LEFT,178.8,175.8,177.9,177.2,167.9,176.7,5.9,10.2,4.5,0.615,UP,1,1,0,GOOD,Good Form
87733,LEFT,179.1,175.8,177.9,176.7,165.7,174.0,5.2,10.4,7.2,0.62,UP,1,1,0,GOOD,Good Form
87766,LEFT,179.9,176.4,178.1,176.5,166.0,171.3,4.5,8.6,8.2,0.625,UP,1,1,0,GOOD,Good Form
87800,RIGHT,177.7,179.6,178.7,176.6,167.8,173.9,5.7,179.2,179.9,0.632,UP,1,1,0,FORM ISSUE,Pelvis tilting - keep hips square
87833,LEFT,177.8,178.9,178.6,177.3,177.6,177.2,4.5,174.2,177.0,0.641,UP,1,1,0,FORM ISSUE,Pelvis tilting - keep hips square
87866,LEFT,180.0,175.8,178.9,177.3,177.7,172.7,6.3,154.3,159.7,0.653,UP,1,1,0,FORM ISSUE,Pelvis tilting - keep hips square
87900,LEFT,176.9,179.6,178.4,178.0,170.8,178.1,4.5,25.1,8.8,0.662,UP,1,1,0,FORM ISSUE,Pelvis tilting - keep hips square
87933,LEFT,174.5,174.6,177.4,177.7,161.7,166.6,3.6,14.3,6.8,0.668,UP,1,1,0,FORM ISSUE,Pelvis tilting - keep hips square
87966,LEFT,176.3,175.9,177.1,176.9,161.9,167.7,2.2,3.4,4.5,0.667,UP,1,1,0,GOOD,Good Form
88000,RIGHT,177.2,174.2,177.0,176.0,174.4,171.6,2.1,12.2,6.0,0.665,UP,1,1,0,FORM ISSUE,Pelvis tilting - keep hips square
88033,RIGHT,179.5,172.7,176.9,175.4,176.6,176.9,0.7,30.7,59.1,0.662,UP,1,1,0,FORM ISSUE,Pelvis tilting - keep hips square
88066,RIGHT,177.5,174.6,177.0,174.4,167.6,169.7,2.4,3.7,7.4,0.662,UP,1,1,0,GOOD,Good Form
88100,RIGHT,175.9,176.1,177.3,174.7,162.6,171.5,0.6,176.2,179.7,0.665,UP,1,1,0,FORM ISSUE,Pelvis tilting - keep hips square
88133,LEFT,176.8,176.4,177.4,174.8,174.2,161.2,0.2,179.7,176.7,0.672,UP,1,1,0,FORM ISSUE,Pelvis tilting - keep hips square
88166,RIGHT,177.6,171.2,177.5,174.2,167.6,178.4,3.6,164.8,179.2,0.681,UP,1,1,0,FORM ISSUE,Pelvis tilting - keep hips square
88200,RIGHT,171.2,176.3,175.8,174.9,157.8,174.3,1.0,178.6,175.9,0.693,UP,1,1,0,FORM ISSUE,Pelvis tilting - keep hips square
88233,LEFT,176.6,171.6,175.6,174.3,173.9,159.9,0.1,175.8,175.6,0.708,UP,1,1,0,FORM ISSUE,Pelvis tilting - keep hips square
88266,LEFT,177.9,168.0,176.0,172.7,176.0,162.0,0.0,176.7,173.4,0.723,UP,1,1,0,FORM ISSUE,Pelvis tilting - keep hips square
88300,LEFT,178.4,166.7,176.3,170.7,174.9,164.3,0.2,178.2,172.8,0.739,UP,1,1,0,FORM ISSUE,Pelvis tilting - keep hips square
88333,LEFT,180.0,166.2,176.8,169.7,176.1,166.3,0.1,179.5,171.2,0.754,UP,1,1,0,FORM ISSUE,Pelvis tilting - keep hips square
88366,RIGHT,166.2,179.4,175.8,170.4,167.8,177.1,0.1,178.3,170.8,0.769,UP,1,1,0,FORM ISSUE,Pelvis tilting - keep hips square
88400,RIGHT,168.6,179.0,174.2,171.8,168.9,177.5,0.3,178.1,169.0,0.78,UP,1,1,0,FORM ISSUE,Pelvis tilting - keep hips square
88433,RIGHT,170.9,179.3,172.8,174.1,169.2,177.0,0.5,178.5,168.1,0.785,UP,1,1,0,FORM ISSUE,Pelvis tilting - keep hips square
88466,RIGHT,172.9,177.5,171.7,176.3,170.1,176.2,0.8,178.8,167.4,0.784,UP,1,1,0,FORM ISSUE,Pelvis tilting - keep hips square
88500,RIGHT,173.2,178.0,170.4,178.6,169.7,177.2,1.0,179.0,166.1,0.778,UP,1,1,0,FORM ISSUE,Pelvis tilting - keep hips square
88533,RIGHT,174.9,176.9,172.1,178.1,170.5,177.4,1.5,175.5,165.3,0.767,UP,1,1,0,FORM ISSUE,Pelvis tilting - keep hips square
88566,RIGHT,174.1,179.0,173.2,178.1,170.6,177.6,1.8,174.7,163.4,0.751,UP,1,1,0,FORM ISSUE,Pelvis tilting - keep hips square
88600,RIGHT,174.6,178.2,174.0,177.9,170.4,177.6,2.0,175.7,162.2,0.734,UP,1,1,0,FORM ISSUE,Pelvis tilting - keep hips square
88633,RIGHT,174.2,177.1,174.2,177.8,170.4,176.9,2.1,174.8,162.7,0.718,UP,1,1,0,FORM ISSUE,Pelvis tilting - keep hips square
88666,RIGHT,173.7,176.8,174.3,177.6,170.0,176.8,2.0,174.3,161.7,0.705,UP,1,1,0,FORM ISSUE,Pelvis tilting - keep hips square
88700,RIGHT,173.1,177.0,174.0,177.6,169.1,177.3,2.3,173.9,161.3,0.69,UP,1,1,0,FORM ISSUE,Pelvis tilting - keep hips square
88733,RIGHT,173.8,177.2,173.9,177.3,168.6,177.5,2.7,174.3,160.2,0.677,UP,1,1,0,FORM ISSUE,Pelvis tilting - keep hips square
88766,RIGHT,174.9,177.1,174.0,177.0,168.4,177.4,2.9,174.2,160.3,0.664,UP,1,1,0,FORM ISSUE,Pelvis tilting - keep hips square
88800,RIGHT,172.6,177.5,173.6,177.1,168.0,178.0,3.1,175.1,160.8,0.654,UP,1,1,0,FORM ISSUE,Pelvis tilting - keep hips square
88833,RIGHT,172.7,177.3,173.4,177.2,168.0,178.3,3.1,176.4,160.8,0.644,UP,1,1,0,FORM ISSUE,Pelvis tilting - keep hips square
88866,RIGHT,173.6,176.9,173.5,177.2,168.4,178.6,3.2,175.2,160.2,0.637,UP,1,1,0,FORM ISSUE,Pelvis tilting - keep hips square
88900,RIGHT,173.5,176.9,173.5,177.2,168.1,179.1,3.5,175.3,160.4,0.636,UP,1,1,0,FORM ISSUE,Pelvis tilting - keep hips square
88933,RIGHT,173.4,177.2,173.2,177.2,167.6,179.9,3.9,175.7,160.9,0.642,UP,1,1,0,FORM ISSUE,Pelvis tilting - keep hips square
88966,RIGHT,173.4,177.9,173.3,177.3,167.7,179.7,3.9,176.7,161.1,0.651,UP,1,1,0,FORM ISSUE,Pelvis tilting - keep hips square
89000,RIGHT,173.3,178.0,173.4,177.4,167.2,179.2,4.1,177.2,161.2,0.667,UP,1,1,0,FORM ISSUE,Pelvis tilting - keep hips square
89033,RIGHT,173.4,178.0,173.4,177.6,167.3,178.4,4.0,178.3,161.2,0.686,UP,1,1,0,FORM ISSUE,Pelvis tilting - keep hips square
89066,RIGHT,173.8,177.7,173.5,177.8,167.6,177.2,3.7,179.0,161.8,0.707,UP,1,1,0,FORM ISSUE,Pelvis tilting - keep hips square
89100,RIGHT,174.7,177.6,173.7,177.8,168.5,177.1,3.7,178.6,162.1,0.728,UP,1,1,0,FORM ISSUE,Pelvis tilting - keep hips square
89133,RIGHT,175.8,176.7,174.2,177.6,169.4,175.9,3.6,178.4,162.2,0.749,UP,1,1,0,FORM ISSUE,Pelvis tilting - keep hips square
89166,RIGHT,176.2,177.8,174.8,177.6,169.6,175.4,3.4,176.3,162.8,0.768,UP,1,1,0,FORM ISSUE,Pelvis tilting - keep hips square
89200,RIGHT,177.1,177.9,175.5,177.6,170.5,174.3,3.2,177.8,163.1,0.785,UP,1,1,0,FORM ISSUE,Pelvis tilting - keep hips square
89233,RIGHT,176.7,179.6,176.1,177.9,170.6,173.5,2.9,177.2,162.9,0.799,UP,1,1,0,FORM ISSUE,Pelvis tilting - keep hips square
89266,RIGHT,176.2,178.1,176.4,178.0,170.2,171.9,2.4,177.2,162.9,0.811,UP,1,1,0,FORM ISSUE,Pelvis tilting - keep hips square
89300,RIGHT,175.9,179.7,176.4,178.6,169.8,172.2,2.1,177.7,163.0,0.819,UP,1,1,0,FORM ISSUE,Pelvis tilting - keep hips square
89333,RIGHT,175.7,179.6,176.3,179.0,168.8,172.0,2.1,176.8,162.8,0.824,UP,1,1,0,FORM ISSUE,Pelvis tilting - keep hips square
89366,RIGHT,176.6,179.6,176.2,179.3,168.7,171.5,1.8,177.1,163.1,0.827,UP,1,1,0,FORM ISSUE,Pelvis tilting - keep hips square
89400,RIGHT,176.6,178.4,176.2,179.1,168.5,172.0,1.6,177.9,163.3,0.826,UP,1,1,0,FORM ISSUE,Pelvis tilting - keep hips square
89433,RIGHT,175.3,179.4,176.0,179.3,167.8,172.7,1.6,178.3,164.0,0.824,UP,1,1,0,FORM ISSUE,Pelvis tilting - keep hips square
89466,RIGHT,175.4,179.9,175.9,179.4,167.2,174.3,2.1,178.8,163.8,0.821,UP,1,1,0,FORM ISSUE,Pelvis tilting - keep hips square
89500,RIGHT,176.1,178.1,176.0,179.1,167.2,173.5,2.2,178.5,163.7,0.82,UP,1,1,0,FORM ISSUE,Pelvis tilting - keep hips square
89533,RIGHT,175.1,178.8,175.7,178.9,166.3,173.5,2.0,178.9,163.8,0.82,UP,1,1,0,FORM ISSUE,Pelvis tilting - keep hips square
89566,RIGHT,176.1,178.4,175.6,178.9,166.4,173.9,1.9,179.1,164.0,0.823,UP,1,1,0,FORM ISSUE,Pelvis tilting - keep hips square
89600,RIGHT,176.7,176.7,175.9,178.4,165.9,173.3,2.0,179.9,164.3,0.829,UP,1,1,0,FORM ISSUE,Pelvis tilting - keep hips square
89633,RIGHT,177.2,178.2,176.2,178.0,166.0,173.9,1.8,179.4,165.0,0.837,UP,1,1,0,FORM ISSUE,Pelvis tilting - keep hips square
89666,RIGHT,177.5,178.3,176.5,178.1,165.7,174.6,1.8,179.6,165.0,0.846,UP,1,1,0,FORM ISSUE,Pelvis tilting - keep hips square
89700,RIGHT,178.4,178.4,177.2,178.0,165.7,175.0,1.7,178.9,165.9,0.855,UP,1,1,0,FORM ISSUE,Pelvis tilting - keep hips square
89733,RIGHT,178.1,179.4,177.6,178.2,166.0,175.2,1.4,179.3,166.4,0.864,UP,1,1,0,FORM ISSUE,Pelvis tilting - keep hips square
89766,RIGHT,178.4,179.0,177.9,178.7,165.8,174.7,1.5,179.0,166.7,0.873,UP,1,1,0,FORM ISSUE,Pelvis tilting - keep hips square
89800,RIGHT,178.7,179.6,178.2,178.9,166.1,174.9,1.2,178.9,167.4,0.88,UP,1,1,0,FORM ISSUE,Pelvis tilting - keep hips square
89833,RIGHT,178.9,179.5,178.5,179.2,165.9,176.0,1.3,177.4,167.6,0.886,UP,1,1,0,FORM ISSUE,Pelvis tilting - keep hips square
89866,RIGHT,178.1,179.5,178.4,179.4,165.6,174.6,1.1,177.4,167.6,0.892,UP,1,1,0,FORM ISSUE,Pelvis tilting - keep hips square
89900,RIGHT,177.8,179.6,178.4,179.4,165.5,174.4,0.9,177.3,167.9,0.896,UP,1,1,0,FORM ISSUE,Pelvis tilting - keep hips square
89933,RIGHT,177.6,179.6,178.2,179.6,165.2,174.5,0.9,177.6,168.0,0.9,UP,1,1,0,FORM ISSUE,Pelvis tilting - keep hips square
89966,RIGHT,177.1,179.0,177.9,179.4,164.3,174.3,1.2,177.6,168.0,0.904,UP,1,1,0,FORM ISSUE,Pelvis tilting - keep hips square
90000,RIGHT,177.2,178.6,177.6,179.2,164.6,174.3,1.1,175.9,168.0,0.908,UP,1,1,0,FORM ISSUE,Pelvis tilting - keep hips square
90033,RIGHT,177.1,177.7,177.4,178.9,164.6,174.0,1.0,176.7,167.9,0.91,UP,1,1,0,FORM ISSUE,Pelvis tilting - keep hips square
90066,RIGHT,178.0,177.4,177.4,178.5,165.0,173.9,1.0,177.0,167.8,0.913,UP,1,1,0,FORM ISSUE,Pelvis tilting - keep hips square
90100,RIGHT,178.1,177.2,177.5,178.0,164.8,174.2,1.1,177.3,167.7,0.916,UP,1,1,0,FORM ISSUE,Pelvis tilting - keep hips square
90133,RIGHT,178.1,177.2,177.7,177.6,164.5,174.2,1.1,177.3,167.9,0.919,UP,1,1,0,FORM ISSUE,Pelvis tilting - keep hips square
90166,RIGHT,178.2,176.5,177.9,177.2,164.7,174.0,0.9,177.3,168.0,0.922,UP,1,1,0,FORM ISSUE,Pelvis tilting - keep hips square
90200,RIGHT,178.5,176.8,178.2,177.0,165.1,174.2,0.9,177.4,167.9,0.923,UP,1,1,0,FORM ISSUE,Pelvis tilting - keep hips square
90233,RIGHT,178.6,177.1,178.3,177.0,165.1,173.6,0.8,177.5,168.0,0.924,UP,1,1,0,FORM ISSUE,Pelvis tilting - keep hips square
90266,RIGHT,178.9,177.8,178.4,177.1,165.1,174.0,0.9,177.8,168.2,0.925,UP,1,1,0,FORM ISSUE,Pelvis tilting - keep hips square
90300,RIGHT,178.6,177.8,178.6,177.2,165.2,173.8,0.7,177.7,168.3,0.925,UP,1,1,0,FORM ISSUE,Pelvis tilting - keep hips square
90333,RIGHT,178.6,177.4,178.6,177.4,165.0,174.3,0.8,177.7,168.2,0.925,UP,1,1,0,FORM ISSUE,Pelvis tilting - keep hips square
90366,RIGHT,178.5,178.2,178.6,177.6,165.2,174.3,0.7,177.3,168.2,0.925,UP,1,1,0,FORM ISSUE,Pelvis tilting - keep hips square
90400,RIGHT,178.6,179.3,178.6,178.1,165.4,174.2,0.6,177.0,168.6,0.926,UP,1,1,0,FORM ISSUE,Pelvis tilting - keep hips square
90433,RIGHT,179.2,179.4,178.7,178.4,165.5,175.0,0.9,177.1,168.6,0.926,UP,1,1,0,FORM ISSUE,Pelvis tilting - keep hips square
90466,RIGHT,179.2,179.4,178.8,178.7,165.7,174.6,0.7,177.5,168.7,0.927,UP,1,1,0,FORM ISSUE,Pelvis tilting - keep hips square
90500,RIGHT,179.0,179.0,178.9,179.1,165.5,174.5,0.6,177.3,168.8,0.929,UP,1,1,0,FORM ISSUE,Pelvis tilting - keep hips square
90533,RIGHT,179.1,179.4,179.0,179.3,165.6,174.5,0.6,177.6,168.6,0.931,UP,1,1,0,FORM ISSUE,Pelvis tilting - keep hips square
90566,RIGHT,179.2,179.7,179.2,179.4,165.7,174.6,0.5,177.6,168.7,0.932,UP,1,1,0,FORM ISSUE,Pelvis tilting - keep hips square
90600,RIGHT,180.0,179.7,179.3,179.5,165.9,174.6,0.5,177.9,168.7,0.932,UP,1,1,0,FORM ISSUE,Pelvis tilting - keep hips square
90633,RIGHT,179.9,178.6,179.4,179.3,165.6,174.9,0.6,178.0,168.5,0.932,UP,1,1,0,FORM ISSUE,Pelvis tilting - keep hips square
90666,RIGHT,179.1,177.8,179.4,179.1,165.6,174.6,0.4,178.0,168.6,0.931,UP,1,1,0,FORM ISSUE,Pelvis tilting - keep hips square
90700,RIGHT,179.0,177.9,179.4,178.8,165.5,174.4,0.3,177.7,168.9,0.93,UP,1,1,0,FORM ISSUE,Pelvis tilting - keep hips square
90733,RIGHT,178.9,177.9,179.4,178.4,165.7,174.1,0.1,177.2,169.2,0.929,UP,1,1,0,FORM ISSUE,Pelvis tilting - keep hips square
90766,RIGHT,179.0,178.0,179.2,178.0,166.2,174.4,0.0,176.8,169.5,0.93,UP,1,1,0,FORM ISSUE,Pelvis tilting - keep hips square
90800,RIGHT,179.5,177.8,179.1,177.9,166.2,174.5,0.1,176.9,169.1,0.929,UP,1,1,0,FORM ISSUE,Pelvis tilting - keep hips square
90833,RIGHT,179.3,178.1,179.2,177.9,166.1,174.3,0.0,177.0,169.0,0.931,UP,1,1,0,FORM ISSUE,Pelvis tilting - keep hips square
90866,RIGHT,179.4,178.1,179.2,178.0,166.3,174.3,0.1,177.6,169.2,0.931,UP,1,1,0,FORM ISSUE,Pelvis tilting - keep hips square
90900,RIGHT,179.9,177.9,179.4,178.0,166.6,174.4,0.0,177.6,169.0,0.931,UP,1,1,0,FORM ISSUE,Pelvis tilting - keep hips square
90933,RIGHT,179.8,178.9,179.6,178.2,166.6,174.0,0.1,177.9,168.9,0.932,UP,1,1,0,FORM ISSUE,Pelvis tilting - keep hips square
90966,RIGHT,179.6,178.8,179.6,178.4,167.0,173.8,0.4,177.2,169.2,0.932,UP,1,1,0,FORM ISSUE,Pelvis tilting - keep hips square
91000,RIGHT,180.0,178.8,179.7,178.5,167.0,173.5,0.4,179.7,169.1,0.931,UP,1,1,0,FORM ISSUE,Pelvis tilting - keep hips square
91033,RIGHT,179.7,179.1,179.8,178.7,167.4,173.7,0.7,177.1,169.2,0.931,UP,1,1,0,FORM ISSUE,Pelvis tilting - keep hips square
91066,RIGHT,179.6,178.7,179.7,178.9,167.0,173.7,0.6,177.1,169.0,0.93,UP,1,1,0,FORM ISSUE,Pelvis tilting - keep hips square
91100,RIGHT,179.9,178.0,179.8,178.7,166.4,173.7,0.4,177.1,169.0,0.929,UP,1,1,0,FORM ISSUE,Pelvis tilting - keep hips square
91133,RIGHT,179.8,178.1,179.8,178.5,166.0,173.9,0.3,177.2,169.0,0.929,UP,1,1,0,FORM ISSUE,Pelvis tilting - keep hips square
91166,RIGHT,179.8,176.2,179.8,178.0,165.9,174.1,0.3,176.6,168.9,0.929,UP,1,1,0,FORM ISSUE,Pelvis tilting - keep hips square
91200,RIGHT,179.9,176.4,179.8,177.5,165.6,174.1,0.2,177.4,169.1,0.929,UP,1,1,0,FORM ISSUE,Pelvis tilting - keep hips square
91233,RIGHT,179.6,176.3,179.8,177.0,166.0,173.9,0.5,176.8,169.0,0.929,UP,1,1,0,FORM ISSUE,Pelvis tilting - keep hips square
91266,RIGHT,179.4,176.4,179.7,176.7,165.7,173.8,0.4,177.6,169.2,0.928,UP,1,1,0,FORM ISSUE,Pelvis tilting - keep hips square
91300,RIGHT,179.8,177.0,179.7,176.5,165.8,173.7,0.6,176.5,169.3,0.929,UP,1,1,0,FORM ISSUE,Pelvis tilting - keep hips square
91333,RIGHT,179.8,177.4,179.7,176.7,165.6,173.8,0.6,176.5,169.4,0.929,UP,1,1,0,FORM ISSUE,Pelvis tilting - keep hips square
91366,RIGHT,179.1,177.6,179.6,176.9,165.6,174.0,0.7,176.5,169.3,0.93,UP,1,1,0,FORM ISSUE,Pelvis tilting - keep hips square
91400,RIGHT,178.9,178.0,179.4,177.3,165.2,174.2,0.6,176.5,169.5,0.931,UP,1,1,0,FORM ISSUE,Pelvis tilting - keep hips square
91433,RIGHT,178.2,178.2,179.2,177.6,165.1,174.6,0.6,176.4,169.5,0.931,UP,1,1,0,FORM ISSUE,Pelvis tilting - keep hips square
91466,RIGHT,176.8,178.5,178.6,177.9,165.1,174.7,0.7,176.2,169.5,0.93,UP,1,1,0,FORM ISSUE,Pelvis tilting - keep hips square
91500,RIGHT,177.0,178.7,178.0,178.2,165.3,174.8,0.8,175.4,169.8,0.93,UP,1,1,0,FORM ISSUE,Pelvis tilting - keep hips square
91533,RIGHT,177.1,178.9,177.6,178.5,165.1,174.8,0.9,174.4,169.8,0.93,UP,1,1,0,FORM ISSUE,Pelvis tilting - keep hips square
91566,RIGHT,176.8,178.8,177.2,178.6,164.9,174.6,0.9,174.6,169.9,0.93,UP,1,1,0,FORM ISSUE,Pelvis tilting - keep hips square
91600,RIGHT,176.7,178.7,176.9,178.7,165.3,174.5,1.0,174.7,170.1,0.932,UP,1,1,0,FORM ISSUE,Pelvis tilting - keep hips square
91633,RIGHT,176.6,178.6,176.8,178.7,165.2,174.1,1.0,174.7,170.3,0.934,UP,1,1,0,FORM ISSUE,Pelvis tilting - keep hips square
91666,RIGHT,176.6,179.2,176.7,178.8,165.0,174.0,0.9,174.8,170.3,0.936,UP,1,1,0,FORM ISSUE,Pelvis tilting - keep hips square
91700,RIGHT,176.8,179.2,176.7,178.9,165.0,173.9,1.0,175.0,170.3,0.937,UP,1,1,0,FORM ISSUE,Pelvis tilting - keep hips square
91733,RIGHT,176.8,179.3,176.7,179.0,165.2,173.5,1.3,173.9,170.7,0.938,UP,1,1,0,FORM ISSUE,Pelvis tilting - keep hips square
91766,RIGHT,176.6,179.2,176.7,179.1,165.0,173.7,1.3,174.0,170.8,0.938,UP,1,1,0,FORM ISSUE,Pelvis tilting - keep hips square
91800,RIGHT,176.8,178.9,176.7,179.2,165.2,173.5,1.6,172.6,171.2,0.938,UP,1,1,0,FORM ISSUE,Pelvis tilting - keep hips square
91833,RIGHT,176.9,178.9,176.8,179.1,165.1,173.7,1.5,172.7,171.4,0.937,UP,1,1,0,FORM ISSUE,Pelvis tilting - keep hips square
91866,RIGHT,176.7,179.5,176.8,179.1,165.0,173.6,1.6,172.3,171.4,0.937,UP,1,1,0,FORM ISSUE,Pelvis tilting - keep hips square
91900,RIGHT,176.8,179.9,176.8,179.3,165.1,173.8,1.8,172.0,171.4,0.936,UP,1,1,0,FORM ISSUE,Pelvis tilting - keep hips square
91933,RIGHT,176.6,179.6,176.8,179.3,165.0,174.0,1.8,172.5,171.3,0.934,UP,1,1,0,FORM ISSUE,Pelvis tilting - keep hips square
91966,RIGHT,176.2,180.0,176.6,179.6,164.8,173.3,1.8,172.5,171.4,0.932,UP,1,1,0,FORM ISSUE,Pelvis tilting - keep hips square
92000,RIGHT,175.8,180.0,176.4,179.8,164.5,173.4,1.8,172.7,171.5,0.93,UP,1,1,0,FORM ISSUE,Pelvis tilting - keep hips square
92033,RIGHT,175.9,179.9,176.2,179.9,164.5,173.5,1.9,172.6,171.7,0.928,UP,1,1,0,FORM ISSUE,Pelvis tilting - keep hips square
92066,RIGHT,175.4,178.8,176.0,179.6,164.4,173.6,1.8,172.8,171.8,0.927,UP,1,1,0,FORM ISSUE,Pelvis tilting - keep hips square
92100,RIGHT,175.8,179.2,175.8,179.6,164.6,173.7,1.9,172.8,171.7,0.926,UP,1,1,0,FORM ISSUE,Pelvis tilting - keep hips square
92133,RIGHT,175.8,179.4,175.7,179.5,164.6,173.7,1.9,173.1,171.8,0.925,UP,1,1,0,FORM ISSUE,Pelvis tilting - keep hips square
92166,RIGHT,175.7,179.5,175.7,179.4,164.7,173.7,2.0,173.2,171.8,0.923,UP,1,1,0,FORM ISSUE,Pelvis tilting - keep hips square
92200,RIGHT,175.6,179.1,175.6,179.2,164.7,173.8,2.0,172.8,172.0,0.922,UP,1,1,0,FORM ISSUE,Pelvis tilting - keep hips square
92233,RIGHT,175.4,179.8,175.6,179.4,164.6,173.7,2.0,172.9,172.0,0.921,UP,1,1,0,FORM ISSUE,Pelvis tilting - keep hips square
92266,RIGHT,174.2,179.6,175.3,179.5,164.5,174.0,1.9,172.9,172.1,0.921,UP,1,1,0,FORM ISSUE,Pelvis tilting - keep hips square
92300,RIGHT,174.6,179.9,175.1,179.6,165.0,173.8,2.0,173.3,172.4,0.921,UP,1,1,0,FORM ISSUE,Pelvis tilting - keep hips square
92333,RIGHT,174.4,179.4,174.8,179.6,164.6,173.9,1.9,173.3,172.3,0.922,UP,1,1,0,FORM ISSUE,Pelvis tilting - keep hips square
92366,RIGHT,175.0,179.8,174.7,179.7,164.9,173.9,1.9,173.4,172.3,0.922,UP,1,1,0,FORM ISSUE,Pelvis tilting - keep hips square
92400,RIGHT,174.8,179.8,174.6,179.7,164.8,173.6,2.0,173.4,172.5,0.923,UP,1,1,0,FORM ISSUE,Pelvis tilting - keep hips square
92433,RIGHT,174.8,179.6,174.7,179.7,164.6,173.6,1.9,173.3,172.4,0.925,UP,1,1,0,FORM ISSUE,Pelvis tilting - keep hips square
92466,RIGHT,175.4,179.8,174.9,179.7,164.9,173.6,2.0,173.6,172.3,0.926,UP,1,1,0,FORM ISSUE,Pelvis tilting - keep hips square
92500,RIGHT,175.4,179.6,175.1,179.7,164.9,173.5,2.0,173.0,172.4,0.928,UP,1,1,0,FORM ISSUE,Pelvis tilting - keep hips square
92533,RIGHT,175.2,179.6,175.1,179.7,164.9,173.5,2.0,173.0,172.0,0.929,UP,1,1,0,FORM ISSUE,Pelvis tilting - keep hips square
92566,RIGHT,175.2,179.5,175.2,179.6,165.0,173.4,2.1,173.1,172.2,0.93,UP,1,1,0,FORM ISSUE,Pelvis tilting - keep hips square
92600,RIGHT,174.9,179.1,175.3,179.5,164.8,173.5,2.1,173.0,172.2,0.931,UP,1,1,0,FORM ISSUE,Pelvis tilting - keep hips square
92633,RIGHT,175.1,179.4,175.2,179.4,164.9,173.4,2.0,173.0,172.5,0.931,UP,1,1,0,FORM ISSUE,Pelvis tilting - keep hips square
92666,RIGHT,174.8,179.4,175.1,179.4,164.6,173.5,2.0,172.7,172.3,0.93,UP,1,1,0,FORM ISSUE,Pelvis tilting - keep hips square
92700,RIGHT,175.4,179.4,175.1,179.3,164.9,173.4,2.1,172.3,172.4,0.93,UP,1,1,0,FORM ISSUE,Pelvis tilting - keep hips square
92733,RIGHT,175.5,179.3,175.2,179.3,164.9,173.5,2.0,172.4,172.4,0.93,UP,1,1,0,FORM ISSUE,Pelvis tilting - keep hips square
92766,RIGHT,175.8,179.5,175.3,179.4,165.1,173.2,2.1,172.6,172.5,0.929,UP,1,1,0,FORM ISSUE,Pelvis tilting - keep hips square
92800,RIGHT,175.7,179.5,175.5,179.4,165.3,173.3,2.1,172.6,172.3,0.928,UP,1,1,0,FORM ISSUE,Pelvis tilting - keep hips square
92833,RIGHT,175.4,179.1,175.6,179.4,165.2,173.4,1.9,172.6,172.2,0.928,UP,1,1,0,FORM ISSUE,Pelvis tilting - keep hips square
92866,RIGHT,175.5,179.2,175.6,179.3,165.2,173.4,1.9,172.9,171.8,0.927,UP,1,1,0,FORM ISSUE,Pelvis tilting - keep hips square
92900,RIGHT,175.9,179.4,175.7,179.4,165.2,173.6,1.7,173.1,171.7,0.926,UP,1,1,0,FORM ISSUE,Pelvis tilting - keep hips square
92933,RIGHT,176.2,178.5,175.8,179.2,165.4,173.6,1.7,172.9,171.7,0.925,UP,1,1,0,FORM ISSUE,Pelvis tilting - keep hips square
92966,RIGHT,176.0,178.3,175.8,178.9,165.4,173.8,1.7,173.0,171.8,0.924,UP,1,1,0,FORM ISSUE,Pelvis tilting - keep hips square
93000,RIGHT,175.5,178.4,175.8,178.8,165.1,173.8,1.7,173.2,171.8,0.924,UP,1,1,0,FORM ISSUE,Pelvis tilting - keep hips square
93033,RIGHT,175.1,178.1,175.7,178.6,164.9,174.0,1.6,173.3,171.7,0.924,UP,1,1,0,FORM ISSUE,Pelvis tilting - keep hips square
93066,RIGHT,175.4,177.7,175.6,178.2,165.0,174.2,1.6,173.5,171.2,0.924,UP,1,1,0,FORM ISSUE,Pelvis tilting - keep hips square
93100,RIGHT,176.0,177.8,175.6,178.1,165.2,174.2,1.6,173.6,171.2,0.923,UP,1,1,0,FORM ISSUE,Pelvis tilting - keep hips square
93133,RIGHT,175.8,177.9,175.6,178.0,165.0,174.3,1.5,172.9,170.9,0.923,UP,1,1,0,FORM ISSUE,Pelvis tilting - keep hips square
93166,RIGHT,176.2,178.0,175.7,177.9,165.3,174.3,1.5,173.4,170.6,0.923,UP,1,1,0,FORM ISSUE,Pelvis tilting - keep hips square
93200,RIGHT,176.1,178.0,175.9,177.9,165.2,174.5,1.4,173.5,170.7,0.923,UP,1,1,0,FORM ISSUE,Pelvis tilting - keep hips square
93233,RIGHT,176.0,178.1,176.0,178.0,164.9,174.6,1.3,173.8,170.3,0.922,UP,1,1,0,FORM ISSUE,Pelvis tilting - keep hips square
93266,RIGHT,176.0,177.2,176.0,177.9,164.9,174.6,1.3,174.0,170.3,0.923,UP,1,1,0,FORM ISSUE,Pelvis tilting - keep hips square
93300,RIGHT,176.0,177.4,176.1,177.8,164.7,174.7,1.2,173.4,170.2,0.923,UP,1,1,0,FORM ISSUE,Pelvis tilting - keep hips square
93333,RIGHT,175.8,179.0,176.0,177.9,164.7,174.5,1.2,173.5,170.2,0.923,UP,1,1,0,FORM ISSUE,Pelvis tilting - keep hips square
93366,RIGHT,175.4,178.8,175.9,178.1,164.7,174.4,1.3,173.2,170.4,0.923,UP,1,1,0,FORM ISSUE,Pelvis tilting - keep hips square
93400,RIGHT,175.3,178.7,175.7,178.2,164.6,174.4,1.3,173.3,170.4,0.923,UP,1,1,0,FORM ISSUE,Pelvis tilting - keep hips square
93433,RIGHT,175.6,178.6,175.6,178.5,164.7,174.5,1.2,173.5,170.4,0.924,UP,1,1,0,FORM ISSUE,Pelvis tilting - keep hips square
93466,RIGHT,175.4,178.2,175.5,178.6,164.7,174.4,1.2,173.5,170.1,0.923,UP,1,1,0,FORM ISSUE,Pelvis tilting - keep hips square
93500,RIGHT,175.5,179.7,175.5,178.8,164.7,174.4,1.2,173.7,170.2,0.924,UP,1,1,0,FORM ISSUE,Pelvis tilting - keep hips square
93533,RIGHT,175.5,179.7,175.5,179.0,164.5,174.6,1.1,174.0,170.0,0.924,UP,1,1,0,FORM ISSUE,Pelvis tilting - keep hips square
93566,RIGHT,175.1,179.8,175.4,179.2,164.6,174.3,1.1,174.2,170.0,0.923,UP,1,1,0,FORM ISSUE,Pelvis tilting - keep hips square
93600,RIGHT,175.0,179.7,175.3,179.4,164.5,174.3,1.1,174.3,169.9,0.923,UP,1,1,0,FORM ISSUE,Pelvis tilting - keep hips square
93633,RIGHT,175.0,179.2,175.2,179.6,164.5,174.5,1.1,174.3,169.9,0.923,UP,1,1,0,FORM ISSUE,Pelvis tilting - keep hips square
93666,RIGHT,175.1,179.2,175.1,179.5,164.6,174.5,1.1,174.3,169.8,0.922,UP,1,1,0,FORM ISSUE,Pelvis tilting - keep hips square
93700,RIGHT,176.2,179.5,175.3,179.5,164.6,174.4,1.1,173.1,169.8,0.923,UP,1,1,0,FORM ISSUE,Pelvis tilting - keep hips square
93733,RIGHT,176.5,179.9,175.6,179.5,164.5,174.3,1.0,173.5,169.8,0.923,UP,1,1,0,FORM ISSUE,Pelvis tilting - keep hips square
93766,RIGHT,176.3,179.1,175.8,179.4,164.7,174.2,1.2,173.6,169.8,0.922,UP,1,1,0,FORM ISSUE,Pelvis tilting - keep hips square
93800,RIGHT,176.1,179.0,176.0,179.3,164.8,174.1,1.2,173.8,170.1,0.921,UP,1,1,0,FORM ISSUE,Pelvis tilting - keep hips square
93833,RIGHT,175.8,178.1,176.2,179.1,164.8,174.2,1.2,173.9,169.5,0.921,UP,1,1,0,FORM ISSUE,Pelvis tilting - keep hips square
93866,RIGHT,175.6,178.1,176.0,178.9,165.0,174.1,1.2,174.2,169.6,0.92,UP,1,1,0,FORM ISSUE,Pelvis tilting - keep hips square
93900,RIGHT,175.2,177.9,175.8,178.5,164.5,174.1,1.2,173.8,169.5,0.918,UP,1,1,0,FORM ISSUE,Pelvis tilting - keep hips square
93933,RIGHT,175.5,178.0,175.7,178.2,164.7,174.0,1.2,174.0,169.5,0.917,UP,1,1,0,FORM ISSUE,Pelvis tilting - keep hips square
93966,RIGHT,175.5,177.8,175.5,178.0,164.6,174.2,1.2,174.2,169.5,0.915,UP,1,1,0,FORM ISSUE,Pelvis tilting - keep hips square
94000,RIGHT,175.3,177.7,175.4,177.9,164.7,174.2,1.2,174.3,169.5,0.914,UP,1,1,0,FORM ISSUE,Pelvis tilting - keep hips square
94033,RIGHT,175.7,176.4,175.5,177.6,165.1,174.3,1.2,173.7,169.5,0.913,UP,1,1,0,FORM ISSUE,Pelvis tilting - keep hips square
94066,RIGHT,176.2,177.1,175.7,177.4,165.0,174.3,1.2,173.9,169.5,0.912,UP,1,1,0,FORM ISSUE,Pelvis tilting - keep hips square
94100,RIGHT,176.3,177.2,175.8,177.2,165.1,174.6,1.2,173.9,169.5,0.912,UP,1,1,0,FORM ISSUE,Pelvis tilting - keep hips square
94133,RIGHT,176.1,177.2,175.9,177.1,165.1,174.5,1.2,173.8,169.5,0.913,UP,1,1,0,FORM ISSUE,Pelvis tilting - keep hips square
94166,RIGHT,175.9,177.2,176.1,177.0,165.0,174.5,1.2,174.0,169.6,0.913,UP,1,1,0,FORM ISSUE,Pelvis tilting - keep hips square
94200,RIGHT,176.1,177.3,176.1,177.2,165.2,174.4,1.3,174.1,169.7,0.914,UP,1,1,0,FORM ISSUE,Pelvis tilting - keep hips square
94233,RIGHT,175.9,177.3,176.1,177.2,164.7,174.5,1.2,174.1,169.8,0.914,UP,1,1,0,FORM ISSUE,Pelvis tilting - keep hips square
94266,RIGHT,176.0,177.3,176.0,177.3,164.7,174.5,1.2,173.8,169.6,0.914,UP,1,1,0,FORM ISSUE,Pelvis tilting - keep hips square
94300,RIGHT,175.8,177.6,176.0,177.3,164.6,174.4,1.2,173.9,169.9,0.913,UP,1,1,0,FORM ISSUE,Pelvis tilting - keep hips square
94333,RIGHT,175.8,177.7,175.9,177.4,164.7,174.4,1.2,173.4,169.8,0.912,UP,1,1,0,FORM ISSUE,Pelvis tilting - keep hips square
94366,RIGHT,175.8,178.2,175.9,177.6,164.7,174.2,1.2,173.7,170.2,0.912,UP,1,1,0,FORM ISSUE,Pelvis tilting - keep hips square
94400,RIGHT,176.0,178.2,175.9,177.8,165.0,174.1,1.3,173.9,170.1,0.912,UP,1,1,0,FORM ISSUE,Pelvis tilting - keep hips square
94433,RIGHT,176.6,177.8,176.0,177.9,164.9,173.8,1.3,174.0,170.2,0.91,UP,1,1,0,FORM ISSUE,Pelvis tilting - keep hips square
94466,RIGHT,176.4,177.8,176.1,177.9,164.8,173.7,1.2,173.7,170.5,0.911,UP,1,1,0,FORM ISSUE,Pelvis tilting - keep hips square
94500,RIGHT,176.7,179.6,176.3,178.3,164.8,173.4,1.2,174.0,170.2,0.911,UP,1,1,0,FORM ISSUE,Pelvis tilting - keep hips square
94533,RIGHT,176.5,179.6,176.4,178.6,164.7,173.5,1.2,173.8,170.7,0.911,UP,1,1,0,FORM ISSUE,Pelvis tilting - keep hips square
94566,RIGHT,176.6,177.7,176.5,178.5,164.9,173.7,1.3,173.2,170.6,0.912,UP,1,1,0,FORM ISSUE,Pelvis tilting - keep hips square
94600,RIGHT,176.3,177.8,176.5,178.5,164.8,173.7,1.3,174.2,170.7,0.912,UP,1,1,0,FORM ISSUE,Pelvis tilting - keep hips square
94633,RIGHT,176.3,178.0,176.5,178.6,164.6,173.6,1.3,174.6,170.7,0.912,UP,1,1,0,FORM ISSUE,Pelvis tilting - keep hips square
94666,RIGHT,175.4,178.5,176.2,178.3,164.3,173.9,1.3,174.5,170.9,0.913,UP,1,1,0,FORM ISSUE,Pelvis tilting - keep hips square
94700,RIGHT,174.0,178.2,175.7,178.1,163.7,173.8,1.4,174.5,170.9,0.913,UP,1,1,0,FORM ISSUE,Pelvis tilting - keep hips square
94733,RIGHT,173.5,178.2,175.1,178.2,163.7,173.5,1.5,174.3,171.0,0.912,UP,1,1,0,FORM ISSUE,Pelvis tilting - keep hips square
94766,RIGHT,173.3,178.8,174.5,178.4,163.6,173.4,1.6,174.6,171.1,0.913,UP,1,1,0,FORM ISSUE,Pelvis tilting - keep hips square
94800,RIGHT,173.0,178.4,173.8,178.4,163.6,173.1,1.7,174.2,171.2,0.913,UP,1,1,0,FORM ISSUE,Pelvis tilting - keep hips square
94833,RIGHT,172.6,179.0,173.3,178.5,163.5,173.3,1.8,174.0,171.2,0.914,UP,1,1,0,FORM ISSUE,Pelvis tilting - keep hips square
94866,RIGHT,172.2,178.6,172.9,178.6,163.2,172.7,1.8,173.9,171.1,0.915,UP,1,1,0,FORM ISSUE,Pelvis tilting - keep hips square
94900,RIGHT,171.4,178.6,172.5,178.7,163.5,173.5,1.8,174.1,171.4,0.916,UP,1,1,0,FORM ISSUE,Pelvis tilting - keep hips square
94933,RIGHT,170.7,177.4,172.0,178.4,164.6,174.4,1.5,175.3,171.8,0.918,UP,1,1,0,FORM ISSUE,Pelvis tilting - keep hips square
94966,RIGHT,170.8,177.5,171.6,178.2,165.5,175.7,0.8,175.6,171.2,0.922,UP,1,1,0,FORM ISSUE,Pelvis tilting - keep hips square
95000,RIGHT,170.6,177.4,171.2,177.9,166.1,175.8,0.5,176.4,171.7,0.926,UP,1,1,0,FORM ISSUE,Pelvis tilting - keep hips square
95033,RIGHT,171.5,177.6,171.0,177.7,166.2,175.6,0.5,175.9,170.7,0.931,UP,1,1,0,FORM ISSUE,Pelvis tilting - keep hips square
95066,RIGHT,173.0,176.7,171.3,177.3,166.9,174.6,0.5,176.1,171.1,0.936,UP,1,1,0,FORM ISSUE,Pelvis tilting - keep hips square
95100,RIGHT,173.2,176.1,171.8,177.1,167.4,173.3,0.9,176.3,171.2,0.94,UP,1,1,0,FORM ISSUE,Pelvis tilting - keep hips square
95133,RIGHT,173.9,177.1,172.4,177.0,168.5,172.3,1.2,177.2,170.9,0.943,UP,1,1,0,FORM ISSUE,Pelvis tilting - keep hips square
95166,RIGHT,175.3,176.5,173.4,176.8,169.9,170.8,1.6,177.2,171.1,0.945,UP,1,1,0,FORM ISSUE,Pelvis tilting - keep hips square
95200,RIGHT,174.9,174.8,174.1,176.2,170.8,168.7,1.8,176.6,171.2,0.947,UP,1,1,0,FORM ISSUE,Pelvis tilting - keep hips square
95233,RIGHT,175.4,173.4,174.6,175.6,171.5,167.4,1.8,176.6,171.4,0.948,UP,1,1,0,FORM ISSUE,Pelvis tilting - keep hips square
95266,RIGHT,176.2,174.0,175.1,175.2,173.1,166.7,2.3,176.0,171.2,0.949,UP,1,1,0,FORM ISSUE,Pelvis tilting - keep hips square
95300,LEFT,176.7,177.4,175.7,175.2,166.3,175.3,3.0,175.2,171.0,0.948,UP,1,1,0,FORM ISSUE,Pelvis tilting - keep hips square
95333,RIGHT,177.1,175.6,176.1,175.0,174.3,165.3,2.7,176.8,170.4,0.948,UP,1,1,0,FORM ISSUE,Pelvis tilting - keep hips square
95366,RIGHT,176.1,174.7,176.3,175.0,174.5,164.8,2.6,176.6,170.2,0.947,UP,1,1,0,FORM ISSUE,Pelvis tilting - keep hips square
95400,RIGHT,175.5,174.5,176.3,175.2,173.2,166.0,1.8,178.3,168.8,0.945,UP,1,1,0,FORM ISSUE,Pelvis tilting - keep hips square
95433,RIGHT,175.3,176.5,176.1,175.7,173.5,166.8,1.8,178.2,168.2,0.944,UP,1,1,0,FORM ISSUE,Pelvis tilting - keep hips square
95466,RIGHT,174.4,174.3,175.7,175.1,172.8,165.2,1.5,179.7,167.5,0.943,UP,1,1,0,FORM ISSUE,Pelvis tilting - keep hips square
95500,RIGHT,174.4,174.5,175.1,174.9,172.0,166.7,0.6,179.9,166.9,0.941,UP,1,1,0,FORM ISSUE,Pelvis tilting - keep hips square
95533,RIGHT,174.5,174.8,174.8,174.9,171.3,167.3,0.1,179.2,166.9,0.941,UP,1,1,0,FORM ISSUE,Pelvis tilting - keep hips square
95566,RIGHT,174.9,174.7,174.7,175.0,171.0,167.6,0.7,178.4,166.6,0.94,UP,1,1,0,FORM ISSUE,Pelvis tilting - keep hips square
95600,RIGHT,175.5,175.6,174.7,174.8,170.6,168.1,1.5,177.9,166.3,0.94,UP,1,1,0,FORM ISSUE,Pelvis tilting - keep hips square
95633,RIGHT,175.8,175.0,175.0,174.9,170.3,168.3,2.1,177.1,165.8,0.94,UP,1,1,0,FORM ISSUE,Pelvis tilting - keep hips square
95666,RIGHT,177.4,174.1,175.6,174.8,170.5,169.5,2.6,176.4,165.4,0.941,UP,1,1,0,FORM ISSUE,Pelvis tilting - keep hips square
95700,RIGHT,178.1,175.2,176.3,174.9,170.7,172.6,3.4,176.1,164.2,0.941,UP,1,1,0,FORM ISSUE,Pelvis tilting - keep hips square
95733,RIGHT,178.6,175.9,177.1,175.1,170.1,173.7,3.9,176.5,163.9,0.942,UP,1,1,0,FORM ISSUE,Pelvis tilting - keep hips square
95766,RIGHT,178.3,176.2,177.6,175.3,169.7,174.7,4.3,176.5,163.8,0.943,UP,1,1,0,FORM ISSUE,Pelvis tilting - keep hips square
95800,RIGHT,177.9,178.2,178.1,175.9,169.3,176.4,4.6,176.4,163.3,0.943,UP,1,1,0,FORM ISSUE,Pelvis tilting - keep hips square
95833,RIGHT,178.1,178.2,178.2,176.7,168.8,176.6,4.9,176.1,162.9,0.943,UP,1,1,0,FORM ISSUE,Pelvis tilting - keep hips square
95866,RIGHT,178.4,179.3,178.3,177.5,168.6,177.0,5.0,175.7,162.7,0.943,UP,1,1,0,FORM ISSUE,Pelvis tilting - keep hips square
95900,RIGHT,178.6,179.0,178.3,178.2,168.4,177.1,5.2,174.3,162.3,0.943,UP,1,1,0,FORM ISSUE,Pelvis tilting - keep hips square
95933,RIGHT,178.9,179.7,178.4,178.9,167.9,178.0,5.5,175.7,161.7,0.943,UP,1,1,0,FORM ISSUE,Pelvis tilting - keep hips square
95966,RIGHT,178.4,179.5,178.5,179.2,168.2,177.6,5.2,176.1,161.3,0.944,UP,1,1,0,FORM ISSUE,Pelvis tilting - keep hips square
96000,RIGHT,177.4,179.9,178.4,179.5,168.1,177.3,5.3,175.7,161.0,0.945,UP,1,1,0,FORM ISSUE,Pelvis tilting - keep hips square
96033,RIGHT,177.1,179.5,178.1,179.6,167.8,177.6,5.4,174.9,159.9,0.946,UP,1,1,0,FORM ISSUE,Pelvis tilting - keep hips square
96066,RIGHT,177.3,180.0,177.8,179.8,167.8,177.3,5.4,175.2,159.9,0.947,UP,1,1,0,FORM ISSUE,Pelvis tilting - keep hips square
96100,RIGHT,177.7,179.9,177.6,179.8,168.1,177.3,5.3,175.2,159.8,0.948,UP,1,1,0,FORM ISSUE,Pelvis tilting - keep hips square
96133,RIGHT,177.7,179.3,177.4,179.8,168.1,177.2,5.3,175.3,159.6,0.949,UP,1,1,0,FORM ISSUE,Pelvis tilting - keep hips square
96166,RIGHT,178.3,179.0,177.6,179.6,168.5,176.7,5.2,175.4,159.5,0.95,UP,1,1,0,FORM ISSUE,Pelvis tilting - keep hips square
96200,RIGHT,177.9,178.8,177.8,179.4,168.6,176.7,5.2,175.5,159.6,0.951,UP,1,1,0,FORM ISSUE,Pelvis tilting - keep hips square
96233,RIGHT,178.1,178.6,177.9,179.1,168.5,176.8,5.3,175.5,159.1,0.951,UP,1,1,0,FORM ISSUE,Pelvis tilting - keep hips square
96266,RIGHT,178.6,178.4,178.1,178.8,168.7,176.5,5.2,175.5,159.0,0.951,UP,1,1,0,FORM ISSUE,Pelvis tilting - keep hips square
96300,RIGHT,178.5,178.3,178.3,178.6,168.9,176.5,5.2,176.1,159.0,0.952,UP,1,1,0,FORM ISSUE,Pelvis tilting - keep hips square
96333,RIGHT,178.3,178.3,178.3,178.5,168.9,176.5,5.2,175.8,158.6,0.952,UP,1,1,0,FORM ISSUE,Pelvis tilting - keep hips square
96366,RIGHT,178.9,178.3,178.5,178.4,168.9,176.5,5.2,175.8,158.6,0.952,UP,1,1,0,FORM ISSUE,Pelvis tilting - keep hips square
96400,RIGHT,179.1,178.3,178.7,178.3,169.0,176.4,5.1,175.8,158.1,0.952,UP,1,1,0,FORM ISSUE,Pelvis tilting - keep hips square
96433,RIGHT,178.5,178.2,178.7,178.3,169.4,176.4,5.0,175.4,158.1,0.952,UP,1,1,0,FORM ISSUE,Pelvis tilting - keep hips square
96466,RIGHT,178.3,178.4,178.6,178.3,169.3,176.5,5.0,174.6,157.9,0.952,UP,1,1,0,FORM ISSUE,Pelvis tilting - keep hips square
96500,RIGHT,178.3,178.9,178.6,178.4,169.4,176.4,4.8,175.3,157.9,0.952,UP,1,1,0,FORM ISSUE,Pelvis tilting - keep hips square
96533,RIGHT,178.1,179.2,178.5,178.6,169.4,176.3,4.7,176.0,158.1,0.952,UP,1,1,0,FORM ISSUE,Pelvis tilting - keep hips square
96566,RIGHT,177.9,179.6,178.2,178.9,169.5,176.6,4.6,176.1,158.4,0.952,UP,1,1,0,FORM ISSUE,Pelvis tilting - keep hips square
96600,RIGHT,177.5,179.6,178.0,179.2,169.6,176.4,4.4,176.6,158.5,0.953,UP,1,1,0,FORM ISSUE,Pelvis tilting - keep hips square
96633,RIGHT,177.7,179.9,177.9,179.5,169.8,176.3,4.1,177.4,158.8,0.954,UP,1,1,0,FORM ISSUE,Pelvis tilting - keep hips square
96666,RIGHT,177.1,179.5,177.7,179.6,169.5,177.2,4.3,176.1,158.8,0.955,UP,1,1,0,FORM ISSUE,Pelvis tilting - keep hips square
96700,RIGHT,176.8,179.6,177.4,179.7,169.3,176.3,3.9,176.2,158.9,0.956,UP,1,1,0,FORM ISSUE,Pelvis tilting - keep hips square
96733,RIGHT,176.8,179.9,177.2,179.7,169.1,176.5,3.6,176.8,159.1,0.958,UP,1,1,0,FORM ISSUE,Pelvis tilting - keep hips square
96766,RIGHT,177.0,179.8,177.1,179.8,168.8,177.4,3.8,177.4,159.3,0.959,UP,1,1,0,FORM ISSUE,Pelvis tilting - keep hips square
96800,RIGHT,177.1,178.5,177.0,179.5,168.3,176.5,3.7,177.4,159.0,0.961,UP,1,1,0,FORM ISSUE,Pelvis tilting - keep hips square
96833,RIGHT,177.8,179.0,177.1,179.4,168.6,176.7,3.5,177.1,159.2,0.962,UP,1,1,0,FORM ISSUE,Pelvis tilting - keep hips square
96866,RIGHT,177.4,179.0,177.2,179.2,168.3,176.5,3.2,177.0,159.0,0.963,UP,1,1,0,FORM ISSUE,Pelvis tilting - keep hips square
96900,RIGHT,177.6,178.9,177.4,179.0,167.9,176.6,3.2,177.9,159.1,0.964,UP,1,1,0,FORM ISSUE,Pelvis tilting - keep hips square
96933,RIGHT,178.7,176.8,177.7,178.4,168.4,175.4,3.0,178.1,159.4,0.965,UP,1,1,0,FORM ISSUE,Pelvis tilting - keep hips square
96966,RIGHT,178.9,176.9,178.1,178.1,168.8,175.0,2.5,178.3,160.2,0.966,UP,1,1,0,FORM ISSUE,Pelvis tilting - keep hips square
97000,RIGHT,177.6,177.9,178.0,177.9,168.9,175.7,2.3,178.9,160.3,0.967,UP,1,1,0,FORM ISSUE,Pelvis tilting - keep hips square
97033,RIGHT,177.6,176.9,178.1,177.5,169.3,175.4,2.2,179.7,160.3,0.968,UP,1,1,0,FORM ISSUE,Pelvis tilting - keep hips square
97066,RIGHT,177.9,176.9,178.2,177.1,170.0,174.8,1.7,179.6,160.7,0.968,UP,1,1,0,FORM ISSUE,Pelvis tilting - keep hips square
97100,RIGHT,177.5,176.8,177.9,177.1,170.7,174.4,1.1,179.5,159.7,0.967,UP,1,1,0,FORM ISSUE,Pelvis tilting - keep hips square
97133,RIGHT,177.0,176.5,177.5,177.0,170.6,173.3,0.9,179.9,161.0,0.964,UP,1,1,0,FORM ISSUE,Pelvis tilting - keep hips square
97166,RIGHT,177.8,176.5,177.6,176.7,170.9,172.9,0.6,179.6,161.1,0.96,UP,1,1,0,FORM ISSUE,Pelvis tilting - keep hips square
97200,RIGHT,176.5,176.6,177.4,176.7,169.9,173.2,0.5,178.3,161.1,0.956,UP,1,1,0,FORM ISSUE,Pelvis tilting - keep hips square
97233,RIGHT,176.4,176.5,177.0,176.6,170.6,173.0,0.1,177.2,161.3,0.951,UP,1,1,0,FORM ISSUE,Pelvis tilting - keep hips square
97266,RIGHT,176.4,177.0,176.8,176.6,170.6,173.1,0.3,176.9,162.1,0.947,UP,1,1,0,FORM ISSUE,Pelvis tilting - keep hips square
97300,RIGHT,175.7,178.1,176.6,176.9,169.5,174.7,0.1,177.1,162.9,0.942,UP,1,1,0,FORM ISSUE,Pelvis tilting - keep hips square
97333,RIGHT,175.8,178.8,176.2,177.4,169.1,175.0,0.1,176.5,163.0,0.938,UP,1,1,0,FORM ISSUE,Pelvis tilting - keep hips square
97366,RIGHT,175.9,179.5,176.1,178.0,169.8,174.9,0.6,176.1,162.8,0.935,UP,1,1,0,FORM ISSUE,Pelvis tilting - keep hips square
97400,RIGHT,175.7,179.1,175.9,178.5,169.5,174.5,0.8,175.9,164.2,0.931,UP,1,1,0,FORM ISSUE,Pelvis tilting - keep hips square
97433,RIGHT,175.3,180.0,175.7,179.1,168.5,175.4,0.6,175.3,164.7,0.928,UP,1,1,0,FORM ISSUE,Pelvis tilting - keep hips square
97466,RIGHT,174.6,179.8,175.5,179.4,167.9,175.2,0.7,175.5,164.6,0.927,UP,1,1,0,FORM ISSUE,Pelvis tilting - keep hips square
97500,RIGHT,175.0,179.5,175.3,179.6,168.1,175.4,1.0,175.7,164.8,0.925,UP,1,1,0,FORM ISSUE,Pelvis tilting - keep hips square
97533,RIGHT,174.8,179.4,175.1,179.6,167.9,175.7,0.9,175.8,165.4,0.924,UP,1,1,0,FORM ISSUE,Pelvis tilting - keep hips square
97566,RIGHT,173.1,179.3,174.6,179.6,167.3,175.9,1.2,176.0,165.1,0.925,UP,1,1,0,FORM ISSUE,Pelvis tilting - keep hips square
97600,RIGHT,172.7,179.1,174.0,179.4,166.8,175.7,1.2,175.1,166.0,0.925,UP,1,1,0,FORM ISSUE,Pelvis tilting - keep hips square
97633,RIGHT,171.4,178.9,173.4,179.2,166.3,175.5,1.5,175.6,165.7,0.925,UP,1,1,0,FORM ISSUE,Pelvis tilting - keep hips square
97666,RIGHT,171.6,179.2,172.7,179.2,166.7,175.3,1.5,175.3,165.8,0.926,UP,1,1,0,FORM ISSUE,Pelvis tilting - keep hips square
97700,RIGHT,171.8,179.6,172.1,179.2,166.6,174.8,1.5,176.0,166.0,0.927,UP,1,1,0,FORM ISSUE,Pelvis tilting - keep hips square
97733,RIGHT,172.0,179.6,171.9,179.3,166.7,174.8,1.5,175.1,166.0,0.927,UP,1,1,0,FORM ISSUE,Pelvis tilting - keep hips square
97766,RIGHT,171.8,180.0,171.7,179.5,166.5,174.9,1.4,175.2,166.1,0.927,UP,1,1,0,FORM ISSUE,Pelvis tilting - keep hips square
97800,RIGHT,172.4,179.8,171.9,179.6,167.0,174.6,1.6,174.8,166.2,0.928,UP,1,1,0,FORM ISSUE,Pelvis tilting - keep hips square
97833,RIGHT,172.5,179.5,172.1,179.7,167.0,174.6,1.5,174.8,166.5,0.929,UP,1,1,0,FORM ISSUE,Pelvis tilting - keep hips square
97866,RIGHT,173.3,179.6,172.4,179.7,167.5,174.6,1.6,174.8,166.7,0.931,UP,1,1,0,FORM ISSUE,Pelvis tilting - keep hips square
97900,RIGHT,173.3,179.5,172.6,179.7,167.5,174.5,1.5,174.8,166.8,0.932,UP,1,1,0,FORM ISSUE,Pelvis tilting - keep hips square
97933,RIGHT,172.8,179.0,172.8,179.5,167.6,173.9,1.6,174.5,166.8,0.933,UP,1,1,0,FORM ISSUE,Pelvis tilting - keep hips square
97966,RIGHT,172.8,179.1,172.9,179.3,167.6,174.0,1.6,174.6,166.7,0.934,UP,1,1,0,FORM ISSUE,Pelvis tilting - keep hips square
98000,RIGHT,172.7,179.4,173.0,179.3,167.5,173.8,1.5,174.2,167.0,0.936,UP,1,1,0,FORM ISSUE,Pelvis tilting - keep hips square
98033,RIGHT,173.1,179.0,172.9,179.2,167.9,173.5,1.5,174.8,167.3,0.938,UP,1,1,0,FORM ISSUE,Pelvis tilting - keep hips square
98066,RIGHT,172.9,178.7,172.8,179.0,167.8,173.4,1.5,174.0,167.4,0.94,UP,1,1,0,FORM ISSUE,Pelvis tilting - keep hips square
98100,RIGHT,172.9,178.6,172.9,179.0,167.8,173.3,1.5,174.5,167.5,0.942,UP,1,1,0,FORM ISSUE,Pelvis tilting - keep hips square
98133,RIGHT,173.0,178.2,172.9,178.8,167.9,173.0,1.5,174.5,167.9,0.943,UP,1,1,0,FORM ISSUE,Pelvis tilting - keep hips square
98166,RIGHT,173.3,178.1,173.0,178.5,167.9,173.4,1.5,174.8,168.0,0.945,UP,1,1,0,FORM ISSUE,Pelvis tilting - keep hips square
98200,RIGHT,173.4,178.1,173.1,178.3,167.8,173.4,1.5,175.0,168.4,0.946,UP,1,1,0,FORM ISSUE,Pelvis tilting - keep hips square
98233,RIGHT,173.9,178.1,173.3,178.2,167.8,173.7,1.6,175.1,168.3,0.948,UP,1,1,0,FORM ISSUE,Pelvis tilting - keep hips square
98266,RIGHT,173.8,178.2,173.5,178.2,167.8,173.8,1.6,175.1,168.3,0.949,UP,1,1,0,FORM ISSUE,Pelvis tilting - keep hips square
98300,RIGHT,173.7,177.3,173.6,178.0,167.9,173.3,1.6,174.9,168.4,0.949,UP,1,1,0,FORM ISSUE,Pelvis tilting - keep hips square
98333,RIGHT,173.5,178.3,173.7,178.0,168.0,173.2,1.6,175.2,168.2,0.949,UP,1,1,0,FORM ISSUE,Pelvis tilting - keep hips square
98366,RIGHT,173.5,178.2,173.7,178.0,168.1,173.1,1.6,175.9,168.2,0.949,UP,1,1,0,FORM ISSUE,Pelvis tilting - keep hips square
98400,RIGHT,174.3,177.9,173.8,178.0,168.2,173.2,1.6,174.8,168.2,0.949,UP,1,1,0,FORM ISSUE,Pelvis tilting - keep hips square
98433,RIGHT,174.3,178.0,173.9,178.0,168.2,173.1,1.7,175.7,168.1,0.948,UP,1,1,0,FORM ISSUE,Pelvis tilting - keep hips square
98466,RIGHT,174.2,178.4,174.0,178.2,168.2,173.1,1.7,175.6,168.1,0.948,UP,1,1,0,FORM ISSUE,Pelvis tilting - keep hips square
98500,RIGHT,174.4,178.2,174.1,178.1,168.3,173.1,1.7,175.8,167.9,0.947,UP,1,1,0,FORM ISSUE,Pelvis tilting - keep hips square
98533,RIGHT,174.4,178.1,174.3,178.1,168.4,173.1,1.7,176.2,167.9,0.947,UP,1,1,0,FORM ISSUE,Pelvis tilting - keep hips square
98566,RIGHT,174.2,177.9,174.3,178.1,168.5,173.3,1.8,175.6,167.8,0.948,UP,1,1,0,FORM ISSUE,Pelvis tilting - keep hips square
98600,RIGHT,174.1,178.4,174.2,178.2,168.4,173.0,1.8,175.6,168.0,0.949,UP,1,1,0,FORM ISSUE,Pelvis tilting - keep hips square
98633,RIGHT,174.1,178.5,174.2,178.2,168.4,173.3,1.9,175.7,167.9,0.949,UP,1,1,0,FORM ISSUE,Pelvis tilting - keep hips square
98666,RIGHT,174.4,178.5,174.2,178.3,168.3,173.5,1.7,175.9,167.9,0.95,UP,1,1,0,FORM ISSUE,Pelvis tilting - keep hips square
98700,RIGHT,173.1,178.7,174.0,178.4,167.7,173.2,1.8,175.9,168.1,0.95,UP,1,1,0,FORM ISSUE,Pelvis tilting - keep hips square
98733,RIGHT,173.2,178.7,173.8,178.6,167.7,173.5,1.8,175.9,168.1,0.95,UP,1,1,0,FORM ISSUE,Pelvis tilting - keep hips square
98766,RIGHT,173.2,178.3,173.6,178.5,167.9,173.4,1.9,175.5,167.8,0.949,UP,1,1,0,FORM ISSUE,Pelvis tilting - keep hips square
98800,RIGHT,172.9,178.2,173.4,178.5,168.2,173.2,2.3,175.5,167.3,0.948,UP,1,1,0,FORM ISSUE,Pelvis tilting - keep hips square
98833,RIGHT,172.6,178.6,173.0,178.5,168.3,173.2,2.4,174.9,167.2,0.946,UP,1,1,0,FORM ISSUE,Pelvis tilting - keep hips square
98866,RIGHT,172.4,178.6,172.9,178.5,168.1,173.2,2.4,174.5,167.2,0.944,UP,1,1,0,FORM ISSUE,Pelvis tilting - keep hips square
98900,RIGHT,170.9,178.7,172.4,178.5,167.3,173.3,2.5,174.4,167.0,0.942,UP,1,1,0,FORM ISSUE,Pelvis tilting - keep hips square
98933,RIGHT,169.4,178.1,171.6,178.4,166.3,173.4,2.4,174.6,167.0,0.94,UP,1,1,0,FORM ISSUE,Pelvis tilting - keep hips square
98966,RIGHT,169.1,178.7,170.9,178.5,165.9,173.2,2.5,174.1,166.5,0.938,UP,1,1,0,FORM ISSUE,Pelvis tilting - keep hips square
99000,RIGHT,169.7,179.0,170.3,178.6,165.0,173.5,2.5,173.6,166.3,0.938,UP,1,1,0,FORM ISSUE,Pelvis tilting - keep hips square
99033,RIGHT,170.3,179.1,169.9,178.7,164.4,173.6,2.5,173.4,166.1,0.937,UP,1,1,0,FORM ISSUE,Pelvis tilting - keep hips square
99066,RIGHT,170.2,179.1,169.7,178.8,163.4,173.7,2.5,173.5,166.0,0.937,UP,1,1,0,FORM ISSUE,Pelvis tilting - keep hips square
99100,RIGHT,170.1,179.2,169.9,179.0,162.2,173.8,2.4,173.0,165.3,0.937,UP,1,1,0,FORM ISSUE,Pelvis tilting - keep hips square
99133,RIGHT,170.8,179.0,170.2,179.1,160.9,173.9,2.4,172.7,165.4,0.937,UP,1,1,0,FORM ISSUE,Pelvis tilting - keep hips square
99166,RIGHT,171.8,178.9,170.6,179.1,160.1,173.6,2.4,172.2,165.6,0.936,UP,1,1,0,FORM ISSUE,Pelvis tilting - keep hips square
99200,RIGHT,173.2,178.7,171.2,179.0,160.0,173.6,2.4,171.4,165.6,0.935,UP,1,1,0,FORM ISSUE,Pelvis tilting - keep hips square
99233,RIGHT,174.8,178.5,172.1,178.8,159.8,173.6,2.4,170.9,165.4,0.934,UP,1,1,0,FORM ISSUE,Pelvis tilting - keep hips square
99266,RIGHT,175.9,177.7,173.3,178.6,160.1,172.4,2.7,171.2,164.5,0.933,UP,1,1,0,FORM ISSUE,Pelvis tilting - keep hips square
99300,RIGHT,176.8,177.2,174.5,178.2,158.6,172.0,2.6,171.9,165.0,0.933,UP,1,1,0,FORM ISSUE,Pelvis tilting - keep hips square
99333,RIGHT,177.0,176.6,175.5,177.7,158.4,171.2,2.6,172.4,165.6,0.933,UP,1,1,0,FORM ISSUE,Pelvis tilting - keep hips square
99366,RIGHT,175.9,176.0,176.1,177.2,157.2,170.5,2.7,172.0,165.2,0.934,UP,1,1,0,FORM ISSUE,Pelvis tilting - keep hips square
99400,RIGHT,177.5,174.6,176.6,176.4,158.7,168.5,3.5,171.9,166.4,0.934,UP,1,1,0,FORM ISSUE,Pelvis tilting - keep hips square
99433,RIGHT,178.2,175.7,177.1,176.0,158.9,168.9,3.8,171.9,166.7,0.935,UP,1,1,0,FORM ISSUE,Pelvis tilting - keep hips square
99466,RIGHT,177.4,176.4,177.2,175.9,159.0,169.0,3.9,171.7,167.7,0.935,UP,1,1,0,FORM ISSUE,Pelvis tilting - keep hips square
99500,RIGHT,177.6,176.2,177.3,175.8,157.9,169.4,3.3,172.0,167.3,0.936,UP,1,1,0,FORM ISSUE,Pelvis tilting - keep hips square
99533,RIGHT,176.1,175.4,177.4,175.7,157.7,168.3,3.3,172.5,167.5,0.937,UP,1,1,0,FORM ISSUE,Pelvis tilting - keep hips square
99566,RIGHT,174.4,176.7,176.8,176.1,156.7,169.1,2.9,173.4,167.2,0.938,UP,1,1,0,FORM ISSUE,Pelvis tilting - keep hips square
99600,RIGHT,168.8,178.5,174.9,176.6,153.8,168.8,3.1,171.8,166.4,0.938,UP,1,1,0,FORM ISSUE,Pelvis tilting - keep hips square
99633,RIGHT,165.8,179.9,172.6,177.3,153.4,167.7,3.6,171.5,166.4,0.938,UP,1,1,0,FORM ISSUE,Pelvis tilting - keep hips square
99666,RIGHT,163.9,174.4,169.8,177.0,152.7,170.5,3.2,171.8,166.2,0.936,UP,1,1,0,FORM ISSUE,Pelvis tilting - keep hips square
99700,RIGHT,163.8,172.8,167.4,176.4,152.4,170.1,3.1,172.5,166.5,0.933,UP,1,1,0,FORM ISSUE,Pelvis tilting - keep hips square
99733,RIGHT,161.0,169.2,164.7,175.0,151.9,169.7,3.5,171.3,165.3,0.929,UP,1,1,0,FORM ISSUE,Pelvis tilting - keep hips square
99766,RIGHT,158.7,160.6,162.6,171.4,150.3,173.9,2.8,170.7,164.8,0.923,UP,1,1,0,FORM ISSUE,Pelvis tilting - keep hips square
99800,RIGHT,150.8,158.7,159.6,167.1,145.9,175.1,2.2,171.4,163.9,0.915,UP,1,1,0,FORM ISSUE,Pelvis tilting - keep hips square
99833,RIGHT,144.0,163.3,155.7,164.9,142.7,173.3,2.3,170.8,162.8,0.905,UP,1,1,0,FORM ISSUE,Pelvis tilting - keep hips square
99866,RIGHT,139.6,160.0,150.8,162.4,139.3,174.1,1.7,172.1,161.1,0.896,UP,1,1,0,FORM ISSUE,Pelvis tilting - keep hips square
99900,RIGHT,133.5,160.6,145.3,160.7,131.9,174.4,0.2,173.8,159.9,0.887,UP,1,1,0,FORM ISSUE,Pelvis tilting - keep hips square
99933,RIGHT,131.7,158.8,139.9,160.3,128.0,176.2,1.4,174.1,156.9,0.876,DOWN,1,1,0,FORM ISSUE,Pelvis tilting - keep hips square
99966,RIGHT,126.2,158.8,135.0,160.3,123.0,175.7,3.0,177.3,155.4,0.864,DOWN,1,1,0,FORM ISSUE,Pelvis tilting - keep hips square
100000,RIGHT,124.3,157.9,131.1,159.2,121.3,175.2,3.7,179.8,155.4,0.85,DOWN,1,1,0,FORM ISSUE,Pelvis tilting - keep hips square
100033,RIGHT,122.7,159.4,127.7,159.1,119.3,174.5,4.5,179.4,156.7,0.834,DOWN,1,1,0,FORM ISSUE,Pelvis tilting - keep hips square
100066,RIGHT,121.9,159.1,125.3,158.8,119.5,173.7,4.7,178.3,158.7,0.814,DOWN,1,1,0,FORM ISSUE,Pelvis tilting - keep hips square
100100,RIGHT,123.1,154.9,123.6,158.0,121.1,174.5,5.6,179.8,162.5,0.797,DOWN,1,1,0,FORM ISSUE,Pelvis tilting - keep hips square
100133,RIGHT,116.3,157.4,121.6,157.8,117.0,173.5,5.5,179.7,162.6,0.779,DOWN,1,1,0,FORM ISSUE,Pelvis tilting - keep hips square
100166,RIGHT,113.5,157.4,119.5,157.7,117.3,177.8,4.8,178.6,162.1,0.757,DOWN,1,1,0,FORM ISSUE,Pelvis tilting - keep hips square
100200,RIGHT,116.3,156.3,118.2,157.0,120.2,174.0,4.0,179.6,164.3,0.735,DOWN,1,1,0,FORM ISSUE,Pelvis tilting - keep hips square
100233,RIGHT,115.0,166.9,116.8,158.6,119.3,171.5,4.3,178.3,163.4,0.718,DOWN,1,1,0,FORM ISSUE,Pelvis tilting - keep hips square
100266,RIGHT,113.3,162.4,114.9,160.1,117.5,170.5,4.4,179.4,163.7,0.702,DOWN,1,1,0,FORM ISSUE,Pelvis tilting - keep hips square
100300,RIGHT,114.4,149.0,114.5,158.4,121.0,169.8,4.1,179.2,164.2,0.688,DOWN,1,1,0,FORM ISSUE,Pelvis tilting - keep hips square
100333,RIGHT,113.5,131.5,114.5,153.2,124.2,170.1,3.8,177.1,165.0,0.678,DOWN,1,1,0,FORM ISSUE,Pelvis tilting - keep hips square
100366,RIGHT,111.0,138.3,113.4,149.6,123.1,173.0,3.3,178.4,165.0,0.665,DOWN,1,1,0,FORM ISSUE,Pelvis tilting - keep hips square
100400,RIGHT,106.8,136.7,111.8,143.6,120.6,171.4,3.2,178.2,163.3,0.649,DOWN,1,1,0,FORM ISSUE,Pelvis tilting - keep hips square
100433,RIGHT,105.7,106.2,110.3,132.4,123.7,172.0,3.0,176.7,162.6,0.631,DOWN,1,1,0,FORM ISSUE,Pelvis tilting - keep hips square
100466,RIGHT,100.3,75.3,107.5,117.6,122.1,171.3,3.0,175.4,161.2,0.611,DOWN,1,1,0,FORM ISSUE,Pelvis tilting - keep hips square
100500,RIGHT,93.6,75.7,103.5,106.5,128.1,169.7,2.4,176.6,164.4,0.59,DOWN,1,1,0,FORM ISSUE,Pelvis tilting - keep hips square
100533,RIGHT,82.6,73.8,97.8,93.5,129.0,170.8,1.7,175.3,165.5,0.569,DOWN,1,1,0,FORM ISSUE,Pelvis tilting - keep hips square
100566,RIGHT,81.3,102.2,92.7,86.6,125.3,169.2,1.3,176.1,167.2,0.548,DOWN,1,1,0,FORM ISSUE,Pelvis tilting - keep hips square
100600,RIGHT,83.7,105.4,88.3,86.5,129.4,168.5,0.6,175.1,168.0,0.524,DOWN,1,1,0,FORM ISSUE,Pelvis tilting - keep hips square
100633,,,,,,,,,,,0.498,DOWN,1,1,0,LOW CONFIDENCE,Adjust camera view
100666,,,,,,,,,,,0.473,DOWN,1,1,0,LOW CONFIDENCE,Adjust camera view
100700,,,,,,,,,,,0.45,DOWN,1,1,0,LOW CONFIDENCE,Adjust camera view
100733,,,,,,,,,,,0.429,DOWN,1,1,0,LOW CONFIDENCE,Adjust camera view
100766,,,,,,,,,,,0.412,DOWN,1,1,0,LOW CONFIDENCE,Adjust camera view
100800,,,,,,,,,,,0.401,DOWN,1,1,0,LOW CONFIDENCE,Adjust camera view
100833,,,,,,,,,,,0.394,DOWN,1,1,0,LOW CONFIDENCE,Adjust camera view
100866,,,,,,,,,,,0.389,DOWN,1,1,0,LOW CONFIDENCE,Adjust camera view
100900,,,,,,,,,,,0.384,DOWN,1,1,0,LOW CONFIDENCE,Adjust camera view
100933,,,,,,,,,,,0.382,DOWN,1,1,0,LOW CONFIDENCE,Adjust camera view
100966,,,,,,,,,,,0.377,DOWN,1,1,0,LOW CONFIDENCE,Adjust camera view
101000,,,,,,,,,,,0.376,DOWN,1,1,0,LOW CONFIDENCE,Adjust camera view
101033,,,,,,,,,,,0.376,DOWN,1,1,0,LOW CONFIDENCE,Adjust camera view
101066,,,,,,,,,,,0.377,DOWN,1,1,0,LOW CONFIDENCE,Adjust camera view
101100,,,,,,,,,,,0.377,DOWN,1,1,0,LOW CONFIDENCE,Adjust camera view
101133,,,,,,,,,,,0.38,DOWN,1,1,0,LOW CONFIDENCE,Adjust camera view
101166,,,,,,,,,,,0.383,DOWN,1,1,0,LOW CONFIDENCE,Adjust camera view
101200,,,,,,,,,,,0.385,DOWN,1,1,0,LOW CONFIDENCE,Adjust camera view
101233,,,,,,,,,,,0.385,DOWN,1,1,0,LOW CONFIDENCE,Adjust camera view
101266,,,,,,,,,,,0.387,DOWN,1,1,0,LOW CONFIDENCE,Adjust camera view
101300,,,,,,,,,,,0.385,DOWN,1,1,0,LOW CONFIDENCE,Adjust camera view
101333,,,,,,,,,,,0.379,DOWN,1,1,0,LOW CONFIDENCE,Adjust camera view
101366,,,,,,,,,,,0.372,DOWN,1,1,0,LOW CONFIDENCE,Adjust camera view
101400,,,,,,,,,,,0.364,DOWN,1,1,0,LOW CONFIDENCE,Adjust camera view
101433,,,,,,,,,,,0.355,DOWN,1,1,0,LOW CONFIDENCE,Adjust camera view
101466,,,,,,,,,,,0.346,DOWN,1,1,0,LOW CONFIDENCE,Adjust camera view
101500,,,,,,,,,,,0.338,DOWN,1,1,0,LOW CONFIDENCE,Adjust camera view
101533,,,,,,,,,,,0.332,DOWN,1,1,0,LOW CONFIDENCE,Adjust camera view
101566,,,,,,,,,,,0.326,DOWN,1,1,0,LOW CONFIDENCE,Adjust camera view
101600,,,,,,,,,,,0.321,DOWN,1,1,0,LOW CONFIDENCE,Adjust camera view
101633,,,,,,,,,,,0.317,DOWN,1,1,0,LOW CONFIDENCE,Adjust camera view
101666,,,,,,,,,,,0.312,DOWN,1,1,0,LOW CONFIDENCE,Adjust camera view
101700,,,,,,,,,,,0.307,DOWN,1,1,0,LOW CONFIDENCE,Adjust camera view
101733,,,,,,,,,,,0.302,DOWN,1,1,0,LOW CONFIDENCE,Adjust camera view
101766,,,,,,,,,,,0.298,DOWN,1,1,0,LOW CONFIDENCE,Adjust camera view
101800,,,,,,,,,,,0.298,DOWN,1,1,0,LOW CONFIDENCE,Adjust camera view
101833,,,,,,,,,,,0.301,DOWN,1,1,0,LOW CONFIDENCE,Adjust camera view
101866,,,,,,,,,,,0.305,DOWN,1,1,0,LOW CONFIDENCE,Adjust camera view
101900,,,,,,,,,,,0.312,DOWN,1,1,0,LOW CONFIDENCE,Adjust camera view
101933,,,,,,,,,,,0.316,DOWN,1,1,0,LOW CONFIDENCE,Adjust camera view
101966,,,,,,,,,,,0.319,DOWN,1,1,0,LOW CONFIDENCE,Adjust camera view
102000,,,,,,,,,,,0.318,DOWN,1,1,0,LOW CONFIDENCE,Adjust camera view
102033,,,,,,,,,,,0.313,DOWN,1,1,0,LOW CONFIDENCE,Adjust camera view
102066,,,,,,,,,,,0.308,DOWN,1,1,0,LOW CONFIDENCE,Adjust camera view
102100,,,,,,,,,,,0.311,DOWN,1,1,0,LOW CONFIDENCE,Adjust camera view
102133,,,,,,,,,,,0.313,DOWN,1,1,0,LOW CONFIDENCE,Adjust camera view
102166,,,,,,,,,,,0.318,DOWN,1,1,0,LOW CONFIDENCE,Adjust camera view
102200,,,,,,,,,,,0.332,DOWN,1,1,0,LOW CONFIDENCE,Adjust camera view
102233,,,,,,,,,,,0.349,DOWN,1,1,0,LOW CONFIDENCE,Adjust camera view
102266,,,,,,,,,,,0.369,DOWN,1,1,0,LOW CONFIDENCE,Adjust camera view
102300,,,,,,,,,,,0.397,DOWN,1,1,0,LOW CONFIDENCE,Adjust camera view
102333,,,,,,,,,,,0.429,DOWN,1,1,0,LOW CONFIDENCE,Adjust camera view
102366,,,,,,,,,,,0.454,DOWN,1,1,0,LOW CONFIDENCE,Adjust camera view
102400,,,,,,,,,,,0.375,DOWN,1,1,0,NO PERSON,Step into frame
102433,,,,,,,,,,,0.29,DOWN,1,1,0,NO PERSON,Step into frame
102466,,,,,,,,,,,0.195,DOWN,1,1,0,NO PERSON,Step into frame
102500,,,,,,,,,,,0.097,DOWN,1,1,0,NO PERSON,Step into frame
102533,,,,,,,,,,,0.0,DOWN,1,1,0,NO PERSON,Step into frame
102566,,,,,,,,,,,0.0,DOWN,1,1,0,NO PERSON,Step into frame
102600,,,,,,,,,,,0.0,DOWN,1,1,0,NO PERSON,Step into frame
102633,,,,,,,,,,,0.0,DOWN,1,1,0,NO PERSON,Step into frame
102666,,,,,,,,,,,0.0,DOWN,1,1,0,NO PERSON,Step into frame
102700,,,,,,,,,,,0.0,DOWN,1,1,0,NO PERSON,Step into frame
102733,,,,,,,,,,,0.0,DOWN,1,1,0,NO PERSON,Step into frame
102766,,,,,,,,,,,0.0,DOWN,1,1,0,NO PERSON,Step into frame
102800,,,,,,,,,,,0.0,DOWN,1,1,0,NO PERSON,Step into frame
102833,,,,,,,,,,,0.101,DOWN,1,1,0,LOW CONFIDENCE,Adjust camera view
102866,,,,,,,,,,,0.209,DOWN,1,1,0,LOW CONFIDENCE,Adjust camera view
102900,,,,,,,,,,,0.325,DOWN,1,1,0,LOW CONFIDENCE,Adjust camera view
102933,,,,,,,,,,,0.441,DOWN,1,1,0,LOW CONFIDENCE,Adjust camera view
102966,RIGHT,114.8,123.3,91.2,96.1,133.0,165.7,0.3,179.8,168.1,0.559,DOWN,1,1,0,FORM ISSUE,Pelvis tilting - keep hips square
103000,RIGHT,111.4,114.0,94.8,103.7,129.9,165.6,0.4,179.4,170.1,0.577,DOWN,1,1,0,FORM ISSUE,Pelvis tilting - keep hips square
103033,RIGHT,109.0,148.3,100.1,118.6,127.7,165.1,0.3,177.4,170.2,0.59,DOWN,1,1,0,FORM ISSUE,Pelvis tilting - keep hips square
103066,RIGHT,107.0,142.5,105.2,126.7,126.6,163.8,0.5,175.9,170.3,0.598,DOWN,1,1,0,FORM ISSUE,Pelvis tilting - keep hips square
103100,RIGHT,106.4,152.4,109.7,136.1,125.9,164.4,0.7,174.0,171.4,0.604,DOWN,1,1,0,FORM ISSUE,Pelvis tilting - keep hips square
103133,RIGHT,105.3,140.1,107.8,139.5,125.4,164.6,1.0,172.7,172.8,0.607,DOWN,1,1,0,FORM ISSUE,Pelvis tilting - keep hips square
103166,RIGHT,104.2,85.9,106.4,133.8,125.4,165.6,0.9,172.7,172.9,0.612,DOWN,1,1,0,FORM ISSUE,Pelvis tilting - keep hips square
103200,RIGHT,103.0,73.7,105.2,118.9,124.5,164.3,1.1,171.8,173.8,0.615,DOWN,1,1,0,FORM ISSUE,Pelvis tilting - keep hips square
103233,RIGHT,101.9,68.6,104.2,104.2,124.1,163.9,1.3,171.3,174.6,0.617,DOWN,1,1,0,FORM ISSUE,Pelvis tilting - keep hips square
103266,RIGHT,98.9,31.2,102.7,79.9,123.0,163.6,1.8,172.5,175.1,0.62,DOWN,1,1,0,FORM ISSUE,Pelvis tilting - keep hips square
103300,RIGHT,98.1,80.2,101.2,67.9,122.3,162.1,2.0,171.8,174.9,0.624,DOWN,1,1,0,FORM ISSUE,Pelvis tilting - keep hips square
103333,RIGHT,96.1,50.4,99.6,60.8,122.4,161.3,2.5,169.9,177.1,0.628,DOWN,1,1,0,FORM ISSUE,Pelvis tilting - keep hips square
103366,RIGHT,94.5,63.9,97.9,58.8,125.0,160.1,3.2,169.5,177.9,0.631,DOWN,1,1,0,FORM ISSUE,Pelvis tilting - keep hips square
103400,RIGHT,87.4,42.4,95.0,53.6,121.0,158.7,3.9,171.0,179.9,0.636,DOWN,1,1,0,FORM ISSUE,Pelvis tilting - keep hips square
103433,RIGHT,84.5,70.8,92.1,61.5,120.6,161.6,5.0,167.4,179.0,0.64,DOWN,1,1,0,FORM ISSUE,Pelvis tilting - keep hips square
103466,RIGHT,79.3,58.1,88.4,57.1,115.4,159.1,5.1,165.9,180.0,0.642,BOTTOM,1,1,0,FORM ISSUE,Pelvis tilting - keep hips square
103500,RIGHT,75.9,4.1,84.3,47.9,113.7,155.1,5.2,166.5,180.0,0.641,BOTTOM,1,1,0,FORM ISSUE,Pelvis tilting - keep hips square
103533,RIGHT,74.1,12.0,80.2,37.5,112.9,155.3,5.4,165.0,179.6,0.635,BOTTOM,1,1,0,FORM ISSUE,Pelvis tilting - keep hips square
103566,RIGHT,70.6,55.0,76.9,40.0,107.1,160.9,5.3,167.1,179.9,0.626,BOTTOM,1,1,0,FORM ISSUE,Pelvis tilting - keep hips square
103600,RIGHT,67.2,26.4,73.4,31.1,104.9,155.5,5.0,167.1,179.1,0.616,BOTTOM,1,1,0,FORM ISSUE,Pelvis tilting - keep hips square
103633,RIGHT,65.7,25.4,70.7,24.6,102.6,155.5,4.7,166.0,178.8,0.605,BOTTOM,1,1,0,FORM ISSUE,Pelvis tilting - keep hips square
103666,RIGHT,67.5,20.4,69.0,27.8,104.2,157.2,4.7,165.3,178.8,0.592,BOTTOM,1,1,0,FORM ISSUE,Pelvis tilting - keep hips square
103700,RIGHT,67.1,2.8,67.6,26.0,103.4,154.2,4.2,165.7,178.0,0.579,BOTTOM,1,1,0,FORM ISSUE,Pelvis tilting - keep hips square
103733,RIGHT,68.0,9.7,67.1,16.9,102.9,156.4,3.9,165.3,177.7,0.566,BOTTOM,1,1,0,FORM ISSUE,Pelvis tilting - keep hips square
103766,RIGHT,68.2,10.6,67.3,13.8,103.4,156.2,4.0,165.1,177.8,0.554,BOTTOM,1,1,0,FORM ISSUE,Pelvis tilting - keep hips square
103800,RIGHT,70.0,11.2,68.1,10.9,104.3,156.6,4.3,164.6,177.6,0.543,BOTTOM,1,1,0,FORM ISSUE,Pelvis tilting - keep hips square
103833,RIGHT,71.6,78.7,69.0,22.6,107.2,151.7,4.2,163.6,177.5,0.536,BOTTOM,1,1,0,FORM ISSUE,Pelvis tilting - keep hips square
103866,RIGHT,71.7,51.2,69.9,32.3,106.3,150.3,4.2,163.6,178.0,0.532,BOTTOM,1,1,0,FORM ISSUE,Pelvis tilting - keep hips square
103900,RIGHT,68.6,65.0,70.0,43.3,105.7,144.2,4.0,165.9,177.0,0.529,BOTTOM,1,1,0,FORM ISSUE,Pelvis tilting - keep hips square
103933,RIGHT,65.6,41.8,69.5,49.6,101.3,148.4,3.9,166.0,177.2,0.524,BOTTOM,1,1,0,FORM ISSUE,Pelvis tilting - keep hips square
103966,RIGHT,66.8,26.9,68.9,52.7,101.2,151.7,3.9,166.0,177.7,0.518,BOTTOM,1,1,0,FORM ISSUE,Pelvis tilting - keep hips square
104000,RIGHT,68.4,28.5,68.2,42.7,102.8,153.0,3.9,165.0,177.9,0.509,BOTTOM,1,1,0,FORM ISSUE,Pelvis tilting - keep hips square
104033,RIGHT,67.0,75.7,67.3,47.6,103.0,148.4,3.5,170.6,179.5,0.502,BOTTOM,1,1,0,FORM ISSUE,Pelvis tilting - keep hips square
104066,RIGHT,78.5,126.1,69.3,59.8,112.5,142.1,3.1,170.0,178.0,0.502,BOTTOM,1,1,0,FORM ISSUE,Pelvis tilting - keep hips square
104100,RIGHT,84.6,136.6,73.1,78.8,112.9,145.3,1.6,170.9,179.0,0.511,BOTTOM,1,1,0,FORM ISSUE,Pelvis tilting - keep hips square
104133,RIGHT,102.4,130.9,80.2,99.6,122.7,141.0,0.7,172.4,177.6,0.526,BOTTOM,1,1,0,FORM ISSUE,Pelvis tilting - keep hips square
104166,RIGHT,120.4,171.6,90.6,128.2,133.6,156.3,0.1,180.0,179.9,0.545,BOTTOM,1,1,0,FORM ISSUE,Pelvis tilting - keep hips square
104200,RIGHT,128.7,175.0,102.9,148.0,139.8,157.5,0.2,174.9,170.6,0.569,BOTTOM,1,1,0,FORM ISSUE,Pelvis tilting - keep hips square
104233,RIGHT,137.2,166.5,114.7,156.1,142.9,165.4,0.1,176.7,172.2,0.593,BOTTOM,1,1,0,FORM ISSUE,Pelvis tilting - keep hips square
104266,LEFT,177.0,146.0,133.1,158.0,162.9,147.6,1.9,177.7,173.2,0.615,BOTTOM,1,1,0,FORM ISSUE,Pelvis tilting - keep hips square
104300,LEFT,179.5,153.2,148.5,162.5,150.9,140.4,2.5,172.2,154.1,0.636,DOWN,1,1,0,FORM ISSUE,Pelvis tilting - keep hips square
104333,LEFT,169.1,153.2,158.3,158.8,151.4,144.8,0.3,170.5,162.6,0.653,DOWN,1,1,0,FORM ISSUE,Pelvis tilting - keep hips square
104366,LEFT,177.2,149.2,168.0,153.6,156.2,149.8,2.6,175.9,177.8,0.669,DOWN,1,1,0,FORM ISSUE,Pelvis tilting - keep hips square
104400,RIGHT,137.9,179.4,168.1,156.2,137.8,159.6,3.7,174.1,168.2,0.682,DOWN,1,1,0,FORM ISSUE,Pelvis tilting - keep hips square
104433,LEFT,172.6,153.9,167.2,157.8,155.5,153.1,3.4,172.9,162.5,0.696,DOWN,1,1,0,FORM ISSUE,Pelvis tilting - keep hips square
104466,RIGHT,158.4,175.2,163.0,162.2,149.3,163.6,6.8,165.5,164.8,0.709,DOWN,1,1,0,FORM ISSUE,Pelvis tilting - keep hips square
104500,LEFT,173.9,152.8,164.0,162.1,160.0,146.3,5.6,168.2,167.3,0.726,DOWN,1,1,0,FORM ISSUE,Pelvis tilting - keep hips square
104533,LEFT,176.1,159.8,163.8,164.2,156.2,153.2,4.3,167.9,177.8,0.741,DOWN,1,1,0,FORM ISSUE,Pelvis tilting - keep hips square
104566,LEFT,167.4,164.1,169.7,161.1,150.0,160.5,1.7,178.1,164.2,0.755,DOWN,1,1,0,FORM ISSUE,Pelvis tilting - keep hips square
104600,LEFT,169.1,170.5,169.0,164.5,157.2,167.0,1.9,170.3,172.0,0.764,UP,2,2,0,FORM ISSUE,Pelvis tilting - keep hips square
104633,LEFT,173.8,173.7,172.1,164.2,164.0,169.9,1.7,179.5,176.3,0.768,UP,2,2,0,FORM ISSUE,Pelvis tilting - keep hips square
104666,LEFT,177.5,175.2,172.8,168.6,166.1,171.4,1.3,175.1,178.3,0.771,UP,2,2,0,FORM ISSUE,Pelvis tilting - keep hips square
104700,,,,,,,,,,,0.618,UP,2,2,0,NO PERSON,Step into frame
104733,,,,,,,,,,,0.462,UP,2,2,0,NO PERSON,Step into frame
104766,,,,,,,,,,,0.463,UP,2,2,0,LOW CONFIDENCE,Adjust camera view
104800,,,,,,,,,,,0.465,UP,2,2,0,LOW CONFIDENCE,Adjust camera view
104833,,,,,,,,,,,0.468,UP,2,2,0,LOW CONFIDENCE,Adjust camera view
104866,LEFT,176.6,174.8,172.9,171.7,178.8,176.2,2.9,17.3,13.6,0.627,UP,2,2,0,FORM ISSUE,Pelvis tilting - keep hips square
104900,LEFT,175.5,178.0,174.5,174.5,166.4,171.0,8.7,168.8,173.2,0.787,UP,2,2,0,FORM ISSUE,Pelvis tilting - keep hips square
104933,LEFT,174.7,173.1,175.6,175.0,164.5,176.4,8.2,168.0,177.1,0.794,UP,2,2,0,FORM ISSUE,Pelvis tilting - keep hips square
104966,LEFT,177.3,169.2,176.3,174.1,159.7,179.3,9.1,172.9,176.5,0.802,UP,2,2,0,FORM ISSUE,Pelvis tilting - keep hips square
105000,LEFT,176.8,171.1,176.2,173.3,170.1,178.7,7.7,177.5,177.0,0.808,UP,2,2,0,FORM ISSUE,Pelvis tilting - keep hips square
105033,LEFT,177.2,172.9,176.3,172.9,173.2,176.7,7.8,176.2,177.8,0.807,UP,2,2,0,FORM ISSUE,Pelvis tilting - keep hips square
105066,LEFT,173.4,173.9,175.9,172.0,175.7,177.7,7.9,174.4,179.1,0.801,UP,2,2,0,FORM ISSUE,Pelvis tilting - keep hips square
105100,RIGHT,178.0,177.1,176.6,172.8,175.8,175.9,7.9,168.8,179.8,0.793,UP,2,2,0,FORM ISSUE,Pelvis tilting - keep hips square
105133,LEFT,177.8,176.6,176.6,174.3,175.7,177.8,7.2,169.5,171.8,0.781,UP,2,2,0,FORM ISSUE,Pelvis tilting - keep hips square
105166,RIGHT,180.0,178.0,177.3,175.7,177.3,178.5,7.4,172.2,175.0,0.768,UP,2,2,0,FORM ISSUE,Pelvis tilting - keep hips square
105200,LEFT,179.2,178.4,177.7,176.8,178.0,178.6,7.3,172.1,175.6,0.757,UP,2,2,0,FORM ISSUE,Pelvis tilting - keep hips square
105233,LEFT,178.5,179.9,178.7,178.0,177.4,178.4,7.0,172.2,179.3,0.75,UP,2,2,0,FORM ISSUE,Pelvis tilting - keep hips square
105266,RIGHT,178.3,177.9,178.7,178.2,178.9,178.9,7.0,167.1,175.2,0.741,UP,2,2,0,FORM ISSUE,Pelvis tilting - keep hips square
105300,LEFT,176.8,178.6,178.5,178.6,179.7,179.2,6.3,164.4,163.1,0.73,UP,2,2,0,FORM ISSUE,Pelvis tilting - keep hips square
105333,LEFT,177.2,178.1,178.0,178.6,179.8,178.0,6.1,162.2,165.3,0.72,UP,2,2,0,FORM ISSUE,Pelvis tilting - keep hips square
105366,RIGHT,177.9,176.8,177.7,178.3,179.8,179.6,4.9,165.0,168.0,0.709,UP,2,2,0,FORM ISSUE,Pelvis tilting - keep hips square
105400,LEFT,173.9,177.2,176.8,177.7,177.9,179.8,5.5,162.3,174.8,0.7,UP,2,2,0,FORM ISSUE,Pelvis tilting - keep hips square
105433,RIGHT,177.6,173.7,176.7,176.9,179.7,177.0,5.2,164.9,173.3,0.694,UP,2,2,0,FORM ISSUE,Pelvis tilting - keep hips square
105466,LEFT,177.8,177.7,176.9,176.7,177.7,178.7,4.8,161.4,174.1,0.688,UP,2,2,0,FORM ISSUE,Pelvis tilting - keep hips square
105500,LEFT,176.3,177.6,176.7,176.6,177.9,178.0,4.3,166.0,172.9,0.683,UP,2,2,0,FORM ISSUE,Pelvis tilting - keep hips square
105533,LEFT,175.9,177.7,176.3,176.8,176.7,178.4,3.7,172.2,175.1,0.68,UP,2,2,0,FORM ISSUE,Pelvis tilting - keep hips square
105566,LEFT,171.7,178.2,175.8,177.0,173.9,177.3,4.3,171.9,179.5,0.676,UP,2,2,0,FORM ISSUE,Pelvis tilting - keep hips square
105600,LEFT,176.5,179.9,175.6,178.2,177.1,176.9,4.4,171.3,179.3,0.672,UP,2,2,0,FORM ISSUE,Pelvis tilting - keep hips square
105633,LEFT,175.1,179.1,175.1,178.5,176.1,176.7,3.8,172.7,179.7,0.671,UP,2,2,0,FORM ISSUE,Pelvis tilting - keep hips square
105666,LEFT,175.3,175.7,174.9,178.1,176.0,176.2,3.3,173.2,175.3,0.673,UP,2,2,0,FORM ISSUE,Pelvis tilting - keep hips square
105700,LEFT,177.4,175.9,175.2,177.8,177.8,174.7,2.6,173.4,175.1,0.678,UP,2,2,0,FORM ISSUE,Pelvis tilting - keep hips square
105733,LEFT,176.9,175.9,176.3,177.3,177.8,174.0,2.6,173.7,174.8,0.684,UP,2,2,0,FORM ISSUE,Pelvis tilting - keep hips square
105766,LEFT,177.4,176.4,176.4,176.6,178.2,175.2,2.7,174.1,173.5,0.692,UP,2,2,0,FORM ISSUE,Pelvis tilting - keep hips square
105800,LEFT,174.5,175.7,176.3,175.9,176.4,176.7,4.4,169.6,171.8,0.697,UP,2,2,0,FORM ISSUE,Pelvis tilting - keep hips square
105833,LEFT,177.4,175.1,176.7,175.8,179.7,177.9,4.9,170.6,172.2,0.697,UP,2,2,0,FORM ISSUE,Pelvis tilting - keep hips square
105866,RIGHT,178.3,179.0,176.9,176.4,179.9,179.7,5.3,172.4,179.4,0.698,UP,2,2,0,FORM ISSUE,Pelvis tilting - keep hips square
105900,RIGHT,179.6,179.2,177.5,177.1,178.7,179.8,3.2,177.2,176.2,0.697,UP,2,2,0,FORM ISSUE,Pelvis tilting - keep hips square
105933,RIGHT,179.4,177.8,177.9,177.4,176.2,179.2,2.5,176.1,175.3,0.695,UP,2,2,0,FORM ISSUE,Pelvis tilting - keep hips square
105966,LEFT,179.6,179.4,178.9,178.1,179.0,176.2,2.3,176.0,179.6,0.691,UP,2,2,0,FORM ISSUE,Pelvis tilting - keep hips square
106000,RIGHT,178.1,179.2,179.0,178.9,179.4,179.1,4.0,169.4,177.1,0.693,UP,2,2,0,FORM ISSUE,Pelvis tilting - keep hips square
106033,RIGHT,177.8,179.0,178.9,178.9,179.4,178.8,4.0,167.3,175.5,0.692,UP,2,2,0,FORM ISSUE,Pelvis tilting - keep hips square
106066,LEFT,179.4,179.0,178.8,178.9,178.7,179.4,4.9,168.6,172.6,0.691,UP,2,2,0,FORM ISSUE,Pelvis tilting - keep hips square
106100,LEFT,179.3,179.2,178.8,179.2,177.3,179.3,5.3,169.8,169.0,0.69,UP,2,2,0,FORM ISSUE,Pelvis tilting - keep hips square
106133,RIGHT,178.7,176.5,178.7,178.6,175.1,178.7,5.9,44.9,32.1,0.687,UP,2,2,0,FORM ISSUE,Pelvis tilting - keep hips square
106166,LEFT,179.8,178.4,179.0,178.4,175.6,174.4,2.8,179.1,177.5,0.683,UP,2,2,0,FORM ISSUE,Pelvis tilting - keep hips square
106200,LEFT,177.0,175.7,178.8,177.8,172.8,174.6,2.6,179.1,168.7,0.68,UP,2,2,0,FORM ISSUE,Pelvis tilting - keep hips square
106233,LEFT,180.0,177.2,179.0,177.4,169.7,176.3,2.6,176.1,165.1,0.684,UP,2,2,0,FORM ISSUE,Pelvis tilting - keep hips square
106266,LEFT,178.5,178.0,178.8,177.2,171.7,175.1,1.2,172.2,174.5,0.693,UP,2,2,0,FORM ISSUE,Pelvis tilting - keep hips square
106300,,,,,,,,,,,0.558,UP,2,2,0,NO PERSON,Step into frame
106333,,,,,,,,,,,0.424,UP,2,2,0,NO PERSON,Step into frame
106366,,,,,,,,,,,0.288,UP,2,2,0,NO PERSON,Step into frame
106400,,,,,,,,,,,0.146,UP,2,2,0,NO PERSON,Step into frame
106433,,,,,,,,,,,0.0,UP,2,2,0,NO PERSON,Step into frame
106466,,,,,,,,,,,0.0,UP,2,2,0,NO PERSON,Step into frame
106500,,,,,,,,,,,0.0,UP,2,2,0,NO PERSON,Step into frame
106533,,,,,,,,,,,0.0,UP,2,2,0,NO PERSON,Step into frame
106566,,,,,,,,,,,0.0,UP,2,2,0,NO PERSON,Step into frame
106600,,,,,,,,,,,0.15,UP,2,2,0,LOW CONFIDENCE,Adjust camera view
106633,,,,,,,,,,,0.303,UP,2,2,0,LOW CONFIDENCE,Adjust camera view
106666,,,,,,,,,,,0.459,UP,2,2,0,LOW CONFIDENCE,Adjust camera view
106700,LEFT,174.1,174.3,177.9,176.7,168.5,179.0,7.6,67.6,52.1,0.615,UP,2,2,0,FORM ISSUE,Pelvis tilting - keep hips square
106733,LEFT,169.8,175.9,175.9,176.2,169.4,174.2,6.1,54.2,42.2,0.771,UP,2,2,0,FORM ISSUE,Pelvis tilting - keep hips square
106766,LEFT,170.0,173.0,174.5,175.7,168.9,171.7,4.4,76.4,77.4,0.779,UP,2,2,0,FORM ISSUE,Pelvis tilting - keep hips square
106800,LEFT,172.5,166.7,173.0,173.6,174.7,168.9,2.6,176.1,46.8,0.784,UP,2,2,0,FORM ISSUE,Pelvis tilting - keep hips square
106833,,,,,,,,,,,0.628,UP,2,2,0,NO PERSON,Step into frame
106866,,,,,,,,,,,0.472,UP,2,2,0,NO PERSON,Step into frame
106900,,,,,,,,,,,0.316,UP,2,2,0,NO PERSON,Step into frame
106933,,,,,,,,,,,0.158,UP,2,2,0,NO PERSON,Step into frame
106966,,,,,,,,,,,0.0,UP,2,2,0,NO PERSON,Step into frame
107000,,,,,,,,,,,0.0,UP,2,2,0,NO PERSON,Step into frame
107033,,,,,,,,,,,0.0,UP,2,2,0,NO PERSON,Step into frame
107066,,,,,,,,,,,0.0,UP,2,2,0,NO PERSON,Step into frame
107100,,,,,,,,,,,0.0,UP,2,2,0,NO PERSON,Step into frame
107133,,,,,,,,,,,0.0,UP,2,2,0,NO PERSON,Step into frame
107166,,,,,,,,,,,0.0,UP,2,2,0,NO PERSON,Step into frame
107200,,,,,,,,,,,0.0,UP,2,2,0,NO PERSON,Step into frame
107233,,,,,,,,,,,0.0,UP,2,2,0,NO PERSON,Step into frame
107266,,,,,,,,,,,0.0,UP,2,2,0,NO PERSON,Step into frame
107300,,,,,,,,,,,0.0,UP,2,2,0,NO PERSON,Step into frame
107333,,,,,,,,,,,0.0,UP,2,2,0,NO PERSON,Step into frame
107366,,,,,,,,,,,0.0,UP,2,2,0,NO PERSON,Step into frame
107400,,,,,,,,,,,0.0,UP,2,2,0,NO PERSON,Step into frame
107433,,,,,,,,,,,0.152,UP,2,2,0,LOW CONFIDENCE,Adjust camera view
107466,,,,,,,,,,,0.303,UP,2,2,0,LOW CONFIDENCE,Adjust camera view
107500,,,,,,,,,,,0.449,UP,2,2,0,LOW CONFIDENCE,Adjust camera view
107533,RIGHT,152.4,166.1,167.7,171.2,134.7,140.6,32.5,153.6,89.4,0.59,UP,2,2,0,FORM ISSUE,Keep torso upright - don't lean forward
107566,,,,,,,,,,,0.59,UP,2,2,0,NO PERSON,Step into frame
107600,,,,,,,,,,,0.438,UP,2,2,0,NO PERSON,Step into frame
107633,,,,,,,,,,,0.287,UP,2,2,0,NO PERSON,Step into frame
107666,,,,,,,,,,,0.141,UP,2,2,0,NO PERSON,Step into frame
107700,,,,,,,,,,,0.0,UP,2,2,0,NO PERSON,Step into frame
107733,,,,,,,,,,,0.0,UP,2,2,0,NO PERSON,Step into frame
107766,,,,,,,,,,,0.0,UP,2,2,0,NO PERSON,Step into frame
107800,,,,,,,,,,,0.0,UP,2,2,0,NO PERSON,Step into frame
107833,,,,,,,,,,,0.0,UP,2,2,0,NO PERSON,Step into frame
107866,,,,,,,,,,,0.0,UP,2,2,0,NO PERSON,Step into frame
107900,,,,,,,,,,,0.0,UP,2,2,0,NO PERSON,Step into frame
107933,,,,,,,,,,,0.0,UP,2,2,0,NO PERSON,Step into frame
107966,,,,,,,,,,,0.0,UP,2,2,0,NO PERSON,Step into frame
108000,,,,,,,,,,,0.0,UP,2,2,0,NO PERSON,Step into frame
108033,,,,,,,,,,,0.0,UP,2,2,0,NO PERSON,Step into frame
108066,,,,,,,,,,,0.0,UP,2,2,0,NO PERSON,Step into frame
108100,,,,,,,,,,,0.0,UP,2,2,0,NO PERSON,Step into frame
108133,,,,,,,,,,,0.0,UP,2,2,0,NO PERSON,Step into frame
108166,,,,,,,,,,,0.0,UP,2,2,0,NO PERSON,Step into frame
108200,,,,,,,,,,,0.0,UP,2,2,0,NO PERSON,Step into frame
108233,,,,,,,,,,,0.0,UP,2,2,0,NO PERSON,Step into frame
108266,,,,,,,,,,,0.0,UP,2,2,0,NO PERSON,Step into frame
108300,,,,,,,,,,,0.0,UP,2,2,0,NO PERSON,Step into frame
108333,,,,,,,,,,,0.0,UP,2,2,0,NO PERSON,Step into frame
108366,,,,,,,,,,,0.0,UP,2,2,0,NO PERSON,Step into frame
108400,,,,,,,,,,,0.139,UP,2,2,0,LOW CONFIDENCE,Adjust camera view
108433,,,,,,,,,,,0.139,UP,2,2,0,NO PERSON,Step into frame
108466,,,,,,,,,,,0.139,UP,2,2,0,NO PERSON,Step into frame
108500,,,,,,,,,,,0.139,UP,2,2,0,NO PERSON,Step into frame
108533,,,,,,,,,,,0.28,UP,2,2,0,LOW CONFIDENCE,Adjust camera view
108566,,,,,,,,,,,0.282,UP,2,2,0,LOW CONFIDENCE,Adjust camera view
108600,,,,,,,,,,,0.42,UP,2,2,0,LOW CONFIDENCE,Adjust camera view
108633,RIGHT,175.4,175.6,168.0,171.4,173.6,179.2,3.0,165.5,171.8,0.557,UP,2,2,0,FORM ISSUE,Pelvis tilting - keep hips square
108666,RIGHT,175.2,178.2,169.1,171.9,173.5,179.1,2.9,161.0,174.5,0.698,UP,2,2,0,FORM ISSUE,Pelvis tilting - keep hips square
108700,RIGHT,175.2,176.0,170.1,172.5,172.0,178.8,4.3,179.3,174.4,0.697,UP,2,2,0,FORM ISSUE,Pelvis tilting - keep hips square
108733,RIGHT,175.1,176.1,170.7,174.4,171.8,178.4,4.3,170.7,174.1,0.695,UP,2,2,0,FORM ISSUE,Pelvis tilting - keep hips square
108766,RIGHT,174.3,177.2,175.0,176.6,169.8,177.4,4.9,174.0,175.7,0.697,UP,2,2,0,FORM ISSUE,Pelvis tilting - keep hips square
108800,RIGHT,174.8,178.7,174.9,177.2,170.1,177.8,4.8,179.3,174.6,0.7,UP,2,2,0,FORM ISSUE,Pelvis tilting - keep hips square
108833,RIGHT,174.7,178.8,174.8,177.4,170.0,178.9,4.9,174.2,178.4,0.7,UP,2,2,0,FORM ISSUE,Pelvis tilting - keep hips square
108866,RIGHT,174.6,176.1,174.7,177.4,169.8,175.2,5.4,174.5,179.5,0.695,UP,2,2,0,FORM ISSUE,Pelvis tilting - keep hips square
108900,RIGHT,175.7,175.6,174.8,177.3,169.3,174.7,5.7,175.7,177.8,0.688,UP,2,2,0,FORM ISSUE,Pelvis tilting - keep hips square
108933,RIGHT,175.8,174.9,175.1,176.8,169.9,173.7,5.9,179.6,179.9,0.679,UP,2,2,0,FORM ISSUE,Pelvis tilting - keep hips square
108966,RIGHT,174.5,176.0,175.1,176.3,169.0,175.3,5.8,178.9,179.8,0.669,UP,2,2,0,FORM ISSUE,Pelvis tilting - keep hips square
109000,RIGHT,174.0,175.1,174.9,175.5,167.9,176.8,5.1,179.6,179.9,0.662,UP,2,2,0,FORM ISSUE,Pelvis tilting - keep hips square
109033,RIGHT,175.0,176.1,175.0,175.5,168.9,176.9,4.6,177.7,170.8,0.66,UP,2,2,0,FORM ISSUE,Pelvis tilting - keep hips square
109066,RIGHT,176.7,177.9,175.2,176.0,169.0,178.3,4.7,176.0,170.9,0.661,UP,2,2,0,FORM ISSUE,Pelvis tilting - keep hips square
109100,RIGHT,177.5,174.7,175.5,176.0,170.5,178.7,4.9,169.0,161.3,0.661,UP,2,2,0,FORM ISSUE,Pelvis tilting - keep hips square
109133,RIGHT,173.2,178.5,175.3,176.5,166.2,177.2,5.7,173.3,177.6,0.662,UP,2,2,0,FORM ISSUE,Pelvis tilting - keep hips square
109166,RIGHT,179.0,177.4,176.3,176.9,170.3,177.5,5.2,178.7,175.5,0.664,UP,2,2,0,FORM ISSUE,Pelvis tilting - keep hips square
109200,RIGHT,178.7,175.6,177.0,176.8,171.6,178.6,5.0,178.8,177.6,0.665,UP,2,2,0,FORM ISSUE,Pelvis tilting - keep hips square
109233,RIGHT,179.3,178.5,177.5,176.9,171.5,178.0,5.9,169.3,168.2,0.671,UP,2,2,0,FORM ISSUE,Pelvis tilting - keep hips square
109266,RIGHT,177.4,178.2,177.5,177.7,170.1,177.3,6.0,177.7,177.7,0.681,UP,2,2,0,FORM ISSUE,Pelvis tilting - keep hips square
109300,RIGHT,177.2,179.3,178.3,177.8,170.2,176.3,5.5,179.2,177.6,0.693,UP,2,2,0,FORM ISSUE,Pelvis tilting - keep hips square
109333,RIGHT,174.2,179.0,177.3,178.1,168.4,178.2,4.3,176.1,175.7,0.705,UP,2,2,0,FORM ISSUE,Pelvis tilting - keep hips square
109366,RIGHT,175.7,178.3,176.7,178.7,170.3,178.7,3.1,178.8,173.2,0.719,UP,2,2,0,FORM ISSUE,Pelvis tilting - keep hips square
109400,RIGHT,175.7,178.7,176.0,178.7,170.7,179.6,2.2,176.9,179.7,0.726,UP,2,2,0,FORM ISSUE,Pelvis tilting - keep hips square
109433,RIGHT,176.4,177.8,175.8,178.6,171.2,174.2,0.1,179.6,171.2,0.733,UP,2,2,0,FORM ISSUE,Pelvis tilting - keep hips square
109466,LEFT,179.2,176.9,176.2,178.1,177.0,171.2,0.4,167.5,172.2,0.737,UP,2,2,0,FORM ISSUE,Pelvis tilting - keep hips square
109500,LEFT,177.8,174.7,177.0,177.3,175.6,173.1,2.0,166.3,170.8,0.742,UP,2,2,0,FORM ISSUE,Pelvis tilting - keep hips square
109533,LEFT,179.8,172.1,177.8,176.0,178.5,169.4,0.7,166.6,170.1,0.746,UP,2,2,0,FORM ISSUE,Pelvis tilting - keep hips square
109566,RIGHT,175.2,179.8,177.7,176.3,169.4,179.8,0.9,167.8,172.2,0.751,UP,2,2,0,FORM ISSUE,Pelvis tilting - keep hips square
109600,LEFT,177.7,176.4,178.0,176.0,176.8,169.9,1.1,170.0,173.0,0.755,UP,2,2,0,FORM ISSUE,Pelvis tilting - keep hips square
109633,LEFT,177.6,177.0,177.6,176.0,174.5,171.6,2.5,167.9,170.7,0.761,UP,2,2,0,FORM ISSUE,Pelvis tilting - keep hips square
109666,LEFT,177.5,176.0,177.6,176.3,173.1,172.8,3.8,170.7,165.1,0.766,UP,2,2,0,FORM ISSUE,Pelvis tilting - keep hips square
109700,LEFT,178.5,175.7,177.3,177.0,174.4,173.4,4.1,171.8,166.5,0.771,UP,2,2,0,FORM ISSUE,Pelvis tilting - keep hips square
109733,,,,,,,,,,,0.621,UP,2,2,0,NO PERSON,Step into frame
109766,,,,,,,,,,,0.469,UP,2,2,0,NO PERSON,Step into frame
109800,,,,,,,,,,,0.314,UP,2,2,0,NO PERSON,Step into frame
109833,,,,,,,,,,,0.157,UP,2,2,0,NO PERSON,Step into frame
109866,,,,,,,,,,,0.0,UP,2,2,0,NO PERSON,Step into frame
109900,,,,,,,,,,,0.158,UP,2,2,0,LOW CONFIDENCE,Adjust camera view
109933,,,,,,,,,,,0.319,UP,2,2,0,LOW CONFIDENCE,Adjust camera view
109966,,,,,,,,,,,0.48,UP,2,2,0,LOW CONFIDENCE,Adjust camera view
110000,LEFT,176.1,174.8,177.5,176.0,170.0,172.0,5.3,174.0,170.0,0.64,UP,2,2,0,FORM ISSUE,Pelvis tilting - keep hips square
110033,LEFT,176.9,174.9,177.4,175.7,171.4,172.0,4.6,174.1,176.7,0.802,UP,2,2,0,FORM ISSUE,Pelvis tilting - keep hips square
110066,LEFT,177.4,174.7,177.3,175.2,171.9,172.4,4.6,175.4,179.2,0.805,UP,2,2,0,FORM ISSUE,Pelvis tilting - keep hips square
110100,LEFT,176.4,174.5,177.1,174.9,170.9,171.5,4.4,172.3,177.9,0.804,UP,2,2,0,FORM ISSUE,Pelvis tilting - keep hips square
110133,LEFT,176.6,174.0,176.7,174.6,170.8,168.7,3.5,174.2,177.4,0.804,UP,2,2,0,FORM ISSUE,Pelvis tilting - keep hips square
110166,LEFT,176.1,172.1,176.7,174.1,171.8,167.0,3.1,173.9,179.0,0.802,UP,2,2,0,FORM ISSUE,Pelvis tilting - keep hips square
110200,RIGHT,172.1,176.4,175.7,174.4,167.7,171.7,3.7,173.3,179.7,0.801,UP,2,2,0,FORM ISSUE,Pelvis tilting - keep hips square
110233,LEFT,175.5,172.0,175.3,173.8,171.7,167.5,3.6,173.0,178.9,0.802,UP,2,2,0,FORM ISSUE,Pelvis tilting - keep hips square
110266,LEFT,175.5,171.7,175.1,173.2,173.0,167.0,2.9,173.2,179.8,0.805,UP,2,2,0,FORM ISSUE,Pelvis tilting - keep hips square
110300,RIGHT,169.5,174.8,173.7,173.4,165.8,175.6,1.5,174.4,179.7,0.807,UP,2,2,0,FORM ISSUE,Pelvis tilting - keep hips square
110333,LEFT,173.9,168.0,173.3,172.6,174.0,165.0,1.9,174.0,178.3,0.813,UP,2,2,0,FORM ISSUE,Pelvis tilting - keep hips square
110366,LEFT,175.1,167.6,173.9,170.8,176.8,165.4,1.6,170.1,179.3,0.818,UP,2,2,0,FORM ISSUE,Pelvis tilting - keep hips square
110400,,,,,,,,,,,0.656,UP,2,2,0,NO PERSON,Step into frame
110433,,,,,,,,,,,0.493,UP,2,2,0,NO PERSON,Step into frame
110466,,,,,,,,,,,0.33,UP,2,2,0,NO PERSON,Step into frame
110500,,,,,,,,,,,0.165,UP,2,2,0,NO PERSON,Step into frame
110533,,,,,,,,,,,0.0,UP,2,2,0,NO PERSON,Step into frame
110566,,,,,,,,,,,0.0,UP,2,2,0,NO PERSON,Step into frame
110600,,,,,,,,,,,0.0,UP,2,2,0,NO PERSON,Step into frame
110633,,,,,,,,,,,0.0,UP,2,2,0,NO PERSON,Step into frame
110666,,,,,,,,,,,0.0,UP,2,2,0,NO PERSON,Step into frame
110700,,,,,,,,,,,0.0,UP,2,2,0,NO PERSON,Step into frame
110733,,,,,,,,,,,0.0,UP,2,2,0,NO PERSON,Step into frame
110766,,,,,,,,,,,0.0,UP,2,2,0,NO PERSON,Step into frame
110800,,,,,,,,,,,0.0,UP,2,2,0,NO PERSON,Step into frame
110833,,,,,,,,,,,0.0,UP,2,2,0,NO PERSON,Step into frame
110866,,,,,,,,,,,0.0,UP,2,2,0,NO PERSON,Step into frame
110900,,,,,,,,,,,0.0,UP,2,2,0,NO PERSON,Step into frame
110933,,,,,,,,,,,0.0,UP,2,2,0,NO PERSON,Step into frame
110966,,,,,,,,,,,0.0,UP,2,2,0,NO PERSON,Step into frame
111000,,,,,,,,,,,0.0,UP,2,2,0,NO PERSON,Step into frame
111033,,,,,,,,,,,0.0,UP,2,2,0,NO PERSON,Step into frame
111066,,,,,,,,,,,0.0,UP,2,2,0,NO PERSON,Step into frame
111100,,,,,,,,,,,0.0,UP,2,2,0,NO PERSON,Step into frame
111133,,,,,,,,,,,0.0,UP,2,2,0,NO PERSON,Step into frame
111166,,,,,,,,,,,0.0,UP,2,2,0,NO PERSON,Step into frame
111200,,,,,,,,,,,0.156,UP,2,2,0,LOW CONFIDENCE,Adjust camera view
111233,,,,,,,,,,,0.311,UP,2,2,0,LOW CONFIDENCE,Adjust camera view
111266,,,,,,,,,,,0.465,UP,2,2,0,LOW CONFIDENCE,Adjust camera view
111300,LEFT,164.7,167.7,171.8,170.0,171.6,173.4,6.0,178.5,171.6,0.617,UP,2,2,0,FORM ISSUE,Pelvis tilting - keep hips square
111333,RIGHT,163.8,167.6,169.4,169.1,171.2,170.6,5.7,174.1,165.3,0.77,UP,2,2,0,FORM ISSUE,Pelvis tilting - keep hips square
111366,LEFT,176.5,170.1,170.8,168.2,175.4,175.1,6.6,170.2,169.8,0.767,UP,2,2,0,FORM ISSUE,Pelvis tilting - keep hips square
111400,RIGHT,164.3,176.4,168.9,169.9,178.0,179.0,7.7,173.7,170.1,0.764,UP,2,2,0,FORM ISSUE,Pelvis tilting - keep hips square
111433,RIGHT,173.9,177.8,168.7,171.9,177.0,176.4,8.6,178.7,167.9,0.757,UP,2,2,0,FORM ISSUE,Pelvis tilting - keep hips square
111466,RIGHT,173.8,177.7,170.5,173.9,179.7,179.1,9.1,176.3,169.4,0.749,UP,2,2,0,FORM ISSUE,Pelvis tilting - keep hips square
111500,RIGHT,166.3,179.2,171.0,176.2,176.1,177.0,8.1,176.9,164.4,0.739,UP,2,2,0,FORM ISSUE,Pelvis tilting - keep hips square
111533,RIGHT,161.6,178.5,168.0,177.9,174.0,178.8,8.8,170.6,177.9,0.729,UP,2,2,0,FORM ISSUE,Pelvis tilting - keep hips square
111566,,,,,,,,,,,0.577,UP,2,2,0,NO PERSON,Step into frame
111600,RIGHT,166.3,176.0,168.4,177.8,177.2,177.7,6.3,168.8,177.8,0.572,UP,2,2,0,FORM ISSUE,Pelvis tilting - keep hips square
111633,RIGHT,169.3,171.9,167.5,176.6,177.8,179.5,7.4,167.7,169.0,0.57,UP,2,2,0,FORM ISSUE,Pelvis tilting - keep hips square
111666,LEFT,158.4,153.0,164.4,171.7,173.2,173.6,7.3,175.3,178.4,0.573,UP,2,2,0,FORM ISSUE,Pelvis tilting - keep hips square
111700,LEFT,166.7,140.3,164.5,163.9,170.8,169.9,7.9,178.5,169.5,0.578,UP,2,2,0,FORM ISSUE,Pelvis tilting - keep hips square
111733,LEFT,178.0,163.2,167.7,160.9,177.8,170.2,8.5,174.4,171.4,0.723,UP,2,2,0,FORM ISSUE,Pelvis tilting - keep hips square
111766,LEFT,170.9,157.0,168.7,157.1,173.6,172.8,8.7,172.6,169.8,0.721,UP,2,2,0,FORM ISSUE,Pelvis tilting - keep hips square
111800,LEFT,163.2,142.2,167.4,151.1,170.6,170.6,7.6,178.7,170.4,0.717,UP,2,2,0,FORM ISSUE,Pelvis tilting - keep hips square
111833,LEFT,159.4,133.1,167.6,147.2,167.7,173.0,7.3,175.5,170.1,0.713,UP,2,2,0,FORM ISSUE,Pelvis tilting - keep hips square
111866,LEFT,153.5,127.4,165.0,144.6,162.9,170.9,6.6,168.2,170.1,0.709,UP,2,2,0,FORM ISSUE,Pelvis tilting - keep hips square
111900,LEFT,153.5,138.3,160.1,139.6,160.4,169.7,5.0,164.3,168.2,0.708,UP,2,2,0,FORM ISSUE,Pelvis tilting - keep hips square
111933,LEFT,156.0,131.9,157.1,134.6,163.2,163.4,4.1,166.1,168.7,0.707,UP,2,2,0,FORM ISSUE,Pelvis tilting - keep hips square
111966,LEFT,149.6,127.3,154.4,131.6,160.2,158.8,3.0,167.8,167.5,0.699,UP,2,2,0,FORM ISSUE,Pelvis tilting - keep hips square
112000,LEFT,142.4,114.1,151.0,127.8,153.8,160.2,1.9,172.1,166.2,0.681,UP,2,2,0,FORM ISSUE,Pelvis tilting - keep hips square
112033,LEFT,135.9,126.5,147.5,127.6,149.3,159.1,3.0,166.6,170.8,0.662,UP,2,2,0,FORM ISSUE,Pelvis tilting - keep hips square
112066,LEFT,135.6,121.9,143.9,124.4,147.1,156.5,1.5,179.8,174.7,0.637,DOWN,2,2,0,FORM ISSUE,Pelvis tilting - keep hips square
112100,LEFT,133.2,145.1,139.4,127.0,146.1,150.7,1.6,174.1,174.3,0.616,DOWN,2,2,0,FORM ISSUE,Pelvis tilting - keep hips square
112133,LEFT,132.9,151.8,136.0,131.9,144.8,153.1,1.0,174.4,171.2,0.605,DOWN,2,2,0,FORM ISSUE,Pelvis tilting - keep hips square
112166,RIGHT,153.0,119.5,138.1,133.0,152.4,143.5,1.3,178.2,168.8,0.606,DOWN,2,2,0,FORM ISSUE,Pelvis tilting - keep hips square
112200,RIGHT,151.8,110.5,141.3,129.8,153.5,139.0,1.6,178.2,171.6,0.613,DOWN,2,2,0,FORM ISSUE,Pelvis tilting - keep hips square
112233,RIGHT,151.1,112.5,144.4,127.9,152.8,143.0,1.2,177.2,173.1,0.628,DOWN,2,2,0,FORM ISSUE,Pelvis tilting - keep hips square
112266,RIGHT,142.8,106.7,146.3,120.2,146.0,136.4,1.2,174.2,175.5,0.648,DOWN,2,2,0,FORM ISSUE,Pelvis tilting - keep hips square
112300,RIGHT,140.7,123.6,147.9,114.6,142.5,147.4,0.9,175.8,172.4,0.668,DOWN,2,2,0,FORM ISSUE,Pelvis tilting - keep hips square
112333,RIGHT,143.1,125.0,145.9,115.7,145.5,155.7,0.8,175.8,174.0,0.686,DOWN,2,2,0,FORM ISSUE,Pelvis tilting - keep hips square
112366,RIGHT,143.2,131.3,144.2,119.8,145.6,157.9,0.7,177.3,173.1,0.7,DOWN,2,2,0,FORM ISSUE,Pelvis tilting - keep hips square
112400,RIGHT,142.7,128.4,142.5,123.0,144.3,161.4,0.8,177.0,174.4,0.702,DOWN,2,2,0,FORM ISSUE,Pelvis tilting - keep hips square
112433,RIGHT,140.8,148.0,142.1,131.3,142.7,177.0,0.9,176.5,174.8,0.697,DOWN,2,2,0,FORM ISSUE,Pelvis tilting - keep hips square
112466,RIGHT,139.0,162.2,141.8,139.0,142.1,178.1,1.0,176.1,175.2,0.683,DOWN,2,2,0,FORM ISSUE,Pelvis tilting - keep hips square
112500,RIGHT,140.2,180.0,141.2,150.0,144.2,172.5,1.5,177.2,173.4,0.662,DOWN,2,2,0,FORM ISSUE,Pelvis tilting - keep hips square
112533,RIGHT,136.9,168.3,139.9,157.4,140.7,178.6,1.0,178.4,173.4,0.635,DOWN,2,2,0,FORM ISSUE,Pelvis tilting - keep hips square
112566,RIGHT,135.7,158.5,138.5,163.4,140.1,179.0,0.6,178.6,172.0,0.611,DOWN,2,2,0,FORM ISSUE,Pelvis tilting - keep hips square
112600,RIGHT,140.1,177.9,138.4,169.4,144.4,176.9,0.3,178.9,171.7,0.59,DOWN,2,2,0,FORM ISSUE,Pelvis tilting - keep hips square
112633,RIGHT,138.6,135.4,138.3,164.0,143.8,179.9,0.6,178.6,171.8,0.571,DOWN,2,2,0,FORM ISSUE,Pelvis tilting - keep hips square
112666,RIGHT,137.0,100.0,137.7,148.0,143.4,178.1,0.8,177.9,171.8,0.553,DOWN,2,2,0,FORM ISSUE,Pelvis tilting - keep hips square
112700,RIGHT,136.0,162.1,137.5,146.8,143.7,177.6,0.8,176.8,171.3,0.54,DOWN,2,2,0,FORM ISSUE,Pelvis tilting - keep hips square
112733,RIGHT,133.0,176.8,136.9,150.4,142.0,179.5,1.3,178.0,171.2,0.532,DOWN,2,2,0,FORM ISSUE,Pelvis tilting - keep hips square
112766,RIGHT,127.5,178.8,134.4,150.6,139.5,178.3,1.6,178.1,171.6,0.528,DOWN,2,2,0,FORM ISSUE,Pelvis tilting - keep hips square
112800,RIGHT,122.6,178.0,131.2,159.1,135.4,178.3,1.4,178.3,171.3,0.526,DOWN,2,2,0,FORM ISSUE,Pelvis tilting - keep hips square
112833,RIGHT,121.9,179.3,128.2,175.0,135.5,177.9,1.4,176.9,172.4,0.53,DOWN,2,2,0,FORM ISSUE,Pelvis tilting - keep hips square
112866,RIGHT,116.6,174.9,124.3,177.6,132.3,175.9,1.4,177.1,172.7,0.533,DOWN,2,2,0,FORM ISSUE,Pelvis tilting - keep hips square
112900,RIGHT,109.2,173.6,119.5,176.9,126.6,177.6,1.2,176.6,173.2,0.538,DOWN,2,2,0,FORM ISSUE,Pelvis tilting - keep hips square
112933,RIGHT,108.2,174.6,115.7,176.1,124.1,171.4,1.1,176.6,173.2,0.54,DOWN,2,2,0,FORM ISSUE,Pelvis tilting - keep hips square
112966,RIGHT,109.5,155.8,113.1,171.6,126.1,154.5,1.1,174.0,174.2,0.543,DOWN,2,2,0,FORM ISSUE,Pelvis tilting - keep hips square
113000,RIGHT,126.6,144.3,114.0,164.7,139.4,171.7,1.4,175.0,174.5,0.545,DOWN,2,2,0,FORM ISSUE,Pelvis tilting - keep hips square
113033,RIGHT,128.5,148.6,116.4,159.4,144.0,167.7,1.4,175.7,174.3,0.55,DOWN,2,2,0,FORM ISSUE,Pelvis tilting - keep hips square
113066,RIGHT,138.0,131.6,122.2,151.0,147.0,160.9,0.9,178.4,173.2,0.551,DOWN,2,2,0,FORM ISSUE,Pelvis tilting - keep hips square
113100,RIGHT,124.7,96.7,125.4,135.4,139.3,117.1,0.3,177.9,172.3,0.558,DOWN,2,2,0,FORM ISSUE,Pelvis tilting - keep hips square
113133,RIGHT,129.6,102.6,129.5,124.8,139.0,120.4,0.1,177.2,171.7,0.565,DOWN,2,2,0,FORM ISSUE,Pelvis tilting - keep hips square
113166,RIGHT,126.6,129.1,129.5,121.7,136.0,135.0,0.5,177.6,171.6,0.57,DOWN,2,2,0,FORM ISSUE,Pelvis tilting - keep hips square
113200,LEFT,99.6,125.8,123.7,117.2,114.3,145.5,1.2,176.8,171.5,0.58,DOWN,2,2,0,FORM ISSUE,Pelvis tilting - keep hips square
113233,LEFT,102.3,128.0,116.6,116.4,116.7,142.7,1.2,176.0,172.7,0.595,DOWN,2,2,0,FORM ISSUE,Pelvis tilting - keep hips square
113266,RIGHT,145.1,133.1,120.6,123.7,145.1,149.1,0.9,178.5,173.1,0.605,DOWN,2,2,0,FORM ISSUE,Pelvis tilting - keep hips square
113300,LEFT,120.8,141.2,118.9,131.4,127.9,162.4,0.5,179.2,173.3,0.622,DOWN,2,2,0,FORM ISSUE,Pelvis tilting - keep hips square
113333,LEFT,120.1,140.4,117.6,133.7,125.7,157.9,0.0,177.0,172.0,0.645,DOWN,2,2,0,FORM ISSUE,Pelvis tilting - keep hips square
113366,LEFT,124.3,124.9,122.5,133.5,130.9,147.1,0.8,177.3,171.0,0.664,DOWN,2,2,0,FORM ISSUE,Pelvis tilting - keep hips square
113400,LEFT,125.7,116.1,127.2,131.1,130.3,144.3,1.6,178.6,170.1,0.684,DOWN,2,2,0,FORM ISSUE,Pelvis tilting - keep hips square
113433,LEFT,123.1,119.8,122.8,128.5,123.6,140.9,2.0,178.7,168.9,0.708,DOWN,2,2,0,FORM ISSUE,Pelvis tilting - keep hips square
113466,LEFT,118.9,135.2,122.4,127.3,121.6,145.6,2.2,178.9,168.7,0.724,DOWN,2,2,0,FORM ISSUE,Pelvis tilting - keep hips square
113500,LEFT,128.0,145.9,124.0,128.4,124.5,151.0,1.5,177.8,169.3,0.735,DOWN,2,2,0,FORM ISSUE,Pelvis tilting - keep hips square
113533,RIGHT,145.9,141.9,128.3,131.7,149.6,166.6,0.9,178.2,170.0,0.735,DOWN,2,2,0,FORM ISSUE,Pelvis tilting - keep hips square
113566,RIGHT,147.5,169.9,132.7,142.5,146.7,177.6,0.0,176.7,171.7,0.721,DOWN,2,2,0,FORM ISSUE,Pelvis tilting - keep hips square
113600,RIGHT,131.0,162.8,134.2,151.1,133.5,169.2,0.7,176.5,173.6,0.693,DOWN,2,2,0,FORM ISSUE,Pelvis tilting - keep hips square
113633,RIGHT,121.2,152.0,134.7,154.5,129.7,163.6,1.8,174.4,176.1,0.66,DOWN,2,2,0,FORM ISSUE,Pelvis tilting - keep hips square
113666,RIGHT,111.2,120.4,131.3,149.4,123.5,141.1,2.2,172.1,178.9,0.621,DOWN,2,2,0,FORM ISSUE,Pelvis tilting - keep hips square
113700,RIGHT,108.1,104.6,123.8,141.9,121.5,146.4,2.5,168.1,178.9,0.585,DOWN,2,2,0,FORM ISSUE,Pelvis tilting - keep hips square
113733,RIGHT,100.1,129.9,114.3,133.9,115.6,149.1,3.0,167.7,177.0,0.553,DOWN,2,2,0,FORM ISSUE,Pelvis tilting - keep hips square
113766,RIGHT,95.0,124.5,107.1,126.3,113.6,140.6,3.7,166.0,174.3,0.528,DOWN,2,2,0,FORM ISSUE,Pelvis tilting - keep hips square
113800,RIGHT,86.5,130.6,100.2,122.0,106.5,151.1,4.0,166.2,173.3,0.508,DOWN,2,2,0,FORM ISSUE,Pelvis tilting - keep hips square
113833,,,,,,,,,,,0.49,DOWN,2,2,0,LOW CONFIDENCE,Adjust camera view
113866,,,,,,,,,,,0.478,DOWN,2,2,0,LOW CONFIDENCE,Adjust camera view
113900,,,,,,,,,,,0.471,DOWN,2,2,0,LOW CONFIDENCE,Adjust camera view
113933,,,,,,,,,,,0.471,DOWN,2,2,0,LOW CONFIDENCE,Adjust camera view
113966,,,,,,,,,,,0.475,DOWN,2,2,0,LOW CONFIDENCE,Adjust camera view
114000,,,,,,,,,,,0.482,DOWN,2,2,0,LOW CONFIDENCE,Adjust camera view
114033,,,,,,,,,,,0.49,DOWN,2,2,0,LOW CONFIDENCE,Adjust camera view
114066,,,,,,,,,,,0.497,DOWN,2,2,0,LOW CONFIDENCE,Adjust camera view
114100,RIGHT,61.9,101.2,90.3,118.2,83.3,125.4,3.9,164.1,171.8,0.502,DOWN,2,2,0,FORM ISSUE,Pelvis tilting - keep hips square
114133,RIGHT,73.7,174.3,83.5,132.1,90.3,177.1,2.7,170.2,176.1,0.505,DOWN,2,2,0,FORM ISSUE,Pelvis tilting - keep hips square
114166,RIGHT,68.0,157.8,77.0,137.7,85.9,147.8,2.1,174.3,179.6,0.509,DOWN,2,2,0,FORM ISSUE,Pelvis tilting - keep hips square
114200,RIGHT,114.9,165.7,81.0,145.9,124.8,160.8,2.3,175.7,173.3,0.515,DOWN,2,2,0,FORM ISSUE,Pelvis tilting - keep hips square
114233,RIGHT,131.5,148.9,90.0,149.6,136.3,153.0,1.2,177.1,167.0,0.519,DOWN,2,2,0,FORM ISSUE,Pelvis tilting - keep hips square
114266,RIGHT,146.1,144.2,106.8,158.2,144.0,150.4,0.1,174.4,163.1,0.525,DOWN,2,2,0,FORM ISSUE,Pelvis tilting - keep hips square
114300,RIGHT,142.6,135.2,120.6,150.4,141.0,140.0,0.6,174.7,159.7,0.535,DOWN,2,2,0,FORM ISSUE,Pelvis tilting - keep hips square
114333,LEFT,112.7,162.2,129.6,151.2,133.0,157.4,2.8,171.9,179.5,0.548,DOWN,2,2,0,FORM ISSUE,Pelvis tilting - keep hips square
114366,LEFT,177.2,148.4,142.0,147.8,177.0,145.4,0.5,160.1,179.7,0.558,DOWN,2,2,0,FORM ISSUE,Pelvis tilting - keep hips square
114400,LEFT,157.4,153.2,147.2,148.6,160.9,156.2,4.5,163.1,176.0,0.567,DOWN,2,2,0,FORM ISSUE,Pelvis tilting - keep hips square
114433,LEFT,158.6,161.1,149.7,152.0,159.0,162.9,5.9,163.8,175.2,0.576,DOWN,2,2,0,FORM ISSUE,Pelvis tilting - keep hips square
114466,LEFT,148.5,173.5,150.9,159.7,124.6,177.2,8.0,166.0,165.7,0.583,DOWN,2,2,0,FORM ISSUE,Pelvis tilting - keep hips square
114500,LEFT,164.2,171.3,161.2,161.5,137.8,176.7,7.8,155.4,174.3,0.589,DOWN,2,2,0,FORM ISSUE,Pelvis tilting - keep hips square
114533,LEFT,174.5,177.9,160.6,167.4,166.9,178.3,6.8,174.3,165.0,0.596,DOWN,2,2,0,FORM ISSUE,Pelvis tilting - keep hips square
114566,LEFT,164.8,176.8,162.1,172.1,156.4,176.4,8.1,176.4,158.8,0.601,DOWN,2,2,0,FORM ISSUE,Pelvis tilting - keep hips square
114600,RIGHT,177.4,174.9,165.9,174.9,169.0,171.6,8.9,178.2,171.4,0.61,DOWN,2,2,0,FORM ISSUE,Pelvis tilting - keep hips square
114633,RIGHT,178.0,179.4,171.8,176.1,168.5,173.7,10.1,165.1,164.4,0.621,UP,2,2,0,FORM ISSUE,Pelvis tilting - keep hips square
114666,RIGHT,172.3,172.5,173.4,176.3,164.5,168.2,10.7,172.2,159.4,0.633,UP,2,2,0,FORM ISSUE,Pelvis tilting - keep hips square
114700,RIGHT,166.3,167.9,171.8,174.3,164.9,169.2,10.0,175.5,162.8,0.643,UP,2,2,0,FORM ISSUE,Pelvis tilting - keep hips square
114733,LEFT,164.8,161.4,171.7,171.2,168.1,166.3,9.8,177.5,177.3,0.657,UP,2,2,0,FORM ISSUE,Pelvis tilting - keep hips square
114766,RIGHT,165.3,167.8,169.3,169.8,161.0,173.0,10.8,46.3,34.6,0.662,UP,2,2,0,FORM ISSUE,Pelvis tilting - keep hips square
114800,LEFT,171.5,178.6,168.0,169.6,170.9,170.9,11.1,133.5,101.7,0.664,UP,2,2,0,FORM ISSUE,Pelvis tilting - keep hips square
114833,RIGHT,180.0,178.3,169.6,170.8,167.1,178.8,10.3,60.8,33.5,0.661,UP,2,2,0,FORM ISSUE,Pelvis tilting - keep hips square
114866,RIGHT,178.5,166.0,172.0,170.4,162.1,165.3,10.2,30.2,24.8,0.661,UP,2,2,0,FORM ISSUE,Pelvis tilting - keep hips square
114900,RIGHT,172.8,176.5,173.6,173.4,173.5,176.9,8.6,53.2,64.4,0.666,UP,2,2,0,FORM ISSUE,Pelvis tilting - keep hips square
114933,RIGHT,174.3,164.8,175.4,172.8,173.5,161.6,5.6,21.5,32.7,0.674,UP,2,2,0,FORM ISSUE,Pelvis tilting - keep hips square
114966,RIGHT,177.3,141.0,176.6,165.3,170.2,139.1,3.5,9.6,7.0,0.682,UP,2,2,0,GOOD,Good Form
115000,RIGHT,179.0,152.5,176.4,160.2,164.9,139.2,3.5,6.0,2.3,0.696,UP,2,2,0,GOOD,Good Form
115033,RIGHT,177.9,160.6,176.2,159.1,167.5,153.8,5.9,13.4,16.5,0.711,UP,2,2,0,FORM ISSUE,Pelvis tilting - keep hips square
115066,RIGHT,172.5,165.8,176.2,157.0,168.3,161.9,6.9,12.9,17.8,0.72,UP,2,2,0,FORM ISSUE,Pelvis tilting - keep hips square
115100,LEFT,171.6,174.4,175.6,158.9,177.3,175.7,6.4,23.4,27.5,0.728,UP,2,2,0,FORM ISSUE,Pelvis tilting - keep hips square
115133,,,,,,,,,,,0.587,UP,2,2,0,NO PERSON,Step into frame
115166,,,,,,,,,,,0.442,UP,2,2,0,NO PERSON,Step into frame
115200,,,,,,,,,,,0.293,UP,2,2,0,NO PERSON,Step into frame
115233,,,,,,,,,,,0.147,UP,2,2,0,NO PERSON,Step into frame
115266,,,,,,,,,,,0.0,UP,2,2,0,NO PERSON,Step into frame
115300,,,,,,,,,,,0.0,UP,2,2,0,NO PERSON,Step into frame
115333,,,,,,,,,,,0.0,UP,2,2,0,NO PERSON,Step into frame
115366,,,,,,,,,,,0.0,UP,2,2,0,NO PERSON,Step into frame
115400,,,,,,,,,,,0.0,UP,2,2,0,NO PERSON,Step into frame
115433,,,,,,,,,,,0.0,UP,2,2,0,NO PERSON,Step into frame
115466,,,,,,,,,,,0.0,UP,2,2,0,NO PERSON,Step into frame
115500,,,,,,,,,,,0.0,UP,2,2,0,NO PERSON,Step into frame
115533,,,,,,,,,,,0.0,UP,2,2,0,NO PERSON,Step into frame
115566,,,,,,,,,,,0.0,UP,2,2,0,NO PERSON,Step into frame
115600,,,,,,,,,,,0.0,UP,2,2,0,NO PERSON,Step into frame
115633,,,,,,,,,,,0.0,UP,2,2,0,NO PERSON,Step into frame
115666,,,,,,,,,,,0.0,UP,2,2,0,NO PERSON,Step into frame
115700,,,,,,,,,,,0.0,UP,2,2,0,NO PERSON,Step into frame
115733,,,,,,,,,,,0.0,UP,2,2,0,NO PERSON,Step into frame
115766,,,,,,,,,,,0.0,UP,2,2,0,NO PERSON,Step into frame
115800,,,,,,,,,,,0.0,UP,2,2,0,NO PERSON,Step into frame
115833,,,,,,,,,,,0.0,UP,2,2,0,NO PERSON,Step into frame
115866,,,,,,,,,,,0.143,UP,2,2,0,LOW CONFIDENCE,Adjust camera view
115900,,,,,,,,,,,0.283,UP,2,2,0,LOW CONFIDENCE,Adjust camera view
115933,,,,,,,,,,,0.425,UP,2,2,0,LOW CONFIDENCE,Adjust camera view
115966,RIGHT,177.8,175.4,175.7,165.7,171.1,176.3,4.1,134.0,93.6,0.57,UP,2,2,0,FORM ISSUE,Pelvis tilting - keep hips square
116000,LEFT,177.0,175.7,175.3,170.4,175.1,177.0,5.2,26.6,23.0,0.717,UP,2,2,0,FORM ISSUE,Pelvis tilting - keep hips square
116033,RIGHT,171.0,174.8,174.0,173.2,175.5,179.4,4.0,112.0,69.7,0.724,UP,2,2,0,FORM ISSUE,Pelvis tilting - keep hips square
116066,RIGHT,174.7,175.9,174.4,175.2,176.4,178.0,2.0,87.9,53.3,0.734,UP,2,2,0,FORM ISSUE,Pelvis tilting - keep hips square
116100,RIGHT,177.8,178.6,175.7,176.1,175.4,179.0,3.2,8.8,9.1,0.744,UP,2,2,0,GOOD,Good Form
116133,,,,,,,,,,,0.599,UP,2,2,0,NO PERSON,Step into frame
116166,,,,,,,,,,,0.452,UP,2,2,0,NO PERSON,Step into frame
116200,,,,,,,,,,,0.302,UP,2,2,0,NO PERSON,Step into frame
116233,,,,,,,,,,,0.302,UP,2,2,0,LOW CONFIDENCE,Adjust camera view
116266,,,,,,,,,,,0.301,UP,2,2,0,LOW CONFIDENCE,Adjust camera view
116300,,,,,,,,,,,0.454,UP,2,2,0,LOW CONFIDENCE,Adjust camera view
116333,,,,,,,,,,,0.454,UP,2,2,0,NO PERSON,Step into frame
116366,LEFT,168.8,169.4,173.9,174.9,160.9,166.5,0.9,175.3,176.1,0.611,UP,2,2,0,FORM ISSUE,Pelvis tilting - keep hips square
116400,LEFT,174.1,173.3,173.3,174.4,164.1,175.4,0.2,173.7,172.4,0.619,UP,2,2,0,FORM ISSUE,Pelvis tilting - keep hips square
116433,LEFT,177.2,176.8,174.5,174.8,160.8,171.5,1.3,166.0,171.7,0.629,UP,2,2,0,FORM ISSUE,Pelvis tilting - keep hips square
116466,LEFT,174.6,179.2,174.5,175.4,162.6,171.4,0.7,175.5,179.4,0.639,UP,2,2,0,FORM ISSUE,Pelvis tilting - keep hips square
116500,,,,,,,,,,,0.639,UP,2,2,0,NO PERSON,Step into frame
116533,,,,,,,,,,,0.482,UP,2,2,0,NO PERSON,Step into frame
116566,,,,,,,,,,,0.323,UP,2,2,0,NO PERSON,Step into frame
116600,,,,,,,,,,,0.163,UP,2,2,0,NO PERSON,Step into frame
116633,,,,,,,,,,,0.0,UP,2,2,0,NO PERSON,Step into frame
116666,,,,,,,,,,,0.166,UP,2,2,0,LOW CONFIDENCE,Adjust camera view
116700,,,,,,,,,,,0.166,UP,2,2,0,NO PERSON,Step into frame
116733,,,,,,,,,,,0.166,UP,2,2,0,NO PERSON,Step into frame
116766,,,,,,,,,,,0.166,UP,2,2,0,NO PERSON,Step into frame
116800,,,,,,,,,,,0.166,UP,2,2,0,NO PERSON,Step into frame
116833,,,,,,,,,,,0.0,UP,2,2,0,NO PERSON,Step into frame
116866,,,,,,,,,,,0.0,UP,2,2,0,NO PERSON,Step into frame
116900,,,,,,,,,,,0.168,UP,2,2,0,LOW CONFIDENCE,Adjust camera view
116933,,,,,,,,,,,0.338,UP,2,2,0,LOW CONFIDENCE,Adjust camera view
116966,,,,,,,,,,,0.338,UP,2,2,0,NO PERSON,Step into frame
117000,,,,,,,,,,,0.338,UP,2,2,0,NO PERSON,Step into frame
117033,,,,,,,,,,,0.338,UP,2,2,0,NO PERSON,Step into frame
117066,,,,,,,,,,,0.17,UP,2,2,0,NO PERSON,Step into frame
117100,,,,,,,,,,,0.0,UP,2,2,0,NO PERSON,Step into frame
117133,,,,,,,,,,,0.0,UP,2,2,0,NO PERSON,Step into frame
117166,,,,,,,,,,,0.0,UP,2,2,0,NO PERSON,Step into frame
117200,,,,,,,,,,,0.0,UP,2,2,0,NO PERSON,Step into frame
117233,,,,,,,,,,,0.0,UP,2,2,0,NO PERSON,Step into frame
117266,,,,,,,,,,,0.0,UP,2,2,0,NO PERSON,Step into frame
117300,,,,,,,,,,,0.0,UP,2,2,0,NO PERSON,Step into frame
117333,,,,,,,,,,,0.0,UP,2,2,0,NO PERSON,Step into frame
117366,,,,,,,,,,,0.171,UP,2,2,0,LOW CONFIDENCE,Adjust camera view
117400,,,,,,,,,,,0.344,UP,2,2,0,LOW CONFIDENCE,Adjust camera view
117433,LEFT,177.1,175.7,174.4,174.9,174.3,171.2,1.0,176.8,179.6,0.515,UP,2,2,0,FORM ISSUE,Pelvis tilting - keep hips square
117466,LEFT,175.2,176.3,175.6,176.3,171.3,171.5,0.3,176.2,179.7,0.685,UP,2,2,0,FORM ISSUE,Pelvis tilting - keep hips square
117500,RIGHT,176.5,176.6,176.1,176.9,177.3,175.5,0.6,179.0,177.7,0.853,UP,2,2,0,FORM ISSUE,Pelvis tilting - keep hips square
117533,LEFT,178.7,176.7,176.4,176.9,176.7,179.6,3.7,160.4,170.4,0.843,UP,2,2,0,FORM ISSUE,Pelvis tilting - keep hips square
117566,LEFT,173.3,171.3,176.2,175.3,171.4,173.2,2.1,10.7,28.3,0.83,UP,2,2,0,FORM ISSUE,Shoulders uneven - keep level
117600,RIGHT,178.7,177.6,176.5,175.7,174.1,176.6,3.3,166.1,171.6,0.818,UP,2,2,0,FORM ISSUE,Pelvis tilting - keep hips square
117633,RIGHT,176.3,178.2,176.7,176.1,169.3,173.6,3.1,177.8,176.2,0.809,UP,2,2,0,FORM ISSUE,Pelvis tilting - keep hips square
117666,RIGHT,176.8,179.1,176.8,176.6,169.1,174.8,3.6,178.0,176.7,0.802,UP,2,2,0,FORM ISSUE,Pelvis tilting - keep hips square
117700,LEFT,176.9,175.7,176.4,176.4,180.0,174.6,4.9,179.0,175.2,0.8,UP,2,2,0,FORM ISSUE,Pelvis tilting - keep hips square
117733,RIGHT,176.8,177.5,177.1,177.6,169.4,173.9,4.0,175.7,176.0,0.801,UP,2,2,0,FORM ISSUE,Pelvis tilting - keep hips square
117766,RIGHT,177.5,175.6,176.9,177.2,169.5,173.8,4.0,174.4,176.0,0.801,UP,2,2,0,FORM ISSUE,Pelvis tilting - keep hips square
117800,RIGHT,176.7,177.7,176.9,177.1,169.1,175.9,4.2,172.7,176.7,0.802,UP,2,2,0,FORM ISSUE,Pelvis tilting - keep hips square
117833,RIGHT,176.9,174.2,176.9,176.1,169.3,171.3,3.4,180.0,177.3,0.802,UP,2,2,0,FORM ISSUE,Pelvis tilting - keep hips square
117866,RIGHT,177.9,173.7,177.2,175.7,169.4,170.0,3.0,179.1,178.2,0.806,UP,2,2,0,FORM ISSUE,Pelvis tilting - keep hips square
117900,RIGHT,178.3,173.6,177.5,175.0,169.5,169.9,3.2,176.3,179.8,0.809,UP,2,2,0,FORM ISSUE,Pelvis tilting - keep hips square
117933,RIGHT,177.8,173.0,177.5,174.4,168.8,169.8,3.3,174.3,179.7,0.815,UP,2,2,0,FORM ISSUE,Pelvis tilting - keep hips square
117966,LEFT,177.9,172.5,177.8,173.4,171.9,171.3,2.5,5.5,6.7,0.814,UP,2,2,0,GOOD,Good Form
118000,,,,,,,,,,,0.653,UP,2,2,0,NO PERSON,Step into frame
118033,,,,,,,,,,,0.49,UP,2,2,0,NO PERSON,Step into frame
118066,,,,,,,,,,,0.482,UP,2,2,0,LOW CONFIDENCE,Adjust camera view
118100,,,,,,,,,,,0.474,UP,2,2,0,LOW CONFIDENCE,Adjust camera view
118133,,,,,,,,,,,0.47,UP,2,2,0,LOW CONFIDENCE,Adjust camera view
118166,LEFT,177.9,179.6,178.0,174.5,174.3,173.0,0.6,177.1,169.1,0.626,UP,2,2,0,FORM ISSUE,Pelvis tilting - keep hips square
118200,LEFT,177.9,174.5,178.0,174.6,173.4,168.5,0.2,179.9,173.7,0.784,UP,2,2,0,FORM ISSUE,Pelvis tilting - keep hips square
118233,LEFT,179.1,176.1,178.1,175.1,179.9,170.8,1.7,172.6,171.0,0.784,UP,2,2,0,FORM ISSUE,Pelvis tilting - keep hips square
118266,RIGHT,175.4,178.9,177.6,176.3,170.2,169.3,0.3,20.0,10.9,0.781,UP,2,2,0,FORM ISSUE,Pelvis tilting - keep hips square
118300,LEFT,175.5,175.1,177.1,176.8,172.7,176.8,0.2,170.5,169.4,0.78,UP,2,2,0,FORM ISSUE,Pelvis tilting - keep hips square
118333,LEFT,178.1,178.0,177.2,176.5,179.7,177.0,0.9,173.6,167.6,0.781,UP,2,2,0,FORM ISSUE,Pelvis tilting - keep hips square
118366,LEFT,179.3,173.2,177.5,176.2,165.8,173.3,2.0,4.4,9.7,0.779,UP,2,2,0,GOOD,Good Form
118400,RIGHT,170.9,178.3,175.9,176.7,178.4,171.3,2.4,18.3,12.5,0.778,UP,2,2,0,FORM ISSUE,Pelvis tilting - keep hips square
118433,LEFT,178.2,174.2,176.4,175.7,172.4,177.6,1.8,19.5,13.9,0.778,UP,2,2,0,FORM ISSUE,Pelvis tilting - keep hips square
118466,RIGHT,172.9,179.5,175.9,176.6,176.7,179.5,0.0,119.9,146.5,0.779,UP,2,2,0,FORM ISSUE,Pelvis tilting - keep hips square
118500,RIGHT,177.9,174.8,175.9,176.0,169.9,177.7,1.1,138.2,153.9,0.779,UP,2,2,0,FORM ISSUE,Pelvis tilting - keep hips square
118533,LEFT,174.8,179.2,175.0,177.2,176.4,170.6,0.9,161.2,172.9,0.779,UP,2,2,0,FORM ISSUE,Pelvis tilting - keep hips square
118566,LEFT,176.5,177.6,176.1,177.1,170.3,168.0,0.8,172.5,174.5,0.78,UP,2,2,0,FORM ISSUE,Pelvis tilting - keep hips square
118600,LEFT,175.9,179.7,175.6,178.2,171.7,164.1,0.4,177.0,169.3,0.783,UP,2,2,0,FORM ISSUE,Pelvis tilting - keep hips square
118633,LEFT,173.6,175.2,175.7,177.3,169.5,161.5,0.6,178.7,174.9,0.786,UP,2,2,0,FORM ISSUE,Pelvis tilting - keep hips square
118666,LEFT,174.3,176.8,175.0,177.7,166.9,162.8,1.3,170.5,174.4,0.79,UP,2,2,0,FORM ISSUE,Pelvis tilting - keep hips square
118700,LEFT,176.4,178.8,175.3,177.6,170.7,166.5,1.6,175.9,175.6,0.794,UP,2,2,0,FORM ISSUE,Pelvis tilting - keep hips square
118733,LEFT,176.9,178.4,175.4,177.8,165.7,164.0,3.4,175.5,179.7,0.798,UP,2,2,0,FORM ISSUE,Pelvis tilting - keep hips square
118766,LEFT,176.3,177.5,175.5,177.3,163.3,163.8,4.1,177.6,175.8,0.803,UP,2,2,0,FORM ISSUE,Pelvis tilting - keep hips square
118800,LEFT,176.2,178.3,176.0,178.0,164.9,164.5,3.4,179.7,178.5,0.806,UP,2,2,0,FORM ISSUE,Pelvis tilting - keep hips square
118833,LEFT,176.2,177.9,176.4,178.2,165.4,163.6,3.5,178.7,179.4,0.806,UP,2,2,0,FORM ISSUE,Pelvis tilting - keep hips square
118866,LEFT,176.2,177.8,176.4,178.0,165.5,158.8,2.0,178.9,177.7,0.806,UP,2,2,0,FORM ISSUE,Pelvis tilting - keep hips square
118900,LEFT,176.6,179.7,176.3,178.2,162.0,157.8,3.5,177.7,177.2,0.804,UP,2,2,0,FORM ISSUE,Pelvis tilting - keep hips square
118933,RIGHT,178.0,176.8,176.6,178.1,174.5,179.5,5.6,166.1,157.4,0.795,UP,2,2,0,FORM ISSUE,Pelvis tilting - keep hips square
118966,LEFT,179.4,174.9,177.3,177.4,170.4,166.9,5.1,174.8,176.9,0.788,UP,2,2,0,FORM ISSUE,Pelvis tilting - keep hips square
119000,LEFT,178.3,175.7,177.7,177.0,173.0,160.3,0.2,175.0,173.6,0.779,UP,2,2,0,FORM ISSUE,Pelvis tilting - keep hips square
119033,RIGHT,170.5,178.3,176.6,177.1,161.3,160.8,5.2,4.6,4.5,0.774,UP,2,2,0,GOOD,Good Form
119066,RIGHT,173.5,179.8,175.9,177.1,169.4,161.7,3.8,13.2,2.6,0.775,UP,2,2,0,FORM ISSUE,Pelvis tilting - keep hips square
119100,RIGHT,174.4,176.2,175.2,177.0,169.0,159.3,4.0,5.2,2.0,0.784,UP,2,2,0,GOOD,Good Form
119133,RIGHT,174.8,177.0,174.3,177.4,170.3,157.7,3.2,11.9,2.0,0.794,UP,2,2,0,GOOD,Good Form
119166,RIGHT,172.8,179.0,173.2,178.1,168.2,162.0,4.7,11.4,1.6,0.808,UP,2,2,0,GOOD,Good Form
119200,RIGHT,173.1,178.3,173.7,178.1,168.6,160.2,3.9,15.6,2.0,0.819,UP,2,2,0,FORM ISSUE,Pelvis tilting - keep hips square
119233,RIGHT,174.5,178.6,173.9,177.8,169.7,159.7,3.4,10.7,2.8,0.826,UP,2,2,0,GOOD,Good Form
119266,RIGHT,173.9,175.3,173.8,177.7,174.5,161.7,4.7,11.2,3.3,0.829,UP,2,2,0,GOOD,Good Form
119300,LEFT,163.6,177.4,171.6,177.7,158.2,159.6,4.4,174.8,175.0,0.833,UP,2,2,0,FORM ISSUE,Pelvis tilting - keep hips square
119333,LEFT,165.1,177.9,170.0,177.5,156.1,162.6,4.5,179.6,170.8,0.836,UP,2,2,0,FORM ISSUE,Pelvis tilting - keep hips square
119366,LEFT,165.7,177.5,168.6,177.3,156.8,156.8,3.0,180.0,170.0,0.84,UP,2,2,0,FORM ISSUE,Pelvis tilting - keep hips square
119400,LEFT,168.7,170.6,167.4,175.7,158.2,157.1,3.8,179.7,170.4,0.847,UP,2,2,0,FORM ISSUE,Pelvis tilting - keep hips square
119433,LEFT,160.5,161.9,164.7,173.0,153.0,154.9,4.2,173.3,167.3,0.856,UP,2,2,0,FORM ISSUE,Pelvis tilting - keep hips square
119466,RIGHT,173.4,168.4,166.7,171.3,158.8,158.2,2.2,179.0,166.8,0.863,UP,2,2,0,FORM ISSUE,Pelvis tilting - keep hips square
119500,RIGHT,154.3,166.2,164.5,168.9,150.6,154.0,3.5,179.5,165.5,0.869,UP,2,2,0,FORM ISSUE,Pelvis tilting - keep hips square
119533,RIGHT,160.6,163.5,163.5,166.1,151.5,169.4,0.7,177.9,163.2,0.875,UP,2,2,0,FORM ISSUE,Pelvis tilting - keep hips square
119566,RIGHT,142.8,157.8,158.3,163.6,142.5,169.1,0.7,179.9,165.9,0.881,UP,2,2,0,FORM ISSUE,Pelvis tilting - keep hips square
119600,RIGHT,139.6,158.2,154.2,162.8,138.8,168.1,0.8,177.6,163.9,0.884,UP,2,2,0,FORM ISSUE,Pelvis tilting - keep hips square
119633,LEFT,138.0,166.0,147.1,162.3,138.9,176.1,2.2,0.1,2.1,0.887,UP,2,2,0,GOOD,Good Form
119666,RIGHT,131.4,94.6,142.5,148.0,135.1,144.5,6.6,179.6,154.0,0.887,UP,2,2,0,FORM ISSUE,Pelvis tilting - keep hips square
119700,RIGHT,129.4,139.7,136.3,143.3,132.6,173.2,6.4,176.2,150.3,0.886,DOWN,2,2,0,FORM ISSUE,Pelvis tilting - keep hips square
119733,RIGHT,129.3,144.5,133.5,140.6,132.9,177.2,4.7,178.3,159.3,0.882,DOWN,2,2,0,FORM ISSUE,Pelvis tilting - keep hips square
119766,RIGHT,128.4,144.1,131.3,137.8,133.7,173.9,2.9,177.8,158.5,0.877,DOWN,2,2,0,FORM ISSUE,Pelvis tilting - keep hips square
119800,RIGHT,121.9,142.4,128.1,133.1,128.4,170.5,2.0,178.4,159.5,0.872,DOWN,2,2,0,FORM ISSUE,Pelvis tilting - keep hips square
119833,RIGHT,119.2,138.8,125.6,141.9,129.2,167.8,0.6,176.3,166.4,0.868,DOWN,2,2,0,FORM ISSUE,Pelvis tilting - keep hips square
119866,RIGHT,116.4,140.9,123.0,142.1,129.0,166.3,0.1,177.0,169.7,0.863,DOWN,2,2,0,FORM ISSUE,Pelvis tilting - keep hips square
119900,RIGHT,112.3,123.9,119.6,138.0,127.3,165.3,0.2,175.6,172.4,0.859,DOWN,2,2,0,FORM ISSUE,Pelvis tilting - keep hips square
119933,RIGHT,111.0,133.8,116.2,135.9,126.8,163.6,0.5,175.4,175.5,0.857,DOWN,2,2,0,FORM ISSUE,Pelvis tilting - keep hips square
119966,RIGHT,106.1,135.4,113.0,134.5,122.9,164.1,0.2,175.9,171.4,0.852,DOWN,2,2,0,FORM ISSUE,Pelvis tilting - keep hips square
120000,RIGHT,99.2,131.6,109.0,133.1,116.1,162.7,0.3,174.5,169.0,0.847,DOWN,2,2,0,FORM ISSUE,Pelvis tilting - keep hips square
120033,RIGHT,93.5,85.8,104.4,122.1,111.7,163.0,1.1,176.6,170.2,0.84,DOWN,2,2,0,FORM ISSUE,Pelvis tilting - keep hips square
120066,RIGHT,88.8,63.0,99.7,109.9,107.9,161.7,0.7,173.3,169.9,0.834,DOWN,2,2,0,FORM ISSUE,Pelvis tilting - keep hips square
120100,RIGHT,83.1,42.6,94.1,91.7,106.2,156.5,0.6,172.6,166.8,0.825,DOWN,2,2,0,FORM ISSUE,Pelvis tilting - keep hips square
120133,RIGHT,84.2,35.2,89.8,71.6,110.1,155.9,0.2,173.0,169.4,0.815,DOWN,2,2,0,FORM ISSUE,Pelvis tilting - keep hips square
120166,RIGHT,80.8,156.9,86.1,76.7,108.1,146.6,0.3,172.9,170.2,0.804,DOWN,2,2,0,FORM ISSUE,Pelvis tilting - keep hips square
120200,RIGHT,77.2,176.7,82.8,94.9,106.1,148.0,0.9,172.9,169.8,0.792,BOTTOM,2,2,0,FORM ISSUE,Pelvis tilting - keep hips square
120233,RIGHT,76.2,146.5,80.3,111.6,104.7,151.2,0.3,170.9,172.7,0.779,BOTTOM,2,2,0,FORM ISSUE,Pelvis tilting - keep hips square
120266,RIGHT,71.3,147.5,77.9,132.6,99.2,153.7,0.1,171.6,173.0,0.767,BOTTOM,2,2,0,FORM ISSUE,Pelvis tilting - keep hips square
120300,RIGHT,67.9,111.7,74.7,147.9,96.4,153.2,0.2,168.5,173.1,0.755,BOTTOM,2,2,0,FORM ISSUE,Pelvis tilting - keep hips square
120333,RIGHT,67.7,52.4,72.1,127.0,95.1,153.7,0.1,168.3,172.7,0.74,BOTTOM,2,2,0,FORM ISSUE,Pelvis tilting - keep hips square
120366,RIGHT,64.3,9.3,69.5,93.5,91.6,152.9,0.0,168.3,168.5,0.725,BOTTOM,2,2,0,FORM ISSUE,Pelvis tilting - keep hips square
120400,RIGHT,59.9,40.5,66.2,72.3,88.0,136.6,0.2,168.1,170.7,0.709,BOTTOM,2,2,0,FORM ISSUE,Pelvis tilting - keep hips square
120433,RIGHT,60.1,49.6,64.0,52.7,90.4,124.4,0.5,170.4,171.2,0.693,BOTTOM,2,2,0,FORM ISSUE,Pelvis tilting - keep hips square
120466,RIGHT,55.1,41.4,61.4,38.7,91.0,117.2,0.7,173.9,164.9,0.68,BOTTOM,2,2,0,FORM ISSUE,Pelvis tilting - keep hips square
120500,RIGHT,51.9,37.3,58.3,35.6,88.1,115.2,0.7,171.3,168.6,0.671,BOTTOM,2,2,0,FORM ISSUE,Pelvis tilting - keep hips square
120533,RIGHT,51.0,39.0,55.6,41.6,91.5,115.8,0.4,172.0,168.7,0.664,BOTTOM,2,2,0,FORM ISSUE,Pelvis tilting - keep hips square
120566,RIGHT,50.7,39.4,53.8,41.4,90.3,116.8,0.5,172.9,169.7,0.659,BOTTOM,2,2,0,FORM ISSUE,Pelvis tilting - keep hips square
120600,RIGHT,48.0,37.3,51.3,38.9,91.4,115.4,0.3,173.0,169.7,0.652,BOTTOM,2,2,0,FORM ISSUE,Pelvis tilting - keep hips square
120633,RIGHT,46.9,39.2,49.7,38.5,96.1,117.1,0.0,175.3,169.3,0.644,BOTTOM,2,2,0,FORM ISSUE,Pelvis tilting - keep hips square
120666,RIGHT,47.9,39.3,48.9,38.8,98.5,116.1,0.2,175.5,169.7,0.637,BOTTOM,2,2,0,FORM ISSUE,Pelvis tilting - keep hips square
120700,RIGHT,47.8,39.3,48.3,38.9,96.8,116.1,0.0,174.6,168.8,0.629,BOTTOM,2,2,0,FORM ISSUE,Pelvis tilting - keep hips square
120733,RIGHT,39.7,55.5,46.1,42.1,82.9,127.0,0.1,173.3,168.6,0.623,BOTTOM,2,2,0,FORM ISSUE,Pelvis tilting - keep hips square
120766,RIGHT,39.9,49.2,44.4,44.5,83.3,126.0,0.1,173.2,169.5,0.618,BOTTOM,2,2,0,FORM ISSUE,Pelvis tilting - keep hips square
120800,RIGHT,43.5,48.9,43.8,46.5,92.7,126.3,0.3,173.1,169.7,0.612,BOTTOM,2,2,0,FORM ISSUE,Pelvis tilting - keep hips square
120833,RIGHT,38.7,43.5,41.9,47.3,87.9,122.1,0.4,173.2,171.0,0.606,BOTTOM,2,2,0,FORM ISSUE,Pelvis tilting - keep hips square
120866,RIGHT,36.4,46.1,39.6,48.6,79.0,125.9,0.4,172.9,171.5,0.6,BOTTOM,2,2,0,FORM ISSUE,Pelvis tilting - keep hips square
120900,RIGHT,39.1,52.5,39.5,48.0,80.9,123.9,0.3,172.7,170.4,0.594,BOTTOM,2,2,0,FORM ISSUE,Pelvis tilting - keep hips square
120933,RIGHT,44.0,23.7,40.3,42.9,82.1,146.3,0.8,171.6,172.0,0.586,BOTTOM,2,2,0,FORM ISSUE,Pelvis tilting - keep hips square
120966,RIGHT,48.6,153.3,41.3,63.8,79.9,143.2,0.1,175.3,174.8,0.582,BOTTOM,2,2,0,FORM ISSUE,Pelvis tilting - keep hips square
121000,RIGHT,52.2,150.4,44.1,85.2,83.3,141.0,1.1,175.7,172.1,0.58,BOTTOM,2,2,0,FORM ISSUE,Pelvis tilting - keep hips square
121033,RIGHT,67.1,109.5,50.2,97.9,95.3,148.5,2.2,174.8,169.4,0.576,BOTTOM,2,2,0,FORM ISSUE,Pelvis tilting - keep hips square
121066,RIGHT,96.4,147.0,61.7,116.8,114.9,155.9,2.5,174.1,162.3,0.574,BOTTOM,2,2,0,FORM ISSUE,Pelvis tilting - keep hips square
121100,RIGHT,119.4,169.6,76.7,146.0,131.9,155.1,1.7,179.0,169.8,0.58,BOTTOM,2,2,0,FORM ISSUE,Pelvis tilting - keep hips square
121133,RIGHT,126.2,165.2,92.3,148.4,135.4,163.7,2.0,171.3,164.9,0.59,BOTTOM,2,2,0,FORM ISSUE,Pelvis tilting - keep hips square
121166,RIGHT,130.8,156.1,108.0,149.5,137.4,172.9,2.1,179.5,161.8,0.604,BOTTOM,2,2,0,FORM ISSUE,Pelvis tilting - keep hips square
121200,RIGHT,140.7,161.8,122.7,160.0,143.3,171.9,3.1,177.3,167.5,0.626,DOWN,2,2,0,FORM ISSUE,Pelvis tilting - keep hips square
121233,RIGHT,144.1,148.1,132.2,160.2,145.9,164.0,4.3,146.7,151.9,0.653,DOWN,2,2,0,FORM ISSUE,Pelvis tilting - keep hips square
121266,RIGHT,157.2,167.4,139.8,159.7,150.6,176.9,4.4,170.9,173.8,0.68,DOWN,2,2,0,FORM ISSUE,Pelvis tilting - keep hips square
121300,RIGHT,153.9,167.7,145.3,160.2,149.4,177.4,5.1,165.4,177.2,0.705,DOWN,2,2,0,FORM ISSUE,Pelvis tilting - keep hips square
121333,RIGHT,161.3,175.5,151.4,164.1,154.3,170.6,6.1,172.6,166.4,0.728,DOWN,2,2,0,FORM ISSUE,Pelvis tilting - keep hips square
121366,RIGHT,164.9,169.3,156.3,165.6,155.7,160.3,5.9,168.7,170.4,0.747,DOWN,2,2,0,FORM ISSUE,Pelvis tilting - keep hips square
121400,RIGHT,162.9,170.8,160.1,170.2,154.1,172.7,6.5,172.7,173.5,0.754,DOWN,2,2,0,FORM ISSUE,Pelvis tilting - keep hips square
121433,RIGHT,161.8,171.6,161.0,171.0,153.9,176.2,7.3,170.1,171.5,0.756,DOWN,2,2,0,FORM ISSUE,Pelvis tilting - keep hips square
121466,LEFT,175.1,164.9,165.2,170.4,166.9,153.4,7.0,174.5,177.1,0.757,DOWN,2,2,0,FORM ISSUE,Pelvis tilting - keep hips square
121500,RIGHT,161.4,180.0,165.2,171.3,151.0,162.5,7.2,176.1,170.4,0.757,DOWN,2,2,0,FORM ISSUE,Pelvis tilting - keep hips square
121533,RIGHT,169.4,176.3,166.1,172.7,154.6,169.4,7.4,163.9,168.8,0.756,UP,3,2,1,FORM ISSUE,Pelvis tilting - keep hips square
121566,RIGHT,173.4,161.6,168.2,170.9,159.1,147.7,4.6,157.4,170.2,0.75,UP,3,2,1,FORM ISSUE,Pelvis tilting - keep hips square
121600,LEFT,178.0,174.6,171.5,171.5,175.8,163.8,4.2,163.5,178.3,0.747,UP,3,2,1,FORM ISSUE,Pelvis tilting - keep hips square
121633,RIGHT,178.8,176.8,172.2,173.9,171.0,174.0,3.7,172.0,177.8,0.74,UP,3,2,1,FORM ISSUE,Pelvis tilting - keep hips square
121666,RIGHT,178.7,177.3,175.7,173.3,174.1,172.6,3.5,174.3,178.2,0.733,UP,3,2,1,FORM ISSUE,Pelvis tilting - keep hips square
121700,LEFT,173.9,179.6,176.6,174.0,173.5,174.4,3.3,179.8,179.9,0.729,UP,3,2,1,FORM ISSUE,Pelvis tilting - keep hips square
121733,LEFT,166.9,177.5,175.3,177.1,177.2,173.1,4.0,170.7,173.3,0.737,UP,3,2,1,FORM ISSUE,Pelvis tilting - keep hips square
121766,RIGHT,178.2,171.3,175.3,176.5,173.2,175.8,4.5,167.2,175.4,0.745,UP,3,2,1,FORM ISSUE,Pelvis tilting - keep hips square
121800,RIGHT,180.0,177.6,175.6,176.7,173.1,174.2,4.0,171.7,173.2,0.752,UP,3,2,1,FORM ISSUE,Pelvis tilting - keep hips square
121833,RIGHT,177.6,177.9,175.3,176.8,171.3,172.7,4.4,168.5,167.9,0.76,UP,3,2,1,FORM ISSUE,Pelvis tilting - keep hips square
121866,RIGHT,176.1,165.1,175.8,173.9,171.4,170.7,5.8,156.9,145.1,0.768,UP,3,2,1,FORM ISSUE,Pelvis tilting - keep hips square
121900,RIGHT,176.8,174.3,177.8,173.2,174.0,177.5,4.6,164.4,155.1,0.776,UP,3,2,1,FORM ISSUE,Pelvis tilting - keep hips square
121933,LEFT,177.3,174.0,177.6,173.8,176.1,171.3,2.1,5.2,1.6,0.785,UP,3,2,1,GOOD,Good Form
121966,LEFT,175.3,175.6,176.6,173.4,176.9,174.8,2.4,32.3,12.8,0.791,UP,3,2,1,FORM ISSUE,Pelvis tilting - keep hips square
122000,LEFT,169.7,177.0,175.1,173.2,173.6,179.9,2.7,153.4,144.1,0.794,UP,3,2,1,FORM ISSUE,Pelvis tilting - keep hips square
122033,LEFT,165.2,173.4,172.9,174.8,176.7,178.9,0.8,146.5,109.7,0.784,UP,3,2,1,FORM ISSUE,Pelvis tilting - keep hips square
122066,RIGHT,177.8,175.0,173.1,175.0,174.7,178.3,2.1,172.4,128.8,0.772,UP,3,2,1,FORM ISSUE,Pelvis tilting - keep hips square
122100,RIGHT,179.5,179.1,173.5,176.0,171.3,178.4,4.7,175.7,136.8,0.758,UP,3,2,1,FORM ISSUE,Pelvis tilting - keep hips square
122133,RIGHT,173.5,173.8,173.1,175.7,171.7,179.7,6.2,167.0,163.6,0.742,UP,3,2,1,FORM ISSUE,Pelvis tilting - keep hips square
122166,RIGHT,175.4,179.2,174.3,176.1,171.2,175.9,8.8,165.6,178.5,0.727,UP,3,2,1,FORM ISSUE,Pelvis tilting - keep hips square
122200,,,,,,,,,,,0.579,UP,3,2,1,NO PERSON,Step into frame
122233,RIGHT,176.6,178.6,176.6,177.1,159.9,175.6,13.3,23.8,19.5,0.573,UP,3,2,1,FORM ISSUE,Pelvis tilting - keep hips square
122266,RIGHT,176.0,176.7,176.2,177.5,167.9,169.5,13.1,166.7,163.2,0.57,UP,3,2,1,FORM ISSUE,Pelvis tilting - keep hips square
122300,RIGHT,176.1,173.6,175.5,176.4,168.8,171.7,13.0,155.2,159.3,0.57,UP,3,2,1,FORM ISSUE,Pelvis tilting - keep hips square
122333,RIGHT,176.9,174.6,176.2,176.5,166.7,170.5,13.6,145.4,142.9,0.576,UP,3,2,1,FORM ISSUE,Pelvis tilting - keep hips square
122366,RIGHT,179.9,173.0,177.1,175.3,167.0,169.3,14.8,150.7,146.1,0.728,UP,3,2,1,FORM ISSUE,Pelvis tilting - keep hips square
122400,RIGHT,179.5,175.2,177.7,174.6,166.3,169.7,15.6,150.0,142.6,0.742,UP,3,2,1,FORM ISSUE,Pelvis tilting - keep hips square
122433,RIGHT,178.4,179.8,178.1,175.2,166.7,169.8,15.8,153.2,145.3,0.757,UP,3,2,1,FORM ISSUE,Pelvis tilting - keep hips square
122466,RIGHT,178.4,176.2,178.6,175.8,166.5,168.5,16.4,153.7,144.3,0.772,UP,3,2,1,FORM ISSUE,Pelvis tilting - keep hips square
122500,RIGHT,179.0,176.8,179.0,176.2,161.4,168.4,17.9,141.7,88.1,0.775,UP,3,2,1,FORM ISSUE,Pelvis tilting - keep hips square
122533,RIGHT,175.2,167.8,178.1,175.2,160.0,166.1,18.1,1.6,5.9,0.766,UP,3,2,1,GOOD,Good Form
122566,LEFT,172.4,173.4,176.7,174.8,166.4,162.6,17.6,7.9,11.2,0.745,UP,3,2,1,GOOD,Good Form
122600,LEFT,170.5,173.6,175.1,173.6,165.4,166.4,15.9,3.7,15.7,0.712,UP,3,2,1,FORM ISSUE,Shoulders uneven - keep level
122633,RIGHT,176.5,176.9,174.7,173.7,169.4,169.4,16.1,104.3,157.1,0.679,UP,3,2,1,FORM ISSUE,Pelvis tilting - keep hips square
122666,RIGHT,178.9,179.3,174.7,174.2,173.0,171.0,15.4,145.5,169.0,0.658,UP,3,2,1,FORM ISSUE,Pelvis tilting - keep hips square
122700,RIGHT,179.8,178.8,175.6,176.4,170.7,174.7,15.2,158.8,172.7,0.651,UP,3,2,1,FORM ISSUE,Pelvis tilting - keep hips square
122733,RIGHT,178.3,176.9,176.8,177.1,174.4,177.5,13.7,159.5,173.2,0.659,UP,3,2,1,FORM ISSUE,Pelvis tilting - keep hips square
122766,LEFT,177.5,176.4,178.2,177.7,175.6,176.9,15.0,157.1,174.7,0.681,UP,3,2,1,FORM ISSUE,Pelvis tilting - keep hips square
122800,RIGHT,169.2,178.2,176.8,177.9,175.2,173.5,15.6,170.0,174.8,0.704,UP,3,2,1,FORM ISSUE,Pelvis tilting - keep hips square
122833,LEFT,178.8,176.1,176.7,177.3,171.3,178.1,16.1,167.7,167.0,0.723,UP,3,2,1,FORM ISSUE,Pelvis tilting - keep hips square
122866,LEFT,175.2,180.0,175.8,177.5,170.6,175.5,15.9,54.6,45.7,0.729,UP,3,2,1,FORM ISSUE,Pelvis tilting - keep hips square
122900,,,,,,,,,,,0.588,UP,3,2,1,NO PERSON,Step into frame
122933,,,,,,,,,,,0.442,UP,3,2,1,NO PERSON,Step into frame
122966,,,,,,,,,,,0.293,UP,3,2,1,NO PERSON,Step into frame
123000,,,,,,,,,,,0.143,UP,3,2,1,NO PERSON,Step into frame
123033,,,,,,,,,,,0.0,UP,3,2,1,NO PERSON,Step into frame
123066,,,,,,,,,,,0.0,UP,3,2,1,NO PERSON,Step into frame
123100,,,,,,,,,,,0.0,UP,3,2,1,NO PERSON,Step into frame
123133,,,,,,,,,,,0.0,UP,3,2,1,NO PERSON,Step into frame
123166,,,,,,,,,,,0.0,UP,3,2,1,NO PERSON,Step into frame
123200,,,,,,,,,,,0.0,UP,3,2,1,NO PERSON,Step into frame
123233,,,,,,,,,,,0.0,UP,3,2,1,NO PERSON,Step into frame
123266,,,,,,,,,,,0.0,UP,3,2,1,NO PERSON,Step into frame
123300,,,,,,,,,,,0.0,UP,3,2,1,NO PERSON,Step into frame
123333,,,,,,,,,,,0.0,UP,3,2,1,NO PERSON,Step into frame
123366,,,,,,,,,,,0.0,UP,3,2,1,NO PERSON,Step into frame
123400,,,,,,,,,,,0.0,UP,3,2,1,NO PERSON,Step into frame
123433,,,,,,,,,,,0.0,UP,3,2,1,NO PERSON,Step into frame
123466,,,,,,,,,,,0.0,UP,3,2,1,NO PERSON,Step into frame
123500,,,,,,,,,,,0.0,UP,3,2,1,NO PERSON,Step into frame
123533,,,,,,,,,,,0.0,UP,3,2,1,NO PERSON,Step into frame
123566,,,,,,,,,,,0.0,UP,3,2,1,NO PERSON,Step into frame
123600,,,,,,,,,,,0.0,UP,3,2,1,NO PERSON,Step into frame
123633,,,,,,,,,,,0.147,UP,3,2,1,LOW CONFIDENCE,Adjust camera view
123666,,,,,,,,,,,0.294,UP,3,2,1,LOW CONFIDENCE,Adjust camera view
123700,,,,,,,,,,,0.442,UP,3,2,1,LOW CONFIDENCE,Adjust camera view
123733,,,,,,,,,,,0.442,UP,3,2,1,NO PERSON,Step into frame
123766,,,,,,,,,,,0.442,UP,3,2,1,NO PERSON,Step into frame
123800,,,,,,,,,,,0.295,UP,3,2,1,NO PERSON,Step into frame
123833,,,,,,,,,,,0.148,UP,3,2,1,NO PERSON,Step into frame
123866,,,,,,,,,,,0.0,UP,3,2,1,NO PERSON,Step into frame
123900,,,,,,,,,,,0.0,UP,3,2,1,NO PERSON,Step into frame
123933,,,,,,,,,,,0.0,UP,3,2,1,NO PERSON,Step into frame
123966,,,,,,,,,,,0.0,UP,3,2,1,NO PERSON,Step into frame
124000,,,,,,,,,,,0.0,UP,3,2,1,NO PERSON,Step into frame
124033,,,,,,,,,,,0.0,UP,3,2,1,NO PERSON,Step into frame
124066,,,,,,,,,,,0.146,UP,3,2,1,LOW CONFIDENCE,Adjust camera view
124100,,,,,,,,,,,0.297,UP,3,2,1,LOW CONFIDENCE,Adjust camera view
124133,,,,,,,,,,,0.45,UP,3,2,1,LOW CONFIDENCE,Adjust camera view
124166,RIGHT,173.8,155.6,174.9,173.3,165.6,168.0,6.2,171.0,170.7,0.607,UP,3,2,1,FORM ISSUE,Pelvis tilting - keep hips square
124200,RIGHT,169.9,157.5,173.4,169.5,161.5,169.6,6.6,170.4,168.4,0.766,UP,3,2,1,FORM ISSUE,Pelvis tilting - keep hips square
124233,RIGHT,170.3,154.0,173.6,164.6,162.9,168.8,6.2,176.1,170.8,0.782,UP,3,2,1,FORM ISSUE,Pelvis tilting - keep hips square
124266,RIGHT,169.8,154.7,171.8,160.4,162.9,168.0,5.3,177.9,171.9,0.796,UP,3,2,1,FORM ISSUE,Pelvis tilting - keep hips square
124300,RIGHT,173.2,152.7,171.4,154.9,164.9,165.8,5.7,175.5,176.9,0.809,UP,3,2,1,FORM ISSUE,Pelvis tilting - keep hips square
124333,RIGHT,174.0,154.4,171.5,154.7,166.5,167.9,6.0,172.6,171.9,0.821,UP,3,2,1,FORM ISSUE,Pelvis tilting - keep hips square
124366,RIGHT,170.8,155.4,171.6,154.2,163.7,168.1,6.7,173.8,173.7,0.832,UP,3,2,1,FORM ISSUE,Pelvis tilting - keep hips square
124400,RIGHT,170.4,158.2,171.7,155.1,162.0,168.1,6.7,171.9,172.5,0.841,UP,3,2,1,FORM ISSUE,Pelvis tilting - keep hips square
124433,RIGHT,170.4,161.8,171.8,156.5,162.5,170.9,6.8,172.4,175.5,0.849,UP,3,2,1,FORM ISSUE,Pelvis tilting - keep hips square
124466,RIGHT,171.1,163.0,171.3,158.6,161.1,170.7,7.6,171.0,172.4,0.856,UP,3,2,1,FORM ISSUE,Pelvis tilting - keep hips square
124500,RIGHT,173.9,164.5,171.3,160.6,162.7,171.0,7.4,169.7,171.4,0.862,UP,3,2,1,FORM ISSUE,Pelvis tilting - keep hips square
124533,RIGHT,179.8,174.6,173.1,164.4,167.2,178.0,7.1,168.3,173.7,0.861,UP,3,2,1,FORM ISSUE,Pelvis tilting - keep hips square
124566,RIGHT,179.6,176.0,174.9,168.0,167.8,177.2,9.0,173.6,176.0,0.862,UP,3,2,1,FORM ISSUE,Pelvis tilting - keep hips square
124600,RIGHT,174.7,179.4,175.8,171.5,166.3,172.6,10.8,179.1,170.3,0.86,UP,3,2,1,FORM ISSUE,Pelvis tilting - keep hips square
124633,RIGHT,178.6,177.6,177.3,174.4,164.6,173.6,10.5,176.3,166.9,0.852,UP,3,2,1,FORM ISSUE,Pelvis tilting - keep hips square
124666,RIGHT,173.6,175.2,177.3,176.5,174.8,173.7,10.7,175.7,177.3,0.846,UP,3,2,1,FORM ISSUE,Pelvis tilting - keep hips square
124700,RIGHT,177.4,168.7,176.8,175.4,161.0,169.3,7.7,175.9,160.5,0.842,UP,3,2,1,FORM ISSUE,Pelvis tilting - keep hips square
124733,,,,,,,,,,,0.67,UP,3,2,1,NO PERSON,Step into frame
124766,,,,,,,,,,,0.501,UP,3,2,1,NO PERSON,Step into frame
124800,,,,,,,,,,,0.335,UP,3,2,1,NO PERSON,Step into frame
124833,,,,,,,,,,,0.167,UP,3,2,1,NO PERSON,Step into frame
124866,,,,,,,,,,,0.0,UP,3,2,1,NO PERSON,Step into frame
124900,,,,,,,,,,,0.0,UP,3,2,1,NO PERSON,Step into frame
124933,,,,,,,,,,,0.0,UP,3,2,1,NO PERSON,Step into frame
124966,,,,,,,,,,,0.0,UP,3,2,1,NO PERSON,Step into frame
125000,,,,,,,,,,,0.0,UP,3,2,1,NO PERSON,Step into frame
125033,,,,,,,,,,,0.0,UP,3,2,1,NO PERSON,Step into frame
125066,,,,,,,,,,,0.0,UP,3,2,1,NO PERSON,Step into frame
125100,,,,,,,,,,,0.0,UP,3,2,1,NO PERSON,Step into frame
125133,,,,,,,,,,,0.0,UP,3,2,1,NO PERSON,Step into frame
125166,,,,,,,,,,,0.0,UP,3,2,1,NO PERSON,Step into frame
125200,,,,,,,,,,,0.0,UP,3,2,1,NO PERSON,Step into frame
125233,,,,,,,,,,,0.164,UP,3,2,1,LOW CONFIDENCE,Adjust camera view
125266,,,,,,,,,,,0.33,UP,3,2,1,LOW CONFIDENCE,Adjust camera view
125300,,,,,,,,,,,0.33,UP,3,2,1,NO PERSON,Step into frame
125333,,,,,,,,,,,0.33,UP,3,2,1,NO PERSON,Step into frame
125366,,,,,,,,,,,0.33,UP,3,2,1,NO PERSON,Step into frame
125400,,,,,,,,,,,0.165,UP,3,2,1,NO PERSON,Step into frame
125433,,,,,,,,,,,0.0,UP,3,2,1,NO PERSON,Step into frame
125466,,,,,,,,,,,0.0,UP,3,2,1,NO PERSON,Step into frame
125500,,,,,,,,,,,0.0,UP,3,2,1,NO PERSON,Step into frame
125533,,,,,,,,,,,0.154,UP,3,2,1,LOW CONFIDENCE,Adjust camera view
125566,,,,,,,,,,,0.301,UP,3,2,1,LOW CONFIDENCE,Adjust camera view
125600,,,,,,,,,,,0.442,UP,3,2,1,LOW CONFIDENCE,Adjust camera view
125633,RIGHT,149.7,175.6,170.8,175.3,136.5,161.3,27.3,159.0,151.7,0.574,UP,3,2,1,FORM ISSUE,Keep torso upright - don't lean forward
125666,RIGHT,151.2,161.6,166.1,171.7,126.3,133.5,29.8,157.7,136.0,0.696,UP,3,2,1,FORM ISSUE,Keep torso upright - don't lean forward
125700,RIGHT,124.6,131.0,155.3,162.4,103.7,109.5,32.8,167.0,156.4,0.654,UP,3,2,1,FORM ISSUE,Keep torso upright - don't lean forward
125733,RIGHT,103.5,116.7,141.3,150.8,92.9,96.3,36.5,150.4,135.4,0.609,UP,3,2,1,FORM ISSUE,Keep torso upright - don't lean forward
125766,RIGHT,92.0,102.3,124.2,137.5,80.4,87.9,36.8,143.2,143.5,0.561,UP,3,2,1,FORM ISSUE,Keep torso upright - don't lean forward
125800,RIGHT,89.9,100.2,112.2,122.4,84.6,95.3,38.9,137.0,114.0,0.514,UP,3,2,1,FORM ISSUE,Keep torso upright - don't lean forward
125833,,,,,,,,,,,0.471,UP,3,2,1,LOW CONFIDENCE,Adjust camera view
125866,,,,,,,,,,,0.432,UP,3,2,1,LOW CONFIDENCE,Adjust camera view
125900,,,,,,,,,,,0.398,UP,3,2,1,LOW CONFIDENCE,Adjust camera view
125933,,,,,,,,,,,0.368,UP,3,2,1,LOW CONFIDENCE,Adjust camera view
125966,,,,,,,,,,,0.341,UP,3,2,1,LOW CONFIDENCE,Adjust camera view
126000,,,,,,,,,,,0.317,UP,3,2,1,LOW CONFIDENCE,Adjust camera view
126033,,,,,,,,,,,0.295,UP,3,2,1,LOW CONFIDENCE,Adjust camera view
126066,,,,,,,,,,,0.278,UP,3,2,1,LOW CONFIDENCE,Adjust camera view
126100,,,,,,,,,,,0.264,UP,3,2,1,LOW CONFIDENCE,Adjust camera view
126133,,,,,,,,,,,0.255,UP,3,2,1,LOW CONFIDENCE,Adjust camera view
126166,,,,,,,,,,,0.249,UP,3,2,1,LOW CONFIDENCE,Adjust camera view
126200,,,,,,,,,,,0.244,UP,3,2,1,LOW CONFIDENCE,Adjust camera view
126233,,,,,,,,,,,0.238,UP,3,2,1,LOW CONFIDENCE,Adjust camera view
126266,,,,,,,,,,,0.231,UP,3,2,1,LOW CONFIDENCE,Adjust camera view
126300,,,,,,,,,,,0.224,UP,3,2,1,LOW CONFIDENCE,Adjust camera view
126333,,,,,,,,,,,0.219,UP,3,2,1,LOW CONFIDENCE,Adjust camera view
126366,,,,,,,,,,,0.214,UP,3,2,1,LOW CONFIDENCE,Adjust camera view
126400,,,,,,,,,,,0.21,UP,3,2,1,LOW CONFIDENCE,Adjust camera view
126433,,,,,,,,,,,0.206,UP,3,2,1,LOW CONFIDENCE,Adjust camera view
126466,,,,,,,,,,,0.201,UP,3,2,1,LOW CONFIDENCE,Adjust camera view
126500,,,,,,,,,,,0.195,UP,3,2,1,LOW CONFIDENCE,Adjust camera view
126533,,,,,,,,,,,0.189,UP,3,2,1,LOW CONFIDENCE,Adjust camera view
126566,,,,,,,,,,,0.183,UP,3,2,1,LOW CONFIDENCE,Adjust camera view
126600,,,,,,,,,,,0.178,UP,3,2,1,LOW CONFIDENCE,Adjust camera view
126633,,,,,,,,,,,0.176,UP,3,2,1,LOW CONFIDENCE,Adjust camera view
126666,,,,,,,,,,,0.176,UP,3,2,1,LOW CONFIDENCE,Adjust camera view
126700,,,,,,,,,,,0.179,UP,3,2,1,LOW CONFIDENCE,Adjust camera view
126733,,,,,,,,,,,0.181,UP,3,2,1,LOW CONFIDENCE,Adjust camera view
126766,,,,,,,,,,,0.184,UP,3,2,1,LOW CONFIDENCE,Adjust camera view
126800,,,,,,,,,,,0.186,UP,3,2,1,LOW CONFIDENCE,Adjust camera view
126833,,,,,,,,,,,0.19,UP,3,2,1,LOW CONFIDENCE,Adjust camera view
126866,,,,,,,,,,,0.195,UP,3,2,1,LOW CONFIDENCE,Adjust camera view
126900,,,,,,,,,,,0.201,UP,3,2,1,LOW CONFIDENCE,Adjust camera view
126933,,,,,,,,,,,0.209,UP,3,2,1,LOW CONFIDENCE,Adjust camera view
126966,,,,,,,,,,,0.218,UP,3,2,1,LOW CONFIDENCE,Adjust camera view
127000,,,,,,,,,,,0.223,UP,3,2,1,LOW CONFIDENCE,Adjust camera view
127033,,,,,,,,,,,0.228,UP,3,2,1,LOW CONFIDENCE,Adjust camera view
127066,,,,,,,,,,,0.232,UP,3,2,1,LOW CONFIDENCE,Adjust camera view
127100,,,,,,,,,,,0.239,UP,3,2,1,LOW CONFIDENCE,Adjust camera view
127133,,,,,,,,,,,0.246,UP,3,2,1,LOW CONFIDENCE,Adjust camera view
127166,,,,,,,,,,,0.259,UP,3,2,1,LOW CONFIDENCE,Adjust camera view
127200,,,,,,,,,,,0.276,UP,3,2,1,LOW CONFIDENCE,Adjust camera view
127233,,,,,,,,,,,0.295,UP,3,2,1,LOW CONFIDENCE,Adjust camera view
127266,,,,,,,,,,,0.315,UP,3,2,1,LOW CONFIDENCE,Adjust camera view
127300,,,,,,,,,,,0.339,UP,3,2,1,LOW CONFIDENCE,Adjust camera view
127333,,,,,,,,,,,0.363,UP,3,2,1,LOW CONFIDENCE,Adjust camera view
127366,,,,,,,,,,,0.389,UP,3,2,1,LOW CONFIDENCE,Adjust camera view
127400,,,,,,,,,,,0.419,UP,3,2,1,LOW CONFIDENCE,Adjust camera view
127433,,,,,,,,,,,0.452,UP,3,2,1,LOW CONFIDENCE,Adjust camera view
127466,,,,,,,,,,,0.485,UP,3,2,1,LOW CONFIDENCE,Adjust camera view
127500,RIGHT,164.1,168.8,114.8,123.8,142.1,166.4,19.5,178.0,166.3,0.517,UP,3,2,1,FORM ISSUE,Pelvis tilting - keep hips square
127533,RIGHT,162.2,175.3,122.3,132.7,142.3,167.9,19.1,178.1,168.7,0.547,UP,3,2,1,FORM ISSUE,Pelvis tilting - keep hips square
127566,RIGHT,165.8,174.8,134.8,144.3,145.8,168.4,18.7,175.8,166.7,0.575,UP,3,2,1,FORM ISSUE,Pelvis tilting - keep hips square
127600,RIGHT,165.1,174.4,149.4,158.7,145.3,166.8,18.7,176.8,165.2,0.601,UP,3,2,1,FORM ISSUE,Pelvis tilting - keep hips square
127633,RIGHT,164.1,177.9,164.3,174.3,144.1,167.8,19.3,173.9,163.9,0.625,UP,3,2,1,FORM ISSUE,Pelvis tilting - keep hips square
127666,RIGHT,164.0,177.2,164.2,175.9,141.8,167.0,20.0,172.7,162.4,0.647,UP,3,2,1,FORM ISSUE,Pelvis tilting - keep hips square
127700,RIGHT,164.0,178.3,164.6,176.5,141.3,166.8,20.2,172.1,160.8,0.667,UP,3,2,1,FORM ISSUE,Keep torso upright - don't lean forward
127733,RIGHT,164.7,173.5,164.4,176.3,143.5,165.2,19.4,170.4,160.3,0.684,UP,3,2,1,FORM ISSUE,Pelvis tilting - keep hips square
127766,RIGHT,165.2,170.9,164.4,175.5,144.6,164.4,18.8,173.8,162.2,0.7,UP,3,2,1,FORM ISSUE,Pelvis tilting - keep hips square
127800,RIGHT,165.2,170.5,164.6,174.1,146.0,165.2,17.6,173.3,163.0,0.715,UP,3,2,1,FORM ISSUE,Pelvis tilting - keep hips square
127833,RIGHT,167.4,170.3,165.3,172.7,148.8,166.6,16.5,165.3,162.3,0.728,UP,3,2,1,FORM ISSUE,Pelvis tilting - keep hips square
127866,RIGHT,169.8,172.6,166.5,171.6,150.7,169.7,15.5,166.8,160.8,0.741,UP,3,2,1,FORM ISSUE,Pelvis tilting - keep hips square
127900,RIGHT,171.8,171.3,167.9,171.1,150.7,171.0,14.8,169.7,163.6,0.753,UP,3,2,1,FORM ISSUE,Pelvis tilting - keep hips square
127933,RIGHT,173.5,169.0,169.6,170.7,152.7,168.9,14.8,166.2,164.5,0.764,UP,3,2,1,FORM ISSUE,Pelvis tilting - keep hips square
127966,RIGHT,177.0,166.7,171.9,170.0,153.2,166.6,15.8,165.6,167.1,0.773,UP,3,2,1,FORM ISSUE,Pelvis tilting - keep hips square
128000,RIGHT,178.3,166.5,174.1,169.2,152.4,167.7,16.6,161.7,166.5,0.781,UP,3,2,1,FORM ISSUE,Pelvis tilting - keep hips square
128033,RIGHT,178.6,166.1,175.9,167.9,146.8,171.1,17.1,161.3,157.7,0.788,UP,3,2,1,FORM ISSUE,Pelvis tilting - keep hips square
128066,RIGHT,180.0,166.3,177.5,166.9,152.7,170.4,14.9,166.5,159.6,0.793,UP,3,2,1,FORM ISSUE,Pelvis tilting - keep hips square
128100,RIGHT,180.0,163.1,178.8,165.7,147.9,170.7,16.7,162.0,153.2,0.796,UP,3,2,1,FORM ISSUE,Pelvis tilting - keep hips square
128133,RIGHT,178.0,164.3,179.0,165.3,153.0,170.8,15.1,157.7,151.8,0.797,UP,3,2,1,FORM ISSUE,Pelvis tilting - keep hips square
128166,RIGHT,177.4,168.5,178.8,165.7,152.4,173.4,14.6,158.7,154.8,0.797,UP,3,2,1,FORM ISSUE,Pelvis tilting - keep hips square
128200,RIGHT,174.9,172.9,178.0,167.0,150.1,176.0,15.7,160.9,158.8,0.793,UP,3,2,1,FORM ISSUE,Pelvis tilting - keep hips square
128233,RIGHT,175.9,175.7,177.2,168.9,152.3,179.6,14.6,162.9,169.6,0.788,UP,3,2,1,FORM ISSUE,Pelvis tilting - keep hips square
128266,RIGHT,177.7,170.9,176.8,170.4,154.1,173.6,14.8,168.3,175.5,0.783,UP,3,2,1,FORM ISSUE,Pelvis tilting - keep hips square
128300,RIGHT,179.4,171.9,177.1,172.0,154.9,170.8,14.3,165.0,171.0,0.778,UP,3,2,1,FORM ISSUE,Pelvis tilting - keep hips square
128333,,,,,,,,,,,0.619,UP,3,2,1,NO PERSON,Step into frame
128366,LEFT,178.9,179.3,177.3,174.1,169.8,171.6,2.0,176.1,179.5,0.62,UP,3,2,1,FORM ISSUE,Pelvis tilting - keep hips square
128400,LEFT,177.6,179.5,177.9,175.4,174.2,170.8,0.6,176.9,179.1,0.623,UP,3,2,1,FORM ISSUE,Pelvis tilting - keep hips square
128433,RIGHT,179.2,178.2,178.6,176.0,167.3,175.9,1.9,177.3,174.7,0.626,UP,3,2,1,FORM ISSUE,Pelvis tilting - keep hips square
128466,LEFT,176.4,179.8,178.3,177.7,176.0,166.6,1.5,177.8,179.3,0.631,UP,3,2,1,FORM ISSUE,Pelvis tilting - keep hips square
128500,LEFT,176.5,176.8,177.7,178.7,179.4,165.3,1.6,177.1,177.2,0.791,UP,3,2,1,FORM ISSUE,Pelvis tilting - keep hips square
128533,,,,,,,,,,,0.635,UP,3,2,1,NO PERSON,Step into frame
128566,RIGHT,176.3,179.2,177.2,178.7,168.9,173.3,2.4,179.7,175.0,0.64,UP,3,2,1,FORM ISSUE,Pelvis tilting - keep hips square
128600,RIGHT,174.3,178.2,176.6,178.4,167.1,177.2,3.4,179.8,179.2,0.648,UP,3,2,1,FORM ISSUE,Pelvis tilting - keep hips square
128633,RIGHT,170.6,180.0,174.8,178.8,165.0,178.2,3.7,173.9,176.2,0.655,UP,3,2,1,FORM ISSUE,Pelvis tilting - keep hips square
128666,RIGHT,169.2,179.4,173.4,178.7,163.6,179.0,4.7,174.7,175.1,0.663,UP,3,2,1,FORM ISSUE,Pelvis tilting - keep hips square
128700,RIGHT,172.6,173.9,172.6,178.1,166.3,175.6,8.0,159.2,170.5,0.832,UP,3,2,1,FORM ISSUE,Pelvis tilting - keep hips square
128733,RIGHT,171.2,175.4,171.6,177.4,165.9,178.4,7.0,163.1,175.7,0.839,UP,3,2,1,FORM ISSUE,Pelvis tilting - keep hips square
128766,RIGHT,169.7,178.9,170.7,177.5,163.7,172.0,13.2,154.9,129.6,0.842,UP,3,2,1,FORM ISSUE,Pelvis tilting - keep hips square
128800,RIGHT,176.0,176.1,171.8,176.7,166.6,173.2,13.7,177.1,127.9,0.837,UP,3,2,1,FORM ISSUE,Pelvis tilting - keep hips square
128833,RIGHT,175.4,175.0,173.0,175.9,168.8,173.0,13.0,171.1,127.6,0.823,UP,3,2,1,FORM ISSUE,Pelvis tilting - keep hips square
128866,RIGHT,178.2,172.0,174.1,175.5,167.6,171.6,14.6,175.3,139.5,0.806,UP,3,2,1,FORM ISSUE,Pelvis tilting - keep hips square
128900,RIGHT,177.4,171.9,175.3,174.8,166.3,170.0,16.4,149.1,113.5,0.785,UP,3,2,1,FORM ISSUE,Pelvis tilting - keep hips square
128933,,,,,,,,,,,0.617,UP,3,2,1,NO PERSON,Step into frame
128966,,,,,,,,,,,0.456,UP,3,2,1,NO PERSON,Step into frame
129000,,,,,,,,,,,0.302,UP,3,2,1,NO PERSON,Step into frame
129033,,,,,,,,,,,0.149,UP,3,2,1,NO PERSON,Step into frame
129066,,,,,,,,,,,0.0,UP,3,2,1,NO PERSON,Step into frame
129100,,,,,,,,,,,0.0,UP,3,2,1,NO PERSON,Step into frame
129133,,,,,,,,,,,0.0,UP,3,2,1,NO PERSON,Step into frame
129166,,,,,,,,,,,0.0,UP,3,2,1,NO PERSON,Step into frame
129200,,,,,,,,,,,0.0,UP,3,2,1,NO PERSON,Step into frame
129233,,,,,,,,,,,0.0,UP,3,2,1,NO PERSON,Step into frame
129266,,,,,,,,,,,0.0,UP,3,2,1,NO PERSON,Step into frame
129300,,,,,,,,,,,0.0,UP,3,2,1,NO PERSON,Step into frame
129333,,,,,,,,,,,0.0,UP,3,2,1,NO PERSON,Step into frame
129366,,,,,,,,,,,0.0,UP,3,2,1,NO PERSON,Step into frame
129400,,,,,,,,,,,0.0,UP,3,2,1,NO PERSON,Step into frame
129433,,,,,,,,,,,0.0,UP,3,2,1,NO PERSON,Step into frame
129466,,,,,,,,,,,0.0,UP,3,2,1,NO PERSON,Step into frame
129500,,,,,,,,,,,0.0,UP,3,2,1,NO PERSON,Step into frame
129533,,,,,,,,,,,0.0,UP,3,2,1,NO PERSON,Step into frame
129566,,,,,,,,,,,0.0,UP,3,2,1,NO PERSON,Step into frame
129600,,,,,,,,,,,0.0,UP,3,2,1,NO PERSON,Step into frame
129633,,,,,,,,,,,0.0,UP,3,2,1,NO PERSON,Step into frame
129666,,,,,,,,,,,0.0,UP,3,2,1,NO PERSON,Step into frame
129700,,,,,,,,,,,0.148,UP,3,2,1,LOW CONFIDENCE,Adjust camera view
129733,,,,,,,,,,,0.292,UP,3,2,1,LOW CONFIDENCE,Adjust camera view
129766,,,,,,,,,,,0.436,UP,3,2,1,LOW CONFIDENCE,Adjust camera view
129800,RIGHT,174.8,175.1,176.4,174.0,166.4,169.8,8.7,176.1,169.1,0.582,UP,3,2,1,FORM ISSUE,Pelvis tilting - keep hips square
129833,RIGHT,176.1,175.0,176.4,173.8,167.1,170.4,7.8,174.7,168.7,0.73,UP,3,2,1,FORM ISSUE,Pelvis tilting - keep hips square
129866,RIGHT,176.8,174.8,176.7,173.7,167.9,172.0,6.6,179.3,174.3,0.731,UP,3,2,1,FORM ISSUE,Pelvis tilting - keep hips square
129900,,,,,,,,,,,0.587,UP,3,2,1,NO PERSON,Step into frame
129933,RIGHT,172.4,173.3,175.5,174.0,171.0,171.9,3.8,175.5,177.4,0.592,UP,3,2,1,FORM ISSUE,Pelvis tilting - keep hips square
129966,RIGHT,172.5,173.4,174.5,174.3,170.4,172.2,4.2,177.3,176.3,0.596,UP,3,2,1,FORM ISSUE,Pelvis tilting - keep hips square
130000,RIGHT,174.4,173.4,174.4,174.0,169.7,172.9,4.6,178.6,175.0,0.597,UP,3,2,1,FORM ISSUE,Pelvis tilting - keep hips square
130033,,,,,,,,,,,0.448,UP,3,2,1,NO PERSON,Step into frame
130066,,,,,,,,,,,0.448,UP,3,2,1,NO PERSON,Step into frame
130100,,,,,,,,,,,0.298,UP,3,2,1,NO PERSON,Step into frame
130133,,,,,,,,,,,0.301,UP,3,2,1,LOW CONFIDENCE,Adjust camera view
130166,,,,,,,,,,,0.3,UP,3,2,1,LOW CONFIDENCE,Adjust camera view
130200,,,,,,,,,,,0.451,UP,3,2,1,LOW CONFIDENCE,Adjust camera view
130233,RIGHT,178.7,175.3,175.0,174.1,166.9,170.0,9.3,172.6,176.6,0.601,UP,3,2,1,FORM ISSUE,Pelvis tilting - keep hips square
130266,RIGHT,178.8,176.3,175.4,174.3,167.9,174.6,7.5,163.7,179.7,0.753,UP,3,2,1,FORM ISSUE,Pelvis tilting - keep hips square
130300,RIGHT,177.2,175.9,176.3,174.9,168.0,175.3,7.0,179.3,173.7,0.757,UP,3,2,1,FORM ISSUE,Pelvis tilting - keep hips square
130333,RIGHT,177.5,175.9,177.3,175.4,169.2,176.8,6.2,178.3,174.9,0.767,UP,3,2,1,FORM ISSUE,Pelvis tilting - keep hips square
130366,RIGHT,172.5,175.9,177.0,175.9,167.5,178.5,5.6,178.6,171.0,0.777,UP,3,2,1,FORM ISSUE,Pelvis tilting - keep hips square
130400,RIGHT,174.6,174.4,176.1,175.7,169.1,179.6,4.2,175.3,180.0,0.789,UP,3,2,1,FORM ISSUE,Pelvis tilting - keep hips square
130433,LEFT,171.2,173.3,174.6,175.1,179.9,169.9,2.3,179.3,176.1,0.801,UP,3,2,1,FORM ISSUE,Pelvis tilting - keep hips square
130466,LEFT,170.9,173.9,173.3,174.7,176.0,171.4,1.2,179.7,174.0,0.812,UP,3,2,1,FORM ISSUE,Pelvis tilting - keep hips square
130500,LEFT,176.2,174.4,173.1,174.4,172.1,173.3,0.5,166.0,167.1,0.823,UP,3,2,1,FORM ISSUE,Pelvis tilting - keep hips square
130533,LEFT,176.0,175.1,173.8,174.2,170.0,176.4,3.5,164.1,168.2,0.832,UP,3,2,1,FORM ISSUE,Pelvis tilting - keep hips square
130566,LEFT,177.3,175.6,174.3,174.4,166.4,177.5,4.8,175.2,162.8,0.84,UP,3,2,1,FORM ISSUE,Pelvis tilting - keep hips square
130600,LEFT,178.5,176.9,175.8,175.2,163.4,177.0,5.3,175.4,168.7,0.849,UP,3,2,1,FORM ISSUE,Pelvis tilting - keep hips square
130633,LEFT,178.5,177.1,177.3,175.8,167.6,175.6,2.9,179.4,173.2,0.857,UP,3,2,1,FORM ISSUE,Pelvis tilting - keep hips square
130666,LEFT,179.5,175.7,178.0,176.1,168.0,174.2,2.2,179.8,168.2,0.865,UP,3,2,1,FORM ISSUE,Pelvis tilting - keep hips square
130700,LEFT,177.9,176.2,178.3,176.3,170.2,173.6,1.3,175.5,169.4,0.872,UP,3,2,1,FORM ISSUE,Pelvis tilting - keep hips square
130733,LEFT,176.8,173.4,178.2,175.8,174.7,170.7,0.8,171.1,178.6,0.877,UP,3,2,1,FORM ISSUE,Pelvis tilting - keep hips square
130766,LEFT,176.2,175.6,177.8,175.6,175.1,169.9,1.9,174.9,176.5,0.881,UP,3,2,1,FORM ISSUE,Pelvis tilting - keep hips square
130800,LEFT,176.3,175.3,177.4,175.2,176.4,168.1,3.0,178.4,178.4,0.884,UP,3,2,1,FORM ISSUE,Pelvis tilting - keep hips square
130833,LEFT,178.1,175.8,177.1,175.2,176.1,168.2,3.4,175.3,173.3,0.886,UP,3,2,1,FORM ISSUE,Pelvis tilting - keep hips square
130866,LEFT,175.6,177.9,176.6,175.6,176.1,169.0,2.5,179.2,178.7,0.888,UP,3,2,1,FORM ISSUE,Pelvis tilting - keep hips square
130900,RIGHT,178.6,174.8,177.0,175.9,169.9,177.2,2.3,174.6,178.3,0.89,UP,3,2,1,FORM ISSUE,Pelvis tilting - keep hips square
130933,LEFT,179.8,177.1,177.7,176.2,175.6,172.1,0.5,169.9,178.8,0.891,UP,3,2,1,FORM ISSUE,Pelvis tilting - keep hips square
130966,LEFT,178.2,177.3,178.1,176.6,176.9,173.0,0.7,171.4,171.8,0.892,UP,3,2,1,FORM ISSUE,Pelvis tilting - keep hips square
131000,LEFT,179.6,177.7,178.4,177.0,175.0,170.9,1.4,177.7,177.9,0.893,UP,3,2,1,FORM ISSUE,Pelvis tilting - keep hips square
131033,LEFT,179.6,178.7,179.2,177.1,176.1,171.3,1.8,170.0,178.1,0.894,UP,3,2,1,FORM ISSUE,Pelvis tilting - keep hips square
131066,RIGHT,179.4,173.7,179.3,176.9,170.0,178.7,2.4,166.1,177.9,0.894,UP,3,2,1,FORM ISSUE,Pelvis tilting - keep hips square
131100,RIGHT,179.6,174.0,179.3,176.3,169.3,178.6,2.2,169.7,177.7,0.895,UP,3,2,1,FORM ISSUE,Pelvis tilting - keep hips square
131133,RIGHT,178.5,174.5,179.3,175.7,170.3,178.8,2.2,178.1,180.0,0.896,UP,3,2,1,FORM ISSUE,Pelvis tilting - keep hips square
131166,,,,,,,,,,,0.718,UP,3,2,1,NO PERSON,Step into frame
131200,,,,,,,,,,,0.538,UP,3,2,1,NO PERSON,Step into frame
131233,,,,,,,,,,,0.358,UP,3,2,1,NO PERSON,Step into frame
131266,,,,,,,,,,,0.179,UP,3,2,1,NO PERSON,Step into frame
131300,,,,,,,,,,,0.0,UP,3,2,1,NO PERSON,Step into frame
131333,,,,,,,,,,,0.18,UP,3,2,1,LOW CONFIDENCE,Adjust camera view
131366,,,,,,,,,,,0.36,UP,3,2,1,LOW CONFIDENCE,Adjust camera view
131400,RIGHT,173.8,174.4,178.2,175.0,164.0,179.0,4.4,171.0,172.6,0.541,UP,3,2,1,FORM ISSUE,Pelvis tilting - keep hips square
131433,RIGHT,174.7,178.6,177.2,175.0,165.2,177.4,3.1,179.6,176.7,0.719,UP,3,2,1,FORM ISSUE,Pelvis tilting - keep hips square
131466,RIGHT,173.6,178.5,176.0,176.0,165.5,177.1,2.5,169.0,176.3,0.898,UP,3,2,1,FORM ISSUE,Pelvis tilting - keep hips square
131500,RIGHT,173.4,179.9,174.8,177.2,169.5,174.7,1.3,179.8,175.6,0.898,UP,3,2,1,FORM ISSUE,Pelvis tilting - keep hips square
131533,LEFT,179.3,173.7,175.0,177.0,172.5,171.3,0.7,177.3,173.4,0.898,UP,3,2,1,FORM ISSUE,Pelvis tilting - keep hips square
131566,LEFT,178.8,172.6,176.0,176.7,171.9,170.6,0.5,173.1,174.3,0.898,UP,3,2,1,FORM ISSUE,Pelvis tilting - keep hips square
131600,LEFT,179.4,176.5,176.9,176.2,172.9,172.7,0.5,172.7,170.5,0.901,UP,3,2,1,FORM ISSUE,Pelvis tilting - keep hips square
131633,LEFT,177.9,177.4,177.7,176.0,172.2,172.7,0.6,175.4,173.3,0.903,UP,3,2,1,FORM ISSUE,Pelvis tilting - keep hips square
131666,LEFT,179.1,175.7,178.9,175.2,172.7,173.1,0.8,173.2,158.9,0.905,UP,3,2,1,FORM ISSUE,Pelvis tilting - keep hips square
131700,LEFT,179.2,173.8,178.9,175.2,173.1,173.2,0.7,173.6,156.2,0.907,UP,3,2,1,FORM ISSUE,Pelvis tilting - keep hips square
131733,LEFT,179.6,175.9,179.1,175.9,173.6,175.5,1.3,171.8,162.1,0.908,UP,3,2,1,FORM ISSUE,Pelvis tilting - keep hips square
131766,LEFT,179.2,175.3,179.0,175.6,174.5,175.7,1.3,167.4,163.9,0.909,UP,3,2,1,FORM ISSUE,Pelvis tilting - keep hips square
131800,LEFT,178.7,175.8,179.2,175.3,170.8,174.1,1.8,179.2,173.0,0.911,UP,3,2,1,FORM ISSUE,Pelvis tilting - keep hips square
131833,LEFT,177.6,175.0,178.9,175.2,170.8,172.8,0.9,179.9,178.6,0.913,UP,3,2,1,FORM ISSUE,Pelvis tilting - keep hips square
131866,LEFT,177.6,175.5,178.5,175.5,170.0,170.4,0.0,179.6,178.2,0.914,UP,3,2,1,FORM ISSUE,Pelvis tilting - keep hips square
131900,RIGHT,175.7,177.5,177.7,175.8,169.7,172.5,1.7,178.2,179.3,0.914,UP,3,2,1,FORM ISSUE,Pelvis tilting - keep hips square
131933,RIGHT,177.5,179.2,177.4,176.6,170.9,177.4,3.6,179.3,173.2,0.911,UP,3,2,1,FORM ISSUE,Pelvis tilting - keep hips square
131966,RIGHT,178.0,179.1,177.3,177.3,170.6,178.1,3.2,178.6,171.3,0.906,UP,3,2,1,FORM ISSUE,Pelvis tilting - keep hips square
132000,RIGHT,175.9,179.1,176.9,178.1,169.2,176.4,2.3,178.0,176.6,0.899,UP,3,2,1,FORM ISSUE,Pelvis tilting - keep hips square
132033,,,,,,,,,,,0.716,UP,3,2,1,NO PERSON,Step into frame
132066,,,,,,,,,,,0.534,UP,3,2,1,NO PERSON,Step into frame
132100,,,,,,,,,,,0.354,UP,3,2,1,NO PERSON,Step into frame
132133,,,,,,,,,,,0.177,UP,3,2,1,NO PERSON,Step into frame
132166,,,,,,,,,,,0.0,UP,3,2,1,NO PERSON,Step into frame
132200,,,,,,,,,,,0.0,UP,3,2,1,NO PERSON,Step into frame
132233,,,,,,,,,,,0.0,UP,3,2,1,NO PERSON,Step into frame
132266,,,,,,,,,,,0.0,UP,3,2,1,NO PERSON,Step into frame
132300,,,,,,,,,,,0.0,UP,3,2,1,NO PERSON,Step into frame
132333,,,,,,,,,,,0.0,UP,3,2,1,NO PERSON,Step into frame
132366,,,,,,,,,,,0.0,UP,3,2,1,NO PERSON,Step into frame
132400,,,,,,,,,,,0.0,UP,3,2,1,NO PERSON,Step into frame
132433,,,,,,,,,,,0.0,UP,3,2,1,NO PERSON,Step into frame
132466,,,,,,,,,,,0.178,UP,3,2,1,LOW CONFIDENCE,Adjust camera view
132500,,,,,,,,,,,0.356,UP,3,2,1,LOW CONFIDENCE,Adjust camera view
132533,LEFT,178.7,178.7,177.2,178.7,175.2,172.8,0.5,171.2,171.9,0.535,UP,3,2,1,FORM ISSUE,Pelvis tilting - keep hips square
132566,RIGHT,179.8,178.4,178.0,178.9,171.2,172.6,0.5,177.5,164.4,0.714,UP,3,2,1,FORM ISSUE,Pelvis tilting - keep hips square
132600,LEFT,179.5,179.6,178.4,179.0,171.1,170.5,0.7,174.8,167.6,0.892,UP,3,2,1,FORM ISSUE,Pelvis tilting - keep hips square
132633,LEFT,177.7,178.5,178.3,178.9,170.3,170.7,2.1,179.2,167.6,0.893,UP,3,2,1,FORM ISSUE,Pelvis tilting - keep hips square
132666,LEFT,178.1,177.9,178.7,178.6,172.9,170.0,0.9,174.2,166.8,0.891,UP,3,2,1,FORM ISSUE,Pelvis tilting - keep hips square
132700,LEFT,179.3,175.8,178.9,178.0,172.1,169.9,1.0,174.0,169.1,0.888,UP,3,2,1,FORM ISSUE,Pelvis tilting - keep hips square
132733,LEFT,178.3,176.4,178.6,177.6,171.9,169.1,0.7,176.6,168.6,0.884,UP,3,2,1,FORM ISSUE,Pelvis tilting - keep hips square
132766,LEFT,179.3,177.4,178.5,177.2,157.0,163.1,4.9,177.1,177.3,0.877,UP,3,2,1,FORM ISSUE,Pelvis tilting - keep hips square
132800,LEFT,177.6,177.0,178.5,176.9,155.1,160.2,5.4,177.9,178.5,0.867,UP,3,2,1,FORM ISSUE,Pelvis tilting - keep hips square
132833,RIGHT,176.7,179.6,178.2,177.2,159.1,163.3,0.2,179.0,177.9,0.858,UP,3,2,1,FORM ISSUE,Pelvis tilting - keep hips square
132866,RIGHT,175.9,179.8,177.6,178.1,142.8,139.1,1.6,177.8,174.9,0.847,UP,3,2,1,FORM ISSUE,Pelvis tilting - keep hips square
132900,RIGHT,176.7,179.1,177.2,178.6,72.4,91.2,171.7,176.2,174.7,0.831,UP,3,2,1,FORM ISSUE,Keep torso upright - don't lean forward
132933,LEFT,178.5,176.4,177.1,178.4,58.7,41.8,166.0,178.9,179.4,0.816,UP,3,2,1,FORM ISSUE,Keep torso upright - don't lean forward
132966,,,,,,,,,,,0.648,UP,3,2,1,NO PERSON,Step into frame
133000,RIGHT,177.7,176.4,177.1,178.3,166.6,174.7,2.2,179.7,178.2,0.64,UP,3,2,1,FORM ISSUE,Pelvis tilting - keep hips square
133033,RIGHT,179.0,176.6,177.5,177.7,169.7,173.5,0.6,179.4,173.7,0.638,UP,3,2,1,FORM ISSUE,Pelvis tilting - keep hips square
133066,LEFT,175.6,178.1,177.5,177.3,174.1,169.1,0.4,176.0,169.0,0.642,UP,3,2,1,FORM ISSUE,Pelvis tilting - keep hips square
133100,RIGHT,177.0,175.0,177.5,176.5,166.7,173.7,0.3,178.7,172.1,0.649,UP,3,2,1,FORM ISSUE,Pelvis tilting - keep hips square
133133,LEFT,174.9,177.4,176.8,176.7,171.4,167.1,1.6,179.9,174.9,0.812,UP,3,2,1,FORM ISSUE,Pelvis tilting - keep hips square
133166,LEFT,175.2,179.2,176.3,177.3,172.2,167.2,0.8,179.7,175.7,0.815,UP,3,2,1,FORM ISSUE,Pelvis tilting - keep hips square
133200,RIGHT,177.9,175.4,176.1,177.0,162.9,172.7,1.7,177.1,177.3,0.816,UP,3,2,1,FORM ISSUE,Pelvis tilting - keep hips square
133233,RIGHT,173.1,170.4,175.6,175.5,165.1,175.2,5.0,163.8,161.3,0.818,UP,3,2,1,FORM ISSUE,Pelvis tilting - keep hips square
133266,RIGHT,179.0,172.9,176.0,175.1,167.9,175.4,4.0,162.0,153.1,0.822,UP,3,2,1,FORM ISSUE,Pelvis tilting - keep hips square
133300,RIGHT,172.9,173.0,175.6,174.2,160.9,177.1,5.6,159.6,158.1,0.826,UP,3,2,1,FORM ISSUE,Pelvis tilting - keep hips square
133333,RIGHT,172.7,175.4,175.1,173.4,159.8,179.6,5.6,170.5,166.5,0.83,UP,3,2,1,FORM ISSUE,Pelvis tilting - keep hips square
133366,RIGHT,169.8,166.8,173.5,171.7,160.8,168.9,8.1,168.2,162.8,0.833,UP,3,2,1,FORM ISSUE,Pelvis tilting - keep hips square
133400,RIGHT,171.2,174.5,173.1,172.5,159.6,176.1,7.7,166.8,166.3,0.834,UP,3,2,1,FORM ISSUE,Pelvis tilting - keep hips square
133433,RIGHT,174.1,169.4,172.1,171.8,161.2,171.5,9.9,161.8,177.7,0.831,UP,3,2,1,FORM ISSUE,Pelvis tilting - keep hips square
133466,RIGHT,176.0,177.3,172.8,172.7,153.4,178.0,13.4,166.2,167.5,0.828,UP,3,2,1,FORM ISSUE,Pelvis tilting - keep hips square
133500,RIGHT,176.2,179.2,173.5,173.4,155.3,177.0,10.9,167.4,166.6,0.826,UP,3,2,1,FORM ISSUE,Pelvis tilting - keep hips square
133533,LEFT,178.8,176.5,175.3,175.4,123.6,133.9,10.7,173.3,177.4,0.821,UP,3,2,1,FORM ISSUE,Pelvis tilting - keep hips square
133566,LEFT,178.4,176.7,176.7,175.8,144.1,150.9,2.5,166.9,177.6,0.814,UP,3,2,1,FORM ISSUE,Pelvis tilting - keep hips square
133600,RIGHT,177.5,177.6,177.4,177.5,146.4,175.3,12.9,156.1,170.3,0.811,UP,3,2,1,FORM ISSUE,Pelvis tilting - keep hips square
133633,RIGHT,174.4,177.8,177.1,177.6,148.4,175.9,10.8,148.6,162.0,0.809,UP,3,2,1,FORM ISSUE,Pelvis tilting - keep hips square
133666,RIGHT,172.9,179.1,176.4,177.5,149.2,173.6,10.1,148.7,164.3,0.808,UP,3,2,1,FORM ISSUE,Pelvis tilting - keep hips square
133700,,,,,,,,,,,0.647,UP,3,2,1,NO PERSON,Step into frame
133733,RIGHT,178.5,177.9,176.3,177.8,173.0,174.5,1.3,170.9,179.1,0.654,UP,3,2,1,FORM ISSUE,Pelvis tilting - keep hips square
133766,LEFT,176.3,178.0,175.9,178.1,171.8,172.2,1.8,176.0,178.5,0.662,UP,3,2,1,FORM ISSUE,Pelvis tilting - keep hips square
133800,LEFT,176.2,178.7,175.6,178.3,169.6,172.9,1.9,179.4,158.7,0.67,UP,3,2,1,FORM ISSUE,Pelvis tilting - keep hips square
133833,LEFT,175.7,177.7,175.9,178.3,171.0,171.9,1.9,180.0,168.0,0.676,UP,3,2,1,FORM ISSUE,Pelvis tilting - keep hips square
133866,RIGHT,176.4,175.1,176.6,177.5,164.4,171.7,1.1,179.5,179.0,0.847,UP,3,2,1,FORM ISSUE,Pelvis tilting - keep hips square
133900,RIGHT,176.5,174.8,176.2,176.9,165.8,169.9,0.6,178.0,177.3,0.851,UP,3,2,1,FORM ISSUE,Pelvis tilting - keep hips square
133933,RIGHT,177.7,175.8,176.5,176.4,163.7,169.5,0.8,176.2,177.3,0.851,UP,3,2,1,FORM ISSUE,Pelvis tilting - keep hips square
133966,RIGHT,178.0,177.4,176.9,176.2,159.3,169.7,3.7,177.8,179.7,0.849,UP,3,2,1,FORM ISSUE,Pelvis tilting - keep hips square
134000,RIGHT,169.8,165.0,175.7,173.6,162.2,171.9,7.9,163.1,177.7,0.847,UP,3,2,1,FORM ISSUE,Pelvis tilting - keep hips square
134033,LEFT,172.3,169.4,174.9,172.5,169.3,164.4,10.4,152.6,174.0,0.847,UP,3,2,1,FORM ISSUE,Pelvis tilting - keep hips square
134066,,,,,,,,,,,0.676,UP,3,2,1,NO PERSON,Step into frame
134100,LEFT,177.3,178.7,175.0,173.3,170.6,171.5,0.2,12.2,1.8,0.676,UP,3,2,1,FORM ISSUE,Pelvis tilting - keep hips square
134133,LEFT,178.3,173.8,175.1,172.9,166.1,171.1,2.9,177.3,176.5,0.678,UP,3,2,1,FORM ISSUE,Pelvis tilting - keep hips square
134166,LEFT,178.4,173.6,175.2,172.1,174.3,168.0,0.4,179.0,176.6,0.679,UP,3,2,1,FORM ISSUE,Pelvis tilting - keep hips square
134200,LEFT,174.8,172.6,176.2,173.6,171.4,166.3,1.9,175.0,164.7,0.679,UP,3,2,1,FORM ISSUE,Pelvis tilting - keep hips square
134233,LEFT,177.1,175.0,177.2,174.7,164.7,166.0,3.1,176.3,169.7,0.849,UP,3,2,1,FORM ISSUE,Pelvis tilting - keep hips square
134266,LEFT,178.8,174.5,177.5,173.9,161.3,164.4,3.1,177.1,171.6,0.85,UP,3,2,1,FORM ISSUE,Pelvis tilting - keep hips square
134300,LEFT,177.2,173.5,177.3,173.8,165.0,165.1,2.6,177.4,172.0,0.849,UP,3,2,1,FORM ISSUE,Pelvis tilting - keep hips square
134333,LEFT,177.4,175.0,177.1,174.1,165.8,169.0,2.5,179.5,161.9,0.848,UP,3,2,1,FORM ISSUE,Pelvis tilting - keep hips square
134366,LEFT,175.9,175.3,177.3,174.7,168.6,169.3,2.4,179.5,160.6,0.848,UP,3,2,1,FORM ISSUE,Pelvis tilting - keep hips square
134400,LEFT,177.7,176.4,177.4,175.0,172.8,171.2,1.7,175.2,175.7,0.848,UP,3,2,1,FORM ISSUE,Pelvis tilting - keep hips square
134433,LEFT,176.8,175.7,177.0,175.2,174.3,167.7,0.6,178.1,173.7,0.848,UP,3,2,1,FORM ISSUE,Pelvis tilting - keep hips square
134466,LEFT,179.4,174.2,177.4,175.3,169.9,168.1,0.4,179.4,170.0,0.85,UP,3,2,1,FORM ISSUE,Pelvis tilting - keep hips square
134500,LEFT,178.4,172.1,177.6,174.7,167.9,167.3,0.6,179.2,170.7,0.853,UP,3,2,1,FORM ISSUE,Pelvis tilting - keep hips square
134533,LEFT,177.7,173.1,178.0,174.3,166.1,168.3,1.0,179.9,172.9,0.856,UP,3,2,1,FORM ISSUE,Pelvis tilting - keep hips square
134566,LEFT,177.6,174.1,178.0,173.8,166.2,169.7,1.3,179.6,176.6,0.861,UP,3,2,1,FORM ISSUE,Pelvis tilting - keep hips square
134600,LEFT,177.3,173.8,178.1,173.4,166.6,169.3,0.7,177.9,177.8,0.867,UP,3,2,1,FORM ISSUE,Pelvis tilting - keep hips square
134633,LEFT,177.0,173.9,177.6,173.4,167.4,169.2,0.0,176.8,177.7,0.873,UP,3,2,1,FORM ISSUE,Pelvis tilting - keep hips square
134666,LEFT,177.0,174.8,177.3,173.9,167.8,169.1,0.5,177.0,178.1,0.879,UP,3,2,1,FORM ISSUE,Pelvis tilting - keep hips square
134700,LEFT,177.3,174.9,177.2,174.3,168.1,168.9,0.7,177.1,179.7,0.884,UP,3,2,1,FORM ISSUE,Pelvis tilting - keep hips square
134733,LEFT,178.7,173.5,177.5,174.2,167.2,168.2,0.2,176.9,178.7,0.889,UP,3,2,1,FORM ISSUE,Pelvis tilting - keep hips square
134766,LEFT,178.3,173.3,177.7,174.1,167.3,167.2,0.9,173.0,179.7,0.893,UP,3,2,1,FORM ISSUE,Pelvis tilting - keep hips square
134800,LEFT,177.1,173.7,177.7,174.0,167.4,168.0,0.7,172.1,179.7,0.896,UP,3,2,1,FORM ISSUE,Pelvis tilting - keep hips square
134833,LEFT,177.8,173.1,177.8,173.7,166.8,168.6,0.4,173.7,179.5,0.9,UP,3,2,1,FORM ISSUE,Pelvis tilting - keep hips square
134866,LEFT,176.6,173.7,177.7,173.4,166.5,168.1,0.7,171.8,179.4,0.903,UP,3,2,1,FORM ISSUE,Pelvis tilting - keep hips square
134900,LEFT,177.2,173.7,177.4,173.5,165.1,168.0,0.2,172.3,179.2,0.906,UP,3,2,1,FORM ISSUE,Pelvis tilting - keep hips square
134933,LEFT,176.5,172.8,177.1,173.4,164.6,166.4,0.6,172.1,178.7,0.908,UP,3,2,1,FORM ISSUE,Pelvis tilting - keep hips square
134966,LEFT,176.9,173.5,177.0,173.4,165.8,167.4,0.7,173.5,179.2,0.911,UP,3,2,1,FORM ISSUE,Pelvis tilting - keep hips square
135000,LEFT,176.9,174.3,176.8,173.6,165.8,166.9,1.1,173.2,179.2,0.913,UP,3,2,1,FORM ISSUE,Pelvis tilting - keep hips square
135033,RIGHT,174.9,177.4,176.5,174.3,168.0,166.2,0.9,177.3,179.3,0.914,UP,3,2,1,FORM ISSUE,Pelvis tilting - keep hips square
135066,RIGHT,174.0,177.4,175.8,175.1,166.8,166.3,1.2,176.5,179.2,0.916,UP,3,2,1,FORM ISSUE,Pelvis tilting - keep hips square
135100,RIGHT,174.6,178.8,175.5,176.3,167.9,168.4,1.3,176.5,178.9,0.917,UP,3,2,1,FORM ISSUE,Pelvis tilting - keep hips square
135133,RIGHT,174.9,178.2,175.0,177.2,167.3,172.9,2.7,180.0,179.4,0.917,UP,3,2,1,FORM ISSUE,Pelvis tilting - keep hips square
135166,RIGHT,174.8,178.4,174.6,178.1,167.9,172.4,2.2,179.7,178.3,0.917,UP,3,2,1,FORM ISSUE,Pelvis tilting - keep hips square
135200,RIGHT,174.4,176.7,174.5,177.9,167.5,170.2,1.0,179.1,177.6,0.915,UP,3,2,1,FORM ISSUE,Pelvis tilting - keep hips square
135233,RIGHT,173.6,175.0,174.5,177.4,166.1,173.2,2.2,173.1,178.0,0.914,UP,3,2,1,FORM ISSUE,Pelvis tilting - keep hips square
135266,RIGHT,173.4,175.5,174.2,176.8,164.9,172.8,2.9,165.4,179.7,0.911,UP,3,2,1,FORM ISSUE,Pelvis tilting - keep hips square
135300,RIGHT,176.0,177.5,174.4,176.6,144.1,137.3,5.5,172.9,177.0,0.903,UP,3,2,1,FORM ISSUE,Pelvis tilting - keep hips square
135333,RIGHT,176.9,178.1,174.9,176.6,133.3,98.1,5.6,168.0,177.5,0.893,UP,3,2,1,FORM ISSUE,Pelvis tilting - keep hips square
135366,RIGHT,174.0,169.4,174.8,175.1,151.0,150.0,2.2,168.7,179.6,0.883,UP,3,2,1,FORM ISSUE,Pelvis tilting - keep hips square
135400,RIGHT,175.2,178.3,175.1,175.8,125.0,123.7,2.9,167.6,174.6,0.869,UP,3,2,1,FORM ISSUE,Pelvis tilting - keep hips square
135433,,,,,,,,,,,0.688,UP,3,2,1,NO PERSON,Step into frame
135466,,,,,,,,,,,0.513,UP,3,2,1,NO PERSON,Step into frame
135500,,,,,,,,,,,0.34,UP,3,2,1,NO PERSON,Step into frame
135533,,,,,,,,,,,0.339,UP,3,2,1,LOW CONFIDENCE,Adjust camera view
135566,,,,,,,,,,,0.343,UP,3,2,1,LOW CONFIDENCE,Adjust camera view
135600,LEFT,178.6,173.4,176.1,175.3,169.7,170.4,1.5,161.8,161.8,0.518,UP,3,2,1,FORM ISSUE,Pelvis tilting - keep hips square
135633,LEFT,179.5,169.9,176.8,173.8,170.2,168.2,3.2,168.8,164.7,0.695,UP,3,2,1,FORM ISSUE,Pelvis tilting - keep hips square
135666,LEFT,178.5,170.0,177.2,172.2,169.3,168.3,3.7,171.7,171.6,0.872,UP,3,2,1,FORM ISSUE,Pelvis tilting - keep hips square
135700,LEFT,176.3,168.7,177.6,172.0,170.5,167.1,2.3,174.2,165.3,0.88,UP,3,2,1,FORM ISSUE,Pelvis tilting - keep hips square
135733,LEFT,178.4,168.2,178.3,170.0,171.8,167.2,2.3,178.3,179.0,0.886,UP,3,2,1,FORM ISSUE,Pelvis tilting - keep hips square
135766,LEFT,178.5,168.2,178.3,169.0,170.8,168.9,3.3,179.2,178.0,0.891,UP,3,2,1,FORM ISSUE,Pelvis tilting - keep hips square
135800,RIGHT,168.0,178.3,176.0,170.7,162.6,168.0,1.6,178.0,177.8,0.895,UP,3,2,1,FORM ISSUE,Pelvis tilting - keep hips square
135833,LEFT,179.9,168.8,176.3,170.4,171.0,166.6,1.7,178.0,174.5,0.899,UP,3,2,1,FORM ISSUE,Pelvis tilting - keep hips square
135866,RIGHT,168.6,179.4,174.7,172.6,164.3,173.9,0.7,178.7,175.7,0.902,UP,3,2,1,FORM ISSUE,Pelvis tilting - keep hips square
135900,RIGHT,169.7,175.6,172.9,174.0,167.2,176.4,0.3,173.7,171.2,0.904,UP,3,2,1,FORM ISSUE,Pelvis tilting - keep hips square
135933,RIGHT,171.2,177.3,171.5,175.9,168.1,175.3,0.2,173.2,168.5,0.905,UP,3,2,1,FORM ISSUE,Pelvis tilting - keep hips square
135966,RIGHT,172.0,179.0,172.3,176.0,169.2,174.0,0.4,169.5,178.3,0.904,UP,3,2,1,FORM ISSUE,Pelvis tilting - keep hips square
136000,RIGHT,170.6,174.7,170.4,177.2,165.7,167.9,0.0,176.8,171.0,0.902,UP,3,2,1,FORM ISSUE,Pelvis tilting - keep hips square
136033,RIGHT,170.2,179.2,170.7,177.2,164.7,168.6,0.5,179.7,167.4,0.899,UP,3,2,1,FORM ISSUE,Pelvis tilting - keep hips square
136066,RIGHT,170.7,178.6,170.9,177.8,112.4,121.8,1.6,177.6,177.4,0.893,UP,3,2,1,FORM ISSUE,Pelvis tilting - keep hips square
136100,RIGHT,171.3,179.1,171.0,178.1,138.3,156.5,0.8,173.3,164.0,0.887,UP,3,2,1,FORM ISSUE,Pelvis tilting - keep hips square
136133,RIGHT,170.7,179.0,170.7,178.1,137.0,168.3,9.5,168.5,160.7,0.881,UP,3,2,1,FORM ISSUE,Pelvis tilting - keep hips square
136166,RIGHT,173.8,178.7,171.3,178.9,81.9,137.1,51.7,166.7,163.1,0.873,UP,3,2,1,FORM ISSUE,Keep torso upright - don't lean forward
136200,RIGHT,174.2,177.5,172.1,178.6,88.4,167.9,39.6,165.0,156.1,0.863,UP,3,2,1,FORM ISSUE,Keep torso upright - don't lean forward
136233,RIGHT,174.9,179.8,173.0,178.8,125.8,172.8,12.3,157.3,145.9,0.854,UP,3,2,1,FORM ISSUE,Pelvis tilting - keep hips square
136266,RIGHT,173.1,171.6,173.3,177.3,142.9,173.2,13.6,161.4,139.5,0.847,UP,3,2,1,FORM ISSUE,Pelvis tilting - keep hips square
136300,RIGHT,173.7,177.6,173.9,177.0,131.9,177.8,15.0,170.5,153.5,0.834,UP,3,2,1,FORM ISSUE,Pelvis tilting - keep hips square
136333,RIGHT,176.4,178.5,174.5,177.0,140.8,166.9,21.6,169.2,142.1,0.822,UP,3,2,1,FORM ISSUE,Keep torso upright - don't lean forward
136366,RIGHT,177.1,176.6,175.0,176.8,148.7,174.8,14.7,166.6,145.5,0.809,UP,3,2,1,FORM ISSUE,Pelvis tilting - keep hips square
136400,RIGHT,174.8,178.0,175.0,176.4,163.6,175.6,9.9,161.8,140.9,0.802,UP,3,2,1,FORM ISSUE,Pelvis tilting - keep hips square
136433,RIGHT,176.0,178.2,175.6,177.8,164.4,176.2,7.9,161.6,156.1,0.793,UP,3,2,1,FORM ISSUE,Pelvis tilting - keep hips square
136466,RIGHT,176.6,171.2,176.2,176.5,164.6,173.3,7.9,162.3,159.3,0.789,UP,3,2,1,FORM ISSUE,Pelvis tilting - keep hips square
136500,RIGHT,171.9,166.5,175.3,174.1,165.4,169.6,4.9,179.4,167.4,0.784,UP,3,2,1,FORM ISSUE,Pelvis tilting - keep hips square
136533,RIGHT,174.2,165.8,174.7,171.9,168.7,170.3,3.9,179.8,172.7,0.783,UP,3,2,1,FORM ISSUE,Pelvis tilting - keep hips square
136566,RIGHT,175.6,166.5,174.9,169.7,170.5,171.8,3.0,179.1,168.9,0.779,UP,3,2,1,FORM ISSUE,Pelvis tilting - keep hips square
136600,RIGHT,176.6,167.3,175.0,167.5,172.5,175.6,0.0,179.3,169.7,0.776,UP,3,2,1,FORM ISSUE,Pelvis tilting - keep hips square
136633,LEFT,172.2,176.8,174.1,168.6,177.1,173.1,0.2,173.3,169.0,0.773,UP,3,2,1,FORM ISSUE,Pelvis tilting - keep hips square
136666,LEFT,174.7,177.7,174.7,170.8,178.6,173.9,1.0,177.4,178.3,0.771,UP,3,2,1,FORM ISSUE,Pelvis tilting - keep hips square
136700,LEFT,177.3,177.1,175.3,173.1,176.2,171.1,1.8,171.3,175.8,0.767,UP,3,2,1,FORM ISSUE,Pelvis tilting - keep hips square
136733,LEFT,177.0,177.7,175.6,175.3,176.8,173.0,2.7,173.4,179.4,0.764,UP,3,2,1,FORM ISSUE,Pelvis tilting - keep hips square
136766,LEFT,178.8,177.9,176.0,177.4,175.9,173.9,3.0,177.9,172.8,0.763,UP,3,2,1,FORM ISSUE,Pelvis tilting - keep hips square
136800,LEFT,179.0,179.4,177.4,178.0,178.9,175.0,1.9,173.4,170.9,0.764,UP,3,2,1,FORM ISSUE,Pelvis tilting - keep hips square
136833,RIGHT,175.8,179.2,177.6,178.3,171.6,179.5,1.0,173.3,169.1,0.764,UP,3,2,1,FORM ISSUE,Pelvis tilting - keep hips square
136866,LEFT,174.0,174.9,176.9,177.8,168.3,179.7,2.3,12.3,3.4,0.77,UP,3,2,1,FORM ISSUE,Pelvis tilting - keep hips square
136900,LEFT,176.4,175.5,176.8,177.4,178.8,170.2,1.9,167.5,175.3,0.775,UP,3,2,1,FORM ISSUE,Pelvis tilting - keep hips square
136933,LEFT,179.2,177.1,176.9,177.2,173.8,172.1,4.4,177.2,172.3,0.778,UP,3,2,1,FORM ISSUE,Pelvis tilting - keep hips square
136966,LEFT,175.3,176.3,176.1,176.6,177.4,168.2,3.2,170.5,171.1,0.779,UP,3,2,1,FORM ISSUE,Pelvis tilting - keep hips square
137000,LEFT,173.3,178.9,175.6,176.5,169.8,170.8,5.4,6.6,1.5,0.783,UP,3,2,1,GOOD,Good Form
137033,RIGHT,178.9,172.7,176.6,176.1,175.5,169.5,4.1,4.0,0.5,0.779,UP,3,2,1,GOOD,Good Form
137066,RIGHT,178.6,173.2,177.0,175.6,177.2,170.0,3.7,0.8,4.0,0.77,UP,3,2,1,GOOD,Good Form
137100,RIGHT,177.0,171.8,176.6,174.6,176.8,169.4,3.8,5.3,2.7,0.755,UP,3,2,1,GOOD,Good Form
137133,RIGHT,180.0,174.2,177.6,174.2,174.0,170.7,4.4,6.1,1.4,0.736,UP,3,2,1,GOOD,Good Form
137166,RIGHT,176.9,172.0,178.3,172.8,169.7,170.1,4.9,5.5,0.0,0.71,UP,3,2,1,GOOD,Good Form
137200,RIGHT,177.4,176.1,178.0,173.5,169.9,172.6,5.1,2.7,1.2,0.684,UP,3,2,1,GOOD,Good Form
137233,RIGHT,178.2,173.9,177.9,173.6,172.3,170.2,4.0,1.7,0.8,0.658,UP,3,2,1,GOOD,Good Form
137266,RIGHT,174.4,176.4,177.4,174.5,170.1,171.5,4.2,0.5,0.1,0.635,UP,3,2,1,GOOD,Good Form
137300,RIGHT,173.6,176.9,176.1,175.1,170.3,171.4,3.9,0.5,0.5,0.617,UP,3,2,1,GOOD,Good Form
137333,RIGHT,173.8,176.6,175.5,176.0,169.6,171.9,4.2,0.6,0.2,0.6,UP,3,2,1,GOOD,Good Form
137366,RIGHT,177.3,170.8,175.5,174.9,167.4,177.6,2.7,179.5,179.4,0.591,UP,3,2,1,FORM ISSUE,Pelvis tilting - keep hips square
137400,RIGHT,175.3,172.4,174.9,174.6,171.2,168.3,3.3,5.0,0.9,0.583,UP,3,2,1,GOOD,Good Form
137433,RIGHT,176.0,172.7,175.2,173.9,174.2,176.5,5.5,5.2,5.9,0.578,UP,3,2,1,GOOD,Good Form
137466,RIGHT,175.7,176.4,175.6,173.8,169.7,174.0,5.3,0.2,1.3,0.572,UP,3,2,1,GOOD,Good Form
137500,RIGHT,175.2,176.1,175.9,173.7,168.0,174.2,5.8,2.9,3.4,0.564,UP,3,2,1,GOOD,Good Form
137533,RIGHT,174.4,176.2,175.3,174.7,166.8,176.0,6.5,4.6,6.9,0.548,UP,3,2,1,GOOD,Good Form
137566,RIGHT,172.6,176.1,174.8,175.5,164.4,175.9,7.1,5.9,9.1,0.534,UP,3,2,1,GOOD,Good Form
137600,RIGHT,174.0,175.7,174.4,176.1,164.8,175.2,7.2,7.6,12.6,0.515,UP,3,2,1,GOOD,Good Form
137633,,,,,,,,,,,0.497,UP,3,2,1,LOW CONFIDENCE,Adjust camera view
137666,,,,,,,,,,,0.479,UP,3,2,1,LOW CONFIDENCE,Adjust camera view
137700,,,,,,,,,,,0.464,UP,3,2,1,LOW CONFIDENCE,Adjust camera view
137733,,,,,,,,,,,0.45,UP,3,2,1,LOW CONFIDENCE,Adjust camera view
137766,,,,,,,,,,,0.437,UP,3,2,1,LOW CONFIDENCE,Adjust camera view
137800,,,,,,,,,,,0.429,UP,3,2,1,LOW CONFIDENCE,Adjust camera view
137833,,,,,,,,,,,0.423,UP,3,2,1,LOW CONFIDENCE,Adjust camera view
137866,,,,,,,,,,,0.417,UP,3,2,1,LOW CONFIDENCE,Adjust camera view
137900,,,,,,,,,,,0.418,UP,3,2,1,LOW CONFIDENCE,Adjust camera view
137933,,,,,,,,,,,0.425,UP,3,2,1,LOW CONFIDENCE,Adjust camera view
137966,,,,,,,,,,,0.437,UP,3,2,1,LOW CONFIDENCE,Adjust camera view
138000,,,,,,,,,,,0.451,UP,3,2,1,LOW CONFIDENCE,Adjust camera view
138033,,,,,,,,,,,0.474,UP,3,2,1,LOW CONFIDENCE,Adjust camera view
138066,,,,,,,,,,,0.494,UP,3,2,1,LOW CONFIDENCE,Adjust camera view
138100,RIGHT,171.5,179.4,173.5,176.7,153.5,179.1,9.4,173.1,0.6,0.506,UP,3,2,1,FORM ISSUE,Pelvis tilting - keep hips square
138133,LEFT,171.4,178.5,172.8,177.2,166.1,178.2,5.1,178.5,174.6,0.52,UP,3,2,1,FORM ISSUE,Pelvis tilting - keep hips square
138166,LEFT,171.8,178.9,172.3,177.7,167.3,179.9,5.2,178.8,174.9,0.539,UP,3,2,1,FORM ISSUE,Pelvis tilting - keep hips square
138200,LEFT,162.5,179.0,170.2,178.3,167.8,178.8,4.6,179.2,177.3,0.557,UP,3,2,1,FORM ISSUE,Pelvis tilting - keep hips square
138233,LEFT,173.1,178.4,170.1,178.8,169.1,179.9,4.8,179.8,177.6,0.572,UP,3,2,1,FORM ISSUE,Pelvis tilting - keep hips square
138266,LEFT,174.9,177.5,170.7,178.5,170.6,179.8,4.0,179.9,178.3,0.586,UP,3,2,1,FORM ISSUE,Pelvis tilting - keep hips square
138300,LEFT,174.3,177.6,171.3,178.3,172.3,178.7,3.1,178.9,179.1,0.592,UP,3,2,1,FORM ISSUE,Pelvis tilting - keep hips square
138333,LEFT,173.9,177.4,171.7,178.0,177.9,177.6,2.1,179.3,177.7,0.594,UP,3,2,1,FORM ISSUE,Pelvis tilting - keep hips square
138366,LEFT,174.6,176.6,174.2,177.5,178.2,176.9,1.5,179.5,177.1,0.59,UP,3,2,1,FORM ISSUE,Pelvis tilting - keep hips square
138400,LEFT,175.2,176.3,174.6,177.1,179.7,177.2,1.4,179.5,176.4,0.588,UP,3,2,1,FORM ISSUE,Pelvis tilting - keep hips square
138433,RIGHT,178.2,126.9,175.3,167.0,175.9,137.4,1.1,173.6,175.3,0.593,UP,3,2,1,FORM ISSUE,Pelvis tilting - keep hips square
138466,RIGHT,178.0,140.4,176.0,159.5,175.9,144.9,0.9,177.8,174.6,0.601,UP,3,2,1,FORM ISSUE,Pelvis tilting - keep hips square
138500,RIGHT,178.1,140.0,176.8,152.1,175.8,143.1,0.7,179.3,174.4,0.61,UP,3,2,1,FORM ISSUE,Pelvis tilting - keep hips square
138533,RIGHT,174.3,164.9,176.8,149.7,177.7,168.6,0.5,178.8,173.5,0.619,UP,3,2,1,FORM ISSUE,Pelvis tilting - keep hips square
138566,RIGHT,169.8,164.6,175.7,147.4,179.3,170.3,0.1,178.2,173.3,0.63,UP,3,2,1,FORM ISSUE,Pelvis tilting - keep hips square
138600,RIGHT,166.1,160.3,173.2,154.0,177.7,165.4,0.5,177.5,172.8,0.635,UP,3,2,1,FORM ISSUE,Pelvis tilting - keep hips square
138633,RIGHT,161.9,155.5,170.0,157.1,175.0,162.6,0.4,177.9,173.2,0.64,UP,3,2,1,FORM ISSUE,Pelvis tilting - keep hips square
138666,RIGHT,162.8,145.5,167.0,158.1,175.2,151.0,0.4,177.6,172.6,0.642,UP,3,2,1,FORM ISSUE,Pelvis tilting - keep hips square
138700,RIGHT,164.8,157.8,165.1,156.7,177.3,163.0,0.4,177.0,173.2,0.64,UP,3,2,1,FORM ISSUE,Pelvis tilting - keep hips square
138733,RIGHT,164.9,162.6,164.1,156.3,178.5,167.3,0.5,177.9,173.7,0.635,UP,3,2,1,FORM ISSUE,Pelvis tilting - keep hips square
138766,RIGHT,164.2,161.8,163.7,156.6,177.9,167.5,0.4,178.0,174.6,0.626,UP,3,2,1,FORM ISSUE,Pelvis tilting - keep hips square
138800,RIGHT,166.4,164.3,164.6,158.4,179.5,170.8,0.3,178.5,175.2,0.613,UP,3,2,1,FORM ISSUE,Pelvis tilting - keep hips square
138833,RIGHT,169.1,164.3,165.9,162.2,179.4,171.6,0.0,178.0,175.8,0.599,UP,3,2,1,FORM ISSUE,Pelvis tilting - keep hips square
138866,RIGHT,174.5,175.5,167.8,165.7,177.7,176.8,0.3,176.1,176.8,0.584,UP,3,2,1,FORM ISSUE,Pelvis tilting - keep hips square
138900,RIGHT,174.8,175.5,169.8,168.3,178.4,176.9,0.6,175.7,177.6,0.568,UP,3,2,1,FORM ISSUE,Pelvis tilting - keep hips square
138933,RIGHT,174.9,175.6,171.9,171.0,178.5,176.0,0.5,175.4,177.3,0.549,UP,3,2,1,FORM ISSUE,Pelvis tilting - keep hips square
138966,RIGHT,175.7,179.9,173.8,174.2,178.3,176.1,0.5,174.6,178.7,0.529,UP,3,2,1,FORM ISSUE,Pelvis tilting - keep hips square
139000,RIGHT,179.5,179.5,175.9,177.2,175.9,176.1,0.5,175.1,178.9,0.504,UP,3,2,1,FORM ISSUE,Pelvis tilting - keep hips square
139033,,,,,,,,,,,0.476,UP,3,2,1,LOW CONFIDENCE,Adjust camera view
139066,,,,,,,,,,,0.448,UP,3,2,1,LOW CONFIDENCE,Adjust camera view
139100,,,,,,,,,,,0.42,UP,3,2,1,LOW CONFIDENCE,Adjust camera view
139133,,,,,,,,,,,0.394,UP,3,2,1,LOW CONFIDENCE,Adjust camera view
139166,,,,,,,,,,,0.372,UP,3,2,1,LOW CONFIDENCE,Adjust camera view
139200,,,,,,,,,,,0.354,UP,3,2,1,LOW CONFIDENCE,Adjust camera view
139233,,,,,,,,,,,0.34,UP,3,2,1,LOW CONFIDENCE,Adjust camera view
139266,,,,,,,,,,,0.331,UP,3,2,1,LOW CONFIDENCE,Adjust camera view
139300,,,,,,,,,,,0.325,UP,3,2,1,LOW CONFIDENCE,Adjust camera view
139333,,,,,,,,,,,0.322,UP,3,2,1,LOW CONFIDENCE,Adjust camera view
139366,,,,,,,,,,,0.319,UP,3,2,1,LOW CONFIDENCE,Adjust camera view
139400,,,,,,,,,,,0.318,UP,3,2,1,LOW CONFIDENCE,Adjust camera view
139433,,,,,,,,,,,0.315,UP,3,2,1,LOW CONFIDENCE,Adjust camera view
139466,,,,,,,,,,,0.311,UP,3,2,1,LOW CONFIDENCE,Adjust camera view
139500,,,,,,,,,,,0.31,UP,3,2,1,LOW CONFIDENCE,Adjust camera view
139533,,,,,,,,,,,0.307,UP,3,2,1,LOW CONFIDENCE,Adjust camera view
139566,,,,,,,,,,,0.303,UP,3,2,1,LOW CONFIDENCE,Adjust camera view
139600,,,,,,,,,,,0.298,UP,3,2,1,LOW CONFIDENCE,Adjust camera view
139633,,,,,,,,,,,0.297,UP,3,2,1,LOW CONFIDENCE,Adjust camera view
139666,,,,,,,,,,,0.291,UP,3,2,1,LOW CONFIDENCE,Adjust camera view
139700,,,,,,,,,,,0.289,UP,3,2,1,LOW CONFIDENCE,Adjust camera view
139733,,,,,,,,,,,0.288,UP,3,2,1,LOW CONFIDENCE,Adjust camera view
139766,,,,,,,,,,,0.287,UP,3,2,1,LOW CONFIDENCE,Adjust camera view
139800,,,,,,,,,,,0.283,UP,3,2,1,LOW CONFIDENCE,Adjust camera view
139833,,,,,,,,,,,0.281,UP,3,2,1,LOW CONFIDENCE,Adjust camera view
139866,,,,,,,,,,,0.281,UP,3,2,1,LOW CONFIDENCE,Adjust camera view
139900,,,,,,,,,,,0.28,UP,3,2,1,LOW CONFIDENCE,Adjust camera view
139933,,,,,,,,,,,0.281,UP,3,2,1,LOW CONFIDENCE,Adjust camera view
139966,,,,,,,,,,,0.282,UP,3,2,1,LOW CONFIDENCE,Adjust camera view
140000,,,,,,,,,,,0.284,UP,3,2,1,LOW CONFIDENCE,Adjust camera view
140033,,,,,,,,,,,0.281,UP,3,2,1,LOW CONFIDENCE,Adjust camera view
140066,,,,,,,,,,,0.278,UP,3,2,1,LOW CONFIDENCE,Adjust camera view
140100,,,,,,,,,,,0.276,UP,3,2,1,LOW CONFIDENCE,Adjust camera view
140133,,,,,,,,,,,0.273,UP,3,2,1,LOW CONFIDENCE,Adjust camera view
140166,,,,,,,,,,,0.272,UP,3,2,1,LOW CONFIDENCE,Adjust camera view
140200,,,,,,,,,,,0.272,UP,3,2,1,LOW CONFIDENCE,Adjust camera view
140233,,,,,,,,,,,0.271,UP,3,2,1,LOW CONFIDENCE,Adjust camera view
140266,,,,,,,,,,,0.271,UP,3,2,1,LOW CONFIDENCE,Adjust camera view
140300,,,,,,,,,,,0.272,UP,3,2,1,LOW CONFIDENCE,Adjust camera view
140333,,,,,,,,,,,0.271,UP,3,2,1,LOW CONFIDENCE,Adjust camera view
140366,,,,,,,,,,,0.273,UP,3,2,1,LOW CONFIDENCE,Adjust camera view
140400,,,,,,,,,,,0.281,UP,3,2,1,LOW CONFIDENCE,Adjust camera view
140433,,,,,,,,,,,0.288,UP,3,2,1,LOW CONFIDENCE,Adjust camera view
140466,,,,,,,,,,,0.303,UP,3,2,1,LOW CONFIDENCE,Adjust camera view
140500,,,,,,,,,,,0.319,UP,3,2,1,LOW CONFIDENCE,Adjust camera view
140533,,,,,,,,,,,0.331,UP,3,2,1,LOW CONFIDENCE,Adjust camera view
140566,,,,,,,,,,,0.337,UP,3,2,1,LOW CONFIDENCE,Adjust camera view
140600,,,,,,,,,,,0.342,UP,3,2,1,LOW CONFIDENCE,Adjust camera view
140633,,,,,,,,,,,0.337,UP,3,2,1,LOW CONFIDENCE,Adjust camera view
140666,,,,,,,,,,,0.334,UP,3,2,1,LOW CONFIDENCE,Adjust camera view
140700,,,,,,,,,,,0.328,UP,3,2,1,LOW CONFIDENCE,Adjust camera view
140733,,,,,,,,,,,0.324,UP,3,2,1,LOW CONFIDENCE,Adjust camera view
140766,,,,,,,,,,,0.321,UP,3,2,1,LOW CONFIDENCE,Adjust camera view
140800,,,,,,,,,,,0.324,UP,3,2,1,LOW CONFIDENCE,Adjust camera view
140833,,,,,,,,,,,0.324,UP,3,2,1,LOW CONFIDENCE,Adjust camera view
140866,,,,,,,,,,,0.327,UP,3,2,1,LOW CONFIDENCE,Adjust camera view
140900,,,,,,,,,,,0.328,UP,3,2,1,LOW CONFIDENCE,Adjust camera view
140933,,,,,,,,,,,0.333,UP,3,2,1,LOW CONFIDENCE,Adjust camera view
140966,,,,,,,,,,,0.336,UP,3,2,1,LOW CONFIDENCE,Adjust camera view
141000,,,,,,,,,,,0.344,UP,3,2,1,LOW CONFIDENCE,Adjust camera view
141033,,,,,,,,,,,0.353,UP,3,2,1,LOW CONFIDENCE,Adjust camera view
141066,,,,,,,,,,,0.367,UP,3,2,1,LOW CONFIDENCE,Adjust camera view
141100,,,,,,,,,,,0.382,UP,3,2,1,LOW CONFIDENCE,Adjust camera view
141133,,,,,,,,,,,0.395,UP,3,2,1,LOW CONFIDENCE,Adjust camera view
141166,,,,,,,,,,,0.41,UP,3,2,1,LOW CONFIDENCE,Adjust camera view
141200,,,,,,,,,,,0.426,UP,3,2,1,LOW CONFIDENCE,Adjust camera view
141233,,,,,,,,,,,0.442,UP,3,2,1,LOW CONFIDENCE,Adjust camera view
141266,,,,,,,,,,,0.46,UP,3,2,1,LOW CONFIDENCE,Adjust camera view
141300,,,,,,,,,,,0.481,UP,3,2,1,LOW CONFIDENCE,Adjust camera view
141333,,,,,,,,,,,0.494,UP,3,2,1,LOW CONFIDENCE,Adjust camera view
141366,LEFT,159.7,165.0,172.9,175.1,160.2,175.8,1.2,179.8,173.3,0.507,UP,3,2,1,FORM ISSUE,Pelvis tilting - keep hips square
141400,LEFT,172.1,172.5,172.4,174.5,167.9,179.8,1.2,179.6,173.1,0.513,UP,3,2,1,FORM ISSUE,Pelvis tilting - keep hips square
141433,LEFT,174.0,169.4,172.2,173.2,166.2,178.4,1.3,179.3,173.0,0.512,UP,3,2,1,FORM ISSUE,Pelvis tilting - keep hips square
141466,LEFT,170.5,169.3,171.2,171.1,165.0,179.9,1.3,176.8,172.9,0.505,UP,3,2,1,FORM ISSUE,Pelvis tilting - keep hips square
141500,,,,,,,,,,,0.494,UP,3,2,1,LOW CONFIDENCE,Adjust camera view
141533,,,,,,,,,,,0.478,UP,3,2,1,LOW CONFIDENCE,Adjust camera view
141566,,,,,,,,,,,0.459,UP,3,2,1,LOW CONFIDENCE,Adjust camera view
141600,,,,,,,,,,,0.439,UP,3,2,1,LOW CONFIDENCE,Adjust camera view
141633,,,,,,,,,,,0.421,UP,3,2,1,LOW CONFIDENCE,Adjust camera view
141666,,,,,,,,,,,0.402,UP,3,2,1,LOW CONFIDENCE,Adjust camera view
141700,,,,,,,,,,,0.386,UP,3,2,1,LOW CONFIDENCE,Adjust camera view
141733,,,,,,,,,,,0.374,UP,3,2,1,LOW CONFIDENCE,Adjust camera view
141766,,,,,,,,,,,0.361,UP,3,2,1,LOW CONFIDENCE,Adjust camera view
141800,,,,,,,,,,,0.348,UP,3,2,1,LOW CONFIDENCE,Adjust camera view
141833,,,,,,,,,,,0.339,UP,3,2,1,LOW CONFIDENCE,Adjust camera view
141866,,,,,,,,,,,0.329,UP,3,2,1,LOW CONFIDENCE,Adjust camera view
141900,,,,,,,,,,,0.318,UP,3,2,1,LOW CONFIDENCE,Adjust camera view
141933,,,,,,,,,,,0.31,UP,3,2,1,LOW CONFIDENCE,Adjust camera view
141966,,,,,,,,,,,0.302,UP,3,2,1,LOW CONFIDENCE,Adjust camera view
142000,,,,,,,,,,,0.295,UP,3,2,1,LOW CONFIDENCE,Adjust camera view
142033,,,,,,,,,,,0.296,UP,3,2,1,LOW CONFIDENCE,Adjust camera view
142066,,,,,,,,,,,0.299,UP,3,2,1,LOW CONFIDENCE,Adjust camera view
142100,,,,,,,,,,,0.302,UP,3,2,1,LOW CONFIDENCE,Adjust camera view
142133,,,,,,,,,,,0.306,UP,3,2,1,LOW CONFIDENCE,Adjust camera view
142166,,,,,,,,,,,0.313,UP,3,2,1,LOW CONFIDENCE,Adjust camera view
142200,,,,,,,,,,,0.313,UP,3,2,1,LOW CONFIDENCE,Adjust camera view
142233,,,,,,,,,,,0.316,UP,3,2,1,LOW CONFIDENCE,Adjust camera view
142266,,,,,,,,,,,0.324,UP,3,2,1,LOW CONFIDENCE,Adjust camera view
142300,,,,,,,,,,,0.334,UP,3,2,1,LOW CONFIDENCE,Adjust camera view
142333,,,,,,,,,,,0.344,UP,3,2,1,LOW CONFIDENCE,Adjust camera view
142366,,,,,,,,,,,0.361,UP,3,2,1,LOW CONFIDENCE,Adjust camera view
142400,,,,,,,,,,,0.38,UP,3,2,1,LOW CONFIDENCE,Adjust camera view
142433,,,,,,,,,,,0.4,UP,3,2,1,LOW CONFIDENCE,Adjust camera view
142466,,,,,,,,,,,0.426,UP,3,2,1,LOW CONFIDENCE,Adjust camera view
142500,,,,,,,,,,,0.456,UP,3,2,1,LOW CONFIDENCE,Adjust camera view
142533,,,,,,,,,,,0.486,UP,3,2,1,LOW CONFIDENCE,Adjust camera view
142566,RIGHT,179.1,178.7,171.1,171.0,173.1,175.3,0.9,172.6,169.5,0.516,UP,3,2,1,FORM ISSUE,Pelvis tilting - keep hips square
142600,LEFT,173.6,179.7,173.9,173.9,176.8,171.8,1.7,177.3,169.3,0.544,UP,3,2,1,FORM ISSUE,Pelvis tilting - keep hips square
142633,RIGHT,178.1,173.2,175.1,174.1,172.0,179.3,2.8,174.3,164.8,0.568,UP,3,2,1,FORM ISSUE,Pelvis tilting - keep hips square
142666,RIGHT,179.6,177.0,176.2,175.6,168.5,179.1,3.7,170.2,163.8,0.587,UP,3,2,1,FORM ISSUE,Pelvis tilting - keep hips square
142700,LEFT,176.0,179.7,177.3,177.7,178.4,167.5,5.0,169.3,166.5,0.603,UP,3,2,1,FORM ISSUE,Pelvis tilting - keep hips square
142733,LEFT,175.2,178.2,176.5,177.6,173.9,168.1,7.2,169.6,162.5,0.616,UP,3,2,1,FORM ISSUE,Pelvis tilting - keep hips square
142766,LEFT,175.6,177.7,176.9,177.1,176.0,165.2,7.6,168.8,170.8,0.622,UP,3,2,1,FORM ISSUE,Pelvis tilting - keep hips square
142800,RIGHT,177.7,176.7,176.8,177.8,165.5,175.7,7.7,175.6,178.2,0.623,UP,3,2,1,FORM ISSUE,Pelvis tilting - keep hips square
142833,RIGHT,177.9,177.4,176.5,177.9,164.0,177.4,8.1,178.2,178.7,0.616,UP,3,2,1,FORM ISSUE,Pelvis tilting - keep hips square
142866,RIGHT,177.1,178.5,176.7,177.7,162.9,179.6,6.4,175.9,161.2,0.596,UP,3,2,1,FORM ISSUE,Pelvis tilting - keep hips square
142900,RIGHT,179.1,178.5,177.5,177.7,170.3,171.9,2.5,176.6,167.7,0.568,UP,3,2,1,FORM ISSUE,Pelvis tilting - keep hips square
142933,RIGHT,178.1,175.0,178.0,177.2,167.8,179.5,4.2,147.4,160.1,0.538,UP,3,2,1,FORM ISSUE,Pelvis tilting - keep hips square
142966,RIGHT,176.6,172.0,177.8,176.3,165.8,173.2,3.2,137.3,137.5,0.503,UP,3,2,1,FORM ISSUE,Pelvis tilting - keep hips square
143000,,,,,,,,,,,0.468,UP,3,2,1,LOW CONFIDENCE,Adjust camera view
143033,,,,,,,,,,,0.436,UP,3,2,1,LOW CONFIDENCE,Adjust camera view
143066,,,,,,,,,,,0.407,UP,3,2,1,LOW CONFIDENCE,Adjust camera view
143100,,,,,,,,,,,0.378,UP,3,2,1,LOW CONFIDENCE,Adjust camera view
143133,,,,,,,,,,,0.351,UP,3,2,1,LOW CONFIDENCE,Adjust camera view
143166,,,,,,,,,,,0.327,UP,3,2,1,LOW CONFIDENCE,Adjust camera view
143200,,,,,,,,,,,0.305,UP,3,2,1,LOW CONFIDENCE,Adjust camera view
143233,,,,,,,,,,,0.288,UP,3,2,1,LOW CONFIDENCE,Adjust camera view
143266,,,,,,,,,,,0.271,UP,3,2,1,LOW CONFIDENCE,Adjust camera view
143300,,,,,,,,,,,0.21,UP,3,2,1,NO PERSON,Step into frame
143333,,,,,,,,,,,0.154,UP,3,2,1,NO PERSON,Step into frame
143366,,,,,,,,,,,0.1,UP,3,2,1,NO PERSON,Step into frame
143400,,,,,,,,,,,0.049,UP,3,2,1,NO PERSON,Step into frame
143433,,,,,,,,,,,0.0,UP,3,2,1,NO PERSON,Step into frame
143466,,,,,,,,,,,0.0,UP,3,2,1,NO PERSON,Step into frame
143500,,,,,,,,,,,0.0,UP,3,2,1,NO PERSON,Step into frame
143533,,,,,,,,,,,0.0,UP,3,2,1,NO PERSON,Step into frame
143566,,,,,,,,,,,0.054,UP,3,2,1,LOW CONFIDENCE,Adjust camera view
143600,,,,,,,,,,,0.111,UP,3,2,1,LOW CONFIDENCE,Adjust camera view
143633,,,,,,,,,,,0.172,UP,3,2,1,LOW CONFIDENCE,Adjust camera view
143666,,,,,,,,,,,0.172,UP,3,2,1,NO PERSON,Step into frame
143700,,,,,,,,,,,0.172,UP,3,2,1,NO PERSON,Step into frame
143733,,,,,,,,,,,0.118,UP,3,2,1,NO PERSON,Step into frame
143766,,,,,,,,,,,0.061,UP,3,2,1,NO PERSON,Step into frame
143800,,,,,,,,,,,0.0,UP,3,2,1,NO PERSON,Step into frame
143833,,,,,,,,,,,0.0,UP,3,2,1,NO PERSON,Step into frame
143866,,,,,,,,,,,0.0,UP,3,2,1,NO PERSON,Step into frame
143900,,,,,,,,,,,0.0,UP,3,2,1,NO PERSON,Step into frame
143933,,,,,,,,,,,0.0,UP,3,2,1,NO PERSON,Step into frame
143966,,,,,,,,,,,0.0,UP,3,2,1,NO PERSON,Step into frame
144000,,,,,,,,,,,0.072,UP,3,2,1,LOW CONFIDENCE,Adjust camera view
144033,,,,,,,,,,,0.154,UP,3,2,1,LOW CONFIDENCE,Adjust camera view
144066,,,,,,,,,,,0.245,UP,3,2,1,LOW CONFIDENCE,Adjust camera view
144100,,,,,,,,,,,0.34,UP,3,2,1,LOW CONFIDENCE,Adjust camera view
144133,,,,,,,,,,,0.441,UP,3,2,1,LOW CONFIDENCE,Adjust camera view
144166,,,,,,,,,,,0.478,UP,3,2,1,LOW CONFIDENCE,Adjust camera view
144200,LEFT,177.6,177.9,177.7,176.4,173.8,172.4,0.3,172.3,172.8,0.51,UP,3,2,1,FORM ISSUE,Pelvis tilting - keep hips square
144233,LEFT,176.9,176.4,177.7,176.0,172.3,175.0,1.9,172.8,172.0,0.541,UP,3,2,1,FORM ISSUE,Pelvis tilting - keep hips square
144266,LEFT,179.7,176.9,177.8,175.7,177.4,174.4,0.8,162.5,165.1,0.572,UP,3,2,1,FORM ISSUE,Pelvis tilting - keep hips square
144300,LEFT,179.8,176.0,178.1,175.9,178.8,175.3,0.7,163.9,161.1,0.603,UP,3,2,1,FORM ISSUE,Pelvis tilting - keep hips square
144333,LEFT,176.7,165.7,178.1,174.6,177.5,176.9,1.8,165.7,160.5,0.629,UP,3,2,1,FORM ISSUE,Pelvis tilting - keep hips square
144366,LEFT,176.8,166.0,178.0,172.2,176.5,178.5,1.5,167.4,162.9,0.654,UP,3,2,1,FORM ISSUE,Pelvis tilting - keep hips square
144400,LEFT,174.4,166.7,177.5,170.3,175.9,179.2,1.6,161.7,163.8,0.674,UP,3,2,1,FORM ISSUE,Pelvis tilting - keep hips square
144433,LEFT,173.8,169.7,176.3,168.8,174.3,179.4,1.8,169.0,165.3,0.691,UP,3,2,1,FORM ISSUE,Pelvis tilting - keep hips square
144466,LEFT,172.0,169.6,174.7,167.5,172.5,179.3,2.0,171.0,165.9,0.705,UP,3,2,1,FORM ISSUE,Pelvis tilting - keep hips square
144500,LEFT,171.2,166.4,173.6,167.7,172.4,178.7,1.9,172.6,165.3,0.716,UP,3,2,1,FORM ISSUE,Pelvis tilting - keep hips square
144533,LEFT,168.4,164.9,172.0,167.5,171.3,178.0,2.0,172.3,164.2,0.722,UP,3,2,1,FORM ISSUE,Pelvis tilting - keep hips square
144566,LEFT,168.7,164.4,170.8,167.0,171.3,177.1,2.3,174.9,162.1,0.726,UP,3,2,1,FORM ISSUE,Pelvis tilting - keep hips square
144600,LEFT,168.8,165.2,169.8,166.1,171.9,178.5,1.7,175.4,163.4,0.727,UP,3,2,1,FORM ISSUE,Pelvis tilting - keep hips square
144633,LEFT,168.8,164.3,169.2,165.0,170.8,177.1,2.1,175.9,163.3,0.723,UP,3,2,1,FORM ISSUE,Pelvis tilting - keep hips square
144666,LEFT,168.4,165.1,168.6,164.8,170.2,178.7,1.4,176.3,164.6,0.718,UP,3,2,1,FORM ISSUE,Pelvis tilting - keep hips square
144700,LEFT,168.7,165.0,168.7,164.8,170.9,179.4,0.9,177.5,165.3,0.711,UP,3,2,1,FORM ISSUE,Pelvis tilting - keep hips square
144733,LEFT,168.9,165.1,168.7,164.9,170.7,179.5,0.7,178.8,165.9,0.702,UP,3,2,1,FORM ISSUE,Pelvis tilting - keep hips square
144766,LEFT,168.8,165.1,168.7,164.9,171.2,179.4,0.4,179.2,164.9,0.692,UP,3,2,1,FORM ISSUE,Pelvis tilting - keep hips square
144800,LEFT,169.6,167.0,168.9,165.5,172.6,179.3,0.0,169.4,165.3,0.685,UP,3,2,1,FORM ISSUE,Pelvis tilting - keep hips square
144833,LEFT,171.1,168.1,169.4,166.0,175.2,177.9,0.7,166.1,164.9,0.677,UP,3,2,1,FORM ISSUE,Pelvis tilting - keep hips square
144866,LEFT,173.0,170.4,170.3,167.1,175.1,176.2,0.7,170.1,163.7,0.669,UP,3,2,1,FORM ISSUE,Pelvis tilting - keep hips square
144900,LEFT,172.8,171.4,171.1,168.4,176.8,175.7,0.8,162.5,164.0,0.663,UP,3,2,1,FORM ISSUE,Pelvis tilting - keep hips square
144933,LEFT,172.5,171.5,171.8,169.7,176.9,176.3,0.9,169.8,164.3,0.658,UP,3,2,1,FORM ISSUE,Pelvis tilting - keep hips square
144966,LEFT,172.0,171.5,172.3,170.6,176.2,176.6,0.3,170.1,165.4,0.655,UP,3,2,1,FORM ISSUE,Pelvis tilting - keep hips square
145000,LEFT,173.1,171.7,172.7,171.3,177.6,176.3,0.7,170.1,165.2,0.656,UP,3,2,1,FORM ISSUE,Pelvis tilting - keep hips square
145033,LEFT,173.1,172.0,172.7,171.6,178.4,175.7,1.3,170.5,165.2,0.659,UP,3,2,1,FORM ISSUE,Pelvis tilting - keep hips square
145066,LEFT,173.8,172.8,172.9,171.9,179.1,175.3,1.8,166.6,166.2,0.663,UP,3,2,1,FORM ISSUE,Pelvis tilting - keep hips square
145100,LEFT,172.2,172.0,172.8,172.0,179.5,175.3,2.9,177.0,169.0,0.665,UP,3,2,1,FORM ISSUE,Pelvis tilting - keep hips square
145133,LEFT,171.7,172.5,172.8,172.2,179.2,174.6,3.2,178.1,171.9,0.667,UP,3,2,1,FORM ISSUE,Pelvis tilting - keep hips square
145166,LEFT,172.1,172.7,172.6,172.4,177.9,174.7,3.8,177.2,172.2,0.669,UP,3,2,1,FORM ISSUE,Pelvis tilting - keep hips square
145200,LEFT,169.8,171.2,171.9,172.2,177.9,175.1,3.7,176.3,163.9,0.669,UP,3,2,1,FORM ISSUE,Pelvis tilting - keep hips square
145233,LEFT,172.2,172.2,171.6,172.1,177.2,174.1,3.8,158.3,165.9,0.667,UP,3,2,1,FORM ISSUE,Pelvis tilting - keep hips square
145266,LEFT,167.9,170.0,170.7,171.7,179.8,176.5,3.0,167.3,168.3,0.668,UP,3,2,1,FORM ISSUE,Pelvis tilting - keep hips square
145300,LEFT,172.3,172.0,170.8,171.6,178.7,174.7,2.9,162.6,177.9,0.667,UP,3,2,1,FORM ISSUE,Pelvis tilting - keep hips square
145333,LEFT,167.8,172.9,170.0,171.7,179.0,173.7,2.6,165.6,172.3,0.666,UP,3,2,1,FORM ISSUE,Pelvis tilting - keep hips square
145366,LEFT,167.3,173.5,169.5,172.1,178.3,172.8,3.0,167.9,171.7,0.668,UP,3,2,1,FORM ISSUE,Pelvis tilting - keep hips square
145400,RIGHT,173.3,168.5,169.7,171.4,173.4,178.6,3.3,179.0,172.1,0.671,UP,3,2,1,FORM ISSUE,Pelvis tilting - keep hips square
145433,RIGHT,176.0,161.9,171.3,169.8,171.7,174.1,3.7,179.8,177.0,0.675,UP,3,2,1,FORM ISSUE,Pelvis tilting - keep hips square
145466,LEFT,166.2,173.8,170.1,170.1,177.7,172.1,3.5,178.8,176.7,0.681,UP,3,2,1,FORM ISSUE,Pelvis tilting - keep hips square
145500,RIGHT,170.9,167.3,170.8,169.0,175.3,176.9,3.8,176.3,178.0,0.683,UP,3,2,1,FORM ISSUE,Pelvis tilting - keep hips square
145533,RIGHT,175.3,173.6,172.3,169.0,176.7,174.8,3.4,167.9,168.1,0.687,UP,3,2,1,FORM ISSUE,Pelvis tilting - keep hips square
145566,LEFT,164.5,173.2,170.6,170.0,176.3,176.5,2.9,165.3,160.9,0.686,UP,3,2,1,FORM ISSUE,Pelvis tilting - keep hips square
145600,LEFT,170.2,174.5,169.4,172.5,177.7,177.5,3.1,165.7,161.4,0.678,UP,3,2,1,FORM ISSUE,Pelvis tilting - keep hips square
145633,,,,,,,,,,,0.54,UP,3,2,1,NO PERSON,Step into frame
145666,,,,,,,,,,,0.403,UP,3,2,1,NO PERSON,Step into frame
145700,,,,,,,,,,,0.264,UP,3,2,1,NO PERSON,Step into frame
145733,,,,,,,,,,,0.13,UP,3,2,1,NO PERSON,Step into frame
145766,,,,,,,,,,,0.0,UP,3,2,1,NO PERSON,Step into frame
145800,,,,,,,,,,,0.0,UP,3,2,1,NO PERSON,Step into frame
145833,,,,,,,,,,,0.0,UP,3,2,1,NO PERSON,Step into frame
145866,,,,,,,,,,,0.0,UP,3,2,1,NO PERSON,Step into frame
145900,,,,,,,,,,,0.0,UP,3,2,1,NO PERSON,Step into frame
145933,,,,,,,,,,,0.0,UP,3,2,1,NO PERSON,Step into frame
145966,,,,,,,,,,,0.0,UP,3,2,1,NO PERSON,Step into frame
146000,,,,,,,,,,,0.0,UP,3,2,1,NO PERSON,Step into frame
146033,,,,,,,,,,,0.0,UP,3,2,1,NO PERSON,Step into frame
146066,,,,,,,,,,,0.0,UP,3,2,1,NO PERSON,Step into frame
146100,,,,,,,,,,,0.0,UP,3,2,1,NO PERSON,Step into frame
146133,,,,,,,,,,,0.0,UP,3,2,1,NO PERSON,Step into frame
146166,,,,,,,,,,,0.0,UP,3,2,1,NO PERSON,Step into frame
146200,,,,,,,,,,,0.0,UP,3,2,1,NO PERSON,Step into frame
146233,,,,,,,,,,,0.0,UP,3,2,1,NO PERSON,Step into frame
146266,,,,,,,,,,,0.0,UP,3,2,1,NO PERSON,Step into frame
146300,,,,,,,,,,,0.0,UP,3,2,1,NO PERSON,Step into frame
146333,,,,,,,,,,,0.134,UP,3,2,1,LOW CONFIDENCE,Adjust camera view
146366,,,,,,,,,,,0.269,UP,3,2,1,LOW CONFIDENCE,Adjust camera view
146400,,,,,,,,,,,0.407,UP,3,2,1,LOW CONFIDENCE,Adjust camera view
146433,LEFT,173.7,177.7,170.9,173.3,172.4,177.9,3.1,10.7,17.6,0.546,UP,3,2,1,FORM ISSUE,Shoulders uneven - keep level
146466,LEFT,173.5,179.3,171.5,175.6,172.2,179.5,3.3,12.7,16.0,0.687,UP,3,2,1,FORM ISSUE,Pelvis tilting - keep hips square
146500,LEFT,174.2,178.5,171.2,176.6,171.8,179.6,3.1,9.9,16.2,0.697,UP,3,2,1,FORM ISSUE,Shoulders uneven - keep level
146533,LEFT,171.4,174.8,172.6,176.9,174.6,171.7,4.9,153.2,168.0,0.709,UP,3,2,1,FORM ISSUE,Pelvis tilting - keep hips square
146566,RIGHT,172.1,172.3,173.0,176.5,170.4,171.6,6.8,157.0,159.2,0.722,UP,3,2,1,FORM ISSUE,Pelvis tilting - keep hips square
146600,RIGHT,172.0,175.7,172.6,176.1,170.0,179.1,3.3,174.0,155.6,0.737,UP,3,2,1,FORM ISSUE,Pelvis tilting - keep hips square
146633,RIGHT,170.8,173.9,172.1,175.0,169.1,179.5,2.3,170.7,159.7,0.749,UP,3,2,1,FORM ISSUE,Pelvis tilting - keep hips square
146666,RIGHT,174.8,171.5,172.2,173.6,172.9,178.8,1.4,174.5,169.1,0.762,UP,3,2,1,FORM ISSUE,Pelvis tilting - keep hips square
146700,RIGHT,174.8,172.1,172.9,173.1,171.7,178.5,2.0,167.1,171.8,0.77,UP,3,2,1,FORM ISSUE,Pelvis tilting - keep hips square
146733,RIGHT,175.8,171.3,173.7,172.9,171.3,179.2,2.3,169.9,168.1,0.778,UP,3,2,1,FORM ISSUE,Pelvis tilting - keep hips square
146766,RIGHT,177.7,171.3,174.8,172.0,175.4,179.1,1.5,176.1,166.0,0.784,UP,3,2,1,FORM ISSUE,Pelvis tilting - keep hips square
146800,RIGHT,176.9,174.9,176.0,172.2,174.8,175.4,4.4,171.9,156.5,0.789,UP,3,2,1,FORM ISSUE,Pelvis tilting - keep hips square
146833,RIGHT,177.4,176.0,176.5,173.1,176.2,175.1,4.5,179.0,158.7,0.791,UP,3,2,1,FORM ISSUE,Pelvis tilting - keep hips square
146866,RIGHT,174.2,177.6,176.4,174.2,177.5,173.7,5.2,46.1,2.5,0.785,UP,3,2,1,FORM ISSUE,Pelvis tilting - keep hips square
146900,RIGHT,176.1,174.9,176.5,174.9,174.8,174.7,5.2,165.7,178.6,0.769,UP,3,2,1,FORM ISSUE,Pelvis tilting - keep hips square
146933,RIGHT,176.2,177.3,176.2,176.1,174.8,176.8,3.9,175.0,175.6,0.751,UP,3,2,1,FORM ISSUE,Pelvis tilting - keep hips square
146966,RIGHT,175.1,173.8,175.8,175.9,175.9,179.2,1.7,174.0,179.2,0.731,UP,3,2,1,FORM ISSUE,Pelvis tilting - keep hips square
147000,RIGHT,178.2,174.7,176.0,175.7,175.8,178.4,2.0,174.9,178.3,0.714,UP,3,2,1,FORM ISSUE,Pelvis tilting - keep hips square
147033,RIGHT,179.0,174.1,176.9,175.0,175.1,179.3,2.4,177.3,179.2,0.708,UP,3,2,1,FORM ISSUE,Pelvis tilting - keep hips square
147066,RIGHT,171.7,173.5,176.0,174.7,169.3,178.6,3.9,175.4,174.8,0.712,UP,3,2,1,FORM ISSUE,Pelvis tilting - keep hips square
147100,RIGHT,174.8,174.6,175.8,174.1,173.9,175.4,5.1,159.2,163.4,0.714,UP,3,2,1,FORM ISSUE,Pelvis tilting - keep hips square
147133,RIGHT,173.9,174.0,175.5,174.2,169.5,177.5,5.6,174.5,161.8,0.724,UP,3,2,1,FORM ISSUE,Pelvis tilting - keep hips square
147166,RIGHT,175.3,176.1,175.0,174.5,177.8,175.9,4.3,119.7,0.0,0.73,UP,3,2,1,FORM ISSUE,Pelvis tilting - keep hips square
147200,RIGHT,174.6,176.7,174.1,175.0,175.7,179.7,3.2,118.9,170.6,0.734,UP,3,2,1,FORM ISSUE,Pelvis tilting - keep hips square
147233,RIGHT,173.7,176.9,174.5,175.6,178.6,177.5,2.9,41.6,11.9,0.735,UP,3,2,1,FORM ISSUE,Pelvis tilting - keep hips square
147266,RIGHT,175.0,176.3,174.5,176.0,177.1,179.6,2.6,87.4,44.0,0.739,UP,3,2,1,FORM ISSUE,Pelvis tilting - keep hips square
147300,RIGHT,175.7,175.2,174.9,176.2,170.7,179.8,5.0,163.2,173.2,0.741,UP,3,2,1,FORM ISSUE,Pelvis tilting - keep hips square
147333,RIGHT,176.9,175.1,175.2,176.0,172.2,175.8,2.7,176.1,164.6,0.747,UP,3,2,1,FORM ISSUE,Pelvis tilting - keep hips square
147366,RIGHT,177.4,175.8,175.7,175.9,173.7,176.1,2.2,177.9,165.5,0.753,UP,3,2,1,FORM ISSUE,Pelvis tilting - keep hips square
147400,RIGHT,179.3,175.6,176.9,175.6,177.1,176.1,3.9,149.3,138.9,0.762,UP,3,2,1,FORM ISSUE,Pelvis tilting - keep hips square
147433,RIGHT,175.8,174.7,177.0,175.3,172.8,177.5,4.3,166.9,162.3,0.773,UP,3,2,1,FORM ISSUE,Pelvis tilting - keep hips square
147466,RIGHT,175.1,174.3,176.9,175.1,172.4,176.2,4.7,162.2,162.3,0.781,UP,3,2,1,FORM ISSUE,Pelvis tilting - keep hips square
147500,RIGHT,175.0,173.4,176.5,174.7,173.3,175.4,4.2,161.3,164.4,0.782,UP,3,2,1,FORM ISSUE,Pelvis tilting - keep hips square
147533,RIGHT,174.0,172.0,175.8,174.0,172.3,176.9,3.2,176.7,164.3,0.783,UP,3,2,1,FORM ISSUE,Pelvis tilting - keep hips square
147566,RIGHT,175.2,175.1,175.0,173.9,173.0,179.1,2.4,175.0,163.6,0.783,UP,3,2,1,FORM ISSUE,Pelvis tilting - keep hips square
147600,RIGHT,173.7,173.6,174.6,173.7,171.2,178.1,3.5,175.8,164.5,0.779,UP,3,2,1,FORM ISSUE,Pelvis tilting - keep hips square
147633,RIGHT,176.4,172.9,174.9,173.4,168.6,178.7,2.1,177.3,162.2,0.778,UP,3,2,1,FORM ISSUE,Pelvis tilting - keep hips square
147666,RIGHT,175.5,174.5,175.0,173.6,167.4,177.9,2.8,178.4,160.7,0.782,UP,3,2,1,FORM ISSUE,Pelvis tilting - keep hips square
147700,RIGHT,174.3,175.4,175.0,174.3,166.3,175.4,2.6,177.1,160.9,0.782,UP,3,2,1,FORM ISSUE,Pelvis tilting - keep hips square
147733,RIGHT,175.6,172.8,175.1,173.8,167.2,171.0,4.2,176.9,157.8,0.777,UP,3,2,1,FORM ISSUE,Pelvis tilting - keep hips square
147766,RIGHT,174.0,165.0,175.2,172.1,169.2,165.1,4.9,169.8,150.5,0.764,UP,3,2,1,FORM ISSUE,Pelvis tilting - keep hips square
147800,RIGHT,175.0,166.2,174.9,170.8,170.7,168.0,3.2,179.1,163.8,0.746,UP,3,2,1,FORM ISSUE,Pelvis tilting - keep hips square
147833,RIGHT,175.6,164.5,174.9,168.8,170.3,167.8,3.1,178.7,165.6,0.725,UP,3,2,1,FORM ISSUE,Pelvis tilting - keep hips square
147866,RIGHT,175.2,169.1,175.1,167.5,170.1,172.3,2.7,176.4,167.4,0.703,UP,3,2,1,FORM ISSUE,Pelvis tilting - keep hips square
147900,RIGHT,171.1,168.5,174.2,166.7,167.9,172.2,2.6,176.6,163.8,0.682,UP,3,2,1,FORM ISSUE,Pelvis tilting - keep hips square
147933,RIGHT,171.6,173.0,173.7,168.3,167.2,173.8,3.0,179.6,164.4,0.666,UP,3,2,1,FORM ISSUE,Pelvis tilting - keep hips square
147966,RIGHT,170.1,171.2,172.7,169.3,163.9,172.2,4.1,179.4,164.5,0.65,UP,3,2,1,FORM ISSUE,Pelvis tilting - keep hips square
148000,RIGHT,169.7,170.9,171.6,170.5,164.8,174.2,4.1,178.6,162.6,0.631,UP,3,2,1,FORM ISSUE,Pelvis tilting - keep hips square
148033,RIGHT,173.8,167.3,171.3,170.2,166.3,168.9,6.0,179.8,160.7,0.615,UP,3,2,1,FORM ISSUE,Pelvis tilting - keep hips square
148066,RIGHT,172.1,171.6,171.5,170.8,166.5,174.9,4.8,179.8,162.7,0.603,UP,3,2,1,FORM ISSUE,Pelvis tilting - keep hips square
148100,RIGHT,170.5,174.2,171.3,171.0,165.7,175.3,4.3,179.8,163.1,0.595,UP,3,2,1,FORM ISSUE,Pelvis tilting - keep hips square
148133,RIGHT,170.5,177.4,171.3,172.3,165.4,177.8,3.7,179.7,162.1,0.592,UP,3,2,1,FORM ISSUE,Pelvis tilting - keep hips square
148166,RIGHT,170.6,177.6,171.5,173.6,165.4,179.0,3.6,176.3,162.9,0.594,UP,3,2,1,FORM ISSUE,Pelvis tilting - keep hips square
148200,RIGHT,169.6,175.1,170.7,175.2,165.6,177.5,3.3,176.9,162.1,0.6,UP,3,2,1,FORM ISSUE,Pelvis tilting - keep hips square
148233,RIGHT,169.2,172.3,170.1,175.3,166.0,174.4,4.2,176.9,157.5,0.606,UP,3,2,1,FORM ISSUE,Pelvis tilting - keep hips square
148266,RIGHT,167.3,173.1,169.4,175.1,166.4,176.2,3.8,174.8,159.2,0.612,UP,3,2,1,FORM ISSUE,Pelvis tilting - keep hips square
148300,RIGHT,169.4,173.4,169.2,174.3,169.0,176.2,3.4,172.7,157.1,0.621,UP,3,2,1,FORM ISSUE,Pelvis tilting - keep hips square
148333,RIGHT,169.7,173.3,169.1,173.4,168.6,178.2,2.4,172.5,157.6,0.631,UP,3,2,1,FORM ISSUE,Pelvis tilting - keep hips square
148366,RIGHT,171.8,175.3,169.5,173.5,178.5,173.1,1.4,179.0,27.6,0.635,UP,3,2,1,FORM ISSUE,Pelvis tilting - keep hips square
148400,RIGHT,169.6,175.5,169.6,174.1,169.2,179.6,2.5,172.1,153.3,0.634,UP,3,2,1,FORM ISSUE,Pelvis tilting - keep hips square
148433,RIGHT,170.4,175.8,170.2,174.7,168.4,176.6,1.7,173.2,156.4,0.633,UP,3,2,1,FORM ISSUE,Pelvis tilting - keep hips square
148466,RIGHT,171.8,175.0,170.7,175.0,170.0,176.5,1.2,173.8,157.6,0.628,UP,3,2,1,FORM ISSUE,Pelvis tilting - keep hips square
148500,RIGHT,171.4,173.5,171.0,175.0,170.0,177.6,0.9,174.7,157.7,0.622,UP,3,2,1,FORM ISSUE,Pelvis tilting - keep hips square
148533,RIGHT,169.3,170.3,170.5,174.0,168.2,179.6,1.4,173.3,157.3,0.621,UP,3,2,1,FORM ISSUE,Pelvis tilting - keep hips square
148566,RIGHT,161.5,160.5,168.9,171.0,165.5,174.1,1.1,175.2,157.4,0.624,UP,3,2,1,FORM ISSUE,Pelvis tilting - keep hips square
148600,RIGHT,161.1,155.8,167.0,167.0,164.7,170.1,0.9,176.4,158.0,0.629,UP,3,2,1,FORM ISSUE,Pelvis tilting - keep hips square
148633,RIGHT,162.5,154.7,165.2,163.0,164.3,167.9,1.3,176.7,158.2,0.637,UP,3,2,1,FORM ISSUE,Pelvis tilting - keep hips square
148666,RIGHT,159.9,152.7,162.9,158.8,163.5,166.2,1.2,177.0,158.4,0.647,UP,3,2,1,FORM ISSUE,Pelvis tilting - keep hips square
148700,RIGHT,158.3,144.4,160.7,153.6,162.6,162.2,1.0,176.9,158.7,0.657,UP,3,2,1,FORM ISSUE,Pelvis tilting - keep hips square
148733,LEFT,146.2,156.9,157.6,152.9,162.4,163.8,0.3,175.3,158.7,0.67,UP,3,2,1,FORM ISSUE,Pelvis tilting - keep hips square
148766,LEFT,150.3,158.2,155.4,153.4,162.6,165.4,0.4,175.3,159.6,0.684,UP,3,2,1,FORM ISSUE,Pelvis tilting - keep hips square
148800,LEFT,150.8,159.1,153.1,154.3,163.8,167.7,1.4,173.9,160.8,0.697,UP,3,2,1,FORM ISSUE,Pelvis tilting - keep hips square
148833,LEFT,152.5,160.4,151.6,155.8,167.0,171.1,3.4,173.2,163.7,0.708,UP,3,2,1,FORM ISSUE,Pelvis tilting - keep hips square
148866,LEFT,157.0,161.6,151.3,159.2,168.1,173.6,4.4,174.0,164.1,0.722,DOWN,3,2,1,FORM ISSUE,Pelvis tilting - keep hips square
148900,LEFT,160.0,157.8,154.1,159.4,170.7,172.8,4.4,171.4,164.2,0.731,DOWN,3,2,1,FORM ISSUE,Pelvis tilting - keep hips square
148933,LEFT,157.0,157.6,155.5,159.3,173.8,174.7,5.9,169.8,165.1,0.737,DOWN,3,2,1,FORM ISSUE,Pelvis tilting - keep hips square
148966,RIGHT,157.3,155.1,156.7,158.5,176.1,175.8,6.9,171.1,166.6,0.742,DOWN,3,2,1,FORM ISSUE,Pelvis tilting - keep hips square
149000,RIGHT,157.0,154.6,157.7,157.3,177.1,171.5,6.1,173.3,167.3,0.746,DOWN,3,2,1,FORM ISSUE,Pelvis tilting - keep hips square
149033,RIGHT,153.9,154.6,157.0,155.9,177.8,173.2,6.6,170.9,165.0,0.746,DOWN,3,2,1,FORM ISSUE,Pelvis tilting - keep hips square
149066,RIGHT,155.9,148.9,156.2,154.2,177.5,174.5,6.6,162.8,165.8,0.745,DOWN,3,2,1,FORM ISSUE,Pelvis tilting - keep hips square
149100,RIGHT,154.1,147.7,155.6,152.2,178.3,174.7,6.6,165.8,166.3,0.744,DOWN,3,2,1,FORM ISSUE,Pelvis tilting - keep hips square
149133,RIGHT,151.6,156.3,154.5,152.4,179.4,173.5,6.9,165.4,166.7,0.745,DOWN,3,2,1,FORM ISSUE,Pelvis tilting - keep hips square
149166,RIGHT,151.1,157.0,153.3,152.9,179.8,171.6,7.1,167.0,169.1,0.745,DOWN,3,2,1,FORM ISSUE,Pelvis tilting - keep hips square
149200,RIGHT,149.6,159.5,152.4,153.9,178.6,169.5,6.7,172.1,167.1,0.744,DOWN,3,2,1,FORM ISSUE,Pelvis tilting - keep hips square
149233,RIGHT,160.5,149.9,153.4,154.1,168.9,166.8,5.5,169.8,168.0,0.744,DOWN,3,2,1,FORM ISSUE,Pelvis tilting - keep hips square
149266,RIGHT,156.2,141.7,153.8,152.9,164.8,161.8,4.0,176.6,169.4,0.742,DOWN,3,2,1,FORM ISSUE,Pelvis tilting - keep hips square
149300,LEFT,140.8,155.0,151.6,152.6,157.5,159.1,1.8,172.8,167.0,0.735,DOWN,3,2,1,FORM ISSUE,Pelvis tilting - keep hips square
149333,LEFT,135.3,143.6,148.5,149.9,154.5,152.3,0.0,176.5,168.6,0.723,DOWN,3,2,1,FORM ISSUE,Pelvis tilting - keep hips square
149366,LEFT,136.1,137.5,145.8,145.5,151.4,149.7,1.0,175.3,167.9,0.711,DOWN,3,2,1,FORM ISSUE,Pelvis tilting - keep hips square
149400,LEFT,139.6,138.8,141.6,143.3,149.2,150.5,1.9,176.9,166.5,0.699,DOWN,3,2,1,FORM ISSUE,Pelvis tilting - keep hips square
149433,LEFT,138.2,142.5,138.0,143.5,144.5,146.8,2.7,175.6,165.4,0.685,DOWN,3,2,1,FORM ISSUE,Pelvis tilting - keep hips square
149466,LEFT,141.7,146.4,138.2,141.8,143.8,152.4,2.4,176.5,166.2,0.672,DOWN,3,2,1,FORM ISSUE,Pelvis tilting - keep hips square
149500,LEFT,143.7,146.8,139.9,142.4,143.5,152.0,2.7,177.2,166.5,0.661,DOWN,3,2,1,FORM ISSUE,Pelvis tilting - keep hips square
149533,LEFT,139.6,150.7,140.6,145.0,143.5,148.0,3.3,178.3,166.6,0.65,DOWN,3,2,1,FORM ISSUE,Pelvis tilting - keep hips square
149566,LEFT,145.0,146.2,141.6,146.5,140.0,146.3,4.6,178.2,165.1,0.638,DOWN,3,2,1,FORM ISSUE,Pelvis tilting - keep hips square
149600,LEFT,141.3,144.2,142.3,146.9,139.4,147.8,5.1,177.1,164.6,0.625,DOWN,3,2,1,FORM ISSUE,Pelvis tilting - keep hips square
149633,LEFT,145.3,162.4,143.0,150.1,131.5,169.7,6.3,131.0,0.9,0.608,DOWN,3,2,1,FORM ISSUE,Pelvis tilting - keep hips square
149666,LEFT,150.3,166.9,144.3,154.1,130.4,171.8,5.6,28.1,6.2,0.589,DOWN,3,2,1,FORM ISSUE,Pelvis tilting - keep hips square
149700,LEFT,148.2,168.8,146.0,157.7,137.1,168.5,6.1,122.5,26.7,0.57,DOWN,3,2,1,FORM ISSUE,Pelvis tilting - keep hips square
149733,LEFT,149.6,179.1,147.0,164.3,136.8,179.8,4.2,23.2,7.9,0.547,DOWN,3,2,1,FORM ISSUE,Pelvis tilting - keep hips square
149766,LEFT,149.7,173.6,148.6,170.2,148.0,178.8,3.4,177.2,177.4,0.53,DOWN,3,2,1,FORM ISSUE,Pelvis tilting - keep hips square
149800,LEFT,150.1,179.5,149.6,173.6,147.2,176.4,2.1,179.0,177.4,0.514,DOWN,3,2,1,FORM ISSUE,Pelvis tilting - keep hips square
149833,LEFT,144.8,179.2,148.5,176.0,142.6,174.4,2.8,178.3,170.8,0.503,DOWN,3,2,1,FORM ISSUE,Pelvis tilting - keep hips square
149866,,,,,,,,,,,0.495,DOWN,3,2,1,LOW CONFIDENCE,Adjust camera view
149900,,,,,,,,,,,0.491,DOWN,3,2,1,LOW CONFIDENCE,Adjust camera view
149933,,,,,,,,,,,0.489,DOWN,3,2,1,LOW CONFIDENCE,Adjust camera view
149966,,,,,,,,,,,0.493,DOWN,3,2,1,LOW CONFIDENCE,Adjust camera view
150000,,,,,,,,,,,0.495,DOWN,3,2,1,LOW CONFIDENCE,Adjust camera view
150033,,,,,,,,,,,0.494,DOWN,3,2,1,LOW CONFIDENCE,Adjust camera view
150066,,,,,,,,,,,0.495,DOWN,3,2,1,LOW CONFIDENCE,Adjust camera view
150100,,,,,,,,,,,0.494,DOWN,3,2,1,LOW CONFIDENCE,Adjust camera view
150133,,,,,,,,,,,0.492,DOWN,3,2,1,LOW CONFIDENCE,Adjust camera view
150166,,,,,,,,,,,0.493,DOWN,3,2,1,LOW CONFIDENCE,Adjust camera view
150200,,,,,,,,,,,0.497,DOWN,3,2,1,LOW CONFIDENCE,Adjust camera view
150233,,,,,,,,,,,0.498,DOWN,3,2,1,LOW CONFIDENCE,Adjust camera view
150266,,,,,,,,,,,0.495,DOWN,3,2,1,LOW CONFIDENCE,Adjust camera view
150300,,,,,,,,,,,0.489,DOWN,3,2,1,LOW CONFIDENCE,Adjust camera view
150333,,,,,,,,,,,0.477,DOWN,3,2,1,LOW CONFIDENCE,Adjust camera view
150366,,,,,,,,,,,0.464,DOWN,3,2,1,LOW CONFIDENCE,Adjust camera view
150400,,,,,,,,,,,0.452,DOWN,3,2,1,LOW CONFIDENCE,Adjust camera view
150433,,,,,,,,,,,0.446,DOWN,3,2,1,LOW CONFIDENCE,Adjust camera view
150466,,,,,,,,,,,0.442,DOWN,3,2,1,LOW CONFIDENCE,Adjust camera view
150500,,,,,,,,,,,0.44,DOWN,3,2,1,LOW CONFIDENCE,Adjust camera view
150533,,,,,,,,,,,0.436,DOWN,3,2,1,LOW CONFIDENCE,Adjust camera view
150566,,,,,,,,,,,0.432,DOWN,3,2,1,LOW CONFIDENCE,Adjust camera view
150600,,,,,,,,,,,0.428,DOWN,3,2,1,LOW CONFIDENCE,Adjust camera view
150633,,,,,,,,,,,0.424,DOWN,3,2,1,LOW CONFIDENCE,Adjust camera view
150666,,,,,,,,,,,0.42,DOWN,3,2,1,LOW CONFIDENCE,Adjust camera view
150700,,,,,,,,,,,0.416,DOWN,3,2,1,LOW CONFIDENCE,Adjust camera view
150733,,,,,,,,,,,0.411,DOWN,3,2,1,LOW CONFIDENCE,Adjust camera view
150766,,,,,,,,,,,0.401,DOWN,3,2,1,LOW CONFIDENCE,Adjust camera view
150800,,,,,,,,,,,0.388,DOWN,3,2,1,LOW CONFIDENCE,Adjust camera view
150833,,,,,,,,,,,0.373,DOWN,3,2,1,LOW CONFIDENCE,Adjust camera view
150866,,,,,,,,,,,0.362,DOWN,3,2,1,LOW CONFIDENCE,Adjust camera view
150900,,,,,,,,,,,0.357,DOWN,3,2,1,LOW CONFIDENCE,Adjust camera view
150933,,,,,,,,,,,0.358,DOWN,3,2,1,LOW CONFIDENCE,Adjust camera view
150966,,,,,,,,,,,0.368,DOWN,3,2,1,LOW CONFIDENCE,Adjust camera view
151000,,,,,,,,,,,0.384,DOWN,3,2,1,LOW CONFIDENCE,Adjust camera view
151033,,,,,,,,,,,0.406,DOWN,3,2,1,LOW CONFIDENCE,Adjust camera view
151066,,,,,,,,,,,0.426,DOWN,3,2,1,LOW CONFIDENCE,Adjust camera view
151100,,,,,,,,,,,0.446,DOWN,3,2,1,LOW CONFIDENCE,Adjust camera view
151133,,,,,,,,,,,0.465,DOWN,3,2,1,LOW CONFIDENCE,Adjust camera view
151166,,,,,,,,,,,0.485,DOWN,3,2,1,LOW CONFIDENCE,Adjust camera view
151200,LEFT,158.4,143.3,150.5,170.9,147.4,157.6,7.9,174.0,147.5,0.502,DOWN,3,2,1,FORM ISSUE,Pelvis tilting - keep hips square
151233,LEFT,154.9,148.5,151.6,164.8,150.5,160.3,5.6,170.0,144.9,0.516,DOWN,3,2,1,FORM ISSUE,Pelvis tilting - keep hips square
151266,LEFT,148.6,165.3,151.4,163.2,150.0,165.9,5.9,158.3,135.6,0.523,DOWN,3,2,1,FORM ISSUE,Pelvis tilting - keep hips square
151300,LEFT,145.9,163.5,150.5,160.0,152.0,162.6,7.4,153.8,141.5,0.523,DOWN,3,2,1,FORM ISSUE,Pelvis tilting - keep hips square
151333,LEFT,149.2,159.6,151.4,156.1,155.2,159.3,7.2,157.1,142.9,0.517,DOWN,3,2,1,FORM ISSUE,Pelvis tilting - keep hips square
151366,RIGHT,160.6,152.1,151.8,157.8,158.5,157.8,8.3,149.4,142.5,0.504,DOWN,3,2,1,FORM ISSUE,Pelvis tilting - keep hips square
151400,,,,,,,,,,,0.489,DOWN,3,2,1,LOW CONFIDENCE,Adjust camera view
151433,,,,,,,,,,,0.474,DOWN,3,2,1,LOW CONFIDENCE,Adjust camera view
151466,,,,,,,,,,,0.456,DOWN,3,2,1,LOW CONFIDENCE,Adjust camera view
151500,,,,,,,,,,,0.437,DOWN,3,2,1,LOW CONFIDENCE,Adjust camera view
151533,,,,,,,,,,,0.418,DOWN,3,2,1,LOW CONFIDENCE,Adjust camera view
151566,,,,,,,,,,,0.401,DOWN,3,2,1,LOW CONFIDENCE,Adjust camera view
151600,,,,,,,,,,,0.387,DOWN,3,2,1,LOW CONFIDENCE,Adjust camera view
151633,,,,,,,,,,,0.375,DOWN,3,2,1,LOW CONFIDENCE,Adjust camera view
151666,,,,,,,,,,,0.372,DOWN,3,2,1,LOW CONFIDENCE,Adjust camera view
151700,,,,,,,,,,,0.371,DOWN,3,2,1,LOW CONFIDENCE,Adjust camera view
151733,,,,,,,,,,,0.37,DOWN,3,2,1,LOW CONFIDENCE,Adjust camera view
151766,,,,,,,,,,,0.371,DOWN,3,2,1,LOW CONFIDENCE,Adjust camera view
151800,,,,,,,,,,,0.299,DOWN,3,2,1,NO PERSON,Step into frame
151833,,,,,,,,,,,0.223,DOWN,3,2,1,NO PERSON,Step into frame
151866,,,,,,,,,,,0.148,DOWN,3,2,1,NO PERSON,Step into frame
151900,,,,,,,,,,,0.075,DOWN,3,2,1,NO PERSON,Step into frame
151933,,,,,,,,,,,0.0,DOWN,3,2,1,NO PERSON,Step into frame
151966,,,,,,,,,,,0.0,DOWN,3,2,1,NO PERSON,Step into frame
152000,,,,,,,,,,,0.0,DOWN,3,2,1,NO PERSON,Step into frame
152033,,,,,,,,,,,0.0,DOWN,3,2,1,NO PERSON,Step into frame
152066,,,,,,,,,,,0.0,DOWN,3,2,1,NO PERSON,Step into frame
152100,,,,,,,,,,,0.0,DOWN,3,2,1,NO PERSON,Step into frame
152133,,,,,,,,,,,0.0,DOWN,3,2,1,NO PERSON,Step into frame
152166,,,,,,,,,,,0.0,DOWN,3,2,1,NO PERSON,Step into frame
152200,,,,,,,,,,,0.0,DOWN,3,2,1,NO PERSON,Step into frame
152233,,,,,,,,,,,0.0,DOWN,3,2,1,NO PERSON,Step into frame
152266,,,,,,,,,,,0.0,DOWN,3,2,1,NO PERSON,Step into frame
152300,,,,,,,,,,,0.0,DOWN,3,2,1,NO PERSON,Step into frame
152333,,,,,,,,,,,0.0,DOWN,3,2,1,NO PERSON,Step into frame
152366,,,,,,,,,,,0.077,DOWN,3,2,1,LOW CONFIDENCE,Adjust camera view
152400,,,,,,,,,,,0.162,DOWN,3,2,1,LOW CONFIDENCE,Adjust camera view
152433,,,,,,,,,,,0.252,DOWN,3,2,1,LOW CONFIDENCE,Adjust camera view
152466,,,,,,,,,,,0.347,DOWN,3,2,1,LOW CONFIDENCE,Adjust camera view
152500,,,,,,,,,,,0.347,DOWN,3,2,1,NO PERSON,Step into frame
152533,,,,,,,,,,,0.37,DOWN,3,2,1,LOW CONFIDENCE,Adjust camera view
152566,,,,,,,,,,,0.389,DOWN,3,2,1,LOW CONFIDENCE,Adjust camera view
152600,,,,,,,,,,,0.404,DOWN,3,2,1,LOW CONFIDENCE,Adjust camera view
152633,,,,,,,,,,,0.416,DOWN,3,2,1,LOW CONFIDENCE,Adjust camera view
152666,,,,,,,,,,,0.416,DOWN,3,2,1,NO PERSON,Step into frame
152700,,,,,,,,,,,0.316,DOWN,3,2,1,NO PERSON,Step into frame
152733,,,,,,,,,,,0.212,DOWN,3,2,1,NO PERSON,Step into frame
152766,,,,,,,,,,,0.108,DOWN,3,2,1,NO PERSON,Step into frame
152800,,,,,,,,,,,0.0,DOWN,3,2,1,NO PERSON,Step into frame
152833,,,,,,,,,,,0.0,DOWN,3,2,1,NO PERSON,Step into frame
152866,,,,,,,,,,,0.0,DOWN,3,2,1,NO PERSON,Step into frame
152900,,,,,,,,,,,0.0,DOWN,3,2,1,NO PERSON,Step into frame
152933,,,,,,,,,,,0.099,DOWN,3,2,1,LOW CONFIDENCE,Adjust camera view
152966,,,,,,,,,,,0.196,DOWN,3,2,1,LOW CONFIDENCE,Adjust camera view
153000,,,,,,,,,,,0.291,DOWN,3,2,1,LOW CONFIDENCE,Adjust camera view
153033,,,,,,,,,,,0.385,DOWN,3,2,1,LOW CONFIDENCE,Adjust camera view
153066,,,,,,,,,,,0.476,DOWN,3,2,1,LOW CONFIDENCE,Adjust camera view
153100,,,,,,,,,,,0.465,DOWN,3,2,1,LOW CONFIDENCE,Adjust camera view
153133,,,,,,,,,,,0.452,DOWN,3,2,1,LOW CONFIDENCE,Adjust camera view
153166,,,,,,,,,,,0.437,DOWN,3,2,1,LOW CONFIDENCE,Adjust camera view
153200,,,,,,,,,,,0.419,DOWN,3,2,1,LOW CONFIDENCE,Adjust camera view
153233,,,,,,,,,,,0.402,DOWN,3,2,1,LOW CONFIDENCE,Adjust camera view
153266,,,,,,,,,,,0.387,DOWN,3,2,1,LOW CONFIDENCE,Adjust camera view
153300,,,,,,,,,,,0.375,DOWN,3,2,1,LOW CONFIDENCE,Adjust camera view
153333,,,,,,,,,,,0.364,DOWN,3,2,1,LOW CONFIDENCE,Adjust camera view
153366,,,,,,,,,,,0.359,DOWN,3,2,1,LOW CONFIDENCE,Adjust camera view
153400,,,,,,,,,,,0.356,DOWN,3,2,1,LOW CONFIDENCE,Adjust camera view
153433,,,,,,,,,,,0.354,DOWN,3,2,1,LOW CONFIDENCE,Adjust camera view
153466,,,,,,,,,,,0.354,DOWN,3,2,1,LOW CONFIDENCE,Adjust camera view
153500,,,,,,,,,,,0.358,DOWN,3,2,1,LOW CONFIDENCE,Adjust camera view
153533,,,,,,,,,,,0.359,DOWN,3,2,1,LOW CONFIDENCE,Adjust camera view
153566,,,,,,,,,,,0.362,DOWN,3,2,1,LOW CONFIDENCE,Adjust camera view
153600,,,,,,,,,,,0.367,DOWN,3,2,1,LOW CONFIDENCE,Adjust camera view
153633,,,,,,,,,,,0.372,DOWN,3,2,1,LOW CONFIDENCE,Adjust camera view
153666,,,,,,,,,,,0.377,DOWN,3,2,1,LOW CONFIDENCE,Adjust camera view
153700,,,,,,,,,,,0.383,DOWN,3,2,1,LOW CONFIDENCE,Adjust camera view
153733,,,,,,,,,,,0.389,DOWN,3,2,1,LOW CONFIDENCE,Adjust camera view
153766,,,,,,,,,,,0.394,DOWN,3,2,1,LOW CONFIDENCE,Adjust camera view
153800,,,,,,,,,,,0.401,DOWN,3,2,1,LOW CONFIDENCE,Adjust camera view
153833,,,,,,,,,,,0.406,DOWN,3,2,1,LOW CONFIDENCE,Adjust camera view
153866,,,,,,,,,,,0.413,DOWN,3,2,1,LOW CONFIDENCE,Adjust camera view
153900,,,,,,,,,,,0.427,DOWN,3,2,1,LOW CONFIDENCE,Adjust camera view
153933,,,,,,,,,,,0.444,DOWN,3,2,1,LOW CONFIDENCE,Adjust camera view
153966,,,,,,,,,,,0.466,DOWN,3,2,1,LOW CONFIDENCE,Adjust camera view
154000,,,,,,,,,,,0.491,DOWN,3,2,1,LOW CONFIDENCE,Adjust camera view
154033,RIGHT,171.3,174.8,155.1,163.0,167.1,177.7,6.7,162.5,156.5,0.519,DOWN,3,2,1,FORM ISSUE,Pelvis tilting - keep hips square
154066,RIGHT,171.2,175.2,159.6,165.0,167.8,178.5,6.4,164.2,156.3,0.545,DOWN,3,2,1,FORM ISSUE,Pelvis tilting - keep hips square
154100,RIGHT,170.9,176.0,164.6,167.5,167.3,178.6,6.6,166.5,156.4,0.569,DOWN,3,2,1,FORM ISSUE,Pelvis tilting - keep hips square
154133,RIGHT,171.3,175.4,169.0,170.7,167.1,179.8,7.0,165.8,156.1,0.592,DOWN,3,2,1,FORM ISSUE,Pelvis tilting - keep hips square
154166,RIGHT,173.7,167.3,171.7,173.7,173.0,167.8,7.3,160.6,121.8,0.612,DOWN,3,2,1,FORM ISSUE,Pelvis tilting - keep hips square
154200,RIGHT,174.2,176.6,172.3,174.1,168.9,177.6,7.3,165.1,154.4,0.632,DOWN,3,2,1,FORM ISSUE,Pelvis tilting - keep hips square
154233,RIGHT,175.7,176.5,173.2,174.4,167.3,179.0,7.2,169.5,156.6,0.652,UP,3,2,1,FORM ISSUE,Pelvis tilting - keep hips square
154266,RIGHT,174.8,176.9,173.9,174.6,166.6,179.7,7.5,167.0,158.1,0.672,UP,3,2,1,FORM ISSUE,Pelvis tilting - keep hips square
154300,RIGHT,175.9,179.4,174.9,175.4,167.4,178.5,7.2,166.5,159.3,0.691,UP,3,2,1,FORM ISSUE,Pelvis tilting - keep hips square
154333,RIGHT,175.6,178.4,175.2,177.6,167.1,176.6,7.3,166.4,161.3,0.714,UP,3,2,1,FORM ISSUE,Pelvis tilting - keep hips square
154366,RIGHT,175.0,179.8,175.4,178.2,166.5,177.3,7.2,167.1,160.9,0.737,UP,3,2,1,FORM ISSUE,Pelvis tilting - keep hips square
154400,RIGHT,175.1,179.7,175.3,178.9,166.5,177.5,7.0,167.4,161.0,0.758,UP,3,2,1,FORM ISSUE,Pelvis tilting - keep hips square
154433,RIGHT,175.5,178.9,175.4,179.3,166.7,177.9,6.8,168.6,161.5,0.776,UP,3,2,1,FORM ISSUE,Pelvis tilting - keep hips square
154466,RIGHT,174.3,178.1,175.1,179.0,166.4,177.3,6.7,167.6,161.8,0.793,UP,3,2,1,FORM ISSUE,Pelvis tilting - keep hips square
154500,RIGHT,172.9,178.2,174.6,179.0,165.7,177.3,6.6,168.1,161.9,0.808,UP,3,2,1,FORM ISSUE,Pelvis tilting - keep hips square
154533,RIGHT,172.9,178.2,174.1,178.6,165.8,177.8,6.7,168.4,161.8,0.821,UP,3,2,1,FORM ISSUE,Pelvis tilting - keep hips square
154566,RIGHT,174.2,177.9,174.0,178.3,166.0,178.5,7.0,168.2,161.7,0.833,UP,3,2,1,FORM ISSUE,Pelvis tilting - keep hips square
154600,RIGHT,174.7,178.1,173.8,178.1,165.6,178.5,7.2,169.4,161.6,0.842,UP,3,2,1,FORM ISSUE,Pelvis tilting - keep hips square
154633,RIGHT,175.0,178.2,173.9,178.1,165.7,178.3,7.2,169.9,161.3,0.849,UP,3,2,1,FORM ISSUE,Pelvis tilting - keep hips square
154666,RIGHT,174.6,178.8,174.3,178.2,166.0,176.9,7.3,169.5,161.2,0.855,UP,3,2,1,FORM ISSUE,Pelvis tilting - keep hips square
154700,RIGHT,174.4,179.5,174.6,178.5,165.9,177.5,7.4,169.2,160.5,0.86,UP,3,2,1,FORM ISSUE,Pelvis tilting - keep hips square
154733,RIGHT,175.7,179.8,174.9,178.9,166.1,177.6,7.5,167.4,160.2,0.864,UP,3,2,1,FORM ISSUE,Pelvis tilting - keep hips square
154766,RIGHT,175.7,179.5,175.1,179.2,165.7,177.7,7.4,167.5,160.1,0.868,UP,3,2,1,FORM ISSUE,Pelvis tilting - keep hips square
154800,RIGHT,176.6,179.6,175.4,179.5,166.2,177.8,7.4,167.6,159.9,0.873,UP,3,2,1,FORM ISSUE,Pelvis tilting - keep hips square
154833,RIGHT,176.5,178.5,175.8,179.4,166.7,177.0,7.5,167.7,159.8,0.877,UP,3,2,1,FORM ISSUE,Pelvis tilting - keep hips square
154866,RIGHT,176.5,179.9,176.2,179.5,166.7,177.6,7.4,168.7,159.5,0.881,UP,3,2,1,FORM ISSUE,Pelvis tilting - keep hips square
154900,RIGHT,177.2,179.6,176.5,179.4,166.9,177.2,7.4,168.2,159.4,0.884,UP,3,2,1,FORM ISSUE,Pelvis tilting - keep hips square
154933,RIGHT,177.6,178.0,176.9,179.1,166.6,177.2,7.4,169.1,158.7,0.888,UP,3,2,1,FORM ISSUE,Pelvis tilting - keep hips square
154966,RIGHT,177.8,179.7,177.1,179.1,166.4,177.2,7.4,168.3,158.5,0.891,UP,3,2,1,FORM ISSUE,Pelvis tilting - keep hips square
155000,RIGHT,177.2,179.9,177.3,179.4,166.8,177.5,7.2,167.2,158.4,0.896,UP,3,2,1,FORM ISSUE,Pelvis tilting - keep hips square
155033,RIGHT,176.1,179.1,177.2,179.3,166.8,178.1,7.1,167.4,158.8,0.9,UP,3,2,1,FORM ISSUE,Pelvis tilting - keep hips square
155066,RIGHT,176.1,178.2,177.0,179.0,167.1,178.5,7.0,168.0,158.8,0.903,UP,3,2,1,FORM ISSUE,Pelvis tilting - keep hips square
155100,RIGHT,175.7,178.2,176.6,179.0,167.2,178.7,6.9,168.2,158.8,0.906,UP,3,2,1,FORM ISSUE,Pelvis tilting - keep hips square
155133,RIGHT,175.7,178.5,176.2,178.8,167.8,178.3,6.6,168.4,159.2,0.909,UP,3,2,1,FORM ISSUE,Pelvis tilting - keep hips square
155166,RIGHT,175.9,177.2,175.9,178.2,168.0,178.7,6.3,169.1,159.5,0.911,UP,3,2,1,FORM ISSUE,Pelvis tilting - keep hips square
155200,RIGHT,175.6,177.4,175.8,177.9,167.9,178.3,6.3,168.6,159.4,0.911,UP,3,2,1,FORM ISSUE,Pelvis tilting - keep hips square
155233,RIGHT,175.5,178.4,175.7,177.9,167.9,177.8,6.2,167.7,159.2,0.91,UP,3,2,1,FORM ISSUE,Pelvis tilting - keep hips square
155266,RIGHT,175.5,178.5,175.7,178.0,167.9,177.7,6.1,167.5,159.1,0.909,UP,3,2,1,FORM ISSUE,Pelvis tilting - keep hips square
155300,RIGHT,175.3,177.6,175.6,177.8,167.8,178.1,6.1,167.7,159.3,0.907,UP,3,2,1,FORM ISSUE,Pelvis tilting - keep hips square
155333,RIGHT,175.1,177.5,175.4,177.9,168.0,178.0,5.9,167.8,159.4,0.905,UP,3,2,1,FORM ISSUE,Pelvis tilting - keep hips square
155366,RIGHT,175.3,176.9,175.3,177.8,168.7,178.0,5.6,168.0,159.8,0.903,UP,3,2,1,FORM ISSUE,Pelvis tilting - keep hips square
155400,RIGHT,173.9,177.1,175.0,177.5,167.8,178.4,5.7,167.7,159.9,0.903,UP,3,2,1,FORM ISSUE,Pelvis tilting - keep hips square
155433,RIGHT,173.9,176.6,174.7,177.1,167.8,178.4,5.6,169.0,159.7,0.903,UP,3,2,1,FORM ISSUE,Pelvis tilting - keep hips square
155466,RIGHT,173.5,176.6,174.3,176.9,167.8,178.3,5.7,169.7,159.5,0.904,UP,3,2,1,FORM ISSUE,Pelvis tilting - keep hips square
155500,RIGHT,173.6,176.6,174.0,176.7,168.0,177.8,5.4,169.2,159.3,0.905,UP,3,2,1,FORM ISSUE,Pelvis tilting - keep hips square
155533,RIGHT,173.7,176.6,173.7,176.7,167.7,177.9,5.5,169.6,159.2,0.907,UP,3,2,1,FORM ISSUE,Pelvis tilting - keep hips square
155566,RIGHT,172.7,176.6,173.5,176.6,167.3,178.1,5.7,169.5,158.7,0.909,UP,3,2,1,FORM ISSUE,Pelvis tilting - keep hips square
155600,RIGHT,172.9,174.6,173.3,176.2,167.7,178.9,5.4,169.3,158.5,0.909,UP,3,2,1,FORM ISSUE,Pelvis tilting - keep hips square
155633,RIGHT,173.0,173.7,173.2,175.6,167.5,179.6,5.6,168.2,158.0,0.908,UP,3,2,1,FORM ISSUE,Pelvis tilting - keep hips square
155666,RIGHT,171.8,171.1,172.8,174.5,167.2,178.2,5.2,168.6,158.2,0.906,UP,3,2,1,FORM ISSUE,Pelvis tilting - keep hips square
155700,RIGHT,170.9,171.8,172.3,173.6,167.0,178.3,5.2,169.3,158.5,0.904,UP,3,2,1,FORM ISSUE,Pelvis tilting - keep hips square
155733,RIGHT,171.0,171.8,171.9,172.6,167.1,178.4,5.2,168.3,157.8,0.9,UP,3,2,1,FORM ISSUE,Pelvis tilting - keep hips square
155766,RIGHT,170.7,171.4,171.5,172.0,167.4,178.3,5.1,168.2,157.1,0.894,UP,3,2,1,FORM ISSUE,Pelvis tilting - keep hips square
155800,RIGHT,170.6,170.9,171.0,171.4,168.1,178.2,4.7,167.9,156.3,0.888,UP,3,2,1,FORM ISSUE,Pelvis tilting - keep hips square
155833,RIGHT,170.7,169.9,170.8,171.2,168.3,178.2,4.6,168.2,156.4,0.883,UP,3,2,1,FORM ISSUE,Pelvis tilting - keep hips square
155866,RIGHT,170.7,169.9,170.7,170.8,168.4,178.4,4.4,169.0,156.6,0.877,UP,3,2,1,FORM ISSUE,Pelvis tilting - keep hips square
155900,RIGHT,170.6,169.2,170.7,170.3,168.7,179.2,3.9,169.4,157.4,0.874,UP,3,2,1,FORM ISSUE,Pelvis tilting - keep hips square
155933,RIGHT,170.3,167.7,170.6,169.5,168.5,178.6,3.9,169.1,157.2,0.875,UP,3,2,1,FORM ISSUE,Pelvis tilting - keep hips square
155966,RIGHT,171.5,167.9,170.8,168.9,168.8,178.5,3.7,170.2,157.1,0.876,UP,3,2,1,FORM ISSUE,Pelvis tilting - keep hips square
156000,RIGHT,170.4,168.1,170.7,168.6,168.6,178.9,3.0,173.6,157.4,0.877,UP,3,2,1,FORM ISSUE,Pelvis tilting - keep hips square
156033,RIGHT,170.8,168.8,170.7,168.3,169.3,179.4,2.6,176.0,158.0,0.88,UP,3,2,1,FORM ISSUE,Pelvis tilting - keep hips square
156066,RIGHT,171.3,169.2,170.9,168.3,169.6,179.6,2.4,177.4,159.6,0.883,UP,3,2,1,FORM ISSUE,Pelvis tilting - keep hips square
156100,RIGHT,171.8,169.2,171.2,168.6,169.4,179.9,2.3,176.0,160.2,0.886,UP,3,2,1,FORM ISSUE,Pelvis tilting - keep hips square
156133,RIGHT,171.8,172.1,171.2,169.5,169.7,178.7,2.1,176.2,160.3,0.89,UP,3,2,1,FORM ISSUE,Pelvis tilting - keep hips square
156166,RIGHT,172.1,172.1,171.5,170.3,170.0,178.6,1.9,178.5,160.9,0.896,UP,3,2,1,FORM ISSUE,Pelvis tilting - keep hips square
156200,RIGHT,173.6,172.6,172.1,171.0,170.6,178.8,2.0,178.5,161.6,0.901,UP,3,2,1,FORM ISSUE,Pelvis tilting - keep hips square
156233,RIGHT,173.4,173.8,172.5,172.0,170.2,178.3,2.0,178.2,162.3,0.905,UP,3,2,1,FORM ISSUE,Pelvis tilting - keep hips square
156266,RIGHT,174.0,174.7,173.0,173.0,170.4,178.1,1.7,179.7,162.9,0.908,UP,3,2,1,FORM ISSUE,Pelvis tilting - keep hips square
156300,RIGHT,173.7,175.9,173.4,173.8,170.2,177.5,1.5,179.5,163.3,0.911,UP,3,2,1,FORM ISSUE,Pelvis tilting - keep hips square
156333,RIGHT,173.4,176.1,173.6,174.6,169.9,177.6,1.5,179.6,164.1,0.914,UP,3,2,1,FORM ISSUE,Pelvis tilting - keep hips square
156366,RIGHT,173.0,176.4,173.5,175.4,169.6,177.5,1.4,179.7,164.6,0.917,UP,3,2,1,FORM ISSUE,Pelvis tilting - keep hips square
156400,RIGHT,170.6,176.0,172.9,175.8,168.1,178.0,1.4,179.8,164.6,0.921,UP,3,2,1,FORM ISSUE,Pelvis tilting - keep hips square
156433,RIGHT,168.6,175.9,171.9,176.1,166.8,178.1,1.3,178.1,165.2,0.925,UP,3,2,1,FORM ISSUE,Pelvis tilting - keep hips square
156466,RIGHT,168.1,176.2,170.7,176.1,167.1,178.1,1.1,177.1,165.1,0.929,UP,3,2,1,FORM ISSUE,Pelvis tilting - keep hips square
156500,RIGHT,168.8,176.7,169.8,176.2,167.1,177.6,1.1,177.0,165.3,0.933,UP,3,2,1,FORM ISSUE,Pelvis tilting - keep hips square
156533,RIGHT,167.9,176.6,168.8,176.3,166.7,177.9,1.0,176.8,165.1,0.936,UP,3,2,1,FORM ISSUE,Pelvis tilting - keep hips square
156566,RIGHT,168.9,176.5,168.5,176.4,166.7,177.8,0.9,176.0,165.2,0.939,UP,3,2,1,FORM ISSUE,Pelvis tilting - keep hips square
156600,RIGHT,169.2,175.6,168.6,176.3,166.7,177.8,0.9,176.7,165.5,0.942,UP,3,2,1,FORM ISSUE,Pelvis tilting - keep hips square
156633,RIGHT,169.4,175.8,168.9,176.2,167.1,177.4,0.8,177.0,165.7,0.945,UP,3,2,1,FORM ISSUE,Pelvis tilting - keep hips square
156666,RIGHT,168.2,175.8,168.7,176.1,166.1,177.3,0.9,176.8,165.4,0.947,UP,3,2,1,FORM ISSUE,Pelvis tilting - keep hips square
156700,RIGHT,168.8,174.4,168.9,175.6,166.3,177.7,0.5,176.8,165.0,0.949,UP,3,2,1,FORM ISSUE,Pelvis tilting - keep hips square
156733,RIGHT,169.3,174.0,169.0,175.1,166.8,177.6,0.6,178.2,164.8,0.95,UP,3,2,1,FORM ISSUE,Pelvis tilting - keep hips square
156766,RIGHT,170.9,174.4,169.3,174.9,168.0,177.1,0.8,179.0,165.3,0.951,UP,3,2,1,FORM ISSUE,Pelvis tilting - keep hips square
156800,RIGHT,171.7,174.4,169.8,174.6,169.1,176.7,0.7,179.0,165.4,0.952,UP,3,2,1,FORM ISSUE,Pelvis tilting - keep hips square
156833,RIGHT,172.2,173.3,170.6,174.1,169.7,177.0,0.8,179.7,165.9,0.953,UP,3,2,1,FORM ISSUE,Pelvis tilting - keep hips square
156866,RIGHT,173.2,173.5,171.5,173.9,171.5,175.9,0.5,180.0,166.2,0.953,UP,3,2,1,FORM ISSUE,Pelvis tilting - keep hips square
156900,RIGHT,173.5,171.4,172.3,173.4,172.5,175.3,0.1,179.8,165.7,0.953,UP,3,2,1,FORM ISSUE,Pelvis tilting - keep hips square
156933,RIGHT,172.6,172.6,172.6,173.0,172.2,175.3,0.5,179.9,165.6,0.952,UP,3,2,1,FORM ISSUE,Pelvis tilting - keep hips square
156966,RIGHT,171.8,171.0,172.7,172.4,171.5,176.1,0.8,178.8,165.3,0.951,UP,3,2,1,FORM ISSUE,Pelvis tilting - keep hips square
157000,RIGHT,168.9,170.9,172.0,171.9,170.6,174.8,0.4,178.6,165.4,0.95,UP,3,2,1,FORM ISSUE,Pelvis tilting - keep hips square
157033,RIGHT,169.8,171.2,171.3,171.4,170.9,175.3,0.8,177.2,165.5,0.949,UP,3,2,1,FORM ISSUE,Pelvis tilting - keep hips square
157066,RIGHT,170.2,169.8,170.6,171.1,171.3,176.1,0.8,176.5,164.8,0.946,UP,3,2,1,FORM ISSUE,Pelvis tilting - keep hips square
157100,RIGHT,169.4,170.2,170.0,170.6,170.7,175.7,0.9,175.7,164.6,0.943,UP,3,2,1,FORM ISSUE,Pelvis tilting - keep hips square
157133,RIGHT,169.4,170.9,169.5,170.6,171.0,175.7,1.1,171.2,165.1,0.94,UP,3,2,1,FORM ISSUE,Pelvis tilting - keep hips square
157166,RIGHT,169.7,171.2,169.7,170.7,170.6,176.1,1.7,171.8,165.8,0.936,UP,3,2,1,FORM ISSUE,Pelvis tilting - keep hips square
157200,RIGHT,169.2,172.8,169.6,171.0,170.9,174.8,1.3,172.0,164.2,0.932,UP,3,2,1,FORM ISSUE,Pelvis tilting - keep hips square
157233,RIGHT,168.7,173.3,169.3,171.7,170.2,174.3,1.4,170.2,165.3,0.929,UP,3,2,1,FORM ISSUE,Pelvis tilting - keep hips square
157266,RIGHT,168.9,173.5,169.2,172.3,169.9,174.6,1.5,170.0,165.2,0.929,UP,3,2,1,FORM ISSUE,Pelvis tilting - keep hips square
157300,RIGHT,170.0,173.8,169.3,172.9,171.1,174.5,1.5,171.2,165.3,0.929,UP,3,2,1,FORM ISSUE,Pelvis tilting - keep hips square
157333,RIGHT,170.2,173.5,169.4,173.4,171.2,173.7,1.1,170.9,165.7,0.929,UP,3,2,1,FORM ISSUE,Pelvis tilting - keep hips square
157366,RIGHT,170.6,173.6,169.7,173.5,171.3,173.9,1.2,171.3,166.5,0.93,UP,3,2,1,FORM ISSUE,Pelvis tilting - keep hips square
157400,RIGHT,170.9,173.7,170.1,173.6,171.1,174.2,1.5,171.7,166.6,0.932,UP,3,2,1,FORM ISSUE,Pelvis tilting - keep hips square
157433,RIGHT,172.0,173.5,170.8,173.6,171.4,174.6,1.7,171.8,166.1,0.934,UP,3,2,1,FORM ISSUE,Pelvis tilting - keep hips square
157466,RIGHT,172.4,174.4,171.2,173.7,171.3,174.7,1.8,171.7,165.5,0.936,UP,3,2,1,FORM ISSUE,Pelvis tilting - keep hips square
157500,RIGHT,173.1,174.5,171.8,173.9,171.2,174.8,2.1,169.8,165.6,0.938,UP,3,2,1,FORM ISSUE,Pelvis tilting - keep hips square
157533,RIGHT,170.9,175.0,171.9,174.2,166.9,175.0,3.4,168.6,164.7,0.938,UP,3,2,1,FORM ISSUE,Pelvis tilting - keep hips square
157566,RIGHT,171.7,174.9,172.0,174.5,168.5,174.8,3.0,169.6,164.3,0.938,UP,3,2,1,FORM ISSUE,Pelvis tilting - keep hips square
157600,RIGHT,172.4,175.1,172.1,174.8,169.1,174.2,2.7,167.4,164.5,0.939,UP,3,2,1,FORM ISSUE,Pelvis tilting - keep hips square
157633,RIGHT,172.8,174.8,172.2,174.8,168.7,174.7,3.1,166.2,165.1,0.939,UP,3,2,1,FORM ISSUE,Pelvis tilting - keep hips square
157666,RIGHT,173.3,173.1,172.2,174.6,169.9,175.0,3.0,167.3,165.1,0.939,UP,3,2,1,FORM ISSUE,Pelvis tilting - keep hips square
157700,RIGHT,172.4,173.3,172.5,174.2,169.4,175.0,2.9,168.2,165.2,0.941,UP,3,2,1,FORM ISSUE,Pelvis tilting - keep hips square
157733,RIGHT,172.8,173.2,172.7,173.9,170.2,175.0,2.8,168.3,165.3,0.943,UP,3,2,1,FORM ISSUE,Pelvis tilting - keep hips square
157766,RIGHT,173.5,173.5,173.0,173.6,170.6,175.1,2.8,167.7,165.6,0.944,UP,3,2,1,FORM ISSUE,Pelvis tilting - keep hips square
157800,RIGHT,173.5,173.6,173.1,173.3,170.5,175.5,3.0,167.3,165.5,0.945,UP,3,2,1,FORM ISSUE,Pelvis tilting - keep hips square
157833,RIGHT,173.5,173.4,173.1,173.4,170.3,176.8,3.5,167.2,165.6,0.946,UP,3,2,1,FORM ISSUE,Pelvis tilting - keep hips square
157866,RIGHT,174.3,173.8,173.5,173.5,170.6,177.2,3.8,166.8,165.6,0.947,UP,3,2,1,FORM ISSUE,Pelvis tilting - keep hips square
157900,RIGHT,174.4,173.3,173.8,173.5,170.6,177.9,4.2,166.8,165.5,0.946,UP,3,2,1,FORM ISSUE,Pelvis tilting - keep hips square
157933,RIGHT,174.6,173.1,174.1,173.5,170.1,178.5,4.6,166.9,165.5,0.945,UP,3,2,1,FORM ISSUE,Pelvis tilting - keep hips square
157966,RIGHT,176.0,173.8,174.6,173.5,170.5,179.1,5.0,166.7,165.1,0.943,UP,3,2,1,FORM ISSUE,Pelvis tilting - keep hips square
158000,RIGHT,174.9,173.8,174.8,173.6,169.4,179.8,5.4,166.2,165.0,0.94,UP,3,2,1,FORM ISSUE,Pelvis tilting - keep hips square
158033,RIGHT,174.7,173.6,174.9,173.5,168.7,179.1,5.8,166.0,165.0,0.937,UP,3,2,1,FORM ISSUE,Pelvis tilting - keep hips square
158066,RIGHT,175.3,175.2,175.1,173.9,168.4,178.8,6.1,166.6,165.0,0.934,UP,3,2,1,FORM ISSUE,Pelvis tilting - keep hips square
158100,RIGHT,175.4,175.3,175.3,174.3,168.1,179.0,6.2,165.8,165.3,0.932,UP,3,2,1,FORM ISSUE,Pelvis tilting - keep hips square
158133,RIGHT,175.6,177.4,175.2,175.1,168.4,180.0,6.2,165.7,165.2,0.929,UP,3,2,1,FORM ISSUE,Pelvis tilting - keep hips square
158166,RIGHT,175.8,178.1,175.4,175.9,168.1,179.8,6.3,165.8,165.9,0.925,UP,3,2,1,FORM ISSUE,Pelvis tilting - keep hips square
158200,RIGHT,177.2,176.2,175.9,176.5,166.2,179.7,7.0,164.9,167.1,0.92,UP,3,2,1,FORM ISSUE,Pelvis tilting - keep hips square
158233,RIGHT,177.6,175.6,176.3,176.5,166.4,179.1,7.0,165.1,168.5,0.915,UP,3,2,1,FORM ISSUE,Pelvis tilting - keep hips square
158266,RIGHT,177.5,174.4,176.7,176.3,166.3,178.3,7.0,165.7,169.6,0.911,UP,3,2,1,FORM ISSUE,Pelvis tilting - keep hips square
158300,LEFT,176.8,174.4,177.0,175.7,162.8,179.4,6.6,6.4,3.5,0.905,UP,3,2,1,GOOD,Good Form
158333,LEFT,175.4,175.7,176.9,175.3,166.0,170.1,10.6,23.9,4.4,0.9,UP,3,2,1,FORM ISSUE,Pelvis tilting - keep hips square
158366,LEFT,176.3,175.8,176.7,175.2,165.0,175.8,4.8,5.7,6.3,0.893,UP,3,2,1,GOOD,Good Form
158400,LEFT,175.3,172.9,176.3,174.6,176.6,163.7,5.2,8.5,179.0,0.886,UP,3,2,1,FORM ISSUE,Shoulders uneven - keep level
158433,RIGHT,173.0,175.4,175.4,174.8,162.5,173.3,4.3,160.6,175.4,0.88,UP,3,2,1,FORM ISSUE,Pelvis tilting - keep hips square
158466,RIGHT,172.1,173.5,174.4,174.6,163.1,175.8,4.4,172.2,172.0,0.878,UP,3,2,1,FORM ISSUE,Pelvis tilting - keep hips square
158500,RIGHT,172.6,173.0,173.9,174.1,163.8,177.0,4.4,170.6,169.4,0.875,UP,3,2,1,FORM ISSUE,Pelvis tilting - keep hips square
158533,RIGHT,170.5,172.9,172.7,173.5,179.1,164.6,3.9,8.2,3.2,0.871,UP,3,2,1,GOOD,Good Form
158566,RIGHT,172.7,173.6,172.2,173.7,166.8,175.8,2.9,72.8,172.2,0.866,UP,3,2,1,FORM ISSUE,Pelvis tilting - keep hips square
158600,RIGHT,171.6,171.0,171.9,172.8,164.3,177.2,3.5,166.3,170.7,0.86,UP,3,2,1,FORM ISSUE,Pelvis tilting - keep hips square
158633,RIGHT,172.8,171.3,172.1,172.4,165.7,177.4,3.5,168.4,169.2,0.852,UP,3,2,1,FORM ISSUE,Pelvis tilting - keep hips square
158666,LEFT,170.4,169.2,171.6,171.6,162.5,179.9,4.2,36.8,1.7,0.839,UP,3,2,1,FORM ISSUE,Pelvis tilting - keep hips square
158700,LEFT,171.9,169.8,171.9,171.0,163.0,178.6,3.9,3.6,5.2,0.826,UP,3,2,1,GOOD,Good Form
158733,RIGHT,171.1,168.9,171.6,170.0,165.1,177.6,4.6,165.6,179.5,0.815,UP,3,2,1,FORM ISSUE,Pelvis tilting - keep hips square
158766,RIGHT,173.8,168.8,172.0,169.6,165.3,179.6,4.1,172.2,175.1,0.805,UP,3,2,1,FORM ISSUE,Pelvis tilting - keep hips square
158800,RIGHT,174.2,168.8,172.3,169.1,164.4,179.2,4.1,173.6,171.7,0.798,UP,3,2,1,FORM ISSUE,Pelvis tilting - keep hips square
158833,RIGHT,174.8,169.7,173.2,169.2,165.8,179.7,4.2,174.5,170.7,0.798,UP,3,2,1,FORM ISSUE,Pelvis tilting - keep hips square
158866,RIGHT,174.7,168.9,173.7,169.0,166.7,179.0,4.4,174.3,168.6,0.804,UP,3,2,1,FORM ISSUE,Pelvis tilting - keep hips square
158900,RIGHT,172.5,170.4,174.0,169.3,172.6,171.9,4.4,173.5,158.6,0.807,UP,3,2,1,FORM ISSUE,Pelvis tilting - keep hips square
158933,RIGHT,173.4,169.6,173.9,169.5,166.8,178.2,4.6,174.9,166.5,0.811,UP,3,2,1,FORM ISSUE,Pelvis tilting - keep hips square
158966,RIGHT,175.3,171.6,174.1,170.0,167.4,178.3,5.1,175.8,164.8,0.815,UP,3,2,1,FORM ISSUE,Pelvis tilting - keep hips square
159000,RIGHT,174.9,170.8,174.2,170.3,167.8,176.7,5.1,174.8,162.8,0.82,UP,3,2,1,FORM ISSUE,Pelvis tilting - keep hips square
159033,RIGHT,172.8,170.1,173.8,170.5,167.0,176.1,5.0,174.7,162.7,0.825,UP,3,2,1,FORM ISSUE,Pelvis tilting - keep hips square
159066,RIGHT,172.9,170.3,173.8,170.5,167.6,175.8,5.0,175.9,163.3,0.834,UP,3,2,1,FORM ISSUE,Pelvis tilting - keep hips square
159100,RIGHT,171.0,170.9,173.4,170.7,167.4,175.7,4.9,175.7,162.1,0.841,UP,3,2,1,FORM ISSUE,Pelvis tilting - keep hips square
159133,RIGHT,170.9,171.2,172.5,170.7,167.6,175.7,4.9,175.4,162.4,0.848,UP,3,2,1,FORM ISSUE,Pelvis tilting - keep hips square
159166,RIGHT,171.3,171.3,171.8,170.8,167.5,175.2,5.2,175.5,161.8,0.854,UP,3,2,1,FORM ISSUE,Pelvis tilting - keep hips square
159200,RIGHT,171.9,172.2,171.6,171.2,167.9,175.7,5.1,174.7,163.6,0.859,UP,3,2,1,FORM ISSUE,Pelvis tilting - keep hips square
159233,RIGHT,172.2,172.0,171.5,171.5,167.7,175.5,5.2,174.0,163.0,0.864,UP,3,2,1,FORM ISSUE,Pelvis tilting - keep hips square
159266,RIGHT,173.3,173.1,171.9,171.9,167.8,176.2,5.2,173.4,161.8,0.868,UP,3,2,1,FORM ISSUE,Pelvis tilting - keep hips square
159300,RIGHT,174.4,174.3,172.6,172.6,168.6,176.8,5.2,173.0,161.5,0.873,UP,3,2,1,FORM ISSUE,Pelvis tilting - keep hips square
159333,RIGHT,174.4,173.9,173.2,173.1,169.0,176.9,4.9,173.0,161.5,0.877,UP,3,2,1,FORM ISSUE,Pelvis tilting - keep hips square
159366,RIGHT,172.3,173.8,173.3,173.4,168.3,177.1,4.6,174.0,162.3,0.881,UP,3,2,1,FORM ISSUE,Pelvis tilting - keep hips square
159400,RIGHT,172.4,173.7,173.3,173.8,168.5,177.0,4.5,173.8,162.7,0.885,UP,3,2,1,FORM ISSUE,Pelvis tilting - keep hips square
159433,RIGHT,171.9,173.7,173.1,173.9,168.7,177.6,4.3,173.9,163.1,0.888,UP,3,2,1,FORM ISSUE,Pelvis tilting - keep hips square
159466,RIGHT,173.2,174.1,172.8,173.8,168.6,178.1,4.1,173.3,163.4,0.891,UP,3,2,1,FORM ISSUE,Pelvis tilting - keep hips square
159500,RIGHT,172.1,174.7,172.4,174.0,168.5,179.1,3.7,173.2,163.6,0.893,UP,3,2,1,FORM ISSUE,Pelvis tilting - keep hips square
159533,RIGHT,173.1,175.1,172.5,174.3,169.6,179.5,3.4,173.2,163.9,0.895,UP,3,2,1,FORM ISSUE,Pelvis tilting - keep hips square
159566,RIGHT,173.0,175.5,172.7,174.6,170.2,179.6,3.3,173.4,164.5,0.896,UP,3,2,1,FORM ISSUE,Pelvis tilting - keep hips square
159600,RIGHT,173.9,175.8,173.1,175.1,170.2,180.0,3.2,172.0,164.6,0.897,UP,3,2,1,FORM ISSUE,Pelvis tilting - keep hips square
159633,RIGHT,172.5,175.4,172.9,175.3,169.5,179.8,3.2,172.7,164.4,0.897,UP,3,2,1,FORM ISSUE,Pelvis tilting - keep hips square
159666,RIGHT,172.0,171.9,172.9,174.8,174.2,169.8,4.5,14.2,7.4,0.887,UP,3,2,1,FORM ISSUE,Pelvis tilting - keep hips square
159700,RIGHT,172.6,172.0,172.8,174.1,173.4,172.4,4.5,24.3,27.5,0.865,UP,3,2,1,FORM ISSUE,Pelvis tilting - keep hips square
159733,RIGHT,172.9,171.0,172.8,173.2,172.9,168.6,5.1,3.5,13.5,0.83,UP,3,2,1,GOOD,Good Form
159766,LEFT,170.7,170.4,172.1,172.1,167.5,174.8,4.2,8.6,9.9,0.789,UP,3,2,1,GOOD,Good Form
159800,LEFT,173.5,171.1,172.3,171.3,178.8,171.5,2.3,161.0,175.8,0.75,UP,3,2,1,FORM ISSUE,Pelvis tilting - keep hips square
159833,RIGHT,170.5,173.8,172.0,171.7,170.5,179.7,2.2,177.9,171.4,0.72,UP,3,2,1,FORM ISSUE,Pelvis tilting - keep hips square
159866,RIGHT,172.4,173.9,172.0,172.0,171.0,179.5,2.5,176.9,169.1,0.702,UP,3,2,1,FORM ISSUE,Pelvis tilting - keep hips square
159900,RIGHT,172.5,174.5,171.9,172.7,170.4,179.5,2.8,177.5,167.3,0.697,UP,3,2,1,FORM ISSUE,Pelvis tilting - keep hips square
159933,RIGHT,173.1,175.6,172.4,173.8,171.0,179.0,2.6,177.0,165.9,0.698,UP,3,2,1,FORM ISSUE,Pelvis tilting - keep hips square
159966,RIGHT,169.6,174.9,171.6,174.5,170.8,179.0,1.8,176.8,164.8,0.698,UP,3,2,1,FORM ISSUE,Pelvis tilting - keep hips square
160000,RIGHT,169.5,174.8,171.4,174.7,170.4,178.8,1.8,176.9,163.5,0.699,UP,3,2,1,FORM ISSUE,Pelvis tilting - keep hips square
160033,RIGHT,170.2,173.9,171.0,174.7,170.8,178.8,1.6,174.9,162.8,0.699,UP,3,2,1,FORM ISSUE,Pelvis tilting - keep hips square
160066,RIGHT,170.4,173.7,170.6,174.6,170.9,179.1,1.7,171.5,161.6,0.697,UP,3,2,1,FORM ISSUE,Pelvis tilting - keep hips square
160100,RIGHT,170.6,174.2,170.1,174.3,170.8,178.5,1.6,171.2,160.9,0.694,UP,3,2,1,FORM ISSUE,Pelvis tilting - keep hips square
160133,RIGHT,170.9,173.9,170.3,174.1,170.1,179.5,2.0,170.1,159.6,0.691,UP,3,2,1,FORM ISSUE,Pelvis tilting - keep hips square
160166,RIGHT,172.9,172.8,171.0,173.7,170.4,178.5,2.7,168.4,157.6,0.689,UP,3,2,1,FORM ISSUE,Pelvis tilting - keep hips square
160200,RIGHT,171.9,172.4,171.3,173.4,170.3,177.4,3.0,168.8,157.6,0.69,UP,3,2,1,FORM ISSUE,Pelvis tilting - keep hips square
160233,RIGHT,173.2,172.6,171.9,173.2,171.2,177.6,2.9,165.4,156.8,0.694,UP,3,2,1,FORM ISSUE,Pelvis tilting - keep hips square
160266,RIGHT,172.5,172.1,172.3,172.8,170.8,177.0,2.9,165.8,157.0,0.701,UP,3,2,1,FORM ISSUE,Pelvis tilting - keep hips square
160300,RIGHT,171.8,171.7,172.4,172.3,170.9,177.1,2.9,165.7,156.8,0.706,UP,3,2,1,FORM ISSUE,Pelvis tilting - keep hips square
160333,RIGHT,170.7,172.0,172.0,172.2,169.5,177.2,3.3,165.6,156.5,0.712,UP,3,2,1,FORM ISSUE,Pelvis tilting - keep hips square
160366,RIGHT,168.5,169.6,171.3,171.6,166.0,174.0,4.9,165.5,156.4,0.713,UP,3,2,1,FORM ISSUE,Pelvis tilting - keep hips square
160400,RIGHT,167.6,167.3,170.2,170.5,166.7,174.7,4.7,165.3,157.6,0.712,UP,3,2,1,FORM ISSUE,Pelvis tilting - keep hips square
160433,RIGHT,168.9,167.4,169.5,169.6,167.3,174.5,4.5,165.9,157.4,0.71,UP,3,2,1,FORM ISSUE,Pelvis tilting - keep hips square
160466,RIGHT,170.9,169.3,169.3,169.1,168.8,175.9,4.1,165.4,156.7,0.707,UP,3,2,1,FORM ISSUE,Pelvis tilting - keep hips square
160500,RIGHT,173.4,168.3,169.8,168.4,168.7,174.0,5.0,166.3,155.8,0.705,UP,3,2,1,FORM ISSUE,Pelvis tilting - keep hips square
160533,RIGHT,172.6,168.9,170.7,168.2,168.4,174.9,4.6,166.8,155.7,0.707,UP,3,2,1,FORM ISSUE,Pelvis tilting - keep hips square
160566,RIGHT,173.0,170.6,171.8,168.9,169.3,176.8,4.0,168.7,156.4,0.713,UP,3,2,1,FORM ISSUE,Pelvis tilting - keep hips square
160600,RIGHT,172.5,171.2,172.5,169.7,169.6,177.7,3.4,170.2,158.0,0.723,UP,3,2,1,FORM ISSUE,Pelvis tilting - keep hips square
160633,RIGHT,171.3,170.8,172.6,170.0,167.2,177.5,3.6,170.8,157.9,0.734,UP,3,2,1,FORM ISSUE,Pelvis tilting - keep hips square
160666,RIGHT,166.4,173.1,171.2,170.9,165.1,178.7,3.2,171.9,157.8,0.745,UP,3,2,1,FORM ISSUE,Pelvis tilting - keep hips square
160700,RIGHT,164.2,171.8,169.5,171.5,164.4,177.6,3.2,173.7,158.9,0.757,UP,3,2,1,FORM ISSUE,Pelvis tilting - keep hips square
160733,RIGHT,160.4,173.6,166.9,172.1,162.7,178.5,3.0,174.7,159.8,0.766,UP,3,2,1,FORM ISSUE,Pelvis tilting - keep hips square
160766,RIGHT,160.9,172.8,164.6,172.4,162.8,177.9,3.0,175.7,159.4,0.775,UP,3,2,1,FORM ISSUE,Pelvis tilting - keep hips square
160800,RIGHT,160.5,172.4,162.5,172.7,162.9,178.0,2.8,178.2,159.2,0.786,UP,3,2,1,FORM ISSUE,Pelvis tilting - keep hips square
160833,RIGHT,160.7,172.3,161.3,172.6,163.1,178.2,2.6,178.2,159.5,0.797,UP,3,2,1,FORM ISSUE,Pelvis tilting - keep hips square
160866,RIGHT,160.4,172.2,160.6,172.7,163.4,178.1,2.6,178.4,158.9,0.807,UP,3,2,1,FORM ISSUE,Pelvis tilting - keep hips square
160900,RIGHT,162.0,171.2,160.9,172.2,165.9,178.4,2.1,179.1,159.1,0.817,UP,3,2,1,FORM ISSUE,Pelvis tilting - keep hips square
160933,RIGHT,163.0,166.0,161.3,170.8,166.7,176.3,1.8,179.5,159.1,0.823,UP,3,2,1,FORM ISSUE,Pelvis tilting - keep hips square
160966,RIGHT,164.6,164.2,162.2,169.2,168.0,176.2,1.4,179.9,160.7,0.826,UP,3,2,1,FORM ISSUE,Pelvis tilting - keep hips square
161000,RIGHT,166.4,164.7,163.3,167.7,169.8,177.4,1.1,179.1,162.0,0.828,UP,3,2,1,FORM ISSUE,Pelvis tilting - keep hips square
161033,RIGHT,167.2,157.5,164.6,164.7,169.2,173.7,0.4,178.4,161.4,0.825,UP,3,2,1,FORM ISSUE,Pelvis tilting - keep hips square
161066,RIGHT,166.5,153.7,165.5,161.2,170.3,171.7,0.5,178.5,164.0,0.82,UP,3,2,1,FORM ISSUE,Pelvis tilting - keep hips square
161100,RIGHT,163.5,148.6,165.6,157.7,168.4,168.6,0.3,178.5,165.7,0.816,UP,3,2,1,FORM ISSUE,Pelvis tilting - keep hips square
161133,RIGHT,163.2,148.8,165.4,154.7,167.5,166.0,0.6,179.2,166.6,0.811,UP,3,2,1,FORM ISSUE,Pelvis tilting - keep hips square
161166,RIGHT,162.8,147.8,164.6,151.3,168.1,167.5,1.6,177.6,167.5,0.804,UP,3,2,1,FORM ISSUE,Pelvis tilting - keep hips square
161200,RIGHT,161.8,144.5,163.6,148.7,169.8,169.7,3.4,176.2,167.5,0.8,UP,3,2,1,FORM ISSUE,Pelvis tilting - keep hips square
161233,LEFT,148.3,162.7,159.9,150.5,171.8,172.0,5.1,176.0,167.8,0.794,UP,3,2,1,FORM ISSUE,Pelvis tilting - keep hips square
161266,LEFT,149.7,161.9,157.2,153.2,171.5,172.6,5.9,171.1,168.6,0.789,UP,3,2,1,FORM ISSUE,Pelvis tilting - keep hips square
161300,LEFT,152.5,161.6,155.0,155.7,173.4,173.4,6.5,167.5,169.7,0.783,UP,3,2,1,FORM ISSUE,Pelvis tilting - keep hips square
161333,LEFT,147.9,160.2,152.0,158.2,174.8,173.2,7.4,161.7,168.0,0.778,UP,3,2,1,FORM ISSUE,Pelvis tilting - keep hips square
161366,LEFT,149.2,159.6,149.5,161.2,173.8,174.9,7.8,156.1,163.3,0.771,DOWN,3,2,1,FORM ISSUE,Pelvis tilting - keep hips square
161400,RIGHT,155.7,160.4,151.0,160.7,177.6,175.5,9.3,159.1,163.5,0.768,DOWN,3,2,1,FORM ISSUE,Pelvis tilting - keep hips square
161433,RIGHT,155.8,160.1,152.2,160.4,180.0,174.0,10.3,162.9,163.8,0.766,DOWN,3,2,1,FORM ISSUE,Pelvis tilting - keep hips square
161466,RIGHT,153.0,165.0,152.3,161.0,178.6,176.0,11.0,173.0,165.8,0.766,DOWN,3,2,1,FORM ISSUE,Pelvis tilting - keep hips square
161500,RIGHT,152.7,165.9,153.3,162.2,177.4,175.8,11.6,173.1,165.0,0.765,DOWN,3,2,1,FORM ISSUE,Pelvis tilting - keep hips square
161533,RIGHT,154.2,166.6,154.3,163.6,176.8,176.0,12.0,168.6,164.7,0.763,DOWN,3,2,1,FORM ISSUE,Pelvis tilting - keep hips square
161566,RIGHT,155.7,165.3,154.3,164.6,176.6,175.9,11.9,169.3,164.6,0.757,DOWN,3,2,1,FORM ISSUE,Pelvis tilting - keep hips square
161600,RIGHT,162.2,160.2,155.5,164.6,178.6,176.2,12.1,174.9,163.2,0.745,DOWN,3,2,1,FORM ISSUE,Pelvis tilting - keep hips square
161633,RIGHT,157.5,161.9,156.5,164.0,178.7,173.1,12.0,178.4,165.3,0.729,DOWN,3,2,1,FORM ISSUE,Pelvis tilting - keep hips square
161666,RIGHT,160.2,153.3,157.9,161.5,173.3,165.6,9.9,179.7,166.7,0.712,DOWN,3,2,1,FORM ISSUE,Pelvis tilting - keep hips square
161700,LEFT,141.7,147.9,155.4,157.7,158.9,163.6,7.8,177.7,168.2,0.696,DOWN,3,2,1,FORM ISSUE,Pelvis tilting - keep hips square
161733,RIGHT,159.9,143.3,156.3,153.3,161.7,156.5,7.0,179.3,171.4,0.681,DOWN,3,2,1,FORM ISSUE,Pelvis tilting - keep hips square
161766,RIGHT,155.4,145.0,154.9,150.3,165.5,152.6,5.3,177.5,177.0,0.671,DOWN,3,2,1,FORM ISSUE,Pelvis tilting - keep hips square
161800,RIGHT,144.4,137.8,152.3,145.4,162.6,147.2,4.9,178.2,179.4,0.665,DOWN,3,2,1,FORM ISSUE,Pelvis tilting - keep hips square
161833,LEFT,133.2,138.4,146.9,142.5,142.1,160.1,3.5,178.1,179.5,0.662,DOWN,3,2,1,FORM ISSUE,Pelvis tilting - keep hips square
161866,LEFT,130.9,128.1,144.8,138.5,140.1,157.0,3.0,179.1,178.1,0.661,DOWN,3,2,1,FORM ISSUE,Pelvis tilting - keep hips square
161900,LEFT,128.5,125.7,138.5,135.0,138.7,157.2,3.0,177.5,178.3,0.662,DOWN,3,2,1,FORM ISSUE,Pelvis tilting - keep hips square
161933,LEFT,128.9,127.6,133.2,131.5,136.6,156.2,2.3,174.6,179.2,0.663,DOWN,3,2,1,FORM ISSUE,Pelvis tilting - keep hips square
161966,LEFT,129.8,117.0,130.3,127.4,136.2,158.6,1.7,173.9,179.2,0.664,DOWN,3,2,1,FORM ISSUE,Pelvis tilting - keep hips square
162000,LEFT,128.8,120.4,129.4,123.8,137.7,159.9,2.2,174.0,179.7,0.661,DOWN,3,2,1,FORM ISSUE,Pelvis tilting - keep hips square
162033,LEFT,129.4,115.1,129.1,121.2,137.9,159.5,1.3,175.1,178.3,0.66,DOWN,3,2,1,FORM ISSUE,Pelvis tilting - keep hips square
162066,LEFT,127.7,118.1,128.9,119.6,136.5,154.1,1.7,176.3,177.0,0.657,DOWN,3,2,1,FORM ISSUE,Pelvis tilting - keep hips square
162100,LEFT,128.0,119.8,128.7,118.1,137.8,151.8,1.4,171.5,178.7,0.65,DOWN,3,2,1,FORM ISSUE,Pelvis tilting - keep hips square
162133,LEFT,127.8,117.0,128.3,118.1,137.9,154.5,1.8,173.5,178.3,0.643,DOWN,3,2,1,FORM ISSUE,Pelvis tilting - keep hips square
162166,LEFT,127.7,133.2,128.1,120.6,139.9,155.3,2.5,172.0,179.3,0.637,DOWN,3,2,1,FORM ISSUE,Pelvis tilting - keep hips square
162200,LEFT,125.2,133.7,127.3,124.4,138.4,151.8,2.6,166.0,178.7,0.63,DOWN,3,2,1,FORM ISSUE,Pelvis tilting - keep hips square
162233,LEFT,121.4,129.4,126.0,126.6,135.6,151.3,3.8,164.9,179.1,0.621,DOWN,3,2,1,FORM ISSUE,Pelvis tilting - keep hips square
162266,LEFT,121.8,129.5,124.8,128.6,136.5,152.3,4.2,166.9,179.5,0.618,DOWN,3,2,1,FORM ISSUE,Pelvis tilting - keep hips square
162300,LEFT,119.9,138.8,123.2,132.9,141.8,150.7,4.0,170.5,177.6,0.62,DOWN,3,2,1,FORM ISSUE,Pelvis tilting - keep hips square
162333,LEFT,129.9,149.8,123.6,136.2,150.3,154.1,4.5,171.1,178.1,0.628,DOWN,3,2,1,FORM ISSUE,Pelvis tilting - keep hips square
162366,LEFT,157.4,152.9,130.1,140.1,178.3,157.5,4.1,176.9,178.1,0.639,DOWN,3,2,1,FORM ISSUE,Pelvis tilting - keep hips square
162400,LEFT,107.4,141.4,127.3,142.5,145.8,148.5,4.8,173.0,178.6,0.653,DOWN,3,2,1,FORM ISSUE,Pelvis tilting - keep hips square
162433,LEFT,106.1,132.1,124.1,143.0,141.5,142.7,5.0,174.3,178.7,0.667,DOWN,3,2,1,FORM ISSUE,Pelvis tilting - keep hips square
162466,LEFT,99.2,127.7,120.0,140.8,136.1,138.8,5.4,171.7,179.7,0.674,DOWN,3,2,1,FORM ISSUE,Pelvis tilting - keep hips square
162500,LEFT,92.7,129.0,112.5,136.6,129.2,138.7,6.0,169.2,177.4,0.677,DOWN,3,2,1,FORM ISSUE,Pelvis tilting - keep hips square
162533,LEFT,118.8,136.3,104.8,133.3,143.1,147.3,6.5,170.2,177.2,0.673,DOWN,3,2,1,FORM ISSUE,Pelvis tilting - keep hips square
162566,RIGHT,99.5,108.9,103.2,126.8,143.9,128.0,6.3,170.9,175.2,0.666,DOWN,3,2,1,FORM ISSUE,Pelvis tilting - keep hips square
162600,LEFT,121.5,105.9,106.3,121.6,134.1,126.2,6.8,169.4,174.7,0.657,DOWN,3,2,1,FORM ISSUE,Pelvis tilting - keep hips square
162633,LEFT,100.7,93.3,106.6,114.7,120.2,116.6,6.8,169.9,177.5,0.645,DOWN,3,2,1,FORM ISSUE,Pelvis tilting - keep hips square
162666,RIGHT,90.3,100.5,106.2,109.0,116.0,120.8,6.9,172.5,176.4,0.634,DOWN,3,2,1,FORM ISSUE,Pelvis tilting - keep hips square
162700,RIGHT,89.6,121.7,100.3,106.1,110.8,128.3,7.0,172.5,175.9,0.622,DOWN,3,2,1,FORM ISSUE,Pelvis tilting - keep hips square
162733,RIGHT,79.0,58.6,96.2,96.0,115.6,61.7,6.9,173.0,174.6,0.612,DOWN,3,2,1,FORM ISSUE,Pelvis tilting - keep hips square
162766,RIGHT,81.3,77.5,88.2,90.3,115.9,90.4,7.1,173.1,173.8,0.604,DOWN,3,2,1,FORM ISSUE,Pelvis tilting - keep hips square
162800,RIGHT,71.4,74.3,82.3,86.5,104.0,81.7,7.2,172.4,173.3,0.599,DOWN,3,2,1,FORM ISSUE,Pelvis tilting - keep hips square
162833,LEFT,77.9,74.2,79.8,81.3,89.9,99.8,7.9,169.5,172.4,0.597,DOWN,3,2,1,FORM ISSUE,Pelvis tilting - keep hips square
162866,LEFT,145.0,79.4,90.9,72.8,158.8,93.8,7.9,167.2,171.9,0.601,BOTTOM,3,2,1,FORM ISSUE,Pelvis tilting - keep hips square
162900,LEFT,170.6,83.9,109.3,77.9,163.2,97.0,7.7,166.6,171.4,0.609,BOTTOM,3,2,1,FORM ISSUE,Pelvis tilting - keep hips square
162933,LEFT,167.5,84.8,126.5,79.3,178.2,96.3,7.7,166.1,171.5,0.617,BOTTOM,3,2,1,FORM ISSUE,Pelvis tilting - keep hips square
162966,LEFT,158.6,79.2,143.9,80.3,175.4,90.7,7.1,167.4,171.0,0.621,BOTTOM,3,2,1,FORM ISSUE,Pelvis tilting - keep hips square
163000,LEFT,173.8,77.3,163.1,80.9,166.4,92.1,6.8,169.5,172.2,0.616,BOTTOM,3,2,1,FORM ISSUE,Pelvis tilting - keep hips square
163033,LEFT,172.3,77.2,168.6,80.5,162.4,88.9,6.1,171.4,175.0,0.605,DOWN,3,2,1,FORM ISSUE,Pelvis tilting - keep hips square
163066,LEFT,155.3,112.3,165.5,86.2,151.9,124.0,6.0,172.0,174.8,0.584,DOWN,3,2,1,FORM ISSUE,Pelvis tilting - keep hips square
163100,LEFT,155.1,114.1,163.0,92.0,151.1,121.9,5.5,173.6,175.6,0.56,DOWN,3,2,1,FORM ISSUE,Pelvis tilting - keep hips square
163133,LEFT,139.1,104.6,159.1,97.1,140.7,108.7,5.2,172.0,177.6,0.536,DOWN,3,2,1,FORM ISSUE,Pelvis tilting - keep hips square
163166,LEFT,148.1,165.7,154.0,114.8,145.7,165.9,4.9,172.7,178.1,0.514,DOWN,3,2,1,FORM ISSUE,Pelvis tilting - keep hips square
163200,,,,,,,,,,,0.492,DOWN,3,2,1,LOW CONFIDENCE,Adjust camera view
163233,,,,,,,,,,,0.47,DOWN,3,2,1,LOW CONFIDENCE,Adjust camera view
163266,,,,,,,,,,,0.448,DOWN,3,2,1,LOW CONFIDENCE,Adjust camera view
163300,,,,,,,,,,,0.424,DOWN,3,2,1,LOW CONFIDENCE,Adjust camera view
163333,,,,,,,,,,,0.403,DOWN,3,2,1,LOW CONFIDENCE,Adjust camera view
163366,,,,,,,,,,,0.383,DOWN,3,2,1,LOW CONFIDENCE,Adjust camera view
163400,,,,,,,,,,,0.365,DOWN,3,2,1,LOW CONFIDENCE,Adjust camera view
163433,,,,,,,,,,,0.348,DOWN,3,2,1,LOW CONFIDENCE,Adjust camera view
163466,,,,,,,,,,,0.337,DOWN,3,2,1,LOW CONFIDENCE,Adjust camera view
163500,,,,,,,,,,,0.33,DOWN,3,2,1,LOW CONFIDENCE,Adjust camera view
163533,,,,,,,,,,,0.324,DOWN,3,2,1,LOW CONFIDENCE,Adjust camera view
163566,,,,,,,,,,,0.326,DOWN,3,2,1,LOW CONFIDENCE,Adjust camera view
163600,,,,,,,,,,,0.331,DOWN,3,2,1,LOW CONFIDENCE,Adjust camera view
163633,,,,,,,,,,,0.341,DOWN,3,2,1,LOW CONFIDENCE,Adjust camera view
163666,,,,,,,,,,,0.349,DOWN,3,2,1,LOW CONFIDENCE,Adjust camera view
163700,,,,,,,,,,,0.358,DOWN,3,2,1,LOW CONFIDENCE,Adjust camera view
163733,,,,,,,,,,,0.361,DOWN,3,2,1,LOW CONFIDENCE,Adjust camera view
163766,,,,,,,,,,,0.364,DOWN,3,2,1,LOW CONFIDENCE,Adjust camera view
163800,,,,,,,,,,,0.361,DOWN,3,2,1,LOW CONFIDENCE,Adjust camera view
163833,,,,,,,,,,,0.357,DOWN,3,2,1,LOW CONFIDENCE,Adjust camera view
163866,,,,,,,,,,,0.349,DOWN,3,2,1,LOW CONFIDENCE,Adjust camera view
163900,,,,,,,,,,,0.342,DOWN,3,2,1,LOW CONFIDENCE,Adjust camera view
163933,,,,,,,,,,,0.343,DOWN,3,2,1,LOW CONFIDENCE,Adjust camera view
163966,,,,,,,,,,,0.352,DOWN,3,2,1,LOW CONFIDENCE,Adjust camera view
164000,,,,,,,,,,,0.363,DOWN,3,2,1,LOW CONFIDENCE,Adjust camera view
164033,,,,,,,,,,,0.381,DOWN,3,2,1,LOW CONFIDENCE,Adjust camera view
164066,,,,,,,,,,,0.4,DOWN,3,2,1,LOW CONFIDENCE,Adjust camera view
164100,,,,,,,,,,,0.414,DOWN,3,2,1,LOW CONFIDENCE,Adjust camera view
164133,,,,,,,,,,,0.433,DOWN,3,2,1,LOW CONFIDENCE,Adjust camera view
164166,,,,,,,,,,,0.457,DOWN,3,2,1,LOW CONFIDENCE,Adjust camera view
164200,,,,,,,,,,,0.482,DOWN,3,2,1,LOW CONFIDENCE,Adjust camera view
164233,LEFT,131.8,136.8,145.9,126.7,139.8,175.7,1.2,175.1,178.7,0.508,DOWN,3,2,1,FORM ISSUE,Pelvis tilting - keep hips square
164266,LEFT,137.9,150.2,142.4,134.3,145.9,179.0,1.2,171.9,175.9,0.532,DOWN,3,2,1,FORM ISSUE,Pelvis tilting - keep hips square
164300,LEFT,146.7,154.0,140.7,142.3,151.4,179.7,1.2,170.3,174.9,0.55,DOWN,3,2,1,FORM ISSUE,Pelvis tilting - keep hips square
164333,LEFT,147.8,153.4,142.5,152.0,154.4,178.3,1.2,170.3,173.7,0.564,DOWN,3,2,1,FORM ISSUE,Pelvis tilting - keep hips square
164366,LEFT,149.5,156.3,142.7,150.2,155.6,176.8,2.0,171.4,170.2,0.579,DOWN,3,2,1,FORM ISSUE,Pelvis tilting - keep hips square
164400,LEFT,153.3,160.3,147.0,154.9,157.0,176.4,2.6,167.1,169.7,0.595,DOWN,3,2,1,FORM ISSUE,Pelvis tilting - keep hips square
164433,LEFT,154.5,162.4,150.4,157.3,157.6,176.1,3.0,168.2,167.1,0.611,DOWN,3,2,1,FORM ISSUE,Pelvis tilting - keep hips square
164466,LEFT,155.4,159.6,152.1,158.4,157.3,175.2,3.2,167.6,166.5,0.626,DOWN,3,2,1,FORM ISSUE,Pelvis tilting - keep hips square
164500,LEFT,154.5,165.7,153.5,160.9,154.6,176.2,4.3,174.2,167.4,0.64,DOWN,3,2,1,FORM ISSUE,Pelvis tilting - keep hips square
164533,LEFT,155.7,167.0,154.7,163.0,156.2,177.1,4.4,166.1,164.8,0.652,DOWN,3,2,1,FORM ISSUE,Pelvis tilting - keep hips square
164566,LEFT,159.4,168.3,155.9,164.6,158.2,176.2,4.8,164.6,162.8,0.661,DOWN,3,2,1,FORM ISSUE,Pelvis tilting - keep hips square
164600,LEFT,159.3,170.0,156.9,166.1,158.0,175.9,5.0,168.3,163.1,0.668,DOWN,3,2,1,FORM ISSUE,Pelvis tilting - keep hips square
164633,LEFT,158.9,166.9,157.6,167.6,157.3,173.9,5.6,164.9,163.0,0.672,DOWN,3,2,1,FORM ISSUE,Pelvis tilting - keep hips square
164666,LEFT,160.1,166.5,158.7,167.7,156.8,174.2,5.8,163.6,162.2,0.674,DOWN,3,2,1,FORM ISSUE,Pelvis tilting - keep hips square
164700,LEFT,160.0,165.3,159.5,167.4,156.9,173.7,5.8,162.5,162.3,0.676,DOWN,3,2,1,FORM ISSUE,Pelvis tilting - keep hips square
164733,LEFT,160.3,164.8,159.7,166.7,156.4,173.7,6.0,163.9,162.4,0.678,DOWN,3,2,1,FORM ISSUE,Pelvis tilting - keep hips square
164766,LEFT,160.2,164.5,159.9,165.6,155.6,173.6,6.2,165.1,162.0,0.68,DOWN,3,2,1,FORM ISSUE,Pelvis tilting - keep hips square
164800,LEFT,168.7,165.3,161.8,165.3,160.7,174.1,6.1,165.4,163.5,0.682,DOWN,3,2,1,FORM ISSUE,Pelvis tilting - keep hips square
164833,LEFT,166.3,164.0,163.1,164.8,156.7,173.7,6.4,173.6,163.4,0.684,DOWN,3,2,1,FORM ISSUE,Pelvis tilting - keep hips square
164866,LEFT,165.3,166.2,164.1,164.9,157.1,172.3,6.6,178.3,162.3,0.687,DOWN,3,2,1,FORM ISSUE,Pelvis tilting - keep hips square
164900,LEFT,163.4,164.7,164.8,164.9,155.2,171.7,6.9,173.6,163.0,0.688,DOWN,3,2,1,FORM ISSUE,Pelvis tilting - keep hips square
164933,LEFT,163.0,164.8,165.3,165.0,154.5,172.2,6.9,170.0,163.0,0.691,UP,4,3,1,FORM ISSUE,Pelvis tilting - keep hips square
164966,LEFT,162.4,164.7,164.1,164.9,154.6,172.0,7.0,169.1,164.0,0.693,UP,4,3,1,FORM ISSUE,Pelvis tilting - keep hips square
165000,LEFT,161.5,162.9,163.1,164.7,154.0,171.2,7.1,168.8,164.1,0.696,UP,4,3,1,FORM ISSUE,Pelvis tilting - keep hips square
165033,LEFT,160.9,161.2,162.2,163.7,153.5,170.8,7.1,168.9,163.0,0.699,UP,4,3,1,FORM ISSUE,Pelvis tilting - keep hips square
165066,LEFT,160.4,162.2,161.6,163.2,153.0,170.8,7.3,166.8,162.8,0.703,UP,4,3,1,FORM ISSUE,Pelvis tilting - keep hips square
165100,LEFT,159.2,162.4,160.9,162.7,151.9,170.2,7.6,167.0,162.2,0.707,UP,4,3,1,FORM ISSUE,Pelvis tilting - keep hips square
165133,LEFT,158.7,162.4,160.2,162.2,151.3,169.8,7.8,167.4,162.3,0.713,UP,4,3,1,FORM ISSUE,Pelvis tilting - keep hips square
165166,LEFT,159.0,162.8,159.6,162.2,151.2,169.5,7.9,169.1,162.6,0.718,UP,4,3,1,FORM ISSUE,Pelvis tilting - keep hips square
165200,LEFT,158.9,162.6,159.2,162.5,151.0,169.7,8.1,169.3,161.6,0.724,UP,4,3,1,FORM ISSUE,Pelvis tilting - keep hips square
165233,LEFT,159.7,163.3,159.1,162.7,151.2,169.5,8.3,168.7,161.0,0.731,UP,4,3,1,FORM ISSUE,Pelvis tilting - keep hips square
165266,LEFT,158.1,162.7,158.9,162.7,150.6,168.8,8.3,171.3,161.9,0.737,UP,4,3,1,FORM ISSUE,Pelvis tilting - keep hips square
165300,LEFT,158.2,161.2,158.8,162.5,150.2,168.4,8.3,170.6,161.8,0.742,DOWN,4,3,1,FORM ISSUE,Pelvis tilting - keep hips square
165333,LEFT,158.5,161.4,158.7,162.2,150.0,168.4,8.3,169.7,162.3,0.747,DOWN,4,3,1,FORM ISSUE,Pelvis tilting - keep hips square
165366,LEFT,158.1,167.6,158.5,163.2,150.0,170.5,8.5,173.0,162.7,0.752,DOWN,4,3,1,FORM ISSUE,Pelvis tilting - keep hips square
165400,LEFT,158.0,171.3,158.2,164.8,149.8,171.7,8.7,171.9,162.1,0.755,DOWN,4,3,1,FORM ISSUE,Pelvis tilting - keep hips square
165433,LEFT,157.5,167.7,158.0,165.9,150.0,169.7,8.6,172.7,162.0,0.758,DOWN,4,3,1,FORM ISSUE,Pelvis tilting - keep hips square
165466,LEFT,157.0,164.2,157.8,166.5,149.9,168.5,8.6,171.0,161.4,0.76,DOWN,4,3,1,FORM ISSUE,Pelvis tilting - keep hips square
165500,LEFT,156.6,164.5,157.4,167.1,149.6,168.4,8.7,171.8,160.7,0.763,DOWN,4,3,1,FORM ISSUE,Pelvis tilting - keep hips square
165533,LEFT,157.0,168.5,157.2,167.3,149.7,169.2,9.1,171.2,160.5,0.765,DOWN,4,3,1,FORM ISSUE,Pelvis tilting - keep hips square
165566,LEFT,157.2,170.5,157.1,167.1,150.1,170.0,9.2,170.3,160.0,0.767,DOWN,4,3,1,FORM ISSUE,Pelvis tilting - keep hips square
165600,LEFT,158.1,168.8,157.2,167.3,149.8,169.2,9.8,170.8,158.8,0.769,DOWN,4,3,1,FORM ISSUE,Pelvis tilting - keep hips square
165633,LEFT,158.9,169.3,157.6,168.3,150.1,169.3,10.1,166.8,158.3,0.771,DOWN,4,3,1,FORM ISSUE,Pelvis tilting - keep hips square
165666,LEFT,158.5,170.3,157.9,169.5,149.4,168.4,11.0,169.1,158.5,0.77,DOWN,4,3,1,FORM ISSUE,Pelvis tilting - keep hips square
165700,LEFT,158.4,167.9,158.2,169.4,148.9,166.0,12.0,169.5,158.7,0.767,DOWN,4,3,1,FORM ISSUE,Pelvis tilting - keep hips square
165733,LEFT,158.2,168.7,158.4,169.0,148.4,166.6,12.8,168.9,160.1,0.763,DOWN,4,3,1,FORM ISSUE,Pelvis tilting - keep hips square
165766,LEFT,159.5,172.6,158.7,169.8,148.4,168.8,13.1,169.1,160.0,0.757,DOWN,4,3,1,FORM ISSUE,Pelvis tilting - keep hips square
165800,LEFT,160.8,169.9,159.1,169.9,148.4,168.4,13.4,168.8,161.9,0.754,DOWN,4,3,1,FORM ISSUE,Pelvis tilting - keep hips square
165833,LEFT,161.1,171.3,159.6,170.1,148.2,169.6,13.8,167.2,163.5,0.754,DOWN,4,3,1,FORM ISSUE,Pelvis tilting - keep hips square
165866,LEFT,163.7,173.7,160.7,171.2,150.1,172.0,13.5,166.0,166.2,0.758,DOWN,4,3,1,FORM ISSUE,Pelvis tilting - keep hips square
165900,LEFT,159.4,173.7,160.9,172.2,148.1,170.7,13.8,164.5,165.8,0.765,DOWN,4,3,1,FORM ISSUE,Pelvis tilting - keep hips square
165933,LEFT,157.3,166.5,160.4,171.0,147.7,168.8,13.2,165.7,169.8,0.775,DOWN,4,3,1,FORM ISSUE,Pelvis tilting - keep hips square
165966,LEFT,157.5,163.1,159.8,169.7,148.7,169.0,12.5,165.9,173.5,0.784,DOWN,4,3,1,FORM ISSUE,Pelvis tilting - keep hips square
166000,LEFT,158.7,162.8,159.3,168.0,149.5,169.5,12.1,165.5,170.4,0.793,DOWN,4,3,1,FORM ISSUE,Pelvis tilting - keep hips square
166033,LEFT,158.1,162.2,158.2,165.7,149.1,169.9,11.8,165.0,169.5,0.799,DOWN,4,3,1,FORM ISSUE,Pelvis tilting - keep hips square
166066,LEFT,159.4,161.4,158.2,163.2,148.3,169.3,11.3,171.3,165.0,0.806,DOWN,4,3,1,FORM ISSUE,Pelvis tilting - keep hips square
166100,LEFT,162.6,147.7,159.3,159.4,150.6,162.5,10.9,173.4,163.8,0.811,DOWN,4,3,1,FORM ISSUE,Pelvis tilting - keep hips square
166133,LEFT,164.3,146.1,160.6,156.0,153.4,161.6,10.0,178.2,168.9,0.817,DOWN,4,3,1,FORM ISSUE,Pelvis tilting - keep hips square
166166,LEFT,166.0,146.4,162.1,152.7,158.1,165.0,8.0,179.6,173.7,0.823,DOWN,4,3,1,FORM ISSUE,Pelvis tilting - keep hips square
166200,LEFT,164.8,159.4,163.4,152.2,165.1,166.0,5.7,178.7,178.4,0.826,DOWN,4,3,1,FORM ISSUE,Pelvis tilting - keep hips square
166233,LEFT,167.8,164.3,165.1,152.8,168.5,167.9,4.4,178.1,180.0,0.829,DOWN,4,3,1,FORM ISSUE,Pelvis tilting - keep hips square
166266,LEFT,167.8,163.9,166.1,156.0,167.9,168.2,3.8,164.2,178.2,0.83,DOWN,4,3,1,FORM ISSUE,Pelvis tilting - keep hips square
166300,LEFT,169.4,163.1,167.2,159.4,168.6,169.2,3.2,176.4,177.8,0.831,DOWN,4,3,1,FORM ISSUE,Pelvis tilting - keep hips square
166333,LEFT,170.0,162.3,168.0,162.6,169.6,168.8,2.5,176.4,163.6,0.832,DOWN,4,3,1,FORM ISSUE,Pelvis tilting - keep hips square
166366,LEFT,169.6,164.7,168.9,163.6,167.8,170.3,2.0,164.4,156.8,0.836,DOWN,4,3,1,FORM ISSUE,Pelvis tilting - keep hips square
166400,LEFT,172.1,165.6,169.8,163.9,169.0,170.8,1.7,169.6,156.2,0.84,DOWN,4,3,1,FORM ISSUE,Pelvis tilting - keep hips square
166433,LEFT,170.4,164.1,170.3,163.9,167.8,169.7,1.9,156.5,153.4,0.845,DOWN,4,3,1,FORM ISSUE,Pelvis tilting - keep hips square
166466,LEFT,167.8,165.6,170.0,164.4,167.3,169.0,2.3,157.7,170.1,0.847,UP,4,3,1,FORM ISSUE,Pelvis tilting - keep hips square
166500,LEFT,167.4,165.9,169.5,165.2,169.2,168.5,2.9,168.9,178.0,0.849,UP,4,3,1,FORM ISSUE,Pelvis tilting - keep hips square
166533,LEFT,166.5,166.3,168.8,165.5,167.3,168.4,3.7,166.9,177.2,0.849,UP,4,3,1,FORM ISSUE,Pelvis tilting - keep hips square
166566,LEFT,163.5,166.4,167.1,165.7,169.5,167.5,3.9,176.9,179.3,0.848,UP,4,3,1,FORM ISSUE,Pelvis tilting - keep hips square
166600,LEFT,172.2,165.4,167.5,165.9,173.5,168.2,4.3,179.0,175.0,0.845,UP,4,3,1,FORM ISSUE,Pelvis tilting - keep hips square
166633,LEFT,177.6,169.4,169.4,166.7,176.6,169.7,4.6,167.6,174.9,0.836,UP,4,3,1,FORM ISSUE,Pelvis tilting - keep hips square
166666,RIGHT,167.0,174.9,169.4,168.5,169.3,177.2,4.0,166.7,170.8,0.822,UP,4,3,1,FORM ISSUE,Pelvis tilting - keep hips square
166700,RIGHT,169.8,171.8,170.0,169.6,170.5,177.2,3.8,167.7,168.0,0.808,UP,4,3,1,FORM ISSUE,Pelvis tilting - keep hips square
166733,RIGHT,174.6,168.8,172.2,170.1,172.6,176.3,4.1,169.6,169.8,0.796,UP,4,3,1,FORM ISSUE,Pelvis tilting - keep hips square
166766,RIGHT,175.8,172.3,173.0,171.4,176.2,178.8,3.3,174.0,173.1,0.785,UP,4,3,1,FORM ISSUE,Pelvis tilting - keep hips square
166800,RIGHT,175.3,174.1,172.5,172.4,175.2,178.2,3.3,175.1,178.2,0.783,UP,4,3,1,FORM ISSUE,Pelvis tilting - keep hips square
166833,RIGHT,174.4,175.1,174.0,172.4,173.1,177.6,3.3,179.0,175.8,0.786,UP,4,3,1,FORM ISSUE,Pelvis tilting - keep hips square
166866,RIGHT,175.1,178.1,175.0,173.7,172.7,176.2,3.6,169.4,174.9,0.79,UP,4,3,1,FORM ISSUE,Pelvis tilting - keep hips square
166900,RIGHT,173.6,178.2,174.8,175.5,172.1,176.5,3.7,170.4,166.5,0.792,UP,4,3,1,FORM ISSUE,Pelvis tilting - keep hips square
166933,RIGHT,172.6,177.1,174.2,176.5,171.7,179.2,4.7,163.6,173.6,0.797,UP,4,3,1,FORM ISSUE,Pelvis tilting - keep hips square
166966,RIGHT,171.6,178.9,173.4,177.5,171.1,175.5,4.0,166.6,167.9,0.801,UP,4,3,1,FORM ISSUE,Pelvis tilting - keep hips square
167000,RIGHT,174.0,177.6,173.4,178.0,174.1,177.0,3.2,168.1,166.1,0.801,UP,4,3,1,FORM ISSUE,Pelvis tilting - keep hips square
167033,RIGHT,179.6,177.6,174.3,177.9,173.9,179.3,1.4,12.3,2.6,0.792,UP,4,3,1,FORM ISSUE,Pelvis tilting - keep hips square
167066,RIGHT,178.9,179.6,175.3,178.2,177.9,174.6,1.1,167.6,163.0,0.782,UP,4,3,1,FORM ISSUE,Pelvis tilting - keep hips square
167100,RIGHT,179.3,178.8,176.7,178.5,179.0,174.1,0.7,158.3,141.5,0.772,UP,4,3,1,FORM ISSUE,Pelvis tilting - keep hips square
167133,RIGHT,177.0,177.9,177.8,178.3,169.7,168.1,1.7,167.6,163.9,0.762,UP,4,3,1,FORM ISSUE,Pelvis tilting - keep hips square
167166,RIGHT,179.7,171.8,178.9,177.1,178.9,174.7,4.1,166.5,48.1,0.752,UP,4,3,1,FORM ISSUE,Pelvis tilting - keep hips square
167200,RIGHT,178.5,176.0,178.7,176.8,175.1,166.9,0.9,178.0,167.7,0.748,UP,4,3,1,FORM ISSUE,Pelvis tilting - keep hips square
167233,LEFT,175.4,176.5,178.0,176.2,169.5,174.7,0.2,174.9,173.7,0.746,UP,4,3,1,FORM ISSUE,Pelvis tilting - keep hips square
167266,LEFT,178.8,175.5,177.9,175.5,172.7,174.3,0.1,173.4,172.8,0.74,UP,4,3,1,FORM ISSUE,Pelvis tilting - keep hips square
167300,LEFT,176.9,174.0,177.9,174.8,171.9,174.1,0.1,169.7,176.9,0.733,UP,4,3,1,FORM ISSUE,Pelvis tilting - keep hips square
167333,LEFT,178.5,176.1,177.6,175.6,170.1,173.2,0.1,174.4,164.8,0.728,UP,4,3,1,FORM ISSUE,Pelvis tilting - keep hips square
167366,LEFT,178.2,175.9,177.6,175.6,171.6,170.9,0.1,167.6,169.9,0.724,UP,4,3,1,FORM ISSUE,Pelvis tilting - keep hips square
167400,LEFT,174.5,179.0,177.4,176.1,168.7,170.5,1.4,171.7,179.6,0.721,UP,4,3,1,FORM ISSUE,Pelvis tilting - keep hips square
167433,LEFT,178.4,178.9,177.3,176.8,169.5,172.4,2.1,172.5,178.1,0.719,UP,4,3,1,FORM ISSUE,Pelvis tilting - keep hips square
167466,LEFT,175.5,179.9,177.0,177.9,163.0,171.2,3.9,171.8,162.9,0.718,UP,4,3,1,FORM ISSUE,Pelvis tilting - keep hips square
167500,LEFT,173.4,179.1,176.0,178.6,162.9,171.3,3.8,173.3,164.8,0.717,UP,4,3,1,FORM ISSUE,Pelvis tilting - keep hips square
167533,LEFT,174.0,179.1,175.2,179.2,164.2,169.9,3.5,174.1,165.8,0.719,UP,4,3,1,FORM ISSUE,Pelvis tilting - keep hips square
167566,LEFT,175.1,179.8,175.3,179.4,167.4,169.7,2.8,174.8,168.5,0.72,UP,4,3,1,FORM ISSUE,Pelvis tilting - keep hips square
167600,RIGHT,173.5,177.3,174.3,179.0,173.5,168.2,2.3,15.7,1.0,0.719,UP,4,3,1,FORM ISSUE,Pelvis tilting - keep hips square
167633,RIGHT,170.4,179.9,173.3,179.0,165.6,170.8,3.8,11.7,2.1,0.717,UP,4,3,1,GOOD,Good Form
167666,RIGHT,171.3,179.0,172.8,179.0,162.9,171.9,4.7,12.2,3.8,0.715,UP,4,3,1,FORM ISSUE,Pelvis tilting - keep hips square
167700,RIGHT,176.5,180.0,173.3,179.2,166.7,173.4,4.4,10.9,4.0,0.71,UP,4,3,1,GOOD,Good Form
167733,RIGHT,176.6,177.1,173.6,178.6,167.1,174.6,4.8,10.7,4.9,0.702,UP,4,3,1,GOOD,Good Form
167766,RIGHT,179.4,175.7,174.8,178.3,169.4,177.0,4.2,5.3,5.9,0.695,UP,4,3,1,GOOD,Good Form
167800,RIGHT,179.7,174.4,176.7,177.2,169.9,176.0,4.0,3.4,5.7,0.688,UP,4,3,1,GOOD,Good Form
167833,RIGHT,179.6,172.9,178.3,176.0,169.8,176.2,4.0,3.3,6.4,0.681,UP,4,3,1,GOOD,Good Form
167866,RIGHT,175.5,171.6,178.1,174.3,169.0,175.5,3.6,6.8,6.6,0.672,UP,4,3,1,GOOD,Good Form
167900,RIGHT,175.5,171.5,177.9,173.2,167.9,174.8,3.1,5.1,6.5,0.664,UP,4,3,1,GOOD,Good Form
167933,RIGHT,175.3,171.3,177.1,172.3,167.9,173.8,3.2,6.2,6.5,0.656,UP,4,3,1,GOOD,Good Form
167966,RIGHT,173.9,172.3,176.0,171.9,169.8,173.1,2.5,8.1,6.6,0.647,UP,4,3,1,GOOD,Good Form
168000,RIGHT,172.3,173.9,174.5,172.1,169.5,173.9,2.2,5.1,5.5,0.638,UP,4,3,1,GOOD,Good Form
168033,RIGHT,173.6,176.7,174.1,173.1,174.0,174.5,0.6,8.2,4.7,0.629,UP,4,3,1,GOOD,Good Form
168066,RIGHT,172.4,177.4,173.5,174.3,178.2,179.0,0.7,16.9,61.2,0.625,UP,4,3,1,FORM ISSUE,Pelvis tilting - keep hips square
168100,RIGHT,165.2,178.7,171.5,175.8,173.3,177.2,2.0,12.1,10.0,0.626,UP,4,3,1,FORM ISSUE,Pelvis tilting - keep hips square
168133,RIGHT,166.4,176.9,170.0,176.7,166.8,175.3,2.8,16.8,3.8,0.63,UP,4,3,1,FORM ISSUE,Pelvis tilting - keep hips square
168166,RIGHT,165.4,179.1,168.6,177.8,162.3,179.2,1.4,10.9,2.0,0.635,UP,4,3,1,GOOD,Good Form
168200,RIGHT,170.1,177.5,167.9,177.9,168.5,175.3,0.6,13.4,4.7,0.64,UP,4,3,1,FORM ISSUE,Pelvis tilting - keep hips square
168233,LEFT,163.3,173.7,166.1,177.2,161.6,179.5,1.7,169.5,177.4,0.644,UP,4,3,1,FORM ISSUE,Pelvis tilting - keep hips square
168266,LEFT,173.6,175.9,167.8,176.6,158.6,179.0,1.0,167.9,171.7,0.648,UP,4,3,1,FORM ISSUE,Pelvis tilting - keep hips square
168300,LEFT,177.3,175.7,169.9,176.4,164.6,177.2,2.7,165.9,172.6,0.652,UP,4,3,1,FORM ISSUE,Pelvis tilting - keep hips square
168333,LEFT,174.8,179.4,171.8,176.4,157.5,175.2,2.2,165.9,170.4,0.662,UP,4,3,1,FORM ISSUE,Pelvis tilting - keep hips square
168366,LEFT,178.4,178.3,173.5,176.6,161.4,172.8,2.9,169.6,169.1,0.678,UP,4,3,1,FORM ISSUE,Pelvis tilting - keep hips square
168400,RIGHT,176.0,170.9,176.0,176.0,169.9,177.1,6.1,2.1,7.7,0.689,UP,4,3,1,GOOD,Good Form
168433,RIGHT,170.7,171.1,175.4,175.1,165.2,174.3,10.2,150.5,164.7,0.699,UP,4,3,1,FORM ISSUE,Pelvis tilting - keep hips square
168466,RIGHT,170.8,175.7,174.2,175.1,167.2,169.2,8.8,153.9,166.1,0.709,UP,4,3,1,FORM ISSUE,Pelvis tilting - keep hips square
168500,LEFT,176.0,174.3,174.4,174.0,165.7,177.5,9.9,19.2,16.9,0.712,UP,4,3,1,FORM ISSUE,Pelvis tilting - keep hips square
168533,LEFT,171.6,179.3,173.0,174.2,172.8,178.5,8.2,24.5,27.9,0.711,UP,4,3,1,FORM ISSUE,Pelvis tilting - keep hips square
168566,RIGHT,171.8,173.2,172.2,174.7,165.0,178.6,11.3,163.9,161.6,0.708,UP,4,3,1,FORM ISSUE,Pelvis tilting - keep hips square
168600,RIGHT,178.4,179.2,173.7,176.3,164.0,177.2,11.1,164.7,162.4,0.696,UP,4,3,1,FORM ISSUE,Pelvis tilting - keep hips square
168633,RIGHT,177.9,176.2,175.1,176.4,169.8,170.5,12.6,70.2,45.5,0.679,UP,4,3,1,FORM ISSUE,Pelvis tilting - keep hips square
168666,RIGHT,179.9,168.8,175.9,175.4,164.6,178.4,12.6,158.7,165.6,0.654,UP,4,3,1,FORM ISSUE,Pelvis tilting - keep hips square
168700,RIGHT,179.0,165.8,177.4,172.7,165.6,175.5,12.2,154.6,166.3,0.622,UP,4,3,1,FORM ISSUE,Pelvis tilting - keep hips square
168733,RIGHT,179.3,164.8,178.9,171.0,167.6,171.8,10.2,171.5,169.8,0.584,UP,4,3,1,FORM ISSUE,Pelvis tilting - keep hips square
168766,RIGHT,177.9,168.4,178.8,168.8,167.4,172.6,10.3,167.2,167.6,0.545,UP,4,3,1,FORM ISSUE,Pelvis tilting - keep hips square
168800,RIGHT,178.6,178.4,178.9,169.2,166.8,176.3,9.3,173.5,170.9,0.501,UP,4,3,1,FORM ISSUE,Pelvis tilting - keep hips square
168833,,,,,,,,,,,0.458,UP,4,3,1,LOW CONFIDENCE,Adjust camera view
168866,,,,,,,,,,,0.416,UP,4,3,1,LOW CONFIDENCE,Adjust camera view
168900,,,,,,,,,,,0.378,UP,4,3,1,LOW CONFIDENCE,Adjust camera view
168933,,,,,,,,,,,0.343,UP,4,3,1,LOW CONFIDENCE,Adjust camera view
168966,,,,,,,,,,,0.312,UP,4,3,1,LOW CONFIDENCE,Adjust camera view
169000,,,,,,,,,,,0.284,UP,4,3,1,LOW CONFIDENCE,Adjust camera view
169033,,,,,,,,,,,0.259,UP,4,3,1,LOW CONFIDENCE,Adjust camera view
169066,,,,,,,,,,,0.236,UP,4,3,1,LOW CONFIDENCE,Adjust camera view
169100,,,,,,,,,,,0.216,UP,4,3,1,LOW CONFIDENCE,Adjust camera view
169133,,,,,,,,,,,0.198,UP,4,3,1,LOW CONFIDENCE,Adjust camera view
169166,,,,,,,,,,,0.182,UP,4,3,1,LOW CONFIDENCE,Adjust camera view
169200,,,,,,,,,,,0.168,UP,4,3,1,LOW CONFIDENCE,Adjust camera view
169233,,,,,,,,,,,0.155,UP,4,3,1,LOW CONFIDENCE,Adjust camera view
169266,,,,,,,,,,,0.144,UP,4,3,1,LOW CONFIDENCE,Adjust camera view
169300,,,,,,,,,,,0.133,UP,4,3,1,LOW CONFIDENCE,Adjust camera view
169333,,,,,,,,,,,0.123,UP,4,3,1,LOW CONFIDENCE,Adjust camera view
169366,,,,,,,,,,,0.114,UP,4,3,1,LOW CONFIDENCE,Adjust camera view
169400,,,,,,,,,,,0.105,UP,4,3,1,LOW CONFIDENCE,Adjust camera view
169433,,,,,,,,,,,0.098,UP,4,3,1,LOW CONFIDENCE,Adjust camera view
169466,,,,,,,,,,,0.091,UP,4,3,1,LOW CONFIDENCE,Adjust camera view
169500,,,,,,,,,,,0.085,UP,4,3,1,LOW CONFIDENCE,Adjust camera view
169533,,,,,,,,,,,0.08,UP,4,3,1,LOW CONFIDENCE,Adjust camera view
169566,,,,,,,,,,,0.076,UP,4,3,1,LOW CONFIDENCE,Adjust camera view
169600,,,,,,,,,,,0.072,UP,4,3,1,LOW CONFIDENCE,Adjust camera view
169633,,,,,,,,,,,0.068,UP,4,3,1,LOW CONFIDENCE,Adjust camera view
169666,,,,,,,,,,,0.065,UP,4,3,1,LOW CONFIDENCE,Adjust camera view
169700,,,,,,,,,,,0.062,UP,4,3,1,LOW CONFIDENCE,Adjust camera view
169733,,,,,,,,,,,0.059,UP,4,3,1,LOW CONFIDENCE,Adjust camera view
169766,,,,,,,,,,,0.056,UP,4,3,1,LOW CONFIDENCE,Adjust camera view
169800,,,,,,,,,,,0.053,UP,4,3,1,LOW CONFIDENCE,Adjust camera view
169833,,,,,,,,,,,0.049,UP,4,3,1,LOW CONFIDENCE,Adjust camera view
169866,,,,,,,,,,,0.046,UP,4,3,1,LOW CONFIDENCE,Adjust camera view
169900,,,,,,,,,,,0.043,UP,4,3,1,LOW CONFIDENCE,Adjust camera view
169933,,,,,,,,,,,0.04,UP,4,3,1,LOW CONFIDENCE,Adjust camera view
169966,,,,,,,,,,,0.038,UP,4,3,1,LOW CONFIDENCE,Adjust camera view
170000,,,,,,,,,,,0.037,UP,4,3,1,LOW CONFIDENCE,Adjust camera view
170033,,,,,,,,,,,0.036,UP,4,3,1,LOW CONFIDENCE,Adjust camera view
170066,,,,,,,,,,,0.035,UP,4,3,1,LOW CONFIDENCE,Adjust camera view
170100,,,,,,,,,,,0.034,UP,4,3,1,LOW CONFIDENCE,Adjust camera view
170133,,,,,,,,,,,0.034,UP,4,3,1,LOW CONFIDENCE,Adjust camera view
170166,,,,,,,,,,,0.034,UP,4,3,1,LOW CONFIDENCE,Adjust camera view
170200,,,,,,,,,,,0.035,UP,4,3,1,LOW CONFIDENCE,Adjust camera view
170233,,,,,,,,,,,0.036,UP,4,3,1,LOW CONFIDENCE,Adjust camera view
170266,,,,,,,,,,,0.037,UP,4,3,1,LOW CONFIDENCE,Adjust camera view
170300,,,,,,,,,,,0.038,UP,4,3,1,LOW CONFIDENCE,Adjust camera view
170333,,,,,,,,,,,0.04,UP,4,3,1,LOW CONFIDENCE,Adjust camera view
170366,,,,,,,,,,,0.042,UP,4,3,1,LOW CONFIDENCE,Adjust camera view
170400,,,,,,,,,,,0.044,UP,4,3,1,LOW CONFIDENCE,Adjust camera view
170433,,,,,,,,,,,0.047,UP,4,3,1,LOW CONFIDENCE,Adjust camera view
170466,,,,,,,,,,,0.05,UP,4,3,1,LOW CONFIDENCE,Adjust camera view
170500,,,,,,,,,,,0.053,UP,4,3,1,LOW CONFIDENCE,Adjust camera view
170533,,,,,,,,,,,0.056,UP,4,3,1,LOW CONFIDENCE,Adjust camera view
170566,,,,,,,,,,,0.059,UP,4,3,1,LOW CONFIDENCE,Adjust camera view
170600,,,,,,,,,,,0.06,UP,4,3,1,LOW CONFIDENCE,Adjust camera view
170633,,,,,,,,,,,0.061,UP,4,3,1,LOW CONFIDENCE,Adjust camera view
170666,,,,,,,,,,,0.062,UP,4,3,1,LOW CONFIDENCE,Adjust camera view
170700,,,,,,,,,,,0.064,UP,4,3,1,LOW CONFIDENCE,Adjust camera view
170733,,,,,,,,,,,0.067,UP,4,3,1,LOW CONFIDENCE,Adjust camera view
170766,,,,,,,,,,,0.072,UP,4,3,1,LOW CONFIDENCE,Adjust camera view
170800,,,,,,,,,,,0.079,UP,4,3,1,LOW CONFIDENCE,Adjust camera view
170833,,,,,,,,,,,0.086,UP,4,3,1,LOW CONFIDENCE,Adjust camera view
170866,,,,,,,,,,,0.095,UP,4,3,1,LOW CONFIDENCE,Adjust camera view
170900,,,,,,,,,,,0.101,UP,4,3,1,LOW CONFIDENCE,Adjust camera view
170933,,,,,,,,,,,0.107,UP,4,3,1,LOW CONFIDENCE,Adjust camera view
170966,,,,,,,,,,,0.111,UP,4,3,1,LOW CONFIDENCE,Adjust camera view
171000,,,,,,,,,,,0.115,UP,4,3,1,LOW CONFIDENCE,Adjust camera view
171033,,,,,,,,,,,0.118,UP,4,3,1,LOW CONFIDENCE,Adjust camera view
171066,,,,,,,,,,,0.121,UP,4,3,1,LOW CONFIDENCE,Adjust camera view
171100,,,,,,,,,,,0.125,UP,4,3,1,LOW CONFIDENCE,Adjust camera view
171133,,,,,,,,,,,0.129,UP,4,3,1,LOW CONFIDENCE,Adjust camera view
171166,,,,,,,,,,,0.133,UP,4,3,1,LOW CONFIDENCE,Adjust camera view
171200,,,,,,,,,,,0.134,UP,4,3,1,LOW CONFIDENCE,Adjust camera view
171233,,,,,,,,,,,0.134,UP,4,3,1,LOW CONFIDENCE,Adjust camera view
171266,,,,,,,,,,,0.134,UP,4,3,1,LOW CONFIDENCE,Adjust camera view
171300,,,,,,,,,,,0.132,UP,4,3,1,LOW CONFIDENCE,Adjust camera view
171333,,,,,,,,,,,0.129,UP,4,3,1,LOW CONFIDENCE,Adjust camera view
171366,,,,,,,,,,,0.126,UP,4,3,1,LOW CONFIDENCE,Adjust camera view
171400,,,,,,,,,,,0.122,UP,4,3,1,LOW CONFIDENCE,Adjust camera view
171433,,,,,,,,,,,0.116,UP,4,3,1,LOW CONFIDENCE,Adjust camera view
171466,,,,,,,,,,,0.109,UP,4,3,1,LOW CONFIDENCE,Adjust camera view
171500,,,,,,,,,,,0.103,UP,4,3,1,LOW CONFIDENCE,Adjust camera view
171533,,,,,,,,,,,0.098,UP,4,3,1,LOW CONFIDENCE,Adjust camera view
171566,,,,,,,,,,,0.094,UP,4,3,1,LOW CONFIDENCE,Adjust camera view
171600,,,,,,,,,,,0.09,UP,4,3,1,LOW CONFIDENCE,Adjust camera view
171633,,,,,,,,,,,0.087,UP,4,3,1,LOW CONFIDENCE,Adjust camera view
171666,,,,,,,,,,,0.083,UP,4,3,1,LOW CONFIDENCE,Adjust camera view
171700,,,,,,,,,,,0.078,UP,4,3,1,LOW CONFIDENCE,Adjust camera view
171733,,,,,,,,,,,0.074,UP,4,3,1,LOW CONFIDENCE,Adjust camera view
171766,,,,,,,,,,,0.068,UP,4,3,1,LOW CONFIDENCE,Adjust camera view
171800,,,,,,,,,,,0.063,UP,4,3,1,LOW CONFIDENCE,Adjust camera view
171833,,,,,,,,,,,0.06,UP,4,3,1,LOW CONFIDENCE,Adjust camera view
171866,,,,,,,,,,,0.058,UP,4,3,1,LOW CONFIDENCE,Adjust camera view
171900,,,,,,,,,,,0.057,UP,4,3,1,LOW CONFIDENCE,Adjust camera view
171933,,,,,,,,,,,0.058,UP,4,3,1,LOW CONFIDENCE,Adjust camera view
171966,,,,,,,,,,,0.06,UP,4,3,1,LOW CONFIDENCE,Adjust camera view
172000,,,,,,,,,,,0.063,UP,4,3,1,LOW CONFIDENCE,Adjust camera view
172033,,,,,,,,,,,0.064,UP,4,3,1,LOW CONFIDENCE,Adjust camera view
172066,,,,,,,,,,,0.065,UP,4,3,1,LOW CONFIDENCE,Adjust camera view
172100,,,,,,,,,,,0.064,UP,4,3,1,LOW CONFIDENCE,Adjust camera view
172133,,,,,,,,,,,0.052,UP,4,3,1,NO PERSON,Step into frame
172166,,,,,,,,,,,0.059,UP,4,3,1,LOW CONFIDENCE,Adjust camera view
172200,,,,,,,,,,,0.077,UP,4,3,1,LOW CONFIDENCE,Adjust camera view
172233,,,,,,,,,,,0.099,UP,4,3,1,LOW CONFIDENCE,Adjust camera view
172266,,,,,,,,,,,0.087,UP,4,3,1,NO PERSON,Step into frame
172300,,,,,,,,,,,0.087,UP,4,3,1,NO PERSON,Step into frame
172333,,,,,,,,,,,0.066,UP,4,3,1,NO PERSON,Step into frame
172366,,,,,,,,,,,0.036,UP,4,3,1,NO PERSON,Step into frame
172400,,,,,,,,,,,0.0,UP,4,3,1,NO PERSON,Step into frame
172433,,,,,,,,,,,0.036,UP,4,3,1,LOW CONFIDENCE,Adjust camera view
172466,,,,,,,,,,,0.07,UP,4,3,1,LOW CONFIDENCE,Adjust camera view
172500,,,,,,,,,,,0.101,UP,4,3,1,LOW CONFIDENCE,Adjust camera view
172533,,,,,,,,,,,0.129,UP,4,3,1,LOW CONFIDENCE,Adjust camera view
172566,,,,,,,,,,,0.155,UP,4,3,1,LOW CONFIDENCE,Adjust camera view
172600,,,,,,,,,,,0.142,UP,4,3,1,LOW CONFIDENCE,Adjust camera view
172633,,,,,,,,,,,0.13,UP,4,3,1,LOW CONFIDENCE,Adjust camera view
172666,,,,,,,,,,,0.119,UP,4,3,1,LOW CONFIDENCE,Adjust camera view
172700,,,,,,,,,,,0.108,UP,4,3,1,LOW CONFIDENCE,Adjust camera view
172733,,,,,,,,,,,0.099,UP,4,3,1,LOW CONFIDENCE,Adjust camera view
172766,,,,,,,,,,,0.091,UP,4,3,1,LOW CONFIDENCE,Adjust camera view
172800,,,,,,,,,,,0.085,UP,4,3,1,LOW CONFIDENCE,Adjust camera view
172833,,,,,,,,,,,0.079,UP,4,3,1,LOW CONFIDENCE,Adjust camera view
172866,,,,,,,,,,,0.074,UP,4,3,1,LOW CONFIDENCE,Adjust camera view
172900,,,,,,,,,,,0.07,UP,4,3,1,LOW CONFIDENCE,Adjust camera view
172933,,,,,,,,,,,0.066,UP,4,3,1,LOW CONFIDENCE,Adjust camera view
172966,,,,,,,,,,,0.062,UP,4,3,1,LOW CONFIDENCE,Adjust camera view
173000,,,,,,,,,,,0.058,UP,4,3,1,LOW CONFIDENCE,Adjust camera view
173033,,,,,,,,,,,0.054,UP,4,3,1,LOW CONFIDENCE,Adjust camera view
173066,,,,,,,,,,,0.051,UP,4,3,1,LOW CONFIDENCE,Adjust camera view
173100,,,,,,,,,,,0.049,UP,4,3,1,LOW CONFIDENCE,Adjust camera view
173133,,,,,,,,,,,0.046,UP,4,3,1,LOW CONFIDENCE,Adjust camera view
173166,,,,,,,,,,,0.044,UP,4,3,1,LOW CONFIDENCE,Adjust camera view
173200,,,,,,,,,,,0.043,UP,4,3,1,LOW CONFIDENCE,Adjust camera view
173233,,,,,,,,,,,0.041,UP,4,3,1,LOW CONFIDENCE,Adjust camera view
173266,,,,,,,,,,,0.039,UP,4,3,1,LOW CONFIDENCE,Adjust camera view
173300,,,,,,,,,,,0.037,UP,4,3,1,LOW CONFIDENCE,Adjust camera view
173333,,,,,,,,,,,0.035,UP,4,3,1,LOW CONFIDENCE,Adjust camera view
173366,,,,,,,,,,,0.034,UP,4,3,1,LOW CONFIDENCE,Adjust camera view
173400,,,,,,,,,,,0.033,UP,4,3,1,LOW CONFIDENCE,Adjust camera view
173433,,,,,,,,,,,0.033,UP,4,3,1,LOW CONFIDENCE,Adjust camera view
173466,,,,,,,,,,,0.036,UP,4,3,1,LOW CONFIDENCE,Adjust camera view
173500,,,,,,,,,,,0.038,UP,4,3,1,LOW CONFIDENCE,Adjust camera view
173533,,,,,,,,,,,0.039,UP,4,3,1,LOW CONFIDENCE,Adjust camera view
173566,,,,,,,,,,,0.04,UP,4,3,1,LOW CONFIDENCE,Adjust camera view
173600,,,,,,,,,,,0.039,UP,4,3,1,LOW CONFIDENCE,Adjust camera view
173633,,,,,,,,,,,0.037,UP,4,3,1,LOW CONFIDENCE,Adjust camera view
173666,,,,,,,,,,,0.035,UP,4,3,1,LOW CONFIDENCE,Adjust camera view
173700,,,,,,,,,,,0.033,UP,4,3,1,LOW CONFIDENCE,Adjust camera view
173733,,,,,,,,,,,0.032,UP,4,3,1,LOW CONFIDENCE,Adjust camera view
173766,,,,,,,,,,,0.031,UP,4,3,1,LOW CONFIDENCE,Adjust camera view
173800,,,,,,,,,,,0.03,UP,4,3,1,LOW CONFIDENCE,Adjust camera view
173833,,,,,,,,,,,0.028,UP,4,3,1,LOW CONFIDENCE,Adjust camera view
173866,,,,,,,,,,,0.027,UP,4,3,1,LOW CONFIDENCE,Adjust camera view
173900,,,,,,,,,,,0.021,UP,4,3,1,NO PERSON,Step into frame
173933,,,,,,,,,,,0.035,UP,4,3,1,LOW CONFIDENCE,Adjust camera view
173966,,,,,,,,,,,0.03,UP,4,3,1,NO PERSON,Step into frame
174000,,,,,,,,,,,0.052,UP,4,3,1,LOW CONFIDENCE,Adjust camera view
174033,,,,,,,,,,,0.047,UP,4,3,1,NO PERSON,Step into frame
174066,,,,,,,,,,,0.047,UP,4,3,1,NO PERSON,Step into frame
174100,,,,,,,,,,,0.027,UP,4,3,1,NO PERSON,Step into frame
174133,,,,,,,,,,,0.07,UP,4,3,1,LOW CONFIDENCE,Adjust camera view
174166,,,,,,,,,,,0.1,UP,4,3,1,LOW CONFIDENCE,Adjust camera view
174200,,,,,,,,,,,0.1,UP,4,3,1,NO PERSON,Step into frame
174233,,,,,,,,,,,0.1,UP,4,3,1,NO PERSON,Step into frame
174266,,,,,,,,,,,0.1,UP,4,3,1,NO PERSON,Step into frame
174300,,,,,,,,,,,0.058,UP,4,3,1,NO PERSON,Step into frame
174333,,,,,,,,,,,0.0,UP,4,3,1,NO PERSON,Step into frame
174366,,,,,,,,,,,0.0,UP,4,3,1,NO PERSON,Step into frame
174400,,,,,,,,,,,0.0,UP,4,3,1,NO PERSON,Step into frame
174433,,,,,,,,,,,0.0,UP,4,3,1,NO PERSON,Step into frame
174466,,,,,,,,,,,0.0,UP,4,3,1,NO PERSON,Step into frame
