timestamp,torso_angle,smoothed_torso_angle,left_hip_angle,right_hip_angle,avg_hip_angle,smoothed_hip_angle,hip_tilt_angle,shoulder_tilt_angle,neck_angle,visibility,state,rep_count,form_status,feedback
0,,,,,,,,,,0.349,DOWN,0,LOW CONFIDENCE,Adjust camera view
33,,,,,,,,,,0.354,DOWN,0,LOW CONFIDENCE,Adjust camera view
66,,,,,,,,,,0.369,DOWN,0,LOW CONFIDENCE,Adjust camera view
100,,,,,,,,,,0.387,DOWN,0,LOW CONFIDENCE,Adjust camera view
133,,,,,,,,,,0.407,DOWN,0,LOW CONFIDENCE,Adjust camera view
166,,,,,,,,,,0.442,DOWN,0,LOW CONFIDENCE,Adjust camera view
200,,,,,,,,,,0.48,DOWN,0,LOW CONFIDENCE,Adjust camera view
233,76.7,76.7,118.8,127.4,123.1,123.1,172.0,169.4,5.7,0.517,DOWN,0,FORM ISSUE,Uneven rise - avoid twisting torso
266,78.3,77.5,117.2,126.1,121.7,122.4,174.9,167.9,7.1,0.551,DOWN,0,FORM ISSUE,Uneven rise - avoid twisting torso
300,79.2,78.1,118.8,126.3,122.6,122.4,174.0,168.3,4.7,0.579,DOWN,0,FORM ISSUE,Uneven rise - avoid twisting torso
333,79.6,78.5,122.6,126.3,124.5,122.9,174.8,168.2,7.6,0.599,ASCENDING,0,FORM ISSUE,Uneven rise - avoid twisting torso
366,80.1,78.8,117.3,134.6,126.0,123.5,174.5,168.4,8.2,0.617,ASCENDING,0,FORM ISSUE,Uneven rise - avoid twisting torso
400,80.0,79.5,122.6,139.6,131.1,125.1,175.9,168.2,11.0,0.631,ASCENDING,0,FORM ISSUE,Uneven rise - avoid twisting torso
433,80.0,79.8,120.5,144.8,132.6,127.3,174.9,166.8,11.1,0.641,ASCENDING,0,FORM ISSUE,Uneven rise - avoid twisting torso
466,80.4,80.0,122.8,144.9,133.8,129.6,174.7,166.9,15.6,0.651,UP,0,FORM ISSUE,Uneven rise - avoid twisting torso
500,81.1,80.3,119.3,143.6,131.5,131.0,175.9,167.2,17.9,0.661,UP,0,FORM ISSUE,Uneven rise - avoid twisting torso
533,81.2,80.5,124.2,141.0,132.6,132.3,175.9,169.3,19.5,0.666,UP,0,FORM ISSUE,Uneven rise - avoid twisting torso
566,81.4,80.8,128.1,137.9,133.0,132.7,176.2,169.5,20.2,0.668,UP,0,FORM ISSUE,Uneven rise - avoid twisting torso
600,81.3,81.1,122.2,134.2,128.2,131.8,175.6,169.9,18.1,0.667,UP,0,FORM ISSUE,Uneven rise - avoid twisting torso
633,81.4,81.3,121.8,134.7,128.3,130.7,177.4,171.0,17.2,0.658,UP,0,FORM ISSUE,Uneven rise - avoid twisting torso
666,81.2,81.3,120.6,139.2,129.9,130.4,175.3,171.8,18.2,0.642,UP,0,FORM ISSUE,Uneven rise - avoid twisting torso
700,80.8,81.2,116.5,140.2,128.4,129.5,172.8,171.9,16.9,0.627,UP,0,FORM ISSUE,Uneven rise - avoid twisting torso
733,80.8,81.1,119.4,143.7,131.6,129.3,171.8,172.8,16.4,0.609,UP,0,FORM ISSUE,Uneven rise - avoid twisting torso
766,80.9,81.0,105.9,142.0,124.0,128.4,171.0,172.7,13.7,0.595,UP,0,FORM ISSUE,Uneven rise - avoid twisting torso
800,80.6,80.8,101.7,140.8,121.2,127.0,171.3,173.4,13.2,0.587,UP,0,FORM ISSUE,Uneven rise - avoid twisting torso
833,81.0,80.8,103.5,134.7,119.1,124.9,172.1,174.9,12.6,0.586,UP,0,FORM ISSUE,Uneven rise - avoid twisting torso
866,81.0,80.9,132.2,162.0,147.1,128.6,173.3,177.7,12.0,0.58,UP,0,FORM ISSUE,Uneven rise - avoid twisting torso
900,81.4,81.0,130.3,161.1,145.7,131.4,174.9,178.4,10.1,0.571,UP,0,FORM ISSUE,Uneven rise - avoid twisting torso
933,82.1,81.2,137.1,161.9,149.5,136.5,178.2,179.9,9.8,0.555,UP,0,FORM ISSUE,Uneven rise - avoid twisting torso
966,83.1,81.7,157.5,162.8,160.2,144.3,178.7,179.2,8.7,0.534,UP,0,FORM ISSUE,Uneven rise - avoid twisting torso
1000,84.4,82.4,157.8,163.6,160.7,152.6,177.1,179.6,8.6,0.51,UP,0,FORM ISSUE,Uneven rise - avoid twisting torso
1033,,,,,,,,,,0.49,UP,0,LOW CONFIDENCE,Adjust camera view
1066,,,,,,,,,,0.473,UP,0,LOW CONFIDENCE,Adjust camera view
1100,,,,,,,,,,0.46,UP,0,LOW CONFIDENCE,Adjust camera view
1133,,,,,,,,,,0.445,UP,0,LOW CONFIDENCE,Adjust camera view
1166,,,,,,,,,,0.427,UP,0,LOW CONFIDENCE,Adjust camera view
1200,,,,,,,,,,0.408,UP,0,LOW CONFIDENCE,Adjust camera view
1233,,,,,,,,,,0.385,UP,0,LOW CONFIDENCE,Adjust camera view
1266,,,,,,,,,,0.361,UP,0,LOW CONFIDENCE,Adjust camera view
1300,,,,,,,,,,0.339,UP,0,LOW CONFIDENCE,Adjust camera view
1333,,,,,,,,,,0.321,UP,0,LOW CONFIDENCE,Adjust camera view
1366,,,,,,,,,,0.302,UP,0,LOW CONFIDENCE,Adjust camera view
1400,,,,,,,,,,0.286,UP,0,LOW CONFIDENCE,Adjust camera view
1433,,,,,,,,,,0.27,UP,0,LOW CONFIDENCE,Adjust camera view
1466,,,,,,,,,,0.257,UP,0,LOW CONFIDENCE,Adjust camera view
1500,,,,,,,,,,0.244,UP,0,LOW CONFIDENCE,Adjust camera view
1533,,,,,,,,,,0.232,UP,0,LOW CONFIDENCE,Adjust camera view
1566,,,,,,,,,,0.22,UP,0,LOW CONFIDENCE,Adjust camera view
1600,,,,,,,,,,0.212,UP,0,LOW CONFIDENCE,Adjust camera view
1633,,,,,,,,,,0.202,UP,0,LOW CONFIDENCE,Adjust camera view
1666,,,,,,,,,,0.195,UP,0,LOW CONFIDENCE,Adjust camera view
1700,,,,,,,,,,0.19,UP,0,LOW CONFIDENCE,Adjust camera view
1733,,,,,,,,,,0.187,UP,0,LOW CONFIDENCE,Adjust camera view
1766,,,,,,,,,,0.183,UP,0,LOW CONFIDENCE,Adjust camera view
1800,,,,,,,,,,0.181,UP,0,LOW CONFIDENCE,Adjust camera view
1833,,,,,,,,,,0.178,UP,0,LOW CONFIDENCE,Adjust camera view
1866,,,,,,,,,,0.174,UP,0,LOW CONFIDENCE,Adjust camera view
1900,,,,,,,,,,0.169,UP,0,LOW CONFIDENCE,Adjust camera view
1933,,,,,,,,,,0.163,UP,0,LOW CONFIDENCE,Adjust camera view
1966,,,,,,,,,,0.159,UP,0,LOW CONFIDENCE,Adjust camera view
2000,,,,,,,,,,0.156,UP,0,LOW CONFIDENCE,Adjust camera view
2033,,,,,,,,,,0.154,UP,0,LOW CONFIDENCE,Adjust camera view
2066,,,,,,,,,,0.152,UP,0,LOW CONFIDENCE,Adjust camera view
2100,,,,,,,,,,0.152,UP,0,LOW CONFIDENCE,Adjust camera view
2133,,,,,,,,,,0.152,UP,0,LOW CONFIDENCE,Adjust camera view
2166,,,,,,,,,,0.152,UP,0,LOW CONFIDENCE,Adjust camera view
2200,,,,,,,,,,0.153,UP,0,LOW CONFIDENCE,Adjust camera view
2233,,,,,,,,,,0.154,UP,0,LOW CONFIDENCE,Adjust camera view
2266,,,,,,,,,,0.154,UP,0,LOW CONFIDENCE,Adjust camera view
2300,,,,,,,,,,0.151,UP,0,LOW CONFIDENCE,Adjust camera view
2333,,,,,,,,,,0.15,UP,0,LOW CONFIDENCE,Adjust camera view
2366,,,,,,,,,,0.148,UP,0,LOW CONFIDENCE,Adjust camera view
2400,,,,,,,,,,0.147,UP,0,LOW CONFIDENCE,Adjust camera view
2433,,,,,,,,,,0.145,UP,0,LOW CONFIDENCE,Adjust camera view
2466,,,,,,,,,,0.146,UP,0,LOW CONFIDENCE,Adjust camera view
2500,,,,,,,,,,0.145,UP,0,LOW CONFIDENCE,Adjust camera view
2533,,,,,,,,,,0.145,UP,0,LOW CONFIDENCE,Adjust camera view
2566,,,,,,,,,,0.145,UP,0,LOW CONFIDENCE,Adjust camera view
2600,,,,,,,,,,0.146,UP,0,LOW CONFIDENCE,Adjust camera view
2633,,,,,,,,,,0.147,UP,0,LOW CONFIDENCE,Adjust camera view
2666,,,,,,,,,,0.15,UP,0,LOW CONFIDENCE,Adjust camera view
2700,,,,,,,,,,0.152,UP,0,LOW CONFIDENCE,Adjust camera view
2733,,,,,,,,,,0.154,UP,0,LOW CONFIDENCE,Adjust camera view
2766,,,,,,,,,,0.156,UP,0,LOW CONFIDENCE,Adjust camera view
2800,,,,,,,,,,0.158,UP,0,LOW CONFIDENCE,Adjust camera view
2833,,,,,,,,,,0.16,UP,0,LOW CONFIDENCE,Adjust camera view
2866,,,,,,,,,,0.162,UP,0,LOW CONFIDENCE,Adjust camera view
2900,,,,,,,,,,0.162,UP,0,LOW CONFIDENCE,Adjust camera view
2933,,,,,,,,,,0.164,UP,0,LOW CONFIDENCE,Adjust camera view
2966,,,,,,,,,,0.165,UP,0,LOW CONFIDENCE,Adjust camera view
3000,,,,,,,,,,0.166,UP,0,LOW CONFIDENCE,Adjust camera view
3033,,,,,,,,,,0.167,UP,0,LOW CONFIDENCE,Adjust camera view
3066,,,,,,,,,,0.167,UP,0,LOW CONFIDENCE,Adjust camera view
3100,,,,,,,,,,0.166,UP,0,LOW CONFIDENCE,Adjust camera view
3133,,,,,,,,,,0.166,UP,0,LOW CONFIDENCE,Adjust camera view
3166,,,,,,,,,,0.167,UP,0,LOW CONFIDENCE,Adjust camera view
3200,,,,,,,,,,0.167,UP,0,LOW CONFIDENCE,Adjust camera view
3233,,,,,,,,,,0.169,UP,0,LOW CONFIDENCE,Adjust camera view
3266,,,,,,,,,,0.174,UP,0,LOW CONFIDENCE,Adjust camera view
3300,,,,,,,,,,0.185,UP,0,LOW CONFIDENCE,Adjust camera view
3333,,,,,,,,,,0.204,UP,0,LOW CONFIDENCE,Adjust camera view
3366,,,,,,,,,,0.233,UP,0,LOW CONFIDENCE,Adjust camera view
3400,,,,,,,,,,0.267,UP,0,LOW CONFIDENCE,Adjust camera view
3433,,,,,,,,,,0.31,UP,0,LOW CONFIDENCE,Adjust camera view
3466,,,,,,,,,,0.354,UP,0,LOW CONFIDENCE,Adjust camera view
3500,,,,,,,,,,0.397,UP,0,LOW CONFIDENCE,Adjust camera view
3533,,,,,,,,,,0.436,UP,0,LOW CONFIDENCE,Adjust camera view
3566,,,,,,,,,,0.476,UP,0,LOW CONFIDENCE,Adjust camera view
3600,85.9,83.4,120.8,123.7,122.2,147.7,172.2,176.5,0.2,0.511,UP,0,FORM ISSUE,Uneven rise - avoid twisting torso
3633,86.2,84.3,124.7,114.9,119.8,142.5,172.7,177.6,0.0,0.545,UP,0,FORM ISSUE,Uneven rise - avoid twisting torso
3666,86.2,85.2,133.5,108.7,121.1,136.8,166.5,176.9,0.9,0.576,UP,0,FORM ISSUE,Uneven rise - avoid twisting torso
3700,86.5,85.8,133.3,116.8,125.1,129.8,169.7,177.6,1.2,0.6,UP,0,FORM ISSUE,Uneven rise - avoid twisting torso
3733,87.1,86.3,145.1,113.9,129.5,123.5,170.0,177.5,2.6,0.616,UP,0,FORM ISSUE,Uneven rise - avoid twisting torso
3766,87.3,86.6,148.7,108.1,128.4,124.8,166.9,178.0,3.0,0.628,UP,0,FORM ISSUE,Uneven rise - avoid twisting torso
3800,87.4,86.9,148.6,104.0,126.3,126.1,160.6,177.2,7.2,0.631,UP,0,FORM ISSUE,Uneven rise - avoid twisting torso
3833,88.3,87.3,132.5,162.3,147.4,131.3,169.8,179.1,5.2,0.625,UP,0,FORM ISSUE,Uneven rise - avoid twisting torso
3866,89.6,87.9,126.3,156.9,141.6,134.6,173.4,177.5,3.4,0.616,UP,0,FORM ISSUE,Uneven rise - avoid twisting torso
3900,87.4,88.0,123.4,117.9,120.7,132.9,179.4,174.9,2.5,0.61,UP,0,FORM ISSUE,Uneven rise - avoid twisting torso
3933,85.7,87.7,119.7,125.3,122.5,131.7,167.3,172.4,3.0,0.6,UP,0,FORM ISSUE,Uneven rise - avoid twisting torso
3966,84.6,87.1,131.9,123.2,127.5,131.9,160.6,171.7,3.2,0.593,UP,0,FORM ISSUE,Uneven rise - avoid twisting torso
4000,84.0,86.3,124.7,118.4,121.6,126.8,157.1,171.2,2.5,0.588,UP,0,FORM ISSUE,Uneven rise - avoid twisting torso
4033,83.6,85.1,111.3,108.3,109.8,120.4,160.2,170.1,3.1,0.587,UP,0,FORM ISSUE,Uneven rise - avoid twisting torso
4066,83.1,84.2,110.4,118.1,114.2,119.1,156.9,167.9,1.2,0.588,UP,0,FORM ISSUE,Uneven rise - avoid twisting torso
4100,82.1,83.5,80.5,110.2,95.4,113.7,156.5,166.5,1.8,0.59,UP,0,FORM ISSUE,Uneven rise - avoid twisting torso
4133,81.6,82.9,81.1,102.0,91.5,106.5,156.8,166.5,0.9,0.592,UP,0,FORM ISSUE,Uneven rise - avoid twisting torso
4166,81.0,82.3,63.7,86.4,75.1,97.2,155.9,167.7,1.9,0.598,UP,0,FORM ISSUE,Uneven rise - avoid twisting torso
4200,80.6,81.7,78.8,86.8,82.8,91.8,153.4,167.2,2.2,0.605,UP,0,FORM ISSUE,Uneven rise - avoid twisting torso
4233,80.0,81.1,74.0,80.5,77.2,84.4,149.3,167.3,3.1,0.612,UP,0,FORM ISSUE,Uneven rise - avoid twisting torso
4266,79.1,80.5,51.2,79.6,65.4,78.4,147.0,166.6,4.1,0.622,UP,0,FORM ISSUE,Uneven rise - avoid twisting torso
4300,78.7,79.9,53.7,72.9,63.3,72.8,142.6,165.8,3.6,0.632,UP,0,FORM ISSUE,Uneven rise - avoid twisting torso
4333,78.7,79.4,47.4,62.6,55.0,68.7,142.9,166.2,1.4,0.641,UP,0,FORM ISSUE,Uneven rise - avoid twisting torso
4366,78.7,79.0,39.6,59.6,49.6,62.1,140.2,166.4,3.1,0.65,UP,0,FORM ISSUE,Uneven rise - avoid twisting torso
4400,78.5,78.7,37.6,51.5,44.6,55.6,140.9,165.9,2.5,0.657,UP,0,FORM ISSUE,Uneven rise - avoid twisting torso
4433,77.9,78.5,32.9,54.6,43.7,51.2,141.1,164.8,0.7,0.662,UP,0,FORM ISSUE,Uneven rise - avoid twisting torso
4466,77.7,78.3,29.9,49.8,39.9,46.5,142.5,164.8,0.6,0.669,UP,0,FORM ISSUE,Uneven rise - avoid twisting torso
4500,77.2,78.0,26.6,48.0,37.3,43.0,144.6,163.5,0.7,0.676,UP,0,FORM ISSUE,Uneven rise - avoid twisting torso
4533,76.8,77.6,29.1,48.2,38.6,40.8,143.8,162.1,3.3,0.685,UP,0,FORM ISSUE,Uneven rise - avoid twisting torso
4566,76.6,77.2,32.8,52.7,42.7,40.4,146.3,162.4,2.8,0.693,UP,0,FORM ISSUE,Uneven rise - avoid twisting torso
4600,76.8,77.0,30.3,40.0,35.1,38.7,147.7,162.2,3.0,0.697,UP,0,FORM ISSUE,Uneven rise - avoid twisting torso
4633,76.5,76.8,28.9,15.4,22.1,35.2,151.5,162.3,3.6,0.704,UP,0,FORM ISSUE,Uneven rise - avoid twisting torso
4666,76.0,76.5,30.0,10.0,20.0,31.7,153.8,162.7,4.4,0.715,UP,0,FORM ISSUE,Uneven rise - avoid twisting torso
4700,75.9,76.4,41.8,9.2,25.5,29.1,153.9,163.4,4.2,0.723,UP,0,FORM ISSUE,Uneven rise - avoid twisting torso
4733,76.0,76.2,38.3,9.9,24.1,25.4,155.0,164.4,2.9,0.735,UP,0,FORM ISSUE,Uneven rise - avoid twisting torso
4766,76.2,76.1,33.3,8.4,20.9,22.5,155.0,165.2,4.0,0.754,UP,0,FORM ISSUE,Uneven rise - avoid twisting torso
4800,75.5,75.9,33.0,10.8,21.9,22.5,154.8,165.3,2.2,0.771,UP,0,FORM ISSUE,Uneven rise - avoid twisting torso
4833,74.3,75.6,32.8,13.1,22.9,23.1,154.3,164.6,0.8,0.787,UP,0,FORM ISSUE,Uneven rise - avoid twisting torso
4866,73.1,75.0,29.3,10.6,20.0,22.0,154.4,164.0,0.0,0.804,UP,0,FORM ISSUE,Uneven rise - avoid twisting torso
4900,73.0,74.4,27.0,12.1,19.6,21.1,154.2,162.8,0.3,0.819,UP,0,FORM ISSUE,Uneven rise - avoid twisting torso
4933,73.6,73.9,25.9,12.7,19.3,20.7,155.8,162.4,1.2,0.833,UP,0,FORM ISSUE,Uneven rise - avoid twisting torso
4966,75.9,74.0,23.1,16.2,19.6,20.3,157.6,161.9,1.3,0.846,UP,0,FORM ISSUE,Uneven rise - avoid twisting torso
5000,78.1,74.7,21.7,16.1,18.9,19.5,161.1,161.7,0.8,0.859,UP,0,FORM ISSUE,Uneven rise - avoid twisting torso
5033,79.8,76.1,19.9,14.9,17.4,19.0,162.4,162.3,0.4,0.87,UP,0,FORM ISSUE,Uneven rise - avoid twisting torso
5066,80.6,77.6,17.3,9.8,13.6,17.8,164.8,164.5,1.5,0.881,UP,0,FORM ISSUE,Uneven rise - avoid twisting torso
5100,80.2,78.9,19.7,10.3,15.0,16.9,167.3,165.2,5.7,0.891,UP,0,FORM ISSUE,Uneven rise - avoid twisting torso
5133,79.8,79.7,18.3,9.7,14.0,15.8,166.9,164.4,0.3,0.9,UP,0,FORM ISSUE,Uneven rise - avoid twisting torso
5166,81.0,80.3,20.2,7.3,13.7,14.7,166.6,164.7,4.1,0.908,UP,0,FORM ISSUE,Uneven rise - avoid twisting torso
5200,81.5,80.6,21.8,9.6,15.7,14.4,166.4,165.1,3.9,0.915,UP,0,FORM ISSUE,Uneven rise - avoid twisting torso
5233,82.0,80.9,20.8,8.3,14.5,14.6,164.7,165.4,5.7,0.921,UP,0,FORM ISSUE,Uneven rise - avoid twisting torso
5266,82.8,81.4,20.4,5.5,12.9,14.2,164.3,165.4,3.9,0.926,UP,0,FORM ISSUE,Uneven rise - avoid twisting torso
5300,82.8,82.0,19.6,2.2,10.9,13.6,163.4,164.9,3.1,0.93,UP,0,FORM ISSUE,Uneven rise - avoid twisting torso
5333,82.0,82.2,20.9,11.0,15.9,14.0,163.2,164.0,5.8,0.934,UP,0,FORM ISSUE,Uneven rise - avoid twisting torso
5366,81.4,82.2,19.8,6.8,13.3,13.5,165.6,163.7,5.3,0.935,UP,0,FORM ISSUE,Uneven rise - avoid twisting torso
5400,81.4,82.1,20.2,4.6,12.4,13.1,165.3,163.6,5.7,0.936,UP,0,FORM ISSUE,Uneven rise - avoid twisting torso
5433,81.4,81.8,19.9,0.1,10.0,12.5,167.2,163.6,7.0,0.937,UP,0,FORM ISSUE,Uneven rise - avoid twisting torso
5466,81.9,81.6,19.3,9.1,14.2,13.2,165.1,163.7,6.3,0.937,UP,0,FORM ISSUE,Uneven rise - avoid twisting torso
5500,82.0,81.6,19.1,7.0,13.0,12.6,165.0,163.6,8.3,0.937,UP,0,FORM ISSUE,Uneven rise - avoid twisting torso
5533,81.9,81.7,18.6,0.4,9.5,11.8,163.6,163.6,7.5,0.937,UP,0,FORM ISSUE,Uneven rise - avoid twisting torso
5566,82.2,81.9,18.6,2.6,10.6,11.5,164.2,164.1,5.9,0.937,UP,0,FORM ISSUE,Uneven rise - avoid twisting torso
5600,82.1,82.0,18.2,9.9,14.1,12.3,164.3,163.9,6.0,0.936,UP,0,FORM ISSUE,Uneven rise - avoid twisting torso
5633,82.1,82.1,18.3,7.7,13.0,12.0,163.7,163.9,5.9,0.934,UP,0,FORM ISSUE,Uneven rise - avoid twisting torso
5666,81.8,82.0,20.1,8.7,14.4,12.3,164.1,163.7,4.7,0.933,UP,0,FORM ISSUE,Uneven rise - avoid twisting torso
5700,82.3,82.1,21.8,4.8,13.3,13.1,164.8,163.9,3.4,0.933,UP,0,FORM ISSUE,Uneven rise - avoid twisting torso
5733,82.4,82.1,21.5,1.8,11.6,13.3,164.6,164.1,3.3,0.932,UP,0,FORM ISSUE,Uneven rise - avoid twisting torso
5766,82.5,82.2,21.8,1.5,11.7,12.8,164.7,164.6,3.1,0.934,UP,0,FORM ISSUE,Uneven rise - avoid twisting torso
5800,82.7,82.3,22.1,0.8,11.5,12.5,164.5,164.5,3.7,0.936,UP,0,FORM ISSUE,Uneven rise - avoid twisting torso
5833,82.8,82.5,22.5,1.6,12.0,12.0,164.1,165.2,4.7,0.937,UP,0,FORM ISSUE,Uneven rise - avoid twisting torso
5866,83.3,82.7,22.9,0.2,11.6,11.7,165.8,166.9,4.4,0.939,UP,0,FORM ISSUE,Uneven rise - avoid twisting torso
5900,83.7,83.0,24.6,8.6,16.6,12.7,168.1,166.5,4.9,0.94,UP,0,FORM ISSUE,Uneven rise - avoid twisting torso
5933,83.3,83.1,25.2,17.7,21.4,14.6,167.2,166.7,3.9,0.943,UP,0,FORM ISSUE,Uneven rise - avoid twisting torso
5966,83.1,83.2,25.5,16.5,21.0,16.5,166.4,167.3,4.4,0.944,UP,0,FORM ISSUE,Uneven rise - avoid twisting torso
6000,83.0,83.3,26.3,15.2,20.7,18.3,165.6,168.0,2.0,0.945,UP,0,FORM ISSUE,Uneven rise - avoid twisting torso
6033,82.7,83.1,25.9,15.4,20.6,20.1,164.3,168.5,2.7,0.946,UP,0,FORM ISSUE,Uneven rise - avoid twisting torso
6066,82.1,82.8,28.7,15.3,22.0,21.2,163.4,168.0,7.0,0.946,UP,0,FORM ISSUE,Uneven rise - avoid twisting torso
6100,81.8,82.5,30.0,17.4,23.7,21.6,163.8,168.0,4.4,0.946,UP,0,FORM ISSUE,Uneven rise - avoid twisting torso
6133,81.5,82.2,31.7,19.0,25.4,22.5,163.6,168.1,6.9,0.949,UP,0,FORM ISSUE,Uneven rise - avoid twisting torso
6166,81.2,81.9,34.3,21.7,28.0,23.9,158.2,167.4,6.5,0.951,UP,0,FORM ISSUE,Uneven rise - avoid twisting torso
6200,80.6,81.4,36.8,23.9,30.4,25.9,152.9,166.8,5.5,0.955,UP,0,FORM ISSUE,Uneven rise - avoid twisting torso
6233,79.4,80.9,32.2,26.1,29.1,27.3,154.7,166.9,1.4,0.958,UP,0,FORM ISSUE,Uneven rise - avoid twisting torso
6266,79.0,80.3,28.0,19.5,23.7,27.3,159.5,165.6,2.0,0.961,UP,0,FORM ISSUE,Uneven rise - avoid twisting torso
6300,78.1,79.6,23.7,21.3,22.5,26.8,157.7,165.8,0.7,0.963,UP,0,FORM ISSUE,Uneven rise - avoid twisting torso
6333,77.1,78.8,22.4,16.0,19.2,25.0,156.3,167.0,1.8,0.966,UP,0,FORM ISSUE,Uneven rise - avoid twisting torso
6366,77.1,78.1,22.3,19.2,20.7,23.1,156.7,167.3,0.8,0.966,UP,0,FORM ISSUE,Uneven rise - avoid twisting torso
6400,77.8,77.8,20.6,16.8,18.7,21.0,157.6,168.5,1.7,0.967,UP,0,FORM ISSUE,Uneven rise - avoid twisting torso
6433,78.3,77.7,22.7,18.3,20.5,20.3,158.7,169.0,0.7,0.968,UP,0,FORM ISSUE,Uneven rise - avoid twisting torso
6466,78.2,77.7,23.5,27.6,25.5,20.9,158.6,169.9,0.7,0.968,UP,0,FORM ISSUE,Uneven rise - avoid twisting torso
6500,78.1,77.9,23.4,30.7,27.0,22.5,160.3,170.8,1.7,0.968,UP,0,FORM ISSUE,Uneven rise - avoid twisting torso
6533,77.5,78.0,23.9,19.9,21.9,22.7,159.7,171.3,0.5,0.969,UP,0,FORM ISSUE,Uneven rise - avoid twisting torso
6566,77.1,77.8,25.3,26.7,26.0,24.2,156.6,172.1,1.3,0.969,UP,0,FORM ISSUE,Uneven rise - avoid twisting torso
6600,77.8,77.7,25.7,30.0,27.8,25.7,155.5,175.9,0.8,0.965,UP,0,FORM ISSUE,Uneven rise - avoid twisting torso
6633,77.9,77.7,24.1,30.8,27.4,26.0,155.8,175.2,0.9,0.958,UP,0,FORM ISSUE,Uneven rise - avoid twisting torso
6666,78.5,77.8,21.8,31.3,26.5,25.9,156.3,174.9,0.2,0.947,UP,0,FORM ISSUE,Uneven rise - avoid twisting torso
6700,78.9,78.0,20.7,33.6,27.1,27.0,154.7,174.7,0.1,0.933,UP,0,FORM ISSUE,Uneven rise - avoid twisting torso
6733,80.5,78.7,19.9,35.4,27.7,27.3,153.9,173.9,0.3,0.919,UP,0,FORM ISSUE,Uneven rise - avoid twisting torso
6766,81.0,79.4,16.5,8.5,12.5,24.3,157.3,175.8,2.0,0.907,UP,0,FORM ISSUE,Uneven rise - avoid twisting torso
6800,81.9,80.1,12.2,5.5,8.8,20.5,167.0,176.2,3.9,0.899,UP,0,FORM ISSUE,Uneven rise - avoid twisting torso
6833,83.1,81.1,13.8,12.7,13.2,17.9,160.8,174.1,0.0,0.89,UP,0,FORM ISSUE,Uneven rise - avoid twisting torso
6866,84.5,82.2,9.4,2.4,5.9,13.6,165.9,174.5,0.6,0.879,UP,0,FORM ISSUE,Uneven rise - avoid twisting torso
6900,84.9,83.1,10.2,2.3,6.3,9.3,160.6,173.7,0.7,0.866,UP,0,FORM ISSUE,Uneven rise - avoid twisting torso
6933,86.4,84.2,7.9,1.2,4.5,7.8,163.8,175.1,3.8,0.848,UP,0,FORM ISSUE,Uneven rise - avoid twisting torso
6966,87.6,85.3,7.0,2.5,4.7,6.9,165.1,174.9,3.5,0.824,UP,0,FORM ISSUE,Uneven rise - avoid twisting torso
7000,87.8,86.2,4.8,3.9,4.3,5.1,172.6,175.9,3.3,0.806,UP,0,FORM ISSUE,Uneven rise - avoid twisting torso
7033,88.5,87.0,12.1,14.4,13.2,6.6,175.4,176.4,1.5,0.787,UP,0,FORM ISSUE,Uneven rise - avoid twisting torso
7066,,,,,,,,,,0.621,UP,0,NO PERSON,Lie down in frame
7100,88.7,87.8,3.5,18.8,11.1,7.6,174.7,179.2,5.6,0.607,UP,0,FORM ISSUE,Uneven rise - avoid twisting torso
7133,89.1,88.3,28.2,28.1,28.2,12.3,179.3,178.6,6.0,0.591,UP,0,FORM ISSUE,Uneven rise - avoid twisting torso
7166,89.2,88.7,20.0,6.5,13.3,14.0,178.9,178.6,6.3,0.571,UP,0,FORM ISSUE,Uneven rise - avoid twisting torso
7200,89.2,88.9,18.2,5.0,11.6,15.5,179.2,178.4,6.6,0.555,UP,0,FORM ISSUE,Uneven rise - avoid twisting torso
7233,88.7,89.0,46.2,36.9,41.6,21.1,171.3,179.4,7.1,0.679,UP,0,FORM ISSUE,Uneven rise - avoid twisting torso
7266,86.1,88.4,45.3,38.5,41.9,27.3,167.3,178.1,6.5,0.65,UP,0,FORM ISSUE,Uneven rise - avoid twisting torso
7300,85.5,87.7,49.6,50.1,49.8,31.6,154.8,174.9,9.3,0.63,UP,0,FORM ISSUE,Uneven rise - avoid twisting torso
7333,82.8,86.5,36.1,28.1,32.1,35.4,161.2,170.8,24.7,0.617,UP,0,FORM ISSUE,Uneven rise - avoid twisting torso
7366,82.6,85.1,42.4,41.1,41.8,41.4,162.0,173.2,16.2,0.604,UP,0,FORM ISSUE,Uneven rise - avoid twisting torso
7400,81.9,83.8,41.1,46.5,43.8,41.9,155.2,167.6,6.0,0.6,UP,0,FORM ISSUE,Uneven rise - avoid twisting torso
7433,80.5,82.7,62.1,120.4,91.2,51.7,143.0,148.9,11.6,0.594,UP,0,FORM ISSUE,Uneven rise - avoid twisting torso
7466,79.3,81.4,54.0,101.2,77.6,57.3,143.6,147.5,10.1,0.581,UP,0,FORM ISSUE,Uneven rise - avoid twisting torso
7500,80.1,80.9,66.9,149.9,108.4,72.6,146.1,156.6,16.8,0.559,UP,0,FORM ISSUE,Uneven rise - avoid twisting torso
7533,78.9,80.1,147.6,149.9,148.8,94.0,150.1,159.7,23.3,0.538,UP,0,FORM ISSUE,Uneven rise - avoid twisting torso
7566,77.9,79.3,39.7,61.7,50.7,95.4,147.7,157.9,10.8,0.514,UP,0,FORM ISSUE,Uneven rise - avoid twisting torso
7600,,,,,,,,,,0.497,UP,0,LOW CONFIDENCE,Adjust camera view
7633,,,,,,,,,,0.476,UP,0,LOW CONFIDENCE,Adjust camera view
7666,,,,,,,,,,0.454,UP,0,LOW CONFIDENCE,Adjust camera view
7700,,,,,,,,,,0.354,UP,0,NO PERSON,Lie down in frame
7733,,,,,,,,,,0.334,UP,0,LOW CONFIDENCE,Adjust camera view
7766,,,,,,,,,,0.318,UP,0,LOW CONFIDENCE,Adjust camera view
7800,,,,,,,,,,0.318,UP,0,LOW CONFIDENCE,Adjust camera view
7833,,,,,,,,,,0.24,UP,0,NO PERSON,Lie down in frame
7866,,,,,,,,,,0.24,UP,0,NO PERSON,Lie down in frame
7900,,,,,,,,,,0.165,UP,0,NO PERSON,Lie down in frame
7933,,,,,,,,,,0.17,UP,0,LOW CONFIDENCE,Adjust camera view
7966,,,,,,,,,,0.17,UP,0,LOW CONFIDENCE,Adjust camera view
8000,,,,,,,,,,0.17,UP,0,NO PERSON,Lie down in frame
8033,,,,,,,,,,0.17,UP,0,NO PERSON,Lie down in frame
8066,,,,,,,,,,0.17,UP,0,NO PERSON,Lie down in frame
8100,,,,,,,,,,0.086,UP,0,NO PERSON,Lie down in frame
8133,,,,,,,,,,0.0,UP,0,NO PERSON,Lie down in frame
8166,,,,,,,,,,0.0,UP,0,NO PERSON,Lie down in frame
8200,,,,,,,,,,0.089,UP,0,LOW CONFIDENCE,Adjust camera view
8233,,,,,,,,,,0.178,UP,0,LOW CONFIDENCE,Adjust camera view
8266,,,,,,,,,,0.266,UP,0,LOW CONFIDENCE,Adjust camera view
8300,,,,,,,,,,0.351,UP,0,LOW CONFIDENCE,Adjust camera view
8333,,,,,,,,,,0.437,UP,0,LOW CONFIDENCE,Adjust camera view
8366,,,,,,,,,,0.436,UP,0,LOW CONFIDENCE,Adjust camera view
8400,,,,,,,,,,0.43,UP,0,LOW CONFIDENCE,Adjust camera view
8433,,,,,,,,,,0.425,UP,0,LOW CONFIDENCE,Adjust camera view
8466,,,,,,,,,,0.421,UP,0,LOW CONFIDENCE,Adjust camera view
8500,,,,,,,,,,0.335,UP,0,NO PERSON,Lie down in frame
8533,,,,,,,,,,0.247,UP,0,NO PERSON,Lie down in frame
8566,,,,,,,,,,0.237,UP,0,LOW CONFIDENCE,Adjust camera view
8600,,,,,,,,,,0.154,UP,0,NO PERSON,Lie down in frame
8633,,,,,,,,,,0.142,UP,0,LOW CONFIDENCE,Adjust camera view
8666,,,,,,,,,,0.206,UP,0,LOW CONFIDENCE,Adjust camera view
8700,,,,,,,,,,0.27,UP,0,LOW CONFIDENCE,Adjust camera view
8733,,,,,,,,,,0.27,UP,0,LOW CONFIDENCE,Adjust camera view
8766,,,,,,,,,,0.352,UP,0,LOW CONFIDENCE,Adjust camera view
8800,,,,,,,,,,0.374,UP,0,LOW CONFIDENCE,Adjust camera view
8833,,,,,,,,,,0.401,UP,0,LOW CONFIDENCE,Adjust camera view
8866,,,,,,,,,,0.433,UP,0,LOW CONFIDENCE,Adjust camera view
8900,,,,,,,,,,0.456,UP,0,LOW CONFIDENCE,Adjust camera view
8933,,,,,,,,,,0.468,UP,0,LOW CONFIDENCE,Adjust camera view
8966,,,,,,,,,,0.47,UP,0,LOW CONFIDENCE,Adjust camera view
9000,,,,,,,,,,0.468,UP,0,LOW CONFIDENCE,Adjust camera view
9033,,,,,,,,,,0.456,UP,0,LOW CONFIDENCE,Adjust camera view
9066,,,,,,,,,,0.445,UP,0,LOW CONFIDENCE,Adjust camera view
9100,,,,,,,,,,0.433,UP,0,LOW CONFIDENCE,Adjust camera view
9133,,,,,,,,,,0.424,UP,0,LOW CONFIDENCE,Adjust camera view
9166,,,,,,,,,,0.415,UP,0,LOW CONFIDENCE,Adjust camera view
9200,,,,,,,,,,0.404,UP,0,LOW CONFIDENCE,Adjust camera view
9233,,,,,,,,,,0.393,UP,0,LOW CONFIDENCE,Adjust camera view
9266,,,,,,,,,,0.387,UP,0,LOW CONFIDENCE,Adjust camera view
9300,,,,,,,,,,0.376,UP,0,LOW CONFIDENCE,Adjust camera view
9333,,,,,,,,,,0.298,UP,0,NO PERSON,Lie down in frame
9366,,,,,,,,,,0.224,UP,0,NO PERSON,Lie down in frame
9400,,,,,,,,,,0.226,UP,0,LOW CONFIDENCE,Adjust camera view
9433,,,,,,,,,,0.232,UP,0,LOW CONFIDENCE,Adjust camera view
9466,,,,,,,,,,0.25,UP,0,LOW CONFIDENCE,Adjust camera view
9500,,,,,,,,,,0.347,UP,0,LOW CONFIDENCE,Adjust camera view
9533,,,,,,,,,,0.347,UP,0,NO PERSON,Lie down in frame
9566,,,,,,,,,,0.372,UP,0,LOW CONFIDENCE,Adjust camera view
9600,,,,,,,,,,0.39,UP,0,LOW CONFIDENCE,Adjust camera view
9633,,,,,,,,,,0.405,UP,0,LOW CONFIDENCE,Adjust camera view
9666,,,,,,,,,,0.416,UP,0,LOW CONFIDENCE,Adjust camera view
9700,73.9,78.0,69.3,38.0,53.6,87.8,136.3,147.1,62.0,0.523,UP,0,FORM ISSUE,Uneven rise - avoid twisting torso
9733,75.8,77.3,87.5,41.1,64.3,85.2,142.0,157.4,166.1,0.533,UP,0,FORM ISSUE,Uneven rise - avoid twisting torso
9766,76.3,76.5,109.2,43.5,76.3,78.7,136.7,153.3,107.7,0.547,UP,0,FORM ISSUE,Uneven rise - avoid twisting torso
9800,77.5,76.3,117.9,72.6,95.2,68.0,144.0,154.7,96.3,0.553,UP,0,FORM ISSUE,Uneven rise - avoid twisting torso
9833,75.1,75.7,133.2,71.4,102.3,78.4,162.5,160.7,170.9,0.559,UP,0,FORM ISSUE,Uneven rise - avoid twisting torso
9866,75.3,76.0,8.3,57.9,33.1,74.3,175.6,164.7,153.4,0.563,UP,0,FORM ISSUE,Uneven rise - avoid twisting torso
9900,78.0,76.4,50.6,55.3,52.9,72.0,171.5,177.4,0.7,0.562,UP,0,FORM ISSUE,Uneven rise - avoid twisting torso
9933,77.2,76.6,67.0,48.1,57.5,68.2,143.7,164.1,18.3,0.562,UP,0,FORM ISSUE,Uneven rise - avoid twisting torso
9966,76.8,76.5,55.0,46.6,50.8,59.3,119.9,166.2,11.3,0.567,UP,0,FORM ISSUE,Uneven rise - avoid twisting torso
10000,72.7,76.0,20.9,11.8,16.4,42.1,133.4,171.3,37.1,0.565,UP,0,FORM ISSUE,Uneven rise - avoid twisting torso
10033,67.5,74.5,19.2,24.2,21.7,39.9,127.9,155.6,57.3,0.574,UP,0,FORM ISSUE,Uneven rise - avoid twisting torso
10066,64.2,71.7,42.0,29.6,35.8,36.4,131.2,159.3,64.1,0.584,UP,0,FORM ISSUE,Uneven rise - avoid twisting torso
10100,56.8,67.6,54.7,28.3,41.5,33.2,125.2,142.5,45.3,0.595,UP,0,FORM ISSUE,Uneven rise - avoid twisting torso
10133,58.5,63.9,165.5,132.8,149.1,52.9,128.4,137.5,37.2,0.606,UP,0,FORM ISSUE,Uneven rise - avoid twisting torso
10166,55.9,60.6,134.9,80.0,107.5,71.1,118.6,132.0,40.7,0.625,UP,0,FORM ISSUE,Uneven rise - avoid twisting torso
10200,49.7,57.0,151.3,68.1,109.7,88.7,115.4,131.9,36.6,0.642,UP,0,FORM ISSUE,Uneven rise - avoid twisting torso
10233,47.9,53.8,133.3,52.0,92.6,100.1,117.6,139.5,26.4,0.662,UP,0,FORM ISSUE,Uneven rise - avoid twisting torso
10266,50.8,52.6,117.9,65.4,91.6,110.1,123.8,142.4,20.2,0.68,UP,0,FORM ISSUE,Uneven rise - avoid twisting torso
10300,51.0,51.1,100.2,73.1,86.6,97.6,129.4,149.5,9.1,0.7,UP,0,FORM ISSUE,Uneven rise - avoid twisting torso
10333,50.9,50.1,92.9,47.0,70.0,90.1,121.9,141.1,12.1,0.717,DESCENDING,0,FORM ISSUE,Uneven rise - avoid twisting torso
10366,50.4,50.2,77.2,44.3,60.8,80.3,121.1,140.5,8.6,0.731,DESCENDING,0,FORM ISSUE,Uneven rise - avoid twisting torso
10400,50.0,50.6,84.9,45.9,65.4,74.9,117.6,141.3,4.9,0.74,DESCENDING,0,FORM ISSUE,Uneven rise - avoid twisting torso
10433,49.6,50.4,108.2,65.8,87.0,73.9,118.4,141.3,4.1,0.745,DESCENDING,0,FORM ISSUE,Uneven rise - avoid twisting torso
10466,48.1,49.8,113.6,75.0,94.3,75.5,115.9,142.5,3.4,0.747,DESCENDING,0,FORM ISSUE,Uneven rise - avoid twisting torso
10500,47.7,49.2,119.4,108.0,113.7,84.2,116.8,144.9,3.4,0.746,DESCENDING,0,FORM ISSUE,Uneven rise - avoid twisting torso
10533,46.5,48.4,118.0,107.1,112.6,94.6,112.0,138.6,5.9,0.74,DESCENDING,0,FORM ISSUE,Uneven rise - avoid twisting torso
10566,43.8,47.1,125.5,96.2,110.9,103.7,114.4,138.2,7.9,0.735,DESCENDING,0,FORM ISSUE,Uneven rise - avoid twisting torso
10600,43.4,45.9,112.1,66.5,89.3,104.1,112.5,142.7,4.7,0.733,DESCENDING,0,FORM ISSUE,Uneven rise - avoid twisting torso
10633,41.0,44.5,80.1,47.5,63.8,98.0,114.0,143.6,0.3,0.736,DESCENDING,0,FORM ISSUE,Uneven rise - avoid twisting torso
10666,38.4,42.6,74.8,46.3,60.6,87.4,112.2,142.9,0.7,0.742,DESCENDING,0,FORM ISSUE,Uneven rise - avoid twisting torso
10700,37.5,40.8,68.7,46.2,57.4,76.4,104.2,141.1,10.6,0.75,DESCENDING,0,FORM ISSUE,Uneven rise - avoid twisting torso
10733,34.8,39.0,71.1,51.4,61.3,66.5,113.2,140.6,11.1,0.756,DESCENDING,0,FORM ISSUE,Uneven rise - avoid twisting torso
10766,35.3,37.4,64.5,55.5,60.0,60.6,96.5,124.3,34.7,0.757,DESCENDING,0,FORM ISSUE,Uneven rise - avoid twisting torso
10800,38.5,36.9,54.3,60.5,57.4,59.3,86.4,145.4,56.3,0.743,DESCENDING,0,FORM ISSUE,Uneven rise - avoid twisting torso
10833,33.7,36.0,100.3,75.4,87.8,64.8,84.1,126.4,27.1,0.719,DESCENDING,0,FORM ISSUE,Uneven rise - avoid twisting torso
10866,31.5,34.7,92.4,67.8,80.1,69.3,90.5,124.0,17.5,0.694,DESCENDING,0,FORM ISSUE,Uneven rise - avoid twisting torso
10900,28.9,33.6,83.4,74.5,79.0,72.9,96.3,113.0,12.2,0.664,DESCENDING,0,FORM ISSUE,Uneven rise - avoid twisting torso
10933,24.4,31.4,97.8,89.1,93.5,79.6,87.3,108.5,13.5,0.635,DESCENDING,0,FORM ISSUE,Uneven rise - avoid twisting torso
10966,,,,,,,,,,0.498,DESCENDING,0,NO PERSON,Lie down in frame
11000,,,,,,,,,,0.487,DESCENDING,0,LOW CONFIDENCE,Adjust camera view
11033,,,,,,,,,,0.474,DESCENDING,0,LOW CONFIDENCE,Adjust camera view
11066,,,,,,,,,,0.467,DESCENDING,0,LOW CONFIDENCE,Adjust camera view
11100,,,,,,,,,,0.469,DESCENDING,0,LOW CONFIDENCE,Adjust camera view
11133,10.1,25.7,101.2,94.5,97.9,87.7,96.5,112.3,29.4,0.595,DESCENDING,0,FORM ISSUE,Uneven rise - avoid twisting torso
11166,12.0,21.4,98.4,90.6,94.5,89.0,97.4,110.8,28.1,0.607,DESCENDING,0,FORM ISSUE,Uneven rise - avoid twisting torso
11200,12.8,17.6,98.1,90.8,94.4,91.9,98.8,108.8,27.1,0.627,DESCENDING,0,FORM ISSUE,Uneven rise - avoid twisting torso
11233,13.4,14.6,97.0,90.8,93.9,94.8,105.0,114.5,29.3,0.653,DESCENDING,0,FORM ISSUE,Uneven rise - avoid twisting torso
11266,12.8,12.2,108.6,98.9,103.8,96.9,111.5,120.1,35.1,0.671,DESCENDING,0,FORM ISSUE,Uneven rise - avoid twisting torso
11300,9.5,12.1,111.1,107.8,109.4,99.2,124.4,121.0,43.0,0.687,DOWN,1,FORM ISSUE,Uneven rise - avoid twisting torso
11333,8.8,11.4,111.1,110.5,110.8,102.5,122.5,121.1,47.5,0.7,DOWN,1,FORM ISSUE,Uneven rise - avoid twisting torso
11366,9.3,10.7,109.0,122.8,115.9,106.8,119.5,113.4,56.4,0.705,DOWN,1,FORM ISSUE,Uneven rise - avoid twisting torso
11400,9.1,9.9,115.7,124.6,120.2,112.0,104.4,95.2,71.0,0.704,DOWN,1,FORM ISSUE,Uneven rise - avoid twisting torso
11433,11.2,9.6,110.7,103.7,107.2,112.7,90.2,102.2,53.1,0.698,DOWN,1,FORM ISSUE,Uneven rise - avoid twisting torso
11466,9.6,9.6,102.5,102.4,102.4,111.3,93.5,109.8,48.8,0.694,DOWN,1,FORM ISSUE,Uneven rise - avoid twisting torso
11500,7.6,9.4,108.1,108.3,108.2,110.8,95.1,113.4,36.1,0.693,DOWN,1,FORM ISSUE,Uneven rise - avoid twisting torso
11533,7.1,8.9,108.1,110.1,109.1,109.4,97.8,114.8,29.2,0.699,DOWN,1,FORM ISSUE,Uneven rise - avoid twisting torso
11566,6.4,8.4,112.2,106.9,109.6,107.3,98.6,114.6,30.7,0.709,DOWN,1,FORM ISSUE,Uneven rise - avoid twisting torso
11600,6.6,7.5,109.9,106.7,108.3,107.5,96.7,115.5,31.4,0.728,DOWN,1,FORM ISSUE,Uneven rise - avoid twisting torso
11633,6.6,6.9,108.1,104.6,106.4,108.3,99.9,114.9,33.4,0.745,DOWN,1,FORM ISSUE,Uneven rise - avoid twisting torso
11666,6.9,6.7,107.4,105.4,106.4,107.9,103.1,115.8,37.1,0.762,DOWN,1,FORM ISSUE,Uneven rise - avoid twisting torso
11700,6.4,6.6,109.1,108.0,108.6,107.8,102.7,117.0,36.1,0.775,DOWN,1,FORM ISSUE,Uneven rise - avoid twisting torso
11733,6.4,6.6,106.5,108.4,107.5,107.4,102.7,117.4,40.2,0.788,DOWN,1,FORM ISSUE,Uneven rise - avoid twisting torso
11766,7.1,6.7,106.3,107.3,106.8,107.1,102.3,115.6,49.5,0.799,DOWN,1,FORM ISSUE,Uneven rise - avoid twisting torso
11800,6.1,6.6,106.3,108.6,107.5,107.3,103.1,117.3,43.8,0.809,DOWN,1,FORM ISSUE,Uneven rise - avoid twisting torso
11833,6.8,6.5,105.5,105.9,105.7,107.2,104.5,117.3,46.1,0.816,DOWN,1,FORM ISSUE,Uneven rise - avoid twisting torso
11866,6.4,6.6,105.6,104.4,105.0,106.5,107.3,121.8,44.8,0.822,DOWN,1,FORM ISSUE,Uneven rise - avoid twisting torso
11900,6.3,6.5,106.0,103.7,104.8,106.0,108.9,124.3,46.8,0.826,DOWN,1,FORM ISSUE,Uneven rise - avoid twisting torso
11933,6.5,6.4,105.6,102.5,104.0,105.4,107.7,120.1,50.9,0.824,DOWN,1,FORM ISSUE,Uneven rise - avoid twisting torso
11966,6.2,6.4,104.5,101.7,103.1,104.5,110.7,119.1,46.4,0.818,DOWN,1,FORM ISSUE,Uneven rise - avoid twisting torso
12000,6.5,6.4,102.3,98.7,100.5,103.5,109.2,120.0,39.9,0.808,DOWN,1,FORM ISSUE,Uneven rise - avoid twisting torso
12033,7.0,6.5,101.2,94.8,98.0,102.1,112.0,123.4,39.3,0.798,DOWN,1,FORM ISSUE,Uneven rise - avoid twisting torso
12066,7.5,6.7,99.8,92.1,96.0,100.3,110.5,123.6,38.2,0.787,DOWN,1,FORM ISSUE,Uneven rise - avoid twisting torso
12100,8.0,7.0,97.3,89.5,93.4,98.2,102.5,119.1,36.8,0.776,DOWN,1,FORM ISSUE,Uneven rise - avoid twisting torso
12133,7.8,7.4,97.2,89.5,93.4,96.2,103.1,118.1,35.8,0.766,DOWN,1,FORM ISSUE,Uneven rise - avoid twisting torso
12166,7.9,7.6,96.3,88.6,92.4,94.6,104.7,123.3,49.6,0.751,DOWN,1,FORM ISSUE,Uneven rise - avoid twisting torso
12200,8.6,8.0,96.2,87.2,91.7,93.4,99.8,119.1,48.3,0.735,DOWN,1,FORM ISSUE,Uneven rise - avoid twisting torso
12233,8.6,8.2,96.4,87.1,91.8,92.5,98.7,119.1,46.1,0.715,DOWN,1,FORM ISSUE,Uneven rise - avoid twisting torso
12266,8.7,8.3,97.6,87.2,92.4,92.3,97.7,120.7,44.3,0.698,DOWN,1,FORM ISSUE,Uneven rise - avoid twisting torso
12300,8.5,8.5,98.3,87.2,92.8,92.2,98.2,119.5,48.3,0.679,DOWN,1,FORM ISSUE,Uneven rise - avoid twisting torso
12333,7.7,8.4,99.9,88.4,94.1,92.5,97.3,121.4,36.7,0.665,DOWN,1,FORM ISSUE,Uneven rise - avoid twisting torso
12366,7.5,8.2,99.7,89.1,94.4,93.1,96.0,117.4,43.8,0.649,DOWN,1,FORM ISSUE,Uneven rise - avoid twisting torso
12400,6.7,7.8,101.0,92.5,96.8,94.1,93.9,117.4,39.4,0.636,DOWN,1,FORM ISSUE,Uneven rise - avoid twisting torso
12433,6.1,7.3,101.9,92.9,97.4,95.1,93.6,118.4,37.9,0.624,DOWN,1,FORM ISSUE,Uneven rise - avoid twisting torso
12466,5.9,6.8,102.6,93.8,98.2,96.2,91.4,115.3,38.3,0.611,DOWN,1,FORM ISSUE,Uneven rise - avoid twisting torso
12500,5.4,6.3,104.1,96.0,100.0,97.4,90.8,116.6,39.0,0.6,DOWN,1,FORM ISSUE,Uneven rise - avoid twisting torso
12533,5.6,5.9,104.8,96.1,100.5,98.6,96.2,121.2,41.9,0.597,DOWN,1,FORM ISSUE,Uneven rise - avoid twisting torso
12566,5.7,5.7,104.7,96.1,100.4,99.3,96.6,117.2,46.0,0.593,DOWN,1,FORM ISSUE,Uneven rise - avoid twisting torso
12600,5.7,5.7,105.0,97.1,101.1,100.0,96.3,116.5,43.1,0.592,DOWN,1,FORM ISSUE,Uneven rise - avoid twisting torso
12633,5.7,5.6,104.9,97.7,101.3,100.7,95.8,114.6,41.6,0.592,DOWN,1,FORM ISSUE,Uneven rise - avoid twisting torso
12666,5.6,5.7,105.0,98.0,101.5,100.9,97.2,119.6,40.4,0.593,DOWN,1,FORM ISSUE,Uneven rise - avoid twisting torso
12700,5.9,5.7,105.1,96.6,100.9,101.0,98.6,116.1,39.7,0.593,DOWN,1,FORM ISSUE,Uneven rise - avoid twisting torso
12733,5.7,5.7,104.3,96.2,100.3,101.0,101.5,116.8,40.1,0.597,DOWN,1,FORM ISSUE,Uneven rise - avoid twisting torso
12766,6.4,5.9,103.5,94.5,99.0,100.6,101.9,115.6,39.3,0.601,DOWN,1,FORM ISSUE,Uneven rise - avoid twisting torso
12800,6.4,6.0,101.4,92.9,97.2,99.8,101.6,116.6,40.2,0.609,DOWN,1,FORM ISSUE,Uneven rise - avoid twisting torso
12833,6.0,6.1,101.7,93.1,97.4,98.9,102.3,120.1,35.5,0.618,DOWN,1,FORM ISSUE,Uneven rise - avoid twisting torso
12866,6.1,6.1,101.3,92.8,97.0,98.2,101.1,120.6,35.9,0.625,DOWN,1,FORM ISSUE,Uneven rise - avoid twisting torso
12900,6.2,6.2,102.1,93.3,97.7,97.7,101.3,122.7,34.3,0.631,DOWN,1,FORM ISSUE,Uneven rise - avoid twisting torso
12933,6.4,6.2,103.0,94.0,98.5,97.6,101.4,122.7,30.5,0.637,DOWN,1,FORM ISSUE,Uneven rise - avoid twisting torso
12966,6.4,6.2,102.9,95.4,99.2,98.0,101.5,122.8,38.0,0.641,DOWN,1,FORM ISSUE,Uneven rise - avoid twisting torso
13000,7.0,6.4,103.2,94.3,98.7,98.2,101.3,120.9,29.3,0.642,DOWN,1,FORM ISSUE,Uneven rise - avoid twisting torso
13033,5.7,6.3,103.3,96.7,100.0,98.8,101.5,125.4,30.1,0.643,DOWN,1,FORM ISSUE,Uneven rise - avoid twisting torso
13066,4.9,6.1,102.7,98.4,100.5,99.4,103.3,124.9,35.6,0.643,DOWN,1,FORM ISSUE,Uneven rise - avoid twisting torso
13100,5.2,5.8,101.2,97.4,99.3,99.5,99.3,124.3,40.7,0.638,DOWN,1,FORM ISSUE,Uneven rise - avoid twisting torso
13133,5.4,5.7,100.7,97.2,98.9,99.5,97.8,122.5,35.0,0.632,DOWN,1,FORM ISSUE,Uneven rise - avoid twisting torso
13166,5.4,5.3,100.6,97.9,99.3,99.6,93.4,124.4,33.2,0.625,DOWN,1,FORM ISSUE,Uneven rise - avoid twisting torso
13200,5.4,5.3,100.3,96.6,98.5,99.3,97.6,128.8,34.5,0.62,DOWN,1,FORM ISSUE,Uneven rise - avoid twisting torso
13233,6.8,5.7,100.0,93.7,96.9,98.6,96.0,120.7,34.7,0.614,DOWN,1,FORM ISSUE,Uneven rise - avoid twisting torso
13266,6.9,6.0,100.0,94.7,97.4,98.2,97.0,122.6,39.6,0.61,DOWN,1,FORM ISSUE,Uneven rise - avoid twisting torso
13300,7.0,6.3,102.0,98.3,100.1,98.4,103.2,125.0,43.9,0.609,DOWN,1,FORM ISSUE,Uneven rise - avoid twisting torso
13333,7.2,6.7,103.0,99.5,101.2,98.8,104.6,126.8,43.5,0.61,DOWN,1,FORM ISSUE,Uneven rise - avoid twisting torso
13366,6.7,6.9,105.5,101.9,103.7,99.9,110.4,128.2,38.6,0.611,DOWN,1,FORM ISSUE,Uneven rise - avoid twisting torso
13400,6.6,6.9,105.9,101.7,103.8,101.3,111.5,129.9,40.5,0.616,DOWN,1,FORM ISSUE,Uneven rise - avoid twisting torso
13433,6.0,6.7,107.2,102.9,105.1,102.8,111.8,129.7,39.6,0.621,DOWN,1,FORM ISSUE,Uneven rise - avoid twisting torso
13466,5.2,6.4,109.2,102.8,106.0,104.0,111.0,126.6,38.6,0.623,DOWN,1,FORM ISSUE,Uneven rise - avoid twisting torso
13500,5.9,6.1,109.0,101.9,105.5,104.8,110.8,124.5,41.0,0.625,DOWN,1,FORM ISSUE,Uneven rise - avoid twisting torso
13533,5.8,5.9,109.8,102.2,106.0,105.3,111.4,125.6,42.6,0.625,DOWN,1,FORM ISSUE,Uneven rise - avoid twisting torso
13566,5.5,5.7,110.6,103.0,106.8,105.9,111.5,123.9,41.0,0.625,DOWN,1,FORM ISSUE,Uneven rise - avoid twisting torso
13600,3.8,5.2,113.4,104.6,109.0,106.6,109.3,121.1,35.6,0.622,DOWN,1,FORM ISSUE,Uneven rise - avoid twisting torso
13633,3.8,5.0,112.8,104.7,108.7,107.2,110.7,122.3,37.0,0.623,DOWN,1,FORM ISSUE,Uneven rise - avoid twisting torso
13666,3.9,4.6,111.1,104.6,107.8,107.7,109.6,122.1,34.0,0.624,DOWN,1,FORM ISSUE,Uneven rise - avoid twisting torso
13700,4.3,4.3,108.2,102.3,105.3,107.5,109.3,120.2,33.1,0.625,DOWN,1,FORM ISSUE,Uneven rise - avoid twisting torso
13733,4.9,4.1,103.6,97.2,100.4,106.2,106.9,119.8,28.1,0.624,DOWN,1,FORM ISSUE,Uneven rise - avoid twisting torso
13766,5.0,4.4,102.2,95.2,98.7,104.2,104.6,120.6,28.5,0.629,DOWN,1,FORM ISSUE,Uneven rise - avoid twisting torso
13800,5.4,4.7,101.1,92.9,97.0,101.8,102.7,122.7,28.3,0.632,DOWN,1,FORM ISSUE,Uneven rise - avoid twisting torso
13833,5.2,5.0,100.8,93.3,97.1,99.7,99.7,124.2,29.4,0.636,DOWN,1,FORM ISSUE,Uneven rise - avoid twisting torso
13866,5.6,5.2,100.3,92.9,96.6,97.9,96.4,123.3,36.3,0.639,DOWN,1,FORM ISSUE,Uneven rise - avoid twisting torso
13900,6.2,5.5,100.4,92.2,96.3,97.1,97.1,121.9,37.3,0.641,DOWN,1,FORM ISSUE,Uneven rise - avoid twisting torso
13933,6.2,5.7,100.3,92.5,96.4,96.7,96.7,124.0,35.6,0.643,DOWN,1,FORM ISSUE,Uneven rise - avoid twisting torso
13966,7.3,6.1,98.7,92.2,95.5,96.4,95.8,123.9,37.8,0.642,DOWN,1,FORM ISSUE,Uneven rise - avoid twisting torso
14000,6.7,6.4,99.7,93.0,96.3,96.2,95.7,126.7,39.7,0.641,DOWN,1,FORM ISSUE,Uneven rise - avoid twisting torso
14033,7.5,6.8,98.9,92.3,95.6,96.0,94.5,123.3,38.2,0.638,DOWN,1,FORM ISSUE,Uneven rise - avoid twisting torso
14066,7.1,7.0,98.9,92.7,95.8,95.9,93.4,123.6,40.7,0.632,DOWN,1,FORM ISSUE,Uneven rise - avoid twisting torso
14100,7.1,7.2,99.5,93.6,96.5,96.0,91.2,116.0,45.3,0.622,DOWN,1,FORM ISSUE,Uneven rise - avoid twisting torso
14133,6.8,7.1,99.6,93.4,96.5,96.2,92.5,125.7,39.6,0.615,DOWN,1,FORM ISSUE,Uneven rise - avoid twisting torso
14166,6.0,6.9,99.4,95.1,97.3,96.3,92.3,125.3,41.6,0.607,DOWN,1,FORM ISSUE,Uneven rise - avoid twisting torso
14200,5.4,6.5,100.0,96.6,98.3,96.9,94.1,126.7,43.5,0.599,DOWN,1,FORM ISSUE,Uneven rise - avoid twisting torso
14233,3.9,5.9,104.0,97.5,100.8,97.9,97.3,130.2,38.7,0.596,DOWN,1,FORM ISSUE,Uneven rise - avoid twisting torso
14266,7.7,6.0,99.7,97.0,98.4,98.2,99.5,138.6,37.2,0.592,DOWN,1,FORM ISSUE,Uneven rise - avoid twisting torso
14300,10.9,6.8,97.6,94.4,96.0,98.1,103.0,139.0,37.2,0.585,DOWN,1,FORM ISSUE,Uneven rise - avoid twisting torso
14333,11.0,7.8,97.6,93.6,95.6,97.8,102.7,136.3,34.3,0.582,DOWN,1,FORM ISSUE,Uneven rise - avoid twisting torso
14366,10.8,8.9,99.4,95.2,97.3,97.6,103.1,137.2,24.0,0.584,DOWN,1,FORM ISSUE,Uneven rise - avoid twisting torso
14400,9.0,9.9,98.0,95.3,96.6,96.8,104.0,129.6,16.6,0.588,DOWN,1,FORM ISSUE,Uneven rise - avoid twisting torso
14433,9.9,10.3,101.0,92.1,96.5,96.4,96.3,123.9,18.1,0.602,DOWN,1,FORM ISSUE,Uneven rise - avoid twisting torso
14466,13.3,10.8,100.3,82.7,91.5,95.5,89.7,123.9,19.0,0.621,DOWN,1,FORM ISSUE,Uneven rise - avoid twisting torso
14500,15.4,11.6,105.6,79.4,92.5,94.9,88.5,123.7,16.0,0.641,DOWN,1,FORM ISSUE,Uneven rise - avoid twisting torso
14533,19.3,13.3,116.5,75.3,95.9,94.6,86.6,122.8,12.6,0.66,DOWN,1,FORM ISSUE,Uneven rise - avoid twisting torso
14566,22.1,16.0,119.1,76.0,97.5,94.8,86.8,123.4,8.7,0.675,DOWN,1,FORM ISSUE,Uneven rise - avoid twisting torso
14600,26.2,19.3,112.3,72.9,92.6,94.0,86.5,126.2,8.9,0.687,DOWN,1,FORM ISSUE,Uneven rise - avoid twisting torso
14633,29.6,22.5,112.6,71.8,92.2,94.1,94.9,128.7,7.9,0.698,DOWN,1,FORM ISSUE,Uneven rise - avoid twisting torso
14666,34.9,26.4,144.2,71.7,108.0,97.2,103.7,130.4,13.8,0.709,DOWN,1,FORM ISSUE,Uneven rise - avoid twisting torso
14700,37.2,30.0,163.8,71.5,117.7,101.6,106.7,133.7,16.2,0.724,DOWN,1,FORM ISSUE,Uneven rise - avoid twisting torso
14733,39.9,33.6,170.9,82.4,126.7,107.4,112.6,135.6,29.9,0.737,ASCENDING,1,FORM ISSUE,Uneven rise - avoid twisting torso
14766,44.4,37.2,178.7,151.2,164.9,121.9,124.3,138.5,50.1,0.742,ASCENDING,1,FORM ISSUE,Uneven rise - avoid twisting torso
14800,46.2,40.5,172.3,143.6,157.9,135.0,129.3,139.7,50.6,0.745,ASCENDING,1,FORM ISSUE,Uneven rise - avoid twisting torso
14833,46.7,42.9,171.0,159.3,165.2,146.5,144.7,143.2,61.2,0.737,ASCENDING,1,FORM ISSUE,Uneven rise - avoid twisting torso
14866,46.7,44.8,128.9,176.1,152.5,153.4,150.4,148.5,67.5,0.715,ASCENDING,1,FORM ISSUE,Uneven rise - avoid twisting torso
14900,46.7,46.1,118.5,173.7,146.1,157.3,148.5,148.3,69.7,0.686,ASCENDING,1,FORM ISSUE,Uneven rise - avoid twisting torso
14933,47.7,46.8,104.2,173.2,138.7,152.1,152.7,147.8,68.3,0.651,ASCENDING,1,FORM ISSUE,Uneven rise - avoid twisting torso
14966,49.9,47.5,138.0,156.6,147.3,150.0,152.3,147.4,68.0,0.608,ASCENDING,1,FORM ISSUE,Uneven rise - avoid twisting torso
15000,50.2,48.2,123.2,144.7,134.0,143.7,148.1,146.5,72.3,0.561,ASCENDING,1,FORM ISSUE,Uneven rise - avoid twisting torso
15033,50.9,49.1,121.4,159.9,140.7,141.4,147.1,146.6,73.4,0.516,ASCENDING,1,FORM ISSUE,Uneven rise - avoid twisting torso
15066,,,,,,,,,,0.472,ASCENDING,1,LOW CONFIDENCE,Adjust camera view
15100,,,,,,,,,,0.432,ASCENDING,1,LOW CONFIDENCE,Adjust camera view
15133,,,,,,,,,,0.396,ASCENDING,1,LOW CONFIDENCE,Adjust camera view
15166,,,,,,,,,,0.363,ASCENDING,1,LOW CONFIDENCE,Adjust camera view
15200,,,,,,,,,,0.332,ASCENDING,1,LOW CONFIDENCE,Adjust camera view
15233,,,,,,,,,,0.303,ASCENDING,1,LOW CONFIDENCE,Adjust camera view
15266,,,,,,,,,,0.278,ASCENDING,1,LOW CONFIDENCE,Adjust camera view
15300,,,,,,,,,,0.256,ASCENDING,1,LOW CONFIDENCE,Adjust camera view
15333,,,,,,,,,,0.237,ASCENDING,1,LOW CONFIDENCE,Adjust camera view
15366,,,,,,,,,,0.221,ASCENDING,1,LOW CONFIDENCE,Adjust camera view
15400,,,,,,,,,,0.207,ASCENDING,1,LOW CONFIDENCE,Adjust camera view
15433,,,,,,,,,,0.194,ASCENDING,1,LOW CONFIDENCE,Adjust camera view
15466,,,,,,,,,,0.183,ASCENDING,1,LOW CONFIDENCE,Adjust camera view
15500,,,,,,,,,,0.173,ASCENDING,1,LOW CONFIDENCE,Adjust camera view
15533,,,,,,,,,,0.164,ASCENDING,1,LOW CONFIDENCE,Adjust camera view
15566,,,,,,,,,,0.155,ASCENDING,1,LOW CONFIDENCE,Adjust camera view
15600,,,,,,,,,,0.148,ASCENDING,1,LOW CONFIDENCE,Adjust camera view
15633,,,,,,,,,,0.142,ASCENDING,1,LOW CONFIDENCE,Adjust camera view
15666,,,,,,,,,,0.138,ASCENDING,1,LOW CONFIDENCE,Adjust camera view
15700,,,,,,,,,,0.135,ASCENDING,1,LOW CONFIDENCE,Adjust camera view
15733,,,,,,,,,,0.133,ASCENDING,1,LOW CONFIDENCE,Adjust camera view
15766,,,,,,,,,,0.131,ASCENDING,1,LOW CONFIDENCE,Adjust camera view
15800,,,,,,,,,,0.129,ASCENDING,1,LOW CONFIDENCE,Adjust camera view
15833,,,,,,,,,,0.137,ASCENDING,1,LOW CONFIDENCE,Adjust camera view
15866,,,,,,,,,,0.15,ASCENDING,1,LOW CONFIDENCE,Adjust camera view
15900,,,,,,,,,,0.17,ASCENDING,1,LOW CONFIDENCE,Adjust camera view
15933,,,,,,,,,,0.194,ASCENDING,1,LOW CONFIDENCE,Adjust camera view
15966,,,,,,,,,,0.231,ASCENDING,1,LOW CONFIDENCE,Adjust camera view
16000,,,,,,,,,,0.271,ASCENDING,1,LOW CONFIDENCE,Adjust camera view
16033,,,,,,,,,,0.318,ASCENDING,1,LOW CONFIDENCE,Adjust camera view
16066,,,,,,,,,,0.368,ASCENDING,1,LOW CONFIDENCE,Adjust camera view
16100,,,,,,,,,,0.423,ASCENDING,1,LOW CONFIDENCE,Adjust camera view
16133,,,,,,,,,,0.475,ASCENDING,1,LOW CONFIDENCE,Adjust camera view
16166,39.4,47.6,116.0,58.4,87.2,129.6,100.2,129.9,3.8,0.522,ASCENDING,1,FORM ISSUE,Uneven rise - avoid twisting torso
16200,38.2,45.7,112.8,58.5,85.7,119.0,100.7,131.4,5.1,0.565,ASCENDING,1,FORM ISSUE,Uneven rise - avoid twisting torso
16233,37.8,43.3,104.9,57.1,81.0,105.7,101.1,132.1,5.5,0.605,ASCENDING,1,FORM ISSUE,Uneven rise - avoid twisting torso
16266,37.5,40.7,110.9,56.3,83.6,95.6,101.1,132.2,5.6,0.64,ASCENDING,1,FORM ISSUE,Uneven rise - avoid twisting torso
16300,36.9,37.9,114.5,57.3,85.9,84.7,99.4,132.9,6.6,0.673,ASCENDING,1,FORM ISSUE,Uneven rise - avoid twisting torso
16333,37.1,37.5,113.8,55.7,84.7,84.2,97.9,133.2,6.3,0.703,ASCENDING,1,FORM ISSUE,Uneven rise - avoid twisting torso
16366,36.9,37.2,113.9,56.8,85.4,84.1,93.2,132.7,6.9,0.729,ASCENDING,1,FORM ISSUE,Uneven rise - avoid twisting torso
16400,37.0,37.1,111.9,57.6,84.8,84.9,93.5,132.6,5.3,0.751,ASCENDING,1,FORM ISSUE,Uneven rise - avoid twisting torso
16433,37.4,37.1,105.9,57.2,81.5,84.5,93.0,132.2,4.9,0.769,ASCENDING,1,FORM ISSUE,Uneven rise - avoid twisting torso
16466,38.9,37.4,101.2,58.0,79.6,83.2,94.2,133.0,2.0,0.783,ASCENDING,1,FORM ISSUE,Uneven rise - avoid twisting torso
16500,40.5,38.1,98.9,58.0,78.4,81.9,98.0,135.0,5.0,0.796,ASCENDING,1,FORM ISSUE,Uneven rise - avoid twisting torso
16533,43.0,39.3,117.3,57.8,87.6,82.4,105.5,137.0,9.4,0.806,ASCENDING,1,FORM ISSUE,Uneven rise - avoid twisting torso
16566,43.5,40.6,160.3,58.7,109.5,87.3,111.5,137.1,13.3,0.817,ASCENDING,1,FORM ISSUE,Uneven rise - avoid twisting torso
16600,44.4,42.0,178.1,57.6,117.8,94.6,114.1,137.9,19.5,0.826,ASCENDING,1,FORM ISSUE,Uneven rise - avoid twisting torso
16633,47.2,43.7,141.5,105.8,123.6,103.4,125.7,140.2,31.8,0.823,ASCENDING,1,FORM ISSUE,Uneven rise - avoid twisting torso
16666,47.3,45.1,132.3,61.8,97.1,107.1,135.1,140.9,32.2,0.81,ASCENDING,1,FORM ISSUE,Uneven rise - avoid twisting torso
16700,48.2,46.1,116.5,122.9,119.7,113.6,145.3,142.5,32.0,0.787,ASCENDING,1,FORM ISSUE,Uneven rise - avoid twisting torso
16733,49.2,47.3,123.0,146.2,134.6,118.6,148.5,144.1,33.0,0.756,ASCENDING,1,FORM ISSUE,Uneven rise - avoid twisting torso
16766,49.4,48.2,117.8,127.9,122.8,119.6,149.9,145.9,34.7,0.719,ASCENDING,1,FORM ISSUE,Uneven rise - avoid twisting torso
16800,49.4,48.7,131.5,178.2,154.8,125.8,149.6,147.6,34.1,0.682,ASCENDING,1,FORM ISSUE,Uneven rise - avoid twisting torso
16833,49.6,49.1,130.9,141.1,136.0,133.6,148.8,147.9,33.9,0.649,ASCENDING,1,FORM ISSUE,Uneven rise - avoid twisting torso
16866,49.7,49.4,112.8,129.0,120.9,133.8,147.0,149.1,36.2,0.618,ASCENDING,1,FORM ISSUE,Uneven rise - avoid twisting torso
16900,49.7,49.6,140.7,113.9,127.3,132.4,147.3,151.0,37.6,0.588,ASCENDING,1,FORM ISSUE,Uneven rise - avoid twisting torso
16933,49.1,49.5,98.2,65.3,81.7,124.2,144.8,148.4,34.1,0.562,ASCENDING,1,FORM ISSUE,Uneven rise - avoid twisting torso
16966,48.7,49.4,158.3,69.3,113.8,116.0,147.2,147.8,33.3,0.54,ASCENDING,1,FORM ISSUE,Uneven rise - avoid twisting torso
17000,49.2,49.3,167.2,108.9,138.0,116.4,153.2,151.1,34.7,0.515,ASCENDING,1,FORM ISSUE,Uneven rise - avoid twisting torso
17033,,,,,,,,,,0.487,ASCENDING,1,LOW CONFIDENCE,Adjust camera view
17066,,,,,,,,,,0.458,ASCENDING,1,LOW CONFIDENCE,Adjust camera view
17100,,,,,,,,,,0.424,ASCENDING,1,LOW CONFIDENCE,Adjust camera view
17133,,,,,,,,,,0.39,ASCENDING,1,LOW CONFIDENCE,Adjust camera view
17166,,,,,,,,,,0.359,ASCENDING,1,LOW CONFIDENCE,Adjust camera view
17200,,,,,,,,,,0.334,ASCENDING,1,LOW CONFIDENCE,Adjust camera view
17233,,,,,,,,,,0.312,ASCENDING,1,LOW CONFIDENCE,Adjust camera view
17266,,,,,,,,,,0.291,ASCENDING,1,LOW CONFIDENCE,Adjust camera view
17300,,,,,,,,,,0.272,ASCENDING,1,LOW CONFIDENCE,Adjust camera view
17333,,,,,,,,,,0.255,ASCENDING,1,LOW CONFIDENCE,Adjust camera view
17366,,,,,,,,,,0.237,ASCENDING,1,LOW CONFIDENCE,Adjust camera view
17400,,,,,,,,,,0.227,ASCENDING,1,LOW CONFIDENCE,Adjust camera view
17433,,,,,,,,,,0.221,ASCENDING,1,LOW CONFIDENCE,Adjust camera view
17466,,,,,,,,,,0.224,ASCENDING,1,LOW CONFIDENCE,Adjust camera view
17500,,,,,,,,,,0.229,ASCENDING,1,LOW CONFIDENCE,Adjust camera view
17533,,,,,,,,,,0.237,ASCENDING,1,LOW CONFIDENCE,Adjust camera view
17566,,,,,,,,,,0.25,ASCENDING,1,LOW CONFIDENCE,Adjust camera view
17600,,,,,,,,,,0.269,ASCENDING,1,LOW CONFIDENCE,Adjust camera view
17633,,,,,,,,,,0.293,ASCENDING,1,LOW CONFIDENCE,Adjust camera view
17666,,,,,,,,,,0.316,ASCENDING,1,LOW CONFIDENCE,Adjust camera view
17700,,,,,,,,,,0.341,ASCENDING,1,LOW CONFIDENCE,Adjust camera view
17733,,,,,,,,,,0.361,ASCENDING,1,LOW CONFIDENCE,Adjust camera view
17766,,,,,,,,,,0.373,ASCENDING,1,LOW CONFIDENCE,Adjust camera view
17800,,,,,,,,,,0.372,ASCENDING,1,LOW CONFIDENCE,Adjust camera view
17833,,,,,,,,,,0.373,ASCENDING,1,LOW CONFIDENCE,Adjust camera view
17866,,,,,,,,,,0.371,ASCENDING,1,LOW CONFIDENCE,Adjust camera view
17900,,,,,,,,,,0.368,ASCENDING,1,LOW CONFIDENCE,Adjust camera view
17933,,,,,,,,,,0.37,ASCENDING,1,LOW CONFIDENCE,Adjust camera view
17966,,,,,,,,,,0.377,ASCENDING,1,LOW CONFIDENCE,Adjust camera view
18000,,,,,,,,,,0.381,ASCENDING,1,LOW CONFIDENCE,Adjust camera view
18033,,,,,,,,,,0.382,ASCENDING,1,LOW CONFIDENCE,Adjust camera view
18066,,,,,,,,,,0.377,ASCENDING,1,LOW CONFIDENCE,Adjust camera view
18100,,,,,,,,,,0.365,ASCENDING,1,LOW CONFIDENCE,Adjust camera view
18133,,,,,,,,,,0.353,ASCENDING,1,LOW CONFIDENCE,Adjust camera view
18166,,,,,,,,,,0.347,ASCENDING,1,LOW CONFIDENCE,Adjust camera view
18200,,,,,,,,,,0.342,ASCENDING,1,LOW CONFIDENCE,Adjust camera view
18233,,,,,,,,,,0.343,ASCENDING,1,LOW CONFIDENCE,Adjust camera view
18266,,,,,,,,,,0.351,ASCENDING,1,LOW CONFIDENCE,Adjust camera view
18300,,,,,,,,,,0.359,ASCENDING,1,LOW CONFIDENCE,Adjust camera view
18333,,,,,,,,,,0.36,ASCENDING,1,LOW CONFIDENCE,Adjust camera view
18366,,,,,,,,,,0.361,ASCENDING,1,LOW CONFIDENCE,Adjust camera view
18400,,,,,,,,,,0.292,ASCENDING,1,NO PERSON,Lie down in frame
18433,,,,,,,,,,0.282,ASCENDING,1,LOW CONFIDENCE,Adjust camera view
18466,,,,,,,,,,0.27,ASCENDING,1,LOW CONFIDENCE,Adjust camera view
18500,,,,,,,,,,0.256,ASCENDING,1,LOW CONFIDENCE,Adjust camera view
18533,,,,,,,,,,0.244,ASCENDING,1,LOW CONFIDENCE,Adjust camera view
18566,,,,,,,,,,0.299,ASCENDING,1,LOW CONFIDENCE,Adjust camera view
18600,,,,,,,,,,0.286,ASCENDING,1,LOW CONFIDENCE,Adjust camera view
18633,,,,,,,,,,0.273,ASCENDING,1,LOW CONFIDENCE,Adjust camera view
18666,,,,,,,,,,0.26,ASCENDING,1,LOW CONFIDENCE,Adjust camera view
18700,,,,,,,,,,0.248,ASCENDING,1,LOW CONFIDENCE,Adjust camera view
18733,,,,,,,,,,0.242,ASCENDING,1,LOW CONFIDENCE,Adjust camera view
18766,,,,,,,,,,0.246,ASCENDING,1,LOW CONFIDENCE,Adjust camera view
18800,,,,,,,,,,0.253,ASCENDING,1,LOW CONFIDENCE,Adjust camera view
18833,,,,,,,,,,0.263,ASCENDING,1,LOW CONFIDENCE,Adjust camera view
18866,,,,,,,,,,0.278,ASCENDING,1,LOW CONFIDENCE,Adjust camera view
18900,,,,,,,,,,0.286,ASCENDING,1,LOW CONFIDENCE,Adjust camera view
18933,,,,,,,,,,0.293,ASCENDING,1,LOW CONFIDENCE,Adjust camera view
18966,,,,,,,,,,0.302,ASCENDING,1,LOW CONFIDENCE,Adjust camera view
19000,,,,,,,,,,0.312,ASCENDING,1,LOW CONFIDENCE,Adjust camera view
19033,,,,,,,,,,0.322,ASCENDING,1,LOW CONFIDENCE,Adjust camera view
19066,,,,,,,,,,0.336,ASCENDING,1,LOW CONFIDENCE,Adjust camera view
19100,,,,,,,,,,0.343,ASCENDING,1,LOW CONFIDENCE,Adjust camera view
19133,,,,,,,,,,0.346,ASCENDING,1,LOW CONFIDENCE,Adjust camera view
19166,,,,,,,,,,0.35,ASCENDING,1,LOW CONFIDENCE,Adjust camera view
19200,,,,,,,,,,0.35,ASCENDING,1,LOW CONFIDENCE,Adjust camera view
19233,,,,,,,,,,0.347,ASCENDING,1,LOW CONFIDENCE,Adjust camera view
19266,,,,,,,,,,0.342,ASCENDING,1,LOW CONFIDENCE,Adjust camera view
19300,,,,,,,,,,0.339,ASCENDING,1,LOW CONFIDENCE,Adjust camera view
19333,,,,,,,,,,0.332,ASCENDING,1,LOW CONFIDENCE,Adjust camera view
19366,,,,,,,,,,0.324,ASCENDING,1,LOW CONFIDENCE,Adjust camera view
19400,,,,,,,,,,0.325,ASCENDING,1,LOW CONFIDENCE,Adjust camera view
19433,,,,,,,,,,0.328,ASCENDING,1,LOW CONFIDENCE,Adjust camera view
19466,,,,,,,,,,0.343,ASCENDING,1,LOW CONFIDENCE,Adjust camera view
19500,,,,,,,,,,0.368,ASCENDING,1,LOW CONFIDENCE,Adjust camera view
19533,,,,,,,,,,0.405,ASCENDING,1,LOW CONFIDENCE,Adjust camera view
19566,,,,,,,,,,0.442,ASCENDING,1,LOW CONFIDENCE,Adjust camera view
19600,,,,,,,,,,0.486,ASCENDING,1,LOW CONFIDENCE,Adjust camera view
19633,36.6,46.6,172.0,92.2,132.1,118.6,110.8,127.3,20.6,0.526,ASCENDING,1,FORM ISSUE,Uneven rise - avoid twisting torso
19666,36.5,44.0,171.6,94.5,133.1,119.7,112.9,124.9,18.1,0.565,ASCENDING,1,FORM ISSUE,Uneven rise - avoid twisting torso
19700,37.5,41.7,171.1,91.7,131.4,129.7,111.1,126.0,15.8,0.6,ASCENDING,1,FORM ISSUE,Uneven rise - avoid twisting torso
19733,37.9,39.5,168.5,86.9,127.7,132.5,107.3,125.5,10.8,0.633,ASCENDING,1,FORM ISSUE,Uneven rise - avoid twisting torso
19766,38.2,37.3,163.8,89.9,126.9,130.2,107.9,125.6,16.9,0.664,ASCENDING,1,FORM ISSUE,Uneven rise - avoid twisting torso
19800,37.7,37.6,153.2,88.2,120.7,127.9,109.7,128.6,31.1,0.692,ASCENDING,1,FORM ISSUE,Uneven rise - avoid twisting torso
19833,39.4,38.1,157.9,85.5,121.7,125.7,111.2,132.0,42.8,0.718,ASCENDING,1,FORM ISSUE,Uneven rise - avoid twisting torso
19866,40.1,38.7,151.0,81.0,116.0,122.6,111.9,133.1,43.3,0.74,ASCENDING,1,FORM ISSUE,Uneven rise - avoid twisting torso
19900,39.9,39.1,150.6,80.5,115.5,120.2,112.8,134.9,41.1,0.76,ASCENDING,1,FORM ISSUE,Uneven rise - avoid twisting torso
19933,39.7,39.4,157.1,77.9,117.5,118.3,115.3,138.6,40.8,0.777,ASCENDING,1,FORM ISSUE,Uneven rise - avoid twisting torso
19966,39.5,39.7,166.8,85.3,126.1,119.4,119.9,141.3,38.8,0.79,ASCENDING,1,FORM ISSUE,Uneven rise - avoid twisting torso
20000,40.0,39.8,157.1,81.4,119.3,118.9,118.3,139.9,30.0,0.802,ASCENDING,1,FORM ISSUE,Uneven rise - avoid twisting torso
20033,41.0,40.0,165.4,79.6,122.5,120.2,117.0,139.6,26.0,0.812,ASCENDING,1,FORM ISSUE,Uneven rise - avoid twisting torso
20066,43.2,40.7,142.9,76.1,109.5,119.0,118.5,140.0,25.6,0.822,ASCENDING,1,FORM ISSUE,Uneven rise - avoid twisting torso
20100,43.3,41.4,175.0,74.3,124.6,120.4,116.8,140.5,24.4,0.829,ASCENDING,1,FORM ISSUE,Uneven rise - avoid twisting torso
20133,44.2,42.4,173.6,71.3,122.5,119.7,119.9,140.0,24.4,0.833,ASCENDING,1,FORM ISSUE,Uneven rise - avoid twisting torso
20166,45.2,43.4,168.1,71.6,119.9,119.8,120.0,140.8,23.0,0.838,ASCENDING,1,FORM ISSUE,Uneven rise - avoid twisting torso
20200,44.4,44.1,166.8,73.0,119.9,119.3,118.5,140.2,18.3,0.838,ASCENDING,1,FORM ISSUE,Uneven rise - avoid twisting torso
20233,44.7,44.4,171.9,107.0,139.5,125.3,120.7,140.2,18.2,0.835,ASCENDING,1,FORM ISSUE,Uneven rise - avoid twisting torso
20266,44.2,44.5,170.0,88.4,129.2,126.2,120.3,140.3,18.2,0.83,ASCENDING,1,FORM ISSUE,Uneven rise - avoid twisting torso
20300,44.8,44.7,173.6,100.6,137.1,129.1,121.8,140.5,15.3,0.824,ASCENDING,1,FORM ISSUE,Uneven rise - avoid twisting torso
20333,44.6,44.5,171.0,83.8,127.4,130.6,120.2,140.5,13.6,0.814,ASCENDING,1,FORM ISSUE,Uneven rise - avoid twisting torso
20366,44.9,44.6,173.5,76.4,124.9,131.6,119.4,141.3,14.5,0.805,ASCENDING,1,FORM ISSUE,Uneven rise - avoid twisting torso
20400,45.1,44.7,172.3,77.0,124.6,128.6,119.2,141.7,14.9,0.796,ASCENDING,1,FORM ISSUE,Uneven rise - avoid twisting torso
20433,45.6,45.0,170.6,65.5,118.1,126.4,118.5,141.6,13.9,0.787,ASCENDING,1,FORM ISSUE,Uneven rise - avoid twisting torso
20466,46.6,45.4,165.2,90.0,127.6,124.5,120.5,143.4,15.4,0.777,ASCENDING,1,FORM ISSUE,Uneven rise - avoid twisting torso
20500,46.4,45.7,158.0,128.9,143.5,127.7,120.4,144.3,18.2,0.764,ASCENDING,1,FORM ISSUE,Uneven rise - avoid twisting torso
20533,46.1,46.0,158.5,112.2,135.4,129.8,121.7,145.0,18.8,0.75,ASCENDING,1,FORM ISSUE,Uneven rise - avoid twisting torso
20566,46.2,46.2,157.3,93.7,125.5,130.0,121.9,144.6,18.5,0.736,ASCENDING,1,FORM ISSUE,Uneven rise - avoid twisting torso
20600,46.2,46.3,153.9,94.5,124.2,131.2,122.5,143.8,17.8,0.72,ASCENDING,1,FORM ISSUE,Uneven rise - avoid twisting torso
20633,46.0,46.2,170.2,74.6,122.4,130.2,120.5,143.4,16.8,0.711,ASCENDING,1,FORM ISSUE,Uneven rise - avoid twisting torso
20666,45.6,46.0,174.1,70.1,122.1,125.9,119.1,143.1,16.4,0.705,ASCENDING,1,FORM ISSUE,Uneven rise - avoid twisting torso
20700,45.7,45.9,178.7,71.5,125.1,123.9,119.6,142.9,16.4,0.699,ASCENDING,1,FORM ISSUE,Uneven rise - avoid twisting torso
20733,46.0,45.9,172.0,101.7,136.9,126.1,124.3,143.8,16.0,0.692,ASCENDING,1,FORM ISSUE,Uneven rise - avoid twisting torso
20766,45.2,45.7,176.3,149.2,162.7,133.8,123.8,143.3,14.7,0.679,ASCENDING,1,FORM ISSUE,Uneven rise - avoid twisting torso
20800,45.3,45.6,176.0,158.4,167.2,142.8,125.8,143.3,16.0,0.662,ASCENDING,1,FORM ISSUE,Uneven rise - avoid twisting torso
20833,45.4,45.5,176.8,137.7,157.3,149.8,124.3,143.5,17.5,0.644,ASCENDING,1,FORM ISSUE,Uneven rise - avoid twisting torso
20866,45.0,45.4,177.6,72.3,125.0,149.8,122.3,143.3,17.6,0.634,ASCENDING,1,FORM ISSUE,Uneven rise - avoid twisting torso
20900,45.4,45.3,165.9,76.6,121.3,146.7,125.4,144.3,17.5,0.625,ASCENDING,1,FORM ISSUE,Uneven rise - avoid twisting torso
20933,45.0,45.2,171.4,78.2,124.8,139.1,130.0,144.6,18.5,0.626,ASCENDING,1,FORM ISSUE,Uneven rise - avoid twisting torso
20966,45.9,45.3,162.7,154.9,158.8,137.4,143.3,148.4,22.6,0.625,ASCENDING,1,FORM ISSUE,Uneven rise - avoid twisting torso
21000,46.0,45.4,170.3,128.6,149.5,135.9,144.4,149.0,22.6,0.619,ASCENDING,1,FORM ISSUE,Uneven rise - avoid twisting torso
21033,46.4,45.7,165.1,63.2,114.1,133.7,137.5,148.9,22.1,0.609,ASCENDING,1,FORM ISSUE,Uneven rise - avoid twisting torso
21066,46.3,45.9,179.4,138.5,158.9,141.2,137.8,148.6,22.0,0.597,ASCENDING,1,FORM ISSUE,Uneven rise - avoid twisting torso
21100,46.4,46.2,173.3,135.8,154.6,147.2,137.1,148.2,22.3,0.582,ASCENDING,1,FORM ISSUE,Uneven rise - avoid twisting torso
21133,46.7,46.4,167.4,153.9,160.6,147.5,138.1,148.4,23.8,0.569,ASCENDING,1,FORM ISSUE,Uneven rise - avoid twisting torso
21166,46.8,46.5,159.8,134.9,147.4,147.1,136.6,148.2,24.3,0.563,ASCENDING,1,FORM ISSUE,Uneven rise - avoid twisting torso
21200,47.4,46.7,172.4,85.4,128.9,150.1,131.5,147.7,23.8,0.56,ASCENDING,1,FORM ISSUE,Uneven rise - avoid twisting torso
21233,47.5,47.0,175.0,86.8,130.9,144.5,130.6,148.3,25.0,0.56,ASCENDING,1,FORM ISSUE,Uneven rise - avoid twisting torso
21266,47.4,47.1,161.5,129.5,145.5,142.7,131.5,147.9,24.8,0.56,ASCENDING,1,FORM ISSUE,Uneven rise - avoid twisting torso
21300,47.0,47.2,153.3,125.9,139.6,138.5,130.6,146.6,23.9,0.561,ASCENDING,1,FORM ISSUE,Uneven rise - avoid twisting torso
21333,46.8,47.2,155.2,99.7,127.4,134.5,128.7,145.8,22.8,0.565,ASCENDING,1,FORM ISSUE,Uneven rise - avoid twisting torso
21366,46.9,47.1,175.4,69.6,122.5,133.2,128.7,146.3,23.4,0.567,ASCENDING,1,FORM ISSUE,Uneven rise - avoid twisting torso
21400,46.2,46.8,152.5,62.4,107.5,128.5,124.3,146.0,22.8,0.573,ASCENDING,1,FORM ISSUE,Uneven rise - avoid twisting torso
21433,44.8,46.3,141.6,62.9,102.2,119.9,122.1,145.7,20.2,0.586,ASCENDING,1,FORM ISSUE,Uneven rise - avoid twisting torso
21466,44.7,45.9,145.1,64.0,104.6,112.8,123.7,145.8,20.5,0.601,ASCENDING,1,FORM ISSUE,Uneven rise - avoid twisting torso
21500,44.6,45.4,152.8,72.9,112.8,109.9,126.6,145.9,20.8,0.614,ASCENDING,1,FORM ISSUE,Uneven rise - avoid twisting torso
21533,45.4,45.1,159.2,62.3,110.8,107.6,129.7,145.4,20.3,0.622,ASCENDING,1,FORM ISSUE,Uneven rise - avoid twisting torso
21566,46.1,45.1,150.3,62.2,106.3,107.3,132.9,145.0,20.0,0.628,ASCENDING,1,FORM ISSUE,Uneven rise - avoid twisting torso
21600,46.6,45.5,169.0,56.9,113.0,109.5,131.2,144.4,21.4,0.632,ASCENDING,1,FORM ISSUE,Uneven rise - avoid twisting torso
21633,47.7,46.1,76.9,54.9,65.9,101.7,133.1,143.7,22.1,0.639,ASCENDING,1,FORM ISSUE,Uneven rise - avoid twisting torso
21666,47.8,46.7,164.0,57.1,110.6,101.3,122.0,143.5,21.9,0.65,ASCENDING,1,FORM ISSUE,Uneven rise - avoid twisting torso
21700,46.1,46.9,136.5,60.2,98.3,98.8,111.7,140.7,20.0,0.669,ASCENDING,1,FORM ISSUE,Uneven rise - avoid twisting torso
21733,42.4,46.1,134.8,59.6,97.2,97.0,102.7,137.2,15.4,0.691,ASCENDING,1,FORM ISSUE,Uneven rise - avoid twisting torso
21766,39.9,44.8,128.3,61.6,94.9,93.4,98.3,134.1,8.0,0.715,ASCENDING,1,FORM ISSUE,Uneven rise - avoid twisting torso
21800,38.7,43.0,124.3,62.9,93.6,98.9,96.7,133.6,3.0,0.739,ASCENDING,1,FORM ISSUE,Uneven rise - avoid twisting torso
21833,37.8,41.0,115.8,65.0,90.4,94.9,97.8,133.1,1.3,0.76,ASCENDING,1,FORM ISSUE,Uneven rise - avoid twisting torso
21866,36.6,39.1,114.3,68.5,91.4,93.5,96.6,133.0,2.7,0.779,ASCENDING,1,FORM ISSUE,Uneven rise - avoid twisting torso
21900,35.4,37.7,115.8,73.8,94.8,93.0,95.4,130.6,6.9,0.796,ASCENDING,1,FORM ISSUE,Uneven rise - avoid twisting torso
21933,32.1,36.1,108.4,74.6,91.5,92.3,93.5,133.7,7.9,0.812,ASCENDING,1,FORM ISSUE,Uneven rise - avoid twisting torso
21966,29.9,34.4,93.2,77.6,85.4,90.7,94.4,136.3,8.7,0.826,ASCENDING,1,FORM ISSUE,Uneven rise - avoid twisting torso
22000,24.9,31.8,92.1,88.7,90.4,90.7,101.5,142.9,8.1,0.84,ASCENDING,1,FORM ISSUE,Uneven rise - avoid twisting torso
22033,21.8,28.8,96.1,92.3,94.2,91.3,103.4,131.3,9.8,0.849,ASCENDING,1,FORM ISSUE,Uneven rise - avoid twisting torso
22066,18.5,25.4,98.5,93.5,96.0,91.5,99.3,128.2,4.3,0.855,ASCENDING,1,FORM ISSUE,Uneven rise - avoid twisting torso
22100,13.4,21.7,101.3,93.3,97.3,92.7,96.2,124.6,9.1,0.859,ASCENDING,1,FORM ISSUE,Uneven rise - avoid twisting torso
22133,11.0,17.9,98.0,93.0,95.5,94.7,92.2,119.4,1.6,0.86,ASCENDING,1,FORM ISSUE,Uneven rise - avoid twisting torso
22166,10.8,15.1,100.6,93.5,97.0,96.0,99.4,119.2,23.1,0.859,ASCENDING,1,FORM ISSUE,Uneven rise - avoid twisting torso
22200,9.6,12.6,102.4,96.7,99.5,97.1,93.5,122.6,16.2,0.858,ASCENDING,1,FORM ISSUE,Uneven rise - avoid twisting torso
22233,10.2,11.0,101.7,95.6,98.7,97.6,94.6,122.2,13.8,0.858,DOWN,1,FORM ISSUE,Uneven rise - avoid twisting torso
22266,9.8,10.3,98.2,97.3,97.7,97.7,98.0,118.5,19.3,0.858,DOWN,1,FORM ISSUE,Uneven rise - avoid twisting torso
22300,8.2,9.7,102.9,99.3,101.1,98.8,100.6,119.5,18.9,0.859,DOWN,1,FORM ISSUE,Uneven rise - avoid twisting torso
22333,7.6,9.1,106.1,102.7,104.4,100.3,100.6,117.1,15.0,0.857,DOWN,1,FORM ISSUE,Uneven rise - avoid twisting torso
22366,4.3,8.0,109.0,109.1,109.1,102.2,91.0,118.5,10.0,0.853,DOWN,1,FORM ISSUE,Uneven rise - avoid twisting torso
22400,3.6,6.7,109.2,111.1,110.1,104.5,88.5,123.5,11.3,0.846,DOWN,1,FORM ISSUE,Uneven rise - avoid twisting torso
22433,3.0,5.3,109.2,112.0,110.6,107.1,91.3,125.1,10.9,0.832,DOWN,1,FORM ISSUE,Uneven rise - avoid twisting torso
22466,2.2,4.1,110.1,113.8,111.9,109.2,91.1,126.1,9.8,0.814,DOWN,1,FORM ISSUE,Uneven rise - avoid twisting torso
22500,3.1,3.2,109.9,112.8,111.3,110.6,93.1,123.9,11.6,0.795,DOWN,1,FORM ISSUE,Uneven rise - avoid twisting torso
22533,2.5,2.9,112.1,116.1,114.1,111.6,95.2,123.3,10.8,0.779,DOWN,1,FORM ISSUE,Uneven rise - avoid twisting torso
22566,1.4,2.4,115.9,119.3,117.6,113.1,97.3,124.6,11.8,0.763,DOWN,1,FORM ISSUE,Uneven rise - avoid twisting torso
22600,1.0,2.0,122.0,125.6,123.8,115.8,98.8,125.6,12.2,0.748,DOWN,1,FORM ISSUE,Uneven rise - avoid twisting torso
22633,2.6,2.1,131.6,128.0,129.8,119.3,104.8,123.8,17.4,0.733,DOWN,1,FORM ISSUE,Uneven rise - avoid twisting torso
22666,2.8,2.1,129.3,129.3,129.3,122.9,103.5,118.9,21.6,0.719,DOWN,1,FORM ISSUE,Uneven rise - avoid twisting torso
22700,4.7,2.5,128.8,129.6,129.2,125.9,102.5,120.9,25.9,0.705,DOWN,1,FORM ISSUE,Uneven rise - avoid twisting torso
22733,4.4,3.1,121.5,127.8,124.7,127.4,105.6,120.5,27.3,0.692,DOWN,1,FORM ISSUE,Uneven rise - avoid twisting torso
22766,2.6,3.4,120.9,122.0,121.5,126.9,110.0,115.5,33.6,0.686,DOWN,1,FORM ISSUE,Uneven rise - avoid twisting torso
22800,1.4,3.2,117.2,121.0,119.1,124.7,101.1,117.9,36.6,0.681,DOWN,1,FORM ISSUE,Uneven rise - avoid twisting torso
22833,0.3,2.7,113.2,117.5,115.4,122.0,99.2,113.0,39.8,0.677,DOWN,1,FORM ISSUE,Uneven rise - avoid twisting torso
22866,0.6,1.8,112.1,115.2,113.6,118.8,96.5,111.0,44.9,0.676,DOWN,1,FORM ISSUE,Uneven rise - avoid twisting torso
22900,1.0,1.2,111.2,112.9,112.1,116.3,92.5,111.4,38.1,0.677,DOWN,1,FORM ISSUE,Uneven rise - avoid twisting torso
22933,0.4,0.7,112.9,112.7,112.8,114.6,92.0,113.1,39.0,0.673,DOWN,1,FORM ISSUE,Uneven rise - avoid twisting torso
22966,0.8,0.6,113.1,111.2,112.2,113.2,92.6,114.5,41.0,0.668,DOWN,1,FORM ISSUE,Uneven rise - avoid twisting torso
23000,1.9,0.9,110.2,110.3,110.2,112.2,86.0,109.1,41.4,0.662,DOWN,1,FORM ISSUE,Uneven rise - avoid twisting torso
23033,3.6,1.5,108.3,107.5,107.9,111.0,89.6,110.5,39.0,0.656,DOWN,1,FORM ISSUE,Uneven rise - avoid twisting torso
23066,3.6,2.1,107.4,107.1,107.3,110.1,88.8,112.0,44.6,0.65,DOWN,1,FORM ISSUE,Uneven rise - avoid twisting torso
23100,2.7,2.5,108.1,107.7,107.9,109.1,88.3,112.9,46.5,0.647,DOWN,1,FORM ISSUE,Uneven rise - avoid twisting torso
23133,1.4,2.6,108.4,109.1,108.8,108.4,87.0,115.7,41.8,0.646,DOWN,1,FORM ISSUE,Uneven rise - avoid twisting torso
23166,2.5,2.8,107.6,107.7,107.6,107.9,87.7,114.4,39.1,0.643,DOWN,1,FORM ISSUE,Uneven rise - avoid twisting torso
23200,2.2,2.5,109.4,107.3,108.3,108.0,89.0,110.5,41.7,0.642,DOWN,1,FORM ISSUE,Uneven rise - avoid twisting torso
23233,2.2,2.2,108.2,106.9,107.6,108.0,89.6,110.9,34.3,0.644,DOWN,1,FORM ISSUE,Uneven rise - avoid twisting torso
23266,2.8,2.2,107.8,106.0,106.9,107.8,91.0,111.4,36.4,0.649,DOWN,1,FORM ISSUE,Uneven rise - avoid twisting torso
23300,1.8,2.3,108.7,106.9,107.8,107.7,91.0,110.8,43.0,0.658,DOWN,1,FORM ISSUE,Uneven rise - avoid twisting torso
23333,1.8,2.2,107.0,106.9,107.0,107.5,88.1,109.3,36.2,0.668,DOWN,1,FORM ISSUE,Uneven rise - avoid twisting torso
23366,0.8,1.9,108.4,108.4,108.4,107.5,89.2,112.6,35.1,0.676,DOWN,1,FORM ISSUE,Uneven rise - avoid twisting torso
23400,1.2,1.7,107.2,108.0,107.6,107.5,88.7,111.6,29.1,0.68,DOWN,1,FORM ISSUE,Uneven rise - avoid twisting torso
23433,1.1,1.3,107.6,107.8,107.7,107.7,89.9,110.5,37.3,0.682,DOWN,1,FORM ISSUE,Uneven rise - avoid twisting torso
23466,0.5,1.1,106.4,108.2,107.3,107.6,89.0,110.1,34.8,0.682,DOWN,1,FORM ISSUE,Uneven rise - avoid twisting torso
23500,0.4,0.8,106.1,107.8,106.9,107.6,88.7,110.4,30.2,0.684,DOWN,1,FORM ISSUE,Uneven rise - avoid twisting torso
23533,0.9,0.8,106.1,106.2,106.2,107.1,89.3,111.9,34.8,0.684,DOWN,1,FORM ISSUE,Uneven rise - avoid twisting torso
23566,1.5,0.9,106.0,105.3,105.7,106.8,89.3,112.1,35.6,0.689,DOWN,1,FORM ISSUE,Uneven rise - avoid twisting torso
23600,2.0,1.1,105.9,104.1,105.0,106.2,88.6,110.9,39.9,0.694,DOWN,1,FORM ISSUE,Uneven rise - avoid twisting torso
23633,2.4,1.4,104.9,103.9,104.4,105.6,88.8,111.6,40.8,0.697,DOWN,1,FORM ISSUE,Uneven rise - avoid twisting torso
23666,2.3,1.8,105.7,103.6,104.6,105.2,90.1,110.4,44.0,0.704,DOWN,1,FORM ISSUE,Uneven rise - avoid twisting torso
23700,1.0,1.9,106.7,106.2,106.4,105.2,89.6,110.5,41.2,0.709,DOWN,1,FORM ISSUE,Uneven rise - avoid twisting torso
23733,1.7,1.9,106.6,105.1,105.9,105.3,90.7,112.9,30.8,0.708,DOWN,1,FORM ISSUE,Uneven rise - avoid twisting torso
23766,2.3,1.9,107.0,103.9,105.5,105.4,90.6,109.4,42.3,0.707,DOWN,1,FORM ISSUE,Uneven rise - avoid twisting torso
23800,2.5,2.0,107.8,104.6,106.2,105.7,91.8,109.4,42.7,0.709,DOWN,1,FORM ISSUE,Uneven rise - avoid twisting torso
23833,3.0,2.1,108.5,103.7,106.1,106.0,92.2,108.1,46.1,0.711,DOWN,1,FORM ISSUE,Uneven rise - avoid twisting torso
23866,2.9,2.5,109.7,104.7,107.2,106.2,92.0,107.5,46.2,0.715,DOWN,1,FORM ISSUE,Uneven rise - avoid twisting torso
23900,2.7,2.7,109.0,105.6,107.3,106.4,91.0,111.0,43.3,0.719,DOWN,1,FORM ISSUE,Uneven rise - avoid twisting torso
23933,3.2,2.9,108.7,105.2,106.9,106.7,91.0,110.6,42.6,0.721,DOWN,1,FORM ISSUE,Uneven rise - avoid twisting torso
23966,4.1,3.2,109.1,103.4,106.3,106.8,91.7,108.8,49.3,0.724,DOWN,1,FORM ISSUE,Uneven rise - avoid twisting torso
24000,5.0,3.6,108.3,101.9,105.1,106.6,91.7,108.8,43.7,0.725,DOWN,1,FORM ISSUE,Uneven rise - avoid twisting torso
24033,5.8,4.2,108.0,100.8,104.4,106.0,91.7,107.4,46.8,0.728,DOWN,1,FORM ISSUE,Uneven rise - avoid twisting torso
24066,6.0,4.8,107.3,100.4,103.9,105.3,90.7,108.2,47.9,0.736,DOWN,1,FORM ISSUE,Uneven rise - avoid twisting torso
24100,6.2,5.4,109.6,100.2,104.9,104.9,91.2,107.7,50.4,0.748,DOWN,1,FORM ISSUE,Uneven rise - avoid twisting torso
24133,6.1,5.8,108.3,100.6,104.5,104.5,90.5,107.0,51.6,0.757,DOWN,1,FORM ISSUE,Uneven rise - avoid twisting torso
24166,5.9,6.0,107.7,101.2,104.5,104.4,90.6,104.4,53.7,0.765,DOWN,1,FORM ISSUE,Uneven rise - avoid twisting torso
24200,6.3,6.1,106.0,100.5,103.3,104.2,90.3,105.0,49.1,0.77,DOWN,1,FORM ISSUE,Uneven rise - avoid twisting torso
24233,5.6,6.0,106.1,102.1,104.1,104.2,93.8,110.0,51.8,0.773,DOWN,1,FORM ISSUE,Uneven rise - avoid twisting torso
24266,5.5,5.9,107.6,102.9,105.3,104.3,93.3,108.8,54.2,0.775,DOWN,1,FORM ISSUE,Uneven rise - avoid twisting torso
24300,5.6,5.8,108.2,102.3,105.3,104.5,92.7,106.7,56.1,0.779,DOWN,1,FORM ISSUE,Uneven rise - avoid twisting torso
24333,5.6,5.7,107.4,101.5,104.5,104.5,91.7,107.0,49.3,0.784,DOWN,1,FORM ISSUE,Uneven rise - avoid twisting torso
24366,6.6,5.8,104.5,100.6,102.5,104.3,90.5,108.2,48.3,0.789,DOWN,1,FORM ISSUE,Uneven rise - avoid twisting torso
24400,6.6,6.0,104.7,100.2,102.4,104.0,89.8,108.5,46.6,0.791,DOWN,1,FORM ISSUE,Uneven rise - avoid twisting torso
24433,6.9,6.3,103.6,99.3,101.5,103.2,88.1,108.4,47.1,0.791,DOWN,1,FORM ISSUE,Uneven rise - avoid twisting torso
24466,6.6,6.4,103.9,99.6,101.7,102.5,87.2,108.3,42.2,0.786,DOWN,1,FORM ISSUE,Uneven rise - avoid twisting torso
24500,6.5,6.6,104.3,99.5,101.9,102.0,87.3,108.9,42.4,0.782,DOWN,1,FORM ISSUE,Uneven rise - avoid twisting torso
24533,6.4,6.6,104.5,99.4,102.0,101.9,87.3,109.1,42.7,0.778,DOWN,1,FORM ISSUE,Uneven rise - avoid twisting torso
24566,6.3,6.5,104.5,99.4,102.0,101.8,86.3,108.7,45.0,0.776,DOWN,1,FORM ISSUE,Uneven rise - avoid twisting torso
24600,6.4,6.4,104.7,99.4,102.0,101.9,87.6,108.6,45.0,0.774,DOWN,1,FORM ISSUE,Uneven rise - avoid twisting torso
24633,7.0,6.5,103.7,98.6,101.1,101.8,88.1,110.8,43.5,0.771,DOWN,1,FORM ISSUE,Uneven rise - avoid twisting torso
24666,7.2,6.7,104.1,98.6,101.4,101.7,88.1,110.9,50.0,0.769,DOWN,1,FORM ISSUE,Uneven rise - avoid twisting torso
24700,7.2,6.8,104.1,98.4,101.3,101.5,88.4,112.6,45.7,0.767,DOWN,1,FORM ISSUE,Uneven rise - avoid twisting torso
24733,6.9,6.9,104.5,98.7,101.6,101.5,88.3,112.2,43.3,0.767,DOWN,1,FORM ISSUE,Uneven rise - avoid twisting torso
24766,7.4,7.1,104.1,98.1,101.1,101.3,88.6,110.6,42.0,0.766,DOWN,1,FORM ISSUE,Uneven rise - avoid twisting torso
24800,8.3,7.4,102.5,97.9,100.2,101.1,88.7,112.1,38.0,0.766,DOWN,1,FORM ISSUE,Uneven rise - avoid twisting torso
24833,8.3,7.6,102.1,97.2,99.7,100.8,88.2,109.2,40.3,0.764,DOWN,1,FORM ISSUE,Uneven rise - avoid twisting torso
24866,7.8,7.7,103.0,97.1,100.1,100.5,86.3,107.8,39.7,0.763,DOWN,1,FORM ISSUE,Uneven rise - avoid twisting torso
24900,7.7,7.9,103.2,97.3,100.2,100.2,86.9,108.1,39.7,0.759,DOWN,1,FORM ISSUE,Uneven rise - avoid twisting torso
24933,7.3,7.9,104.7,97.6,101.2,100.3,89.1,109.4,48.4,0.758,DOWN,1,FORM ISSUE,Uneven rise - avoid twisting torso
24966,6.5,7.5,105.5,98.8,102.2,100.6,89.0,107.5,48.3,0.761,DOWN,1,FORM ISSUE,Uneven rise - avoid twisting torso
25000,4.8,6.8,107.2,100.5,103.9,101.5,89.5,105.8,46.0,0.766,DOWN,1,FORM ISSUE,Uneven rise - avoid twisting torso
25033,4.7,6.2,107.0,100.5,103.7,102.2,89.4,105.7,45.3,0.771,DOWN,1,FORM ISSUE,Uneven rise - avoid twisting torso
25066,5.0,5.7,106.9,100.1,103.5,102.9,89.1,103.9,48.8,0.781,DOWN,1,FORM ISSUE,Uneven rise - avoid twisting torso
25100,5.4,5.3,106.0,100.1,103.1,103.3,88.7,104.5,41.1,0.785,DOWN,1,FORM ISSUE,Uneven rise - avoid twisting torso
25133,5.5,5.1,105.7,100.4,103.1,103.4,88.1,106.0,36.9,0.786,DOWN,1,FORM ISSUE,Uneven rise - avoid twisting torso
25166,5.5,5.2,106.2,100.3,103.3,103.3,89.6,106.0,46.5,0.786,DOWN,1,FORM ISSUE,Uneven rise - avoid twisting torso
25200,5.3,5.4,106.3,100.8,103.6,103.3,89.3,107.3,45.7,0.784,DOWN,1,FORM ISSUE,Uneven rise - avoid twisting torso
25233,5.4,5.4,106.3,100.9,103.6,103.3,89.1,107.8,47.1,0.78,DOWN,1,FORM ISSUE,Uneven rise - avoid twisting torso
25266,5.1,5.4,107.2,101.0,104.1,103.5,90.3,107.6,47.5,0.779,DOWN,1,FORM ISSUE,Uneven rise - avoid twisting torso
25300,5.2,5.3,106.7,100.9,103.8,103.7,89.5,107.6,47.1,0.781,DOWN,1,FORM ISSUE,Uneven rise - avoid twisting torso
25333,6.0,5.4,105.7,100.6,103.2,103.6,89.3,108.1,38.3,0.781,DOWN,1,FORM ISSUE,Uneven rise - avoid twisting torso
25366,5.8,5.5,105.9,101.1,103.5,103.6,88.2,108.6,37.5,0.777,DOWN,1,FORM ISSUE,Uneven rise - avoid twisting torso
25400,5.6,5.6,106.2,101.2,103.7,103.6,88.0,109.6,34.8,0.775,DOWN,1,FORM ISSUE,Uneven rise - avoid twisting torso
25433,5.9,5.7,107.0,100.2,103.6,103.5,89.5,109.5,50.3,0.773,DOWN,1,FORM ISSUE,Uneven rise - avoid twisting torso
25466,5.7,5.8,107.4,100.2,103.8,103.5,89.8,109.9,50.7,0.774,DOWN,1,FORM ISSUE,Uneven rise - avoid twisting torso
25500,5.6,5.7,107.6,100.2,103.9,103.7,90.1,108.0,53.7,0.777,DOWN,1,FORM ISSUE,Uneven rise - avoid twisting torso
25533,5.4,5.6,107.1,100.6,103.9,103.8,89.0,109.6,46.5,0.783,DOWN,1,FORM ISSUE,Uneven rise - avoid twisting torso
25566,5.9,5.7,106.0,100.7,103.4,103.7,88.8,109.9,47.3,0.788,DOWN,1,FORM ISSUE,Uneven rise - avoid twisting torso
25600,5.9,5.7,105.9,100.9,103.4,103.7,88.1,109.1,45.7,0.791,DOWN,1,FORM ISSUE,Uneven rise - avoid twisting torso
25633,5.7,5.7,106.4,100.9,103.6,103.6,88.7,108.0,50.2,0.794,DOWN,1,FORM ISSUE,Uneven rise - avoid twisting torso
25666,6.2,5.8,105.4,100.9,103.1,103.5,88.5,109.4,46.3,0.794,DOWN,1,FORM ISSUE,Uneven rise - avoid twisting torso
25700,6.3,6.0,105.3,100.5,102.9,103.3,89.0,109.0,46.1,0.795,DOWN,1,FORM ISSUE,Uneven rise - avoid twisting torso
25733,7.1,6.2,103.7,100.2,101.9,103.0,87.8,110.2,39.6,0.791,DOWN,1,FORM ISSUE,Uneven rise - avoid twisting torso
25766,7.2,6.5,103.8,99.4,101.6,102.6,87.7,112.0,38.7,0.788,DOWN,1,FORM ISSUE,Uneven rise - avoid twisting torso
25800,7.3,6.8,103.6,99.3,101.5,102.2,87.3,111.4,37.5,0.781,DOWN,1,FORM ISSUE,Uneven rise - avoid twisting torso
25833,6.8,7.0,104.2,100.1,102.2,102.0,87.9,111.3,38.2,0.776,DOWN,1,FORM ISSUE,Uneven rise - avoid twisting torso
25866,6.7,7.0,104.5,99.8,102.2,101.9,87.2,108.7,46.2,0.771,DOWN,1,FORM ISSUE,Uneven rise - avoid twisting torso
25900,6.8,7.0,104.7,99.6,102.1,101.9,88.0,108.6,46.3,0.772,DOWN,1,FORM ISSUE,Uneven rise - avoid twisting torso
25933,6.4,6.8,105.4,99.3,102.4,102.1,88.0,107.6,48.0,0.774,DOWN,1,FORM ISSUE,Uneven rise - avoid twisting torso
25966,6.8,6.7,103.3,99.7,101.5,102.1,88.0,110.8,45.8,0.775,DOWN,1,FORM ISSUE,Uneven rise - avoid twisting torso
26000,6.9,6.7,103.5,99.4,101.4,101.9,88.4,110.5,46.1,0.773,DOWN,1,FORM ISSUE,Uneven rise - avoid twisting torso
26033,7.0,6.8,103.7,99.1,101.4,101.8,88.6,109.5,47.6,0.77,DOWN,1,FORM ISSUE,Uneven rise - avoid twisting torso
26066,6.7,6.8,104.0,99.4,101.7,101.7,86.0,109.1,46.1,0.762,DOWN,1,FORM ISSUE,Uneven rise - avoid twisting torso
26100,7.4,7.0,103.5,101.3,102.4,101.7,89.3,111.6,49.0,0.747,DOWN,1,FORM ISSUE,Uneven rise - avoid twisting torso
26133,7.2,7.0,102.8,102.1,102.4,101.9,86.7,110.9,46.4,0.735,DOWN,1,FORM ISSUE,Uneven rise - avoid twisting torso
26166,5.6,6.8,102.9,101.1,102.0,102.0,87.3,106.2,54.0,0.723,DOWN,1,FORM ISSUE,Uneven rise - avoid twisting torso
26200,5.4,6.4,102.0,100.9,101.4,102.0,85.9,105.6,57.0,0.709,DOWN,1,FORM ISSUE,Uneven rise - avoid twisting torso
26233,5.6,6.2,102.4,99.6,101.0,101.9,86.5,105.8,56.6,0.696,DOWN,1,FORM ISSUE,Uneven rise - avoid twisting torso
26266,6.4,6.0,101.3,97.4,99.4,101.2,87.0,105.0,56.5,0.688,DOWN,1,FORM ISSUE,Uneven rise - avoid twisting torso
26300,8.0,6.2,99.2,96.4,97.8,100.3,86.0,105.4,57.1,0.683,DOWN,1,FORM ISSUE,Uneven rise - avoid twisting torso
26333,10.7,7.2,94.9,94.1,94.5,98.8,85.2,110.1,54.9,0.673,DOWN,1,FORM ISSUE,Uneven rise - avoid twisting torso
26366,11.9,8.5,92.2,92.0,92.1,97.0,88.1,112.6,54.2,0.662,DOWN,1,FORM ISSUE,Uneven rise - avoid twisting torso
26400,11.3,9.7,92.9,92.2,92.5,95.3,88.0,107.3,52.4,0.65,DOWN,1,FORM ISSUE,Uneven rise - avoid twisting torso
26433,10.8,10.6,94.1,92.4,93.3,94.1,88.1,107.1,50.1,0.633,DOWN,1,FORM ISSUE,Uneven rise - avoid twisting torso
26466,10.0,11.0,96.4,94.1,95.3,93.5,86.8,114.4,45.7,0.615,DOWN,1,FORM ISSUE,Uneven rise - avoid twisting torso
26500,9.3,10.7,98.8,96.2,97.5,94.1,85.8,116.6,39.5,0.599,DOWN,1,FORM ISSUE,Uneven rise - avoid twisting torso
26533,8.9,10.1,100.6,97.3,98.9,95.5,86.8,118.0,44.1,0.589,DOWN,1,FORM ISSUE,Uneven rise - avoid twisting torso
26566,8.1,9.4,101.6,98.4,100.0,97.0,85.9,113.0,45.5,0.578,DOWN,1,FORM ISSUE,Uneven rise - avoid twisting torso
26600,5.8,8.4,105.5,100.0,102.7,98.9,85.7,112.1,48.2,0.571,DOWN,1,FORM ISSUE,Uneven rise - avoid twisting torso
26633,5.5,7.5,105.5,101.1,103.3,100.5,86.7,110.9,52.3,0.56,DOWN,1,FORM ISSUE,Uneven rise - avoid twisting torso
26666,5.5,6.8,105.5,101.6,103.6,101.7,86.2,110.1,54.1,0.55,DOWN,1,FORM ISSUE,Uneven rise - avoid twisting torso
26700,4.3,5.8,106.0,103.6,104.8,102.9,84.2,109.7,62.5,0.535,DOWN,1,FORM ISSUE,Uneven rise - avoid twisting torso
26733,2.6,4.7,108.7,104.3,106.5,104.2,82.5,109.2,56.7,0.519,DOWN,1,FORM ISSUE,Uneven rise - avoid twisting torso
26766,2.2,4.0,108.3,103.7,106.0,104.8,80.7,110.3,51.2,0.502,DOWN,1,FORM ISSUE,Uneven rise - avoid twisting torso
26800,,,,,,,,,,0.487,DOWN,1,LOW CONFIDENCE,Adjust camera view
26833,,,,,,,,,,0.474,DOWN,1,LOW CONFIDENCE,Adjust camera view
26866,,,,,,,,,,0.469,DOWN,1,LOW CONFIDENCE,Adjust camera view
26900,,,,,,,,,,0.468,DOWN,1,LOW CONFIDENCE,Adjust camera view
26933,,,,,,,,,,0.471,DOWN,1,LOW CONFIDENCE,Adjust camera view
26966,,,,,,,,,,0.477,DOWN,1,LOW CONFIDENCE,Adjust camera view
27000,,,,,,,,,,0.487,DOWN,1,LOW CONFIDENCE,Adjust camera view
27033,,,,,,,,,,0.497,DOWN,1,LOW CONFIDENCE,Adjust camera view
27066,3.2,3.6,109.0,102.2,105.6,105.3,84.6,123.4,25.8,0.507,DOWN,1,FORM ISSUE,Uneven rise - avoid twisting torso
27100,3.4,3.2,108.1,101.6,104.9,105.6,85.5,122.1,26.2,0.515,DOWN,1,FORM ISSUE,Uneven rise - avoid twisting torso
27133,3.2,2.9,108.5,102.1,105.3,105.7,85.7,122.4,27.5,0.521,DOWN,1,FORM ISSUE,Uneven rise - avoid twisting torso
27166,3.2,3.0,108.7,102.5,105.6,105.5,85.6,124.1,25.6,0.525,DOWN,1,FORM ISSUE,Uneven rise - avoid twisting torso
27200,3.9,3.4,107.5,102.4,104.9,105.3,85.7,124.1,26.3,0.526,DOWN,1,FORM ISSUE,Uneven rise - avoid twisting torso
27233,3.8,3.5,107.7,102.1,104.9,105.1,85.8,124.4,30.3,0.528,DOWN,1,FORM ISSUE,Uneven rise - avoid twisting torso
27266,3.9,3.6,107.0,102.0,104.5,105.1,83.7,122.1,31.2,0.529,DOWN,1,FORM ISSUE,Uneven rise - avoid twisting torso
27300,3.5,3.6,107.2,103.0,105.1,105.0,84.3,122.0,33.3,0.532,DOWN,1,FORM ISSUE,Uneven rise - avoid twisting torso
27333,3.6,3.7,106.8,101.8,104.3,104.7,84.4,121.2,33.9,0.535,DOWN,1,FORM ISSUE,Uneven rise - avoid twisting torso
27366,3.8,3.7,106.8,101.8,104.3,104.6,84.4,120.7,30.9,0.538,DOWN,1,FORM ISSUE,Uneven rise - avoid twisting torso
27400,3.4,3.6,107.2,102.8,105.0,104.6,84.9,120.4,33.0,0.542,DOWN,1,FORM ISSUE,Uneven rise - avoid twisting torso
27433,3.8,3.6,106.1,102.2,104.2,104.6,83.0,117.4,32.1,0.546,DOWN,1,FORM ISSUE,Uneven rise - avoid twisting torso
27466,3.7,3.6,107.0,102.0,104.5,104.5,84.6,119.2,33.2,0.554,DOWN,1,FORM ISSUE,Uneven rise - avoid twisting torso
27500,3.9,3.7,106.7,101.3,104.0,104.4,85.9,118.8,30.8,0.56,DOWN,1,FORM ISSUE,Uneven rise - avoid twisting torso
27533,3.8,3.7,106.7,101.6,104.1,104.4,85.9,122.4,27.3,0.564,DOWN,1,FORM ISSUE,Uneven rise - avoid twisting torso
27566,3.7,3.8,106.7,102.0,104.3,104.2,84.7,122.2,24.7,0.566,DOWN,1,FORM ISSUE,Uneven rise - avoid twisting torso
27600,3.7,3.8,107.0,102.8,104.9,104.4,85.4,121.8,24.9,0.568,DOWN,1,FORM ISSUE,Uneven rise - avoid twisting torso
27633,3.9,3.8,107.0,102.5,104.7,104.4,86.0,122.3,20.9,0.564,DOWN,1,FORM ISSUE,Uneven rise - avoid twisting torso
27666,3.8,3.8,107.3,102.8,105.0,104.6,86.0,122.3,22.8,0.563,DOWN,1,FORM ISSUE,Uneven rise - avoid twisting torso
27700,4.3,3.9,106.6,102.0,104.3,104.7,85.2,122.6,23.8,0.564,DOWN,1,FORM ISSUE,Uneven rise - avoid twisting torso
27733,4.5,4.0,106.7,101.5,104.1,104.6,85.8,124.1,24.2,0.563,DOWN,1,FORM ISSUE,Uneven rise - avoid twisting torso
27766,4.7,4.2,106.8,101.2,104.0,104.4,85.5,121.4,20.9,0.563,DOWN,1,FORM ISSUE,Uneven rise - avoid twisting torso
27800,4.9,4.4,106.4,100.9,103.6,104.2,84.2,120.5,21.2,0.561,DOWN,1,FORM ISSUE,Uneven rise - avoid twisting torso
27833,5.1,4.7,106.3,100.9,103.6,103.9,84.1,120.4,21.5,0.557,DOWN,1,FORM ISSUE,Uneven rise - avoid twisting torso
27866,5.0,4.8,106.5,101.0,103.7,103.8,83.6,120.2,21.9,0.553,DOWN,1,FORM ISSUE,Uneven rise - avoid twisting torso
27900,4.8,4.9,107.0,101.2,104.1,103.8,84.9,122.1,18.2,0.548,DOWN,1,FORM ISSUE,Uneven rise - avoid twisting torso
27933,4.6,4.9,107.1,101.2,104.2,103.9,84.4,121.4,17.8,0.543,DOWN,1,FORM ISSUE,Uneven rise - avoid twisting torso
27966,4.2,4.8,107.8,101.9,104.8,104.1,84.9,123.0,16.2,0.541,DOWN,1,FORM ISSUE,Uneven rise - avoid twisting torso
28000,3.2,4.4,107.8,103.7,105.8,104.5,85.6,124.2,15.5,0.536,DOWN,1,FORM ISSUE,Uneven rise - avoid twisting torso
28033,3.2,4.0,108.3,103.8,106.0,105.0,86.3,124.1,16.6,0.533,DOWN,1,FORM ISSUE,Uneven rise - avoid twisting torso
28066,3.8,3.8,107.9,103.3,105.6,105.3,87.6,124.4,16.6,0.531,DOWN,1,FORM ISSUE,Uneven rise - avoid twisting torso
28100,3.8,3.6,108.0,103.1,105.6,105.6,86.7,123.1,17.6,0.529,DOWN,1,FORM ISSUE,Uneven rise - avoid twisting torso
28133,3.9,3.6,108.4,102.8,105.6,105.7,86.7,122.3,16.7,0.528,DOWN,1,FORM ISSUE,Uneven rise - avoid twisting torso
28166,3.9,3.7,108.8,102.7,105.7,105.7,87.9,123.1,17.5,0.532,DOWN,1,FORM ISSUE,Uneven rise - avoid twisting torso
28200,4.6,4.0,108.7,101.2,104.9,105.5,87.3,121.4,18.6,0.534,DOWN,1,FORM ISSUE,Uneven rise - avoid twisting torso
28233,4.3,4.1,109.0,102.2,105.6,105.5,87.7,122.9,20.7,0.541,DOWN,1,FORM ISSUE,Uneven rise - avoid twisting torso
28266,4.2,4.1,108.8,102.1,105.5,105.5,87.8,122.8,20.1,0.548,DOWN,1,FORM ISSUE,Uneven rise - avoid twisting torso
28300,4.1,4.2,109.3,102.4,105.8,105.5,89.3,123.4,19.4,0.555,DOWN,1,FORM ISSUE,Uneven rise - avoid twisting torso
28333,4.2,4.3,109.1,102.0,105.5,105.5,88.0,121.9,18.6,0.559,DOWN,1,FORM ISSUE,Uneven rise - avoid twisting torso
28366,4.4,4.2,109.0,102.0,105.5,105.6,88.1,121.9,18.5,0.566,DOWN,1,FORM ISSUE,Uneven rise - avoid twisting torso
28400,4.8,4.3,108.0,101.6,104.8,105.4,86.9,121.3,21.5,0.568,DOWN,1,FORM ISSUE,Uneven rise - avoid twisting torso
28433,5.7,4.6,108.2,99.6,103.9,105.1,87.0,121.6,22.1,0.57,DOWN,1,FORM ISSUE,Uneven rise - avoid twisting torso
28466,5.7,5.0,107.9,99.6,103.7,104.7,84.9,119.9,24.6,0.571,DOWN,1,FORM ISSUE,Uneven rise - avoid twisting torso
28500,6.8,5.5,106.8,98.4,102.6,104.1,85.0,120.1,24.9,0.574,DOWN,1,FORM ISSUE,Uneven rise - avoid twisting torso
28533,7.4,6.1,105.7,97.3,101.5,103.3,83.7,118.0,28.1,0.573,DOWN,1,FORM ISSUE,Uneven rise - avoid twisting torso
28566,6.2,6.4,106.4,98.8,102.6,102.9,84.7,120.0,27.1,0.577,DOWN,1,FORM ISSUE,Uneven rise - avoid twisting torso
28600,6.4,6.5,106.5,98.5,102.5,102.6,85.0,119.0,26.7,0.581,DOWN,1,FORM ISSUE,Uneven rise - avoid twisting torso
28633,6.0,6.6,107.1,99.2,103.2,102.5,85.7,121.1,23.9,0.585,DOWN,1,FORM ISSUE,Uneven rise - avoid twisting torso
28666,6.2,6.5,106.2,99.2,102.7,102.5,84.8,119.4,25.0,0.587,DOWN,1,FORM ISSUE,Uneven rise - avoid twisting torso
28700,6.1,6.2,106.4,99.1,102.7,102.7,85.5,120.3,23.8,0.591,DOWN,1,FORM ISSUE,Uneven rise - avoid twisting torso
28733,5.2,6.0,107.2,100.2,103.7,103.0,85.3,121.9,20.1,0.59,DOWN,1,FORM ISSUE,Uneven rise - avoid twisting torso
28766,4.6,5.6,107.1,101.6,104.4,103.3,85.5,122.4,16.1,0.584,DOWN,1,FORM ISSUE,Uneven rise - avoid twisting torso
28800,4.7,5.3,107.2,101.8,104.5,103.6,86.2,122.0,16.3,0.577,DOWN,1,FORM ISSUE,Uneven rise - avoid twisting torso
28833,4.4,5.0,107.7,102.5,105.1,104.1,85.1,121.3,17.2,0.571,DOWN,1,FORM ISSUE,Uneven rise - avoid twisting torso
28866,4.3,4.6,107.6,102.5,105.1,104.6,85.1,121.6,16.9,0.563,DOWN,1,FORM ISSUE,Uneven rise - avoid twisting torso
28900,4.2,4.4,108.2,102.4,105.3,104.9,85.1,121.4,17.6,0.557,DOWN,1,FORM ISSUE,Uneven rise - avoid twisting torso
28933,4.4,4.4,107.9,101.8,104.8,105.0,84.8,119.8,18.7,0.555,DOWN,1,FORM ISSUE,Uneven rise - avoid twisting torso
28966,4.7,4.4,107.8,101.2,104.5,105.0,84.3,118.5,20.2,0.555,DOWN,1,FORM ISSUE,Uneven rise - avoid twisting torso
29000,4.2,4.4,107.2,102.7,105.0,104.9,83.4,119.1,21.6,0.554,DOWN,1,FORM ISSUE,Uneven rise - avoid twisting torso
29033,4.4,4.4,107.3,103.0,105.2,105.0,84.0,119.2,21.6,0.555,DOWN,1,FORM ISSUE,Uneven rise - avoid twisting torso
29066,3.7,4.3,107.5,104.1,105.8,105.0,84.0,119.9,21.3,0.554,DOWN,1,FORM ISSUE,Uneven rise - avoid twisting torso
29100,3.6,4.1,107.9,104.0,106.0,105.3,84.5,122.5,19.1,0.554,DOWN,1,FORM ISSUE,Uneven rise - avoid twisting torso
29133,3.5,3.9,108.5,104.3,106.4,105.7,84.2,119.1,27.2,0.553,DOWN,1,FORM ISSUE,Uneven rise - avoid twisting torso
29166,4.1,3.9,107.2,103.8,105.5,105.8,83.9,115.8,26.3,0.554,DOWN,1,FORM ISSUE,Uneven rise - avoid twisting torso
29200,5.2,4.0,106.1,102.8,104.4,105.6,83.5,115.8,29.2,0.555,DOWN,1,FORM ISSUE,Uneven rise - avoid twisting torso
29233,4.9,4.2,106.9,102.5,104.7,105.4,84.5,119.2,30.3,0.559,DOWN,1,FORM ISSUE,Uneven rise - avoid twisting torso
29266,5.1,4.6,106.9,102.1,104.5,105.1,85.1,118.2,32.7,0.562,DOWN,1,FORM ISSUE,Uneven rise - avoid twisting torso
29300,4.8,4.8,108.7,102.7,105.7,105.0,87.2,118.5,34.2,0.566,DOWN,1,FORM ISSUE,Uneven rise - avoid twisting torso
29333,4.4,4.9,109.6,102.4,106.0,105.1,87.2,119.1,33.1,0.569,DOWN,1,FORM ISSUE,Uneven rise - avoid twisting torso
29366,4.6,4.8,108.8,101.7,105.3,105.2,88.5,119.6,37.1,0.571,DOWN,1,FORM ISSUE,Uneven rise - avoid twisting torso
29400,5.0,4.8,108.4,101.6,105.0,105.3,88.2,119.5,36.4,0.574,DOWN,1,FORM ISSUE,Uneven rise - avoid twisting torso
29433,4.7,4.7,108.7,102.1,105.4,105.5,87.1,118.1,34.4,0.577,DOWN,1,FORM ISSUE,Uneven rise - avoid twisting torso
29466,5.0,4.7,107.8,102.1,104.9,105.3,85.3,115.4,36.1,0.577,DOWN,1,FORM ISSUE,Uneven rise - avoid twisting torso
29500,4.3,4.7,108.0,103.8,105.9,105.3,86.6,117.2,36.1,0.576,DOWN,1,FORM ISSUE,Uneven rise - avoid twisting torso
29533,4.2,4.6,108.1,105.0,106.6,105.6,84.7,109.2,40.4,0.571,DOWN,1,FORM ISSUE,Uneven rise - avoid twisting torso
29566,3.5,4.4,108.4,106.1,107.2,106.0,84.8,111.5,46.3,0.561,DOWN,1,FORM ISSUE,Uneven rise - avoid twisting torso
29600,3.6,4.1,108.3,106.0,107.2,106.4,82.8,107.6,45.9,0.548,DOWN,1,FORM ISSUE,Uneven rise - avoid twisting torso
29633,3.8,3.9,108.2,105.7,106.9,106.8,82.8,109.2,46.5,0.535,DOWN,1,FORM ISSUE,Uneven rise - avoid twisting torso
29666,3.8,3.8,108.1,105.8,106.9,107.0,83.3,110.1,47.1,0.523,DOWN,1,FORM ISSUE,Uneven rise - avoid twisting torso
29700,4.5,3.8,107.5,105.2,106.3,106.9,83.2,109.6,48.2,0.511,DOWN,1,FORM ISSUE,Uneven rise - avoid twisting torso
29733,4.4,4.0,107.7,105.3,106.5,106.8,82.9,109.4,48.9,0.503,DOWN,1,FORM ISSUE,Uneven rise - avoid twisting torso
29766,,,,,,,,,,0.494,DOWN,1,LOW CONFIDENCE,Adjust camera view
29800,,,,,,,,,,0.483,DOWN,1,LOW CONFIDENCE,Adjust camera view
29833,,,,,,,,,,0.472,DOWN,1,LOW CONFIDENCE,Adjust camera view
29866,,,,,,,,,,0.459,DOWN,1,LOW CONFIDENCE,Adjust camera view
29900,,,,,,,,,,0.446,DOWN,1,LOW CONFIDENCE,Adjust camera view
29933,,,,,,,,,,0.435,DOWN,1,LOW CONFIDENCE,Adjust camera view
29966,,,,,,,,,,0.424,DOWN,1,LOW CONFIDENCE,Adjust camera view
30000,,,,,,,,,,0.414,DOWN,1,LOW CONFIDENCE,Adjust camera view
30033,,,,,,,,,,0.405,DOWN,1,LOW CONFIDENCE,Adjust camera view
30066,,,,,,,,,,0.396,DOWN,1,LOW CONFIDENCE,Adjust camera view
30100,,,,,,,,,,0.388,DOWN,1,LOW CONFIDENCE,Adjust camera view
30133,,,,,,,,,,0.383,DOWN,1,LOW CONFIDENCE,Adjust camera view
30166,,,,,,,,,,0.377,DOWN,1,LOW CONFIDENCE,Adjust camera view
30200,,,,,,,,,,0.376,DOWN,1,LOW CONFIDENCE,Adjust camera view
30233,,,,,,,,,,0.377,DOWN,1,LOW CONFIDENCE,Adjust camera view
30266,,,,,,,,,,0.378,DOWN,1,LOW CONFIDENCE,Adjust camera view
30300,,,,,,,,,,0.384,DOWN,1,LOW CONFIDENCE,Adjust camera view
30333,,,,,,,,,,0.392,DOWN,1,LOW CONFIDENCE,Adjust camera view
30366,,,,,,,,,,0.404,DOWN,1,LOW CONFIDENCE,Adjust camera view
30400,,,,,,,,,,0.414,DOWN,1,LOW CONFIDENCE,Adjust camera view
30433,,,,,,,,,,0.43,DOWN,1,LOW CONFIDENCE,Adjust camera view
30466,,,,,,,,,,0.445,DOWN,1,LOW CONFIDENCE,Adjust camera view
30500,,,,,,,,,,0.463,DOWN,1,LOW CONFIDENCE,Adjust camera view
30533,,,,,,,,,,0.479,DOWN,1,LOW CONFIDENCE,Adjust camera view
30566,,,,,,,,,,0.494,DOWN,1,LOW CONFIDENCE,Adjust camera view
30600,5.6,4.4,106.0,105.1,105.5,106.4,85.1,120.6,38.8,0.505,DOWN,1,FORM ISSUE,Uneven rise - avoid twisting torso
30633,5.1,4.7,106.4,105.6,106.0,106.3,85.4,123.7,33.6,0.514,DOWN,1,FORM ISSUE,Uneven rise - avoid twisting torso
30666,5.0,4.9,105.9,105.9,105.9,106.1,86.4,127.2,24.9,0.517,DOWN,1,FORM ISSUE,Uneven rise - avoid twisting torso
30700,5.1,5.0,106.1,105.9,106.0,106.0,87.4,128.1,24.6,0.514,DOWN,1,FORM ISSUE,Uneven rise - avoid twisting torso
30733,5.2,5.2,106.3,106.3,106.3,105.9,96.2,128.4,21.0,0.513,DOWN,1,FORM ISSUE,Uneven rise - avoid twisting torso
30766,4.9,5.1,107.0,105.5,106.3,106.1,96.7,133.9,12.0,0.51,DOWN,1,FORM ISSUE,Uneven rise - avoid twisting torso
30800,3.8,4.8,108.2,105.9,107.1,106.3,96.9,132.8,9.6,0.509,DOWN,1,FORM ISSUE,Uneven rise - avoid twisting torso
30833,3.8,4.6,108.2,105.6,106.9,106.5,98.1,133.3,8.9,0.508,DOWN,1,FORM ISSUE,Uneven rise - avoid twisting torso
30866,3.7,4.3,108.8,104.7,106.8,106.7,95.9,130.6,7.6,0.507,DOWN,1,FORM ISSUE,Uneven rise - avoid twisting torso
30900,4.4,4.1,109.6,104.3,107.0,106.8,96.5,127.9,7.4,0.506,DOWN,1,FORM ISSUE,Uneven rise - avoid twisting torso
30933,5.2,4.2,108.8,104.4,106.6,106.9,97.1,128.7,2.8,0.506,DOWN,1,FORM ISSUE,Uneven rise - avoid twisting torso
30966,,,,,,,,,,0.499,DOWN,1,LOW CONFIDENCE,Adjust camera view
31000,,,,,,,,,,0.493,DOWN,1,LOW CONFIDENCE,Adjust camera view
31033,,,,,,,,,,0.487,DOWN,1,LOW CONFIDENCE,Adjust camera view
31066,,,,,,,,,,0.486,DOWN,1,LOW CONFIDENCE,Adjust camera view
31100,,,,,,,,,,0.485,DOWN,1,LOW CONFIDENCE,Adjust camera view
31133,,,,,,,,,,0.49,DOWN,1,LOW CONFIDENCE,Adjust camera view
31166,,,,,,,,,,0.497,DOWN,1,LOW CONFIDENCE,Adjust camera view
31200,14.5,6.3,100.7,97.8,99.2,105.3,91.4,121.0,26.1,0.508,DOWN,1,FORM ISSUE,Uneven rise - avoid twisting torso
31233,15.1,8.6,100.6,96.4,98.5,103.6,90.7,122.2,10.0,0.517,DOWN,1,FORM ISSUE,Uneven rise - avoid twisting torso
31266,16.8,11.2,93.8,95.1,94.5,101.1,91.2,124.7,3.5,0.53,DOWN,1,FORM ISSUE,Uneven rise - avoid twisting torso
31300,18.6,14.0,87.1,93.1,90.1,97.8,91.5,133.3,9.0,0.548,DOWN,1,FORM ISSUE,Uneven rise - avoid twisting torso
31333,19.8,17.0,86.2,94.2,90.2,94.5,94.1,134.4,11.1,0.571,DOWN,1,FORM ISSUE,Uneven rise - avoid twisting torso
31366,21.4,18.3,83.3,93.8,88.6,92.4,97.7,133.1,16.1,0.594,DOWN,1,FORM ISSUE,Uneven rise - avoid twisting torso
31400,22.1,19.7,82.0,93.9,88.0,90.3,97.0,134.7,16.5,0.617,DOWN,1,FORM ISSUE,Uneven rise - avoid twisting torso
31433,22.3,20.8,80.5,93.8,87.2,88.8,98.8,133.7,17.7,0.636,DOWN,1,FORM ISSUE,Uneven rise - avoid twisting torso
31466,24.2,21.9,79.7,88.9,84.3,87.6,103.1,139.2,9.3,0.655,DOWN,1,FORM ISSUE,Uneven rise - avoid twisting torso
31500,24.2,22.8,80.0,89.0,84.5,86.5,102.2,134.9,10.0,0.67,DOWN,1,FORM ISSUE,Uneven rise - avoid twisting torso
31533,25.3,23.6,79.3,87.8,83.5,85.5,102.8,135.0,13.4,0.681,ASCENDING,1,FORM ISSUE,Uneven rise - avoid twisting torso
31566,26.1,24.4,79.5,88.2,83.9,84.7,104.0,135.2,14.7,0.691,ASCENDING,1,FORM ISSUE,Uneven rise - avoid twisting torso
31600,28.0,25.5,79.1,86.3,82.7,83.8,106.2,137.6,14.3,0.703,ASCENDING,1,FORM ISSUE,Uneven rise - avoid twisting torso
31633,29.5,26.6,84.4,84.7,84.6,83.8,105.7,135.5,13.5,0.714,ASCENDING,1,FORM ISSUE,Uneven rise - avoid twisting torso
31666,30.4,27.9,88.3,85.0,86.6,84.3,104.0,132.3,17.7,0.724,ASCENDING,1,FORM ISSUE,Uneven rise - avoid twisting torso
31700,32.3,29.3,90.0,82.0,86.0,84.8,103.9,131.1,16.8,0.737,ASCENDING,1,FORM ISSUE,Uneven rise - avoid twisting torso
31733,33.4,30.7,89.2,73.6,81.4,84.3,105.8,132.3,8.3,0.752,ASCENDING,1,FORM ISSUE,Uneven rise - avoid twisting torso
31766,34.3,32.0,88.3,71.1,79.7,83.7,104.5,131.0,8.0,0.763,ASCENDING,1,FORM ISSUE,Uneven rise - avoid twisting torso
31800,35.6,33.2,86.0,74.5,80.3,82.8,103.3,132.4,10.9,0.773,ASCENDING,1,FORM ISSUE,Uneven rise - avoid twisting torso
31833,37.6,34.6,87.9,74.3,81.1,81.7,102.4,135.9,14.1,0.782,ASCENDING,1,FORM ISSUE,Uneven rise - avoid twisting torso
31866,39.3,36.0,84.3,71.1,77.7,80.0,106.3,141.7,12.6,0.789,ASCENDING,1,FORM ISSUE,Uneven rise - avoid twisting torso
31900,40.3,37.4,86.3,69.8,78.1,79.4,106.0,143.9,10.5,0.794,ASCENDING,1,FORM ISSUE,Uneven rise - avoid twisting torso
31933,42.0,38.9,85.5,70.8,78.1,79.0,103.8,139.5,15.2,0.796,ASCENDING,1,FORM ISSUE,Uneven rise - avoid twisting torso
31966,42.4,40.3,84.9,67.2,76.1,78.2,113.6,141.2,16.0,0.796,ASCENDING,1,FORM ISSUE,Uneven rise - avoid twisting torso
32000,44.2,41.6,91.1,65.4,78.3,77.6,112.4,138.7,20.1,0.797,ASCENDING,1,FORM ISSUE,Uneven rise - avoid twisting torso
32033,48.7,43.5,89.3,62.9,76.1,77.3,110.7,142.4,28.9,0.796,ASCENDING,1,FORM ISSUE,Uneven rise - avoid twisting torso
32066,52.2,45.9,80.7,61.6,71.2,75.9,114.2,150.3,29.1,0.793,ASCENDING,1,FORM ISSUE,Uneven rise - avoid twisting torso
32100,55.7,48.6,87.7,57.4,72.5,74.8,113.5,159.4,29.9,0.794,ASCENDING,1,FORM ISSUE,Uneven rise - avoid twisting torso
32133,58.3,51.8,77.3,59.0,68.1,73.2,112.9,161.8,23.2,0.794,ASCENDING,1,FORM ISSUE,Uneven rise - avoid twisting torso
32166,61.9,55.4,74.3,54.0,64.1,70.4,118.9,166.2,29.0,0.795,ASCENDING,1,FORM ISSUE,Uneven rise - avoid twisting torso
32200,63.8,58.4,58.2,51.1,54.6,66.1,126.1,167.2,16.9,0.798,ASCENDING,1,FORM ISSUE,Uneven rise - avoid twisting torso
32233,66.7,61.3,58.5,49.0,53.8,62.6,125.4,161.2,25.8,0.8,ASCENDING,1,FORM ISSUE,Uneven rise - avoid twisting torso
32266,68.5,63.8,41.3,47.4,44.3,57.0,132.9,172.1,32.5,0.801,ASCENDING,1,FORM ISSUE,Uneven rise - avoid twisting torso
32300,71.5,66.5,43.0,47.4,45.2,52.4,138.7,175.1,39.2,0.802,ASCENDING,1,FORM ISSUE,Uneven rise - avoid twisting torso
32333,74.6,69.0,47.1,46.5,46.8,48.9,141.2,173.4,48.4,0.803,UP,1,FORM ISSUE,Uneven rise - avoid twisting torso
32366,78.4,71.9,36.4,46.4,41.4,46.3,145.2,174.4,54.6,0.805,UP,1,FORM ISSUE,Uneven rise - avoid twisting torso
32400,85.0,75.6,179.6,66.6,123.1,60.2,153.7,179.9,70.7,0.806,UP,1,FORM ISSUE,Uneven rise - avoid twisting torso
32433,88.6,79.6,145.9,86.4,116.1,74.5,157.9,170.1,63.2,0.807,UP,1,FORM ISSUE,Uneven rise - avoid twisting torso
32466,87.3,82.8,10.9,49.1,30.0,71.5,155.9,174.7,47.0,0.808,UP,1,FORM ISSUE,Uneven rise - avoid twisting torso
32500,87.2,85.3,1.3,47.8,24.6,67.0,169.2,167.7,61.1,0.81,UP,1,FORM ISSUE,Uneven rise - avoid twisting torso
32533,84.9,86.6,28.8,83.1,56.0,69.9,178.1,168.8,43.5,0.807,UP,1,FORM ISSUE,Uneven rise - avoid twisting torso
32566,84.1,86.4,58.2,81.2,69.7,59.3,178.0,166.2,51.1,0.802,UP,1,FORM ISSUE,Uneven rise - avoid twisting torso
32600,81.6,85.0,159.5,133.2,146.3,65.3,176.9,166.6,53.4,0.788,UP,1,FORM ISSUE,Uneven rise - avoid twisting torso
32633,81.0,83.8,164.4,136.8,150.6,89.4,174.1,163.2,56.3,0.763,UP,1,FORM ISSUE,Uneven rise - avoid twisting torso
32666,79.4,82.2,164.1,140.6,152.3,115.0,177.3,160.9,55.8,0.727,UP,1,FORM ISSUE,Uneven rise - avoid twisting torso
32700,76.1,80.4,162.4,130.2,146.3,133.1,167.9,159.9,47.3,0.69,UP,1,FORM ISSUE,Uneven rise - avoid twisting torso
32733,75.5,78.7,164.0,129.8,146.9,148.5,164.7,161.0,48.7,0.651,UP,1,FORM ISSUE,Uneven rise - avoid twisting torso
32766,74.1,77.2,158.6,126.3,142.4,147.7,160.1,156.8,54.2,0.619,UP,1,FORM ISSUE,Uneven rise - avoid twisting torso
32800,74.5,75.9,159.9,127.0,143.4,146.3,162.2,158.7,54.8,0.595,UP,1,FORM ISSUE,Uneven rise - avoid twisting torso
32833,72.8,74.6,159.8,123.7,141.7,144.2,164.1,159.8,48.6,0.579,UP,1,FORM ISSUE,Uneven rise - avoid twisting torso
32866,71.3,73.7,160.5,124.6,142.6,143.4,158.0,157.6,50.8,0.562,UP,1,FORM ISSUE,Uneven rise - avoid twisting torso
32900,71.4,72.8,175.1,113.3,144.2,142.9,156.3,152.6,48.6,0.556,UP,1,FORM ISSUE,Uneven rise - avoid twisting torso
32933,69.5,71.9,171.6,119.4,145.5,143.5,153.7,151.4,50.2,0.554,UP,1,FORM ISSUE,Uneven rise - avoid twisting torso
32966,68.4,70.7,167.7,135.3,151.5,145.1,154.1,147.6,47.8,0.555,UP,1,FORM ISSUE,Uneven rise - avoid twisting torso
33000,66.8,69.5,160.7,127.6,144.2,145.6,155.3,146.7,41.0,0.559,UP,1,FORM ISSUE,Uneven rise - avoid twisting torso
33033,66.5,68.5,161.3,129.6,145.4,146.2,151.2,148.8,48.6,0.569,UP,1,FORM ISSUE,Uneven rise - avoid twisting torso
33066,65.1,67.2,162.0,124.8,143.4,146.0,148.5,147.7,42.1,0.577,UP,1,FORM ISSUE,Uneven rise - avoid twisting torso
33100,63.8,66.1,161.5,136.0,148.7,146.7,148.4,145.7,43.3,0.581,UP,1,FORM ISSUE,Uneven rise - avoid twisting torso
33133,62.8,65.0,159.9,143.5,151.7,146.7,146.1,145.0,47.6,0.583,UP,1,FORM ISSUE,Uneven rise - avoid twisting torso
33166,62.1,64.1,164.0,149.9,157.0,149.3,144.3,145.1,35.6,0.583,UP,1,FORM ISSUE,Uneven rise - avoid twisting torso
33200,62.7,63.3,168.1,141.3,154.7,151.1,144.3,143.8,33.4,0.583,UP,1,FORM ISSUE,Uneven rise - avoid twisting torso
33233,61.7,62.6,167.7,144.3,156.0,153.6,142.8,140.4,30.1,0.581,UP,1,FORM ISSUE,Uneven rise - avoid twisting torso
33266,61.2,62.1,172.9,152.6,162.7,156.4,139.4,139.7,25.1,0.579,UP,1,FORM ISSUE,Uneven rise - avoid twisting torso
33300,60.6,61.7,167.3,148.4,157.9,157.7,139.9,138.9,26.7,0.579,UP,1,FORM ISSUE,Uneven rise - avoid twisting torso
33333,60.9,61.4,169.9,145.8,157.9,157.8,140.6,140.2,30.9,0.58,UP,1,FORM ISSUE,Uneven rise - avoid twisting torso
33366,59.9,60.9,171.0,145.5,158.2,158.5,139.7,138.1,22.3,0.581,UP,1,FORM ISSUE,Uneven rise - avoid twisting torso
33400,60.1,60.5,166.7,143.2,154.9,158.3,140.0,138.6,25.9,0.583,UP,1,FORM ISSUE,Uneven rise - avoid twisting torso
33433,60.3,60.4,165.7,145.7,155.7,156.9,140.9,136.7,28.7,0.585,UP,1,FORM ISSUE,Uneven rise - avoid twisting torso
33466,60.9,60.4,164.7,143.6,154.2,156.2,141.7,137.4,33.9,0.589,UP,1,FORM ISSUE,Uneven rise - avoid twisting torso
33500,61.2,60.5,166.7,149.3,158.0,156.2,141.6,140.0,33.0,0.591,UP,1,FORM ISSUE,Uneven rise - avoid twisting torso
33533,61.3,60.8,161.6,148.4,155.0,155.6,138.8,141.2,27.9,0.596,UP,1,FORM ISSUE,Uneven rise - avoid twisting torso
33566,61.6,61.1,156.3,140.9,148.6,154.3,136.3,139.3,30.1,0.602,UP,1,FORM ISSUE,Uneven rise - avoid twisting torso
33600,61.8,61.4,167.1,144.7,155.9,154.3,132.4,140.3,28.2,0.611,UP,1,FORM ISSUE,Uneven rise - avoid twisting torso
33633,60.1,61.2,156.1,124.7,140.4,151.6,139.8,141.9,33.3,0.62,UP,1,FORM ISSUE,Uneven rise - avoid twisting torso
33666,59.2,60.8,167.1,143.8,155.5,151.1,139.8,143.9,34.4,0.626,UP,1,FORM ISSUE,Uneven rise - avoid twisting torso
33700,59.1,60.3,165.0,144.7,154.9,151.0,140.0,143.8,34.8,0.626,UP,1,FORM ISSUE,Uneven rise - avoid twisting torso
33733,59.1,59.8,162.7,142.3,152.5,151.8,142.3,144.9,33.9,0.617,UP,1,FORM ISSUE,Uneven rise - avoid twisting torso
33766,58.9,59.3,172.4,155.4,163.9,153.4,140.7,144.9,31.7,0.603,UP,1,FORM ISSUE,Uneven rise - avoid twisting torso
33800,58.5,58.9,169.7,149.3,159.5,157.3,141.3,142.8,31.5,0.583,UP,1,FORM ISSUE,Uneven rise - avoid twisting torso
33833,59.7,59.0,152.5,142.6,147.5,155.7,141.9,144.7,32.1,0.572,UP,1,FORM ISSUE,Uneven rise - avoid twisting torso
33866,60.7,59.4,151.5,123.0,137.3,152.2,142.8,145.2,38.5,0.568,UP,1,FORM ISSUE,Uneven rise - avoid twisting torso
33900,62.1,60.0,151.4,124.1,137.8,149.2,145.7,147.2,46.8,0.57,UP,1,FORM ISSUE,Uneven rise - avoid twisting torso
33933,63.5,60.9,152.5,123.4,138.0,144.0,145.0,149.7,50.8,0.578,UP,1,FORM ISSUE,Uneven rise - avoid twisting torso
33966,65.1,62.2,147.1,115.2,131.1,138.3,147.6,150.9,50.2,0.591,UP,1,FORM ISSUE,Uneven rise - avoid twisting torso
34000,66.0,63.5,156.3,123.1,139.7,136.8,151.4,153.5,51.6,0.594,UP,1,FORM ISSUE,Uneven rise - avoid twisting torso
34033,67.3,64.8,165.3,124.0,144.6,138.3,150.3,158.1,53.3,0.589,UP,1,FORM ISSUE,Uneven rise - avoid twisting torso
34066,67.9,66.0,146.5,115.6,131.0,136.9,155.4,159.4,52.2,0.579,UP,1,FORM ISSUE,Uneven rise - avoid twisting torso
34100,68.3,66.9,153.1,173.2,163.1,141.9,152.7,157.6,35.4,0.563,UP,1,FORM ISSUE,Uneven rise - avoid twisting torso
34133,70.0,67.9,161.1,118.2,139.6,143.6,151.9,154.4,46.2,0.544,UP,1,FORM ISSUE,Uneven rise - avoid twisting torso
34166,70.5,68.8,167.6,106.6,137.1,143.1,155.6,149.9,51.0,0.532,UP,1,FORM ISSUE,Uneven rise - avoid twisting torso
34200,70.8,69.5,170.2,118.3,144.2,143.0,155.0,150.1,48.3,0.523,UP,1,FORM ISSUE,Uneven rise - avoid twisting torso
34233,70.3,70.0,101.4,163.0,132.2,143.3,148.3,153.6,10.3,0.516,UP,1,FORM ISSUE,Uneven rise - avoid twisting torso
34266,70.4,70.4,107.6,157.7,132.7,137.2,148.1,156.0,18.5,0.514,UP,1,FORM ISSUE,Uneven rise - avoid twisting torso
34300,71.2,70.6,73.7,134.4,104.1,130.1,146.1,157.9,20.0,0.514,UP,1,FORM ISSUE,Uneven rise - avoid twisting torso
34333,73.7,71.3,67.0,131.5,99.2,122.5,151.0,160.7,35.1,0.515,UP,1,FORM ISSUE,Uneven rise - avoid twisting torso
34366,75.9,72.3,47.8,103.7,75.8,108.8,154.8,162.0,37.4,0.517,UP,1,FORM ISSUE,Uneven rise - avoid twisting torso
34400,79.0,74.0,123.4,97.2,110.3,104.4,166.4,171.4,35.4,0.524,UP,1,FORM ISSUE,Uneven rise - avoid twisting torso
34433,82.1,76.4,106.5,107.1,106.8,99.2,177.8,173.3,42.1,0.528,UP,1,FORM ISSUE,Uneven rise - avoid twisting torso
34466,84.8,79.1,105.5,106.0,105.7,99.6,176.7,176.4,19.6,0.533,UP,1,FORM ISSUE,Uneven rise - avoid twisting torso
34500,86.6,81.7,155.8,105.5,130.7,105.9,176.0,178.4,28.7,0.538,UP,1,FORM ISSUE,Uneven rise - avoid twisting torso
34533,88.8,84.3,105.1,99.3,102.2,111.1,171.9,179.1,28.3,0.549,UP,1,FORM ISSUE,Uneven rise - avoid twisting torso
34566,89.9,86.4,42.8,86.3,64.6,102.0,170.7,172.2,21.6,0.561,UP,1,FORM ISSUE,Uneven rise - avoid twisting torso
34600,88.3,87.7,39.4,85.5,62.4,93.1,166.1,171.2,18.8,0.579,UP,1,FORM ISSUE,Uneven rise - avoid twisting torso
34633,84.9,87.7,70.1,68.4,69.2,85.8,158.0,172.5,19.1,0.597,UP,1,FORM ISSUE,Uneven rise - avoid twisting torso
34666,81.7,86.7,68.2,55.1,61.6,72.0,153.8,171.0,17.8,0.615,UP,1,FORM ISSUE,Uneven rise - avoid twisting torso
34700,80.2,85.0,95.4,59.9,77.7,67.1,153.8,170.9,7.9,0.627,UP,1,FORM ISSUE,Uneven rise - avoid twisting torso
34733,77.2,82.5,98.3,66.5,82.4,70.7,150.0,161.3,11.5,0.633,UP,1,FORM ISSUE,Uneven rise - avoid twisting torso
34766,74.2,79.6,102.8,67.6,85.2,75.2,146.7,160.3,9.1,0.635,UP,1,FORM ISSUE,Uneven rise - avoid twisting torso
34800,71.6,77.0,97.3,60.6,78.9,77.2,144.2,159.0,10.8,0.639,UP,1,FORM ISSUE,Uneven rise - avoid twisting torso
34833,69.4,74.5,95.8,59.5,77.6,80.4,139.8,160.0,14.2,0.645,UP,1,FORM ISSUE,Uneven rise - avoid twisting torso
34866,66.3,71.7,91.7,60.3,76.0,80.0,134.2,154.8,9.4,0.653,UP,1,FORM ISSUE,Uneven rise - avoid twisting torso
34900,63.2,68.9,95.5,66.4,81.0,79.8,129.2,149.5,9.1,0.666,UP,1,FORM ISSUE,Uneven rise - avoid twisting torso
34933,60.3,66.2,91.3,63.8,77.5,78.2,126.7,145.5,9.9,0.679,UP,1,FORM ISSUE,Uneven rise - avoid twisting torso
34966,58.4,63.5,93.7,61.4,77.5,77.9,128.0,144.5,6.6,0.692,UP,1,FORM ISSUE,Uneven rise - avoid twisting torso
35000,53.9,60.4,91.4,58.6,75.0,77.4,117.1,131.6,2.9,0.704,UP,1,FORM ISSUE,Uneven rise - avoid twisting torso
35033,48.9,56.9,105.1,67.8,86.5,79.5,108.6,131.8,4.0,0.715,UP,1,FORM ISSUE,Uneven rise - avoid twisting torso
35066,44.7,53.2,104.6,73.5,89.0,81.1,109.9,134.0,5.7,0.728,UP,1,FORM ISSUE,Uneven rise - avoid twisting torso
35100,40.1,49.2,102.3,75.1,88.7,83.3,108.2,131.8,1.1,0.742,UP,1,FORM ISSUE,Uneven rise - avoid twisting torso
35133,31.5,43.8,104.3,74.3,89.3,85.7,108.0,128.9,3.8,0.757,UP,1,FORM ISSUE,Uneven rise - avoid twisting torso
35166,24.5,38.0,99.2,78.9,89.0,88.5,106.1,121.2,9.2,0.773,DESCENDING,1,FORM ISSUE,Uneven rise - avoid twisting torso
35200,19.2,32.0,94.8,90.3,92.6,89.7,96.6,122.8,4.4,0.786,DESCENDING,1,FORM ISSUE,Uneven rise - avoid twisting torso
35233,12.3,25.5,107.5,106.3,106.9,93.3,100.1,118.0,19.1,0.8,DESCENDING,1,FORM ISSUE,Uneven rise - avoid twisting torso
35266,9.0,19.3,107.9,114.6,111.3,97.8,101.4,126.3,9.1,0.81,DESCENDING,1,FORM ISSUE,Uneven rise - avoid twisting torso
35300,6.8,14.4,112.5,116.0,114.2,102.8,104.5,129.7,6.6,0.812,DESCENDING,1,FORM ISSUE,Uneven rise - avoid twisting torso
35333,7.3,10.9,110.0,115.6,112.8,107.6,104.2,130.1,11.7,0.807,DESCENDING,1,FORM ISSUE,Uneven rise - avoid twisting torso
35366,8.1,8.7,108.2,113.3,110.7,111.2,109.9,127.7,14.4,0.801,DOWN,2,FORM ISSUE,Uneven rise - avoid twisting torso
35400,8.2,7.9,109.0,113.3,111.2,112.0,106.3,126.4,24.7,0.786,DOWN,2,FORM ISSUE,Uneven rise - avoid twisting torso
35433,8.2,7.7,112.8,113.4,113.1,112.4,106.7,126.2,33.8,0.767,DOWN,2,FORM ISSUE,Uneven rise - avoid twisting torso
35466,7.9,7.9,111.8,113.4,112.6,112.1,97.5,125.2,43.9,0.741,DOWN,2,FORM ISSUE,Uneven rise - avoid twisting torso
35500,7.4,8.0,114.8,113.9,114.4,112.4,86.2,119.7,50.8,0.711,DOWN,2,FORM ISSUE,Uneven rise - avoid twisting torso
35533,6.0,7.5,113.3,114.5,113.9,113.0,90.9,117.9,48.7,0.675,DOWN,2,FORM ISSUE,Uneven rise - avoid twisting torso
35566,5.9,7.1,114.7,114.6,114.7,113.7,90.5,115.3,47.0,0.637,DOWN,2,FORM ISSUE,Uneven rise - avoid twisting torso
35600,4.9,6.4,116.2,117.6,116.9,114.5,96.0,112.6,42.9,0.603,DOWN,2,FORM ISSUE,Uneven rise - avoid twisting torso
35633,3.3,5.5,126.4,119.3,122.9,116.5,97.4,112.3,40.7,0.571,DOWN,2,FORM ISSUE,Uneven rise - avoid twisting torso
35666,3.3,4.7,128.6,122.6,125.6,118.8,96.7,116.2,43.6,0.542,DOWN,2,FORM ISSUE,Uneven rise - avoid twisting torso
35700,3.0,4.1,127.0,123.0,125.0,121.0,95.5,116.6,42.7,0.516,DOWN,2,FORM ISSUE,Uneven rise - avoid twisting torso
35733,,,,,,,,,,0.494,DOWN,2,LOW CONFIDENCE,Adjust camera view
35766,,,,,,,,,,0.471,DOWN,2,LOW CONFIDENCE,Adjust camera view
35800,,,,,,,,,,0.45,DOWN,2,LOW CONFIDENCE,Adjust camera view
35833,,,,,,,,,,0.432,DOWN,2,LOW CONFIDENCE,Adjust camera view
35866,,,,,,,,,,0.416,DOWN,2,LOW CONFIDENCE,Adjust camera view
35900,,,,,,,,,,0.401,DOWN,2,LOW CONFIDENCE,Adjust camera view
35933,,,,,,,,,,0.389,DOWN,2,LOW CONFIDENCE,Adjust camera view
35966,,,,,,,,,,0.379,DOWN,2,LOW CONFIDENCE,Adjust camera view
36000,,,,,,,,,,0.37,DOWN,2,LOW CONFIDENCE,Adjust camera view
36033,,,,,,,,,,0.36,DOWN,2,LOW CONFIDENCE,Adjust camera view
36066,,,,,,,,,,0.351,DOWN,2,LOW CONFIDENCE,Adjust camera view
36100,,,,,,,,,,0.34,DOWN,2,LOW CONFIDENCE,Adjust camera view
36133,,,,,,,,,,0.331,DOWN,2,LOW CONFIDENCE,Adjust camera view
36166,,,,,,,,,,0.33,DOWN,2,LOW CONFIDENCE,Adjust camera view
36200,,,,,,,,,,0.331,DOWN,2,LOW CONFIDENCE,Adjust camera view
36233,,,,,,,,,,0.332,DOWN,2,LOW CONFIDENCE,Adjust camera view
36266,,,,,,,,,,0.333,DOWN,2,LOW CONFIDENCE,Adjust camera view
36300,,,,,,,,,,0.332,DOWN,2,LOW CONFIDENCE,Adjust camera view
36333,,,,,,,,,,0.325,DOWN,2,LOW CONFIDENCE,Adjust camera view
36366,,,,,,,,,,0.319,DOWN,2,LOW CONFIDENCE,Adjust camera view
36400,,,,,,,,,,0.313,DOWN,2,LOW CONFIDENCE,Adjust camera view
36433,,,,,,,,,,0.307,DOWN,2,LOW CONFIDENCE,Adjust camera view
36466,,,,,,,,,,0.302,DOWN,2,LOW CONFIDENCE,Adjust camera view
36500,,,,,,,,,,0.293,DOWN,2,LOW CONFIDENCE,Adjust camera view
36533,,,,,,,,,,0.284,DOWN,2,LOW CONFIDENCE,Adjust camera view
36566,,,,,,,,,,0.277,DOWN,2,LOW CONFIDENCE,Adjust camera view
36600,,,,,,,,,,0.275,DOWN,2,LOW CONFIDENCE,Adjust camera view
36633,,,,,,,,,,0.28,DOWN,2,LOW CONFIDENCE,Adjust camera view
36666,,,,,,,,,,0.286,DOWN,2,LOW CONFIDENCE,Adjust camera view
36700,,,,,,,,,,0.293,DOWN,2,LOW CONFIDENCE,Adjust camera view
36733,,,,,,,,,,0.296,DOWN,2,LOW CONFIDENCE,Adjust camera view
36766,,,,,,,,,,0.293,DOWN,2,LOW CONFIDENCE,Adjust camera view
36800,,,,,,,,,,0.284,DOWN,2,LOW CONFIDENCE,Adjust camera view
36833,,,,,,,,,,0.275,DOWN,2,LOW CONFIDENCE,Adjust camera view
36866,,,,,,,,,,0.274,DOWN,2,LOW CONFIDENCE,Adjust camera view
36900,,,,,,,,,,0.281,DOWN,2,LOW CONFIDENCE,Adjust camera view
36933,,,,,,,,,,0.295,DOWN,2,LOW CONFIDENCE,Adjust camera view
36966,,,,,,,,,,0.312,DOWN,2,LOW CONFIDENCE,Adjust camera view
37000,,,,,,,,,,0.338,DOWN,2,LOW CONFIDENCE,Adjust camera view
37033,,,,,,,,,,0.365,DOWN,2,LOW CONFIDENCE,Adjust camera view
37066,,,,,,,,,,0.396,DOWN,2,LOW CONFIDENCE,Adjust camera view
37100,,,,,,,,,,0.43,DOWN,2,LOW CONFIDENCE,Adjust camera view
37133,,,,,,,,,,0.472,DOWN,2,LOW CONFIDENCE,Adjust camera view
37166,27.3,8.4,126.0,113.3,119.6,122.0,108.7,131.6,11.0,0.514,DOWN,2,FORM ISSUE,Uneven rise - avoid twisting torso
37200,26.5,12.7,122.7,112.7,117.7,122.1,102.4,126.0,7.9,0.55,DOWN,2,FORM ISSUE,Uneven rise - avoid twisting torso
37233,28.7,17.8,129.7,113.1,121.4,121.9,101.4,130.3,10.9,0.584,DOWN,2,FORM ISSUE,Uneven rise - avoid twisting torso
37266,29.1,22.9,133.1,110.2,121.6,121.1,101.5,131.1,13.5,0.612,DOWN,2,FORM ISSUE,Uneven rise - avoid twisting torso
37300,30.3,28.4,133.1,101.8,117.4,119.6,93.0,124.4,6.8,0.632,DOWN,2,FORM ISSUE,Uneven rise - avoid twisting torso
37333,32.3,29.4,108.7,85.8,97.3,115.1,92.8,121.5,11.5,0.645,DOWN,2,FORM ISSUE,Uneven rise - avoid twisting torso
37366,35.0,31.1,98.9,73.0,85.9,108.7,100.1,130.0,2.8,0.657,ASCENDING,2,FORM ISSUE,Uneven rise - avoid twisting torso
37400,40.6,33.5,97.3,67.1,82.2,100.9,105.1,138.1,8.0,0.663,ASCENDING,2,FORM ISSUE,Uneven rise - avoid twisting torso
37433,44.8,36.6,84.0,65.3,74.7,91.5,103.7,143.7,19.9,0.665,ASCENDING,2,FORM ISSUE,Uneven rise - avoid twisting torso
37466,51.1,40.8,88.2,68.0,78.1,83.6,118.2,155.7,27.5,0.661,ASCENDING,2,FORM ISSUE,Uneven rise - avoid twisting torso
37500,58.0,45.9,90.2,69.5,79.9,80.1,123.0,159.9,25.6,0.654,ASCENDING,2,FORM ISSUE,Uneven rise - avoid twisting torso
37533,66.1,52.1,98.0,66.4,82.2,79.4,133.1,163.9,27.2,0.646,ASCENDING,2,FORM ISSUE,Uneven rise - avoid twisting torso
37566,71.4,58.3,97.8,69.8,83.8,79.7,146.9,169.5,17.4,0.643,ASCENDING,2,FORM ISSUE,Uneven rise - avoid twisting torso
37600,75.8,64.5,71.1,64.0,67.5,78.3,155.0,174.8,1.1,0.647,ASCENDING,2,FORM ISSUE,Uneven rise - avoid twisting torso
37633,79.4,70.2,85.2,65.1,75.2,77.7,157.1,178.7,10.0,0.658,ASCENDING,2,FORM ISSUE,Uneven rise - avoid twisting torso
37666,82.2,75.0,113.7,80.2,97.0,81.1,159.4,180.0,19.9,0.673,ASCENDING,2,FORM ISSUE,Uneven rise - avoid twisting torso
37700,84.3,78.6,106.7,69.5,88.1,82.3,165.1,175.3,15.2,0.688,UP,2,FORM ISSUE,Uneven rise - avoid twisting torso
37733,86.2,81.6,99.6,62.7,81.2,81.8,165.3,178.4,22.4,0.696,UP,2,FORM ISSUE,Uneven rise - avoid twisting torso
37766,86.9,83.8,105.8,73.8,89.8,86.2,164.3,176.1,29.2,0.702,UP,2,FORM ISSUE,Uneven rise - avoid twisting torso
37800,87.2,85.3,112.4,82.8,97.6,90.7,162.8,179.2,22.3,0.706,UP,2,FORM ISSUE,Uneven rise - avoid twisting torso
37833,88.7,86.7,131.0,100.6,115.8,94.5,164.2,176.3,27.4,0.709,UP,2,FORM ISSUE,Uneven rise - avoid twisting torso
37866,88.7,87.5,133.3,99.2,116.3,100.1,164.7,178.2,38.1,0.713,UP,2,FORM ISSUE,Uneven rise - avoid twisting torso
37900,89.5,88.2,131.4,92.5,111.9,106.3,168.3,175.7,38.5,0.719,UP,2,FORM ISSUE,Uneven rise - avoid twisting torso
37933,88.1,88.4,135.5,112.9,124.2,113.2,171.3,172.1,32.1,0.727,UP,2,FORM ISSUE,Uneven rise - avoid twisting torso
37966,86.0,88.2,125.6,91.0,108.3,115.3,172.9,169.9,30.0,0.736,UP,2,FORM ISSUE,Uneven rise - avoid twisting torso
38000,85.1,87.5,143.6,106.2,124.9,117.1,179.3,170.7,29.8,0.746,UP,2,FORM ISSUE,Uneven rise - avoid twisting torso
38033,84.5,86.6,83.7,87.3,85.5,111.0,175.5,170.0,28.2,0.749,UP,2,FORM ISSUE,Uneven rise - avoid twisting torso
38066,83.0,85.3,87.3,76.3,81.8,105.0,176.9,166.2,31.3,0.751,UP,2,FORM ISSUE,Uneven rise - avoid twisting torso
38100,82.8,84.3,68.1,79.3,73.7,94.9,177.2,163.3,33.6,0.749,UP,2,FORM ISSUE,Uneven rise - avoid twisting torso
38133,82.6,83.6,33.8,88.7,61.2,85.4,178.5,164.1,34.9,0.746,UP,2,FORM ISSUE,Uneven rise - avoid twisting torso
38166,81.9,82.9,132.3,88.3,110.3,82.5,177.3,164.8,32.9,0.738,UP,2,FORM ISSUE,Uneven rise - avoid twisting torso
38200,81.1,82.3,84.4,67.8,76.1,80.6,179.0,164.3,39.6,0.733,UP,2,FORM ISSUE,Uneven rise - avoid twisting torso
38233,80.6,81.8,84.7,69.0,76.8,79.6,179.1,163.7,43.1,0.727,UP,2,FORM ISSUE,Uneven rise - avoid twisting torso
38266,79.6,81.2,99.9,102.0,101.0,85.1,173.0,167.2,37.0,0.722,UP,2,FORM ISSUE,Uneven rise - avoid twisting torso
38300,79.5,80.5,134.9,113.8,124.4,97.7,173.3,163.6,45.9,0.712,UP,2,FORM ISSUE,Uneven rise - avoid twisting torso
38333,78.4,79.8,148.0,116.6,132.3,102.1,170.0,161.8,45.6,0.699,UP,2,FORM ISSUE,Uneven rise - avoid twisting torso
38366,78.7,79.3,141.7,105.1,123.4,111.6,169.6,162.5,43.8,0.686,UP,2,FORM ISSUE,Uneven rise - avoid twisting torso
38400,79.4,79.1,131.2,99.3,115.2,119.3,170.9,164.6,44.2,0.673,UP,2,FORM ISSUE,Uneven rise - avoid twisting torso
38433,78.5,78.9,130.1,100.3,115.2,122.1,178.2,167.2,57.3,0.659,UP,2,FORM ISSUE,Uneven rise - avoid twisting torso
38466,77.8,78.6,134.2,98.0,116.1,120.5,176.5,166.3,62.3,0.649,UP,2,FORM ISSUE,Uneven rise - avoid twisting torso
38500,78.3,78.5,121.7,99.9,110.8,116.1,176.9,165.1,64.9,0.646,UP,2,FORM ISSUE,Uneven rise - avoid twisting torso
38533,77.0,78.2,129.3,112.4,120.8,115.6,176.7,164.4,67.5,0.645,UP,2,FORM ISSUE,Uneven rise - avoid twisting torso
38566,74.3,77.2,136.8,111.1,123.9,117.4,170.3,164.6,64.3,0.643,UP,2,FORM ISSUE,Uneven rise - avoid twisting torso
38600,72.1,75.9,138.4,112.9,125.6,119.5,168.3,162.4,63.7,0.64,UP,2,FORM ISSUE,Uneven rise - avoid twisting torso
38633,73.0,74.9,116.9,99.9,108.4,117.9,170.1,158.8,63.7,0.641,UP,2,FORM ISSUE,Uneven rise - avoid twisting torso
38666,73.6,74.0,93.9,71.0,82.4,112.3,177.8,159.5,58.6,0.637,UP,2,FORM ISSUE,Uneven rise - avoid twisting torso
38700,74.2,73.4,90.5,77.1,83.8,104.8,177.0,158.8,61.8,0.628,UP,2,FORM ISSUE,Uneven rise - avoid twisting torso
38733,73.2,73.2,98.7,86.9,92.8,98.6,179.8,156.1,68.8,0.614,UP,2,FORM ISSUE,Uneven rise - avoid twisting torso
38766,72.6,73.3,98.4,88.7,93.6,92.2,179.8,154.9,66.1,0.6,UP,2,FORM ISSUE,Uneven rise - avoid twisting torso
38800,72.0,73.1,106.2,99.9,103.0,91.1,178.7,153.3,64.0,0.585,UP,2,FORM ISSUE,Uneven rise - avoid twisting torso
38833,71.3,72.7,97.4,92.3,94.8,93.6,173.0,152.9,56.5,0.574,UP,2,FORM ISSUE,Uneven rise - avoid twisting torso
38866,70.5,71.9,125.5,97.7,111.6,99.2,165.0,156.2,49.9,0.57,UP,2,FORM ISSUE,Uneven rise - avoid twisting torso
38900,69.8,71.2,102.8,92.6,97.7,100.1,167.9,155.4,52.9,0.57,UP,2,FORM ISSUE,Uneven rise - avoid twisting torso
38933,68.8,70.5,139.5,108.0,123.7,106.2,159.0,157.2,55.6,0.569,UP,2,FORM ISSUE,Uneven rise - avoid twisting torso
38966,69.1,69.9,130.2,105.2,117.7,109.1,161.5,155.5,57.6,0.572,UP,2,FORM ISSUE,Uneven rise - avoid twisting torso
39000,69.8,69.6,129.1,104.9,117.0,113.5,165.0,158.1,66.1,0.576,UP,2,FORM ISSUE,Uneven rise - avoid twisting torso
39033,70.7,69.6,118.8,97.4,108.1,112.9,165.4,157.7,68.2,0.581,UP,2,FORM ISSUE,Uneven rise - avoid twisting torso
39066,71.4,69.9,132.8,106.6,119.7,117.3,168.1,162.3,72.5,0.586,UP,2,FORM ISSUE,Uneven rise - avoid twisting torso
39100,71.3,70.4,136.8,111.2,124.0,117.3,166.3,161.7,71.1,0.597,UP,2,FORM ISSUE,Uneven rise - avoid twisting torso
39133,72.2,71.1,141.5,108.4,125.0,118.8,164.9,163.1,64.3,0.605,UP,2,FORM ISSUE,Uneven rise - avoid twisting torso
39166,72.7,71.7,140.1,110.5,125.3,120.4,164.2,163.2,55.9,0.611,UP,2,FORM ISSUE,Uneven rise - avoid twisting torso
39200,73.4,72.2,150.0,113.5,131.8,125.2,166.8,163.4,55.9,0.613,UP,2,FORM ISSUE,Uneven rise - avoid twisting torso
39233,74.5,72.8,148.1,110.1,129.1,127.0,167.1,162.7,50.8,0.618,UP,2,FORM ISSUE,Uneven rise - avoid twisting torso
39266,74.8,73.5,138.9,108.9,123.9,127.0,167.1,161.7,55.7,0.619,UP,2,FORM ISSUE,Uneven rise - avoid twisting torso
39300,75.1,74.1,140.5,118.1,129.3,127.9,164.2,162.1,26.2,0.621,UP,2,FORM ISSUE,Uneven rise - avoid twisting torso
39333,75.8,74.7,129.1,113.0,121.0,127.0,162.2,159.4,46.6,0.623,UP,2,FORM ISSUE,Uneven rise - avoid twisting torso
39366,77.2,75.5,137.9,109.6,123.7,125.4,164.4,156.2,53.4,0.621,UP,2,FORM ISSUE,Uneven rise - avoid twisting torso
39400,78.2,76.2,140.8,113.6,127.2,125.0,168.9,151.7,47.5,0.614,UP,2,FORM ISSUE,Uneven rise - avoid twisting torso
39433,78.8,77.0,154.0,115.6,134.8,127.2,168.0,160.0,42.3,0.607,UP,2,FORM ISSUE,Uneven rise - avoid twisting torso
39466,79.1,77.8,152.8,112.9,132.8,127.9,169.1,163.2,36.9,0.601,UP,2,FORM ISSUE,Uneven rise - avoid twisting torso
39500,80.7,78.8,151.9,117.5,134.7,130.7,172.8,164.4,40.6,0.593,UP,2,FORM ISSUE,Uneven rise - avoid twisting torso
39533,82.4,79.8,145.2,111.4,128.3,131.6,177.9,168.5,43.8,0.59,UP,2,FORM ISSUE,Uneven rise - avoid twisting torso
39566,84.0,81.0,148.5,108.2,128.4,131.8,177.6,169.7,36.0,0.593,UP,2,FORM ISSUE,Uneven rise - avoid twisting torso
39600,86.7,82.6,139.0,106.1,122.5,129.4,178.2,170.5,30.5,0.603,UP,2,FORM ISSUE,Uneven rise - avoid twisting torso
39633,88.0,84.3,127.8,101.5,114.7,125.7,174.3,170.6,28.8,0.612,UP,2,FORM ISSUE,Uneven rise - avoid twisting torso
39666,88.6,85.9,121.9,88.0,105.0,119.8,170.8,171.3,27.4,0.628,UP,2,FORM ISSUE,Uneven rise - avoid twisting torso
39700,88.9,87.2,126.9,86.5,106.7,115.5,170.6,174.3,20.6,0.646,UP,2,FORM ISSUE,Uneven rise - avoid twisting torso
39733,89.9,88.4,43.7,114.1,78.9,105.6,176.6,176.2,1.4,0.666,UP,2,FORM ISSUE,Uneven rise - avoid twisting torso
39766,89.4,89.0,42.9,116.3,79.6,97.0,178.3,175.5,8.3,0.683,UP,2,FORM ISSUE,Uneven rise - avoid twisting torso
39800,88.1,89.0,36.0,118.3,77.1,89.5,178.2,178.0,15.7,0.699,UP,2,FORM ISSUE,Uneven rise - avoid twisting torso
39833,86.7,88.6,62.7,114.2,88.5,86.2,169.8,179.6,14.3,0.708,UP,2,FORM ISSUE,Uneven rise - avoid twisting torso
39866,85.2,87.9,107.5,121.2,114.3,87.7,171.2,178.8,11.9,0.714,UP,2,FORM ISSUE,Uneven rise - avoid twisting torso
39900,83.5,86.6,100.7,106.8,103.8,92.7,165.4,179.7,9.5,0.711,UP,2,FORM ISSUE,Uneven rise - avoid twisting torso
39933,82.4,85.2,100.8,103.9,102.4,97.2,157.8,177.0,3.5,0.703,UP,2,FORM ISSUE,Uneven rise - avoid twisting torso
39966,80.7,83.7,94.7,83.5,89.1,99.6,150.6,173.9,9.4,0.695,UP,2,FORM ISSUE,Uneven rise - avoid twisting torso
40000,78.8,82.1,104.6,77.6,91.1,100.1,147.4,170.9,6.9,0.69,UP,2,FORM ISSUE,Uneven rise - avoid twisting torso
40033,77.2,80.5,97.7,64.4,81.1,93.5,141.2,168.0,5.5,0.69,UP,2,FORM ISSUE,Uneven rise - avoid twisting torso
40066,75.8,79.0,96.7,66.4,81.5,89.0,141.2,164.7,6.1,0.694,UP,2,FORM ISSUE,Uneven rise - avoid twisting torso
40100,74.9,77.5,94.2,58.7,76.5,83.8,141.1,164.6,7.7,0.703,UP,2,FORM ISSUE,Uneven rise - avoid twisting torso
40133,73.9,76.1,91.8,61.1,76.5,81.3,141.1,167.0,4.5,0.715,UP,2,FORM ISSUE,Uneven rise - avoid twisting torso
40166,73.4,75.0,87.4,62.1,74.8,78.0,139.4,166.7,7.2,0.725,UP,2,FORM ISSUE,Uneven rise - avoid twisting torso
40200,73.1,74.2,84.2,62.0,73.1,76.5,139.8,167.8,2.0,0.734,UP,2,FORM ISSUE,Uneven rise - avoid twisting torso
40233,73.3,73.7,75.2,64.9,70.1,74.2,142.3,169.3,2.9,0.742,UP,2,FORM ISSUE,Uneven rise - avoid twisting torso
40266,73.6,73.5,79.8,62.2,71.0,73.1,144.0,169.1,1.5,0.748,UP,2,FORM ISSUE,Uneven rise - avoid twisting torso
40300,73.4,73.4,87.6,59.0,73.3,72.4,144.9,168.9,1.5,0.752,UP,2,FORM ISSUE,Uneven rise - avoid twisting torso
40333,73.4,73.4,87.6,59.2,73.4,72.2,145.0,165.4,1.9,0.756,UP,2,FORM ISSUE,Uneven rise - avoid twisting torso
40366,74.0,73.5,110.3,63.3,86.8,74.9,143.5,161.6,11.8,0.761,UP,2,FORM ISSUE,Uneven rise - avoid twisting torso
40400,73.9,73.7,105.8,63.9,84.9,77.9,143.6,161.7,16.5,0.765,UP,2,FORM ISSUE,Uneven rise - avoid twisting torso
40433,74.7,73.9,104.6,67.4,86.0,80.9,139.9,159.6,20.5,0.769,UP,2,FORM ISSUE,Uneven rise - avoid twisting torso
40466,74.4,74.1,94.1,66.0,80.1,82.2,138.1,157.9,22.8,0.772,UP,2,FORM ISSUE,Uneven rise - avoid twisting torso
40500,73.9,74.2,90.5,65.7,78.1,83.2,134.9,157.0,20.9,0.772,UP,2,FORM ISSUE,Uneven rise - avoid twisting torso
40533,73.1,74.0,85.5,65.1,75.3,80.9,137.5,161.9,20.5,0.765,UP,2,FORM ISSUE,Uneven rise - avoid twisting torso
40566,72.4,73.7,83.6,68.3,75.9,79.1,137.1,159.2,20.7,0.752,UP,2,FORM ISSUE,Uneven rise - avoid twisting torso
40600,72.8,73.3,81.9,67.5,74.7,76.8,134.8,157.2,21.0,0.73,UP,2,FORM ISSUE,Uneven rise - avoid twisting torso
40633,73.3,73.1,90.7,71.6,81.2,77.0,135.9,155.1,20.0,0.701,UP,2,FORM ISSUE,Uneven rise - avoid twisting torso
40666,74.8,73.3,100.5,75.8,88.2,79.1,129.6,153.9,19.8,0.668,UP,2,FORM ISSUE,Uneven rise - avoid twisting torso
40700,75.5,73.7,102.9,74.9,88.9,81.8,126.8,150.8,21.6,0.632,UP,2,FORM ISSUE,Uneven rise - avoid twisting torso
40733,76.2,74.5,106.9,78.7,92.8,85.2,128.8,147.1,23.5,0.593,UP,2,FORM ISSUE,Uneven rise - avoid twisting torso
40766,76.2,75.2,112.1,87.9,100.0,90.2,126.8,147.9,24.2,0.555,UP,2,FORM ISSUE,Uneven rise - avoid twisting torso
40800,76.6,75.8,130.3,102.1,116.2,97.2,126.7,156.2,21.8,0.519,UP,2,FORM ISSUE,Uneven rise - avoid twisting torso
40833,,,,,,,,,,0.49,UP,2,LOW CONFIDENCE,Adjust camera view
40866,,,,,,,,,,0.471,UP,2,LOW CONFIDENCE,Adjust camera view
40900,,,,,,,,,,0.46,UP,2,LOW CONFIDENCE,Adjust camera view
40933,,,,,,,,,,0.453,UP,2,LOW CONFIDENCE,Adjust camera view
40966,,,,,,,,,,0.457,UP,2,LOW CONFIDENCE,Adjust camera view
41000,,,,,,,,,,0.46,UP,2,LOW CONFIDENCE,Adjust camera view
41033,,,,,,,,,,0.467,UP,2,LOW CONFIDENCE,Adjust camera view
41066,,,,,,,,,,0.478,UP,2,LOW CONFIDENCE,Adjust camera view
41100,,,,,,,,,,0.494,UP,2,LOW CONFIDENCE,Adjust camera view
41133,75.5,76.0,106.4,75.5,90.9,97.8,145.7,160.3,9.2,0.51,UP,2,FORM ISSUE,Uneven rise - avoid twisting torso
41166,75.7,76.0,108.3,81.6,95.0,99.0,146.1,160.3,7.9,0.525,UP,2,FORM ISSUE,Uneven rise - avoid twisting torso
41200,75.9,76.0,102.1,65.3,83.7,97.2,145.9,159.9,5.9,0.537,UP,2,FORM ISSUE,Uneven rise - avoid twisting torso
41233,75.0,75.7,107.0,72.5,89.8,95.1,139.9,159.5,1.3,0.551,UP,2,FORM ISSUE,Uneven rise - avoid twisting torso
41266,74.5,75.3,108.8,74.7,91.8,90.2,141.0,158.7,0.9,0.565,UP,2,FORM ISSUE,Uneven rise - avoid twisting torso
41300,74.3,75.1,134.8,78.1,106.4,93.3,141.2,158.0,7.3,0.58,UP,2,FORM ISSUE,Uneven rise - avoid twisting torso
41333,73.9,74.7,122.3,79.7,101.0,94.5,141.2,156.9,10.6,0.595,UP,2,FORM ISSUE,Uneven rise - avoid twisting torso
41366,73.5,74.3,112.2,77.0,94.6,96.7,142.9,156.6,12.1,0.611,UP,2,FORM ISSUE,Uneven rise - avoid twisting torso
41400,72.8,73.8,112.1,81.8,96.9,98.1,141.9,157.1,15.4,0.627,UP,2,FORM ISSUE,Uneven rise - avoid twisting torso
41433,71.7,73.3,111.1,79.4,95.2,98.8,140.9,152.5,18.7,0.642,UP,2,FORM ISSUE,Uneven rise - avoid twisting torso
41466,70.8,72.6,113.2,69.1,91.2,95.8,137.3,151.1,20.9,0.655,UP,2,FORM ISSUE,Uneven rise - avoid twisting torso
41500,70.3,71.8,114.5,69.5,92.0,94.0,135.4,151.1,26.6,0.668,UP,2,FORM ISSUE,Uneven rise - avoid twisting torso
41533,69.1,71.0,122.0,72.0,97.0,94.5,136.0,150.0,26.0,0.679,UP,2,FORM ISSUE,Uneven rise - avoid twisting torso
41566,68.3,70.1,122.9,67.2,95.1,94.1,136.8,148.0,24.4,0.689,UP,2,FORM ISSUE,Uneven rise - avoid twisting torso
41600,67.2,69.2,129.4,73.7,101.5,95.4,137.4,147.5,23.1,0.697,UP,2,FORM ISSUE,Uneven rise - avoid twisting torso
41633,66.5,68.3,135.4,72.2,103.8,97.9,138.8,148.2,27.1,0.706,UP,2,FORM ISSUE,Uneven rise - avoid twisting torso
41666,66.2,67.5,99.0,115.9,107.4,101.0,142.5,149.2,37.9,0.711,UP,2,FORM ISSUE,Uneven rise - avoid twisting torso
41700,66.2,66.9,98.7,131.8,115.3,104.6,147.9,150.4,49.0,0.716,UP,2,FORM ISSUE,Uneven rise - avoid twisting torso
41733,64.6,66.1,116.8,162.9,139.8,113.6,148.4,150.7,48.3,0.717,UP,2,FORM ISSUE,Uneven rise - avoid twisting torso
41766,62.8,65.3,134.1,156.8,145.4,122.4,148.5,148.7,42.9,0.71,UP,2,FORM ISSUE,Uneven rise - avoid twisting torso
41800,59.3,63.8,171.1,140.7,155.9,132.8,145.2,147.1,46.9,0.698,UP,2,FORM ISSUE,Uneven rise - avoid twisting torso
41833,55.7,61.7,176.5,81.2,128.9,137.1,142.6,146.1,49.2,0.685,UP,2,FORM ISSUE,Uneven rise - avoid twisting torso
41866,53.5,59.2,173.6,89.8,131.7,140.3,140.9,144.7,62.7,0.671,UP,2,FORM ISSUE,Uneven rise - avoid twisting torso
41900,52.1,56.7,174.3,96.8,135.6,139.5,138.6,145.6,75.5,0.655,UP,2,FORM ISSUE,Uneven rise - avoid twisting torso
41933,47.7,53.7,176.9,69.9,123.4,135.1,128.5,144.8,76.6,0.649,UP,2,FORM ISSUE,Uneven rise - avoid twisting torso
41966,47.1,51.2,174.4,148.7,161.5,136.2,133.9,146.3,79.8,0.637,UP,2,FORM ISSUE,Uneven rise - avoid twisting torso
42000,45.8,49.2,170.4,100.7,135.6,137.5,138.4,146.4,82.0,0.624,UP,2,FORM ISSUE,Uneven rise - avoid twisting torso
42033,45.3,47.6,170.7,60.4,115.5,134.3,135.3,146.1,83.3,0.612,DESCENDING,2,FORM ISSUE,Uneven rise - avoid twisting torso
42066,46.5,46.5,143.2,123.7,133.5,133.9,138.2,146.4,81.1,0.598,DESCENDING,2,FORM ISSUE,Uneven rise - avoid twisting torso
42100,47.0,46.4,161.1,117.7,139.4,137.1,138.0,146.8,85.0,0.579,DESCENDING,2,FORM ISSUE,Uneven rise - avoid twisting torso
0,89.0,89.0,177.9,168.5,173.2,173.2,179.8,178.4,4.3,0.891,DOWN,0,FORM ISSUE,Uneven rise - avoid twisting torso
33,89.1,89.1,178.4,167.8,173.1,173.1,179.9,178.5,3.7,0.89,DOWN,0,FORM ISSUE,Uneven rise - avoid twisting torso
66,88.8,89.0,178.5,168.2,173.4,173.2,178.1,179.5,3.0,0.89,DOWN,0,FORM ISSUE,Uneven rise - avoid twisting torso
100,88.0,88.7,178.2,169.4,173.8,173.4,177.4,179.8,2.2,0.892,ASCENDING,0,FORM ISSUE,Uneven rise - avoid twisting torso
133,87.3,88.4,177.4,169.8,173.6,173.4,177.0,179.1,2.4,0.894,ASCENDING,0,FORM ISSUE,Uneven rise - avoid twisting torso
166,86.3,87.9,176.1,170.5,173.3,173.4,175.3,177.2,2.8,0.897,ASCENDING,0,FORM ISSUE,Uneven rise - avoid twisting torso
200,85.7,87.2,175.6,170.8,173.2,173.5,174.3,175.5,1.4,0.902,ASCENDING,0,FORM ISSUE,Uneven rise - avoid twisting torso
233,84.6,86.4,174.0,171.2,172.6,173.3,173.3,171.6,1.7,0.908,UP,0,FORM ISSUE,Uneven rise - avoid twisting torso
266,84.2,85.6,172.9,170.7,171.8,172.9,173.1,170.7,4.1,0.913,UP,0,FORM ISSUE,Uneven rise - avoid twisting torso
300,84.3,85.0,172.4,168.8,170.6,172.3,173.9,170.8,9.9,0.918,UP,0,FORM ISSUE,Uneven rise - avoid twisting torso
333,84.3,84.6,171.2,168.3,169.8,171.6,175.1,170.5,7.7,0.923,UP,0,FORM ISSUE,Uneven rise - avoid twisting torso
366,84.3,84.3,169.7,168.6,169.2,170.8,175.4,168.5,10.3,0.928,UP,0,FORM ISSUE,Uneven rise - avoid twisting torso
400,84.5,84.3,168.6,170.3,169.5,170.2,175.3,168.5,11.1,0.933,UP,0,FORM ISSUE,Uneven rise - avoid twisting torso
433,85.6,84.6,168.1,171.7,169.9,169.8,176.7,168.5,13.8,0.937,UP,0,FORM ISSUE,Uneven rise - avoid twisting torso
466,86.0,84.9,168.0,174.6,171.3,169.9,177.7,168.8,13.7,0.942,UP,0,FORM ISSUE,Uneven rise - avoid twisting torso
500,87.4,85.6,169.8,173.4,171.6,170.3,177.3,168.8,6.9,0.945,UP,0,FORM ISSUE,Uneven rise - avoid twisting torso
533,88.2,86.4,171.2,172.6,171.9,170.8,177.8,170.1,6.7,0.948,UP,0,FORM ISSUE,Uneven rise - avoid twisting torso
566,89.2,87.3,173.3,172.2,172.8,171.5,178.3,171.9,7.6,0.951,UP,0,FORM ISSUE,Uneven rise - avoid twisting torso
600,89.5,88.1,173.9,171.5,172.7,172.1,178.4,173.6,5.7,0.954,UP,0,FORM ISSUE,Uneven rise - avoid twisting torso
633,89.7,88.8,175.3,171.6,173.5,172.5,177.8,175.0,6.7,0.956,UP,0,FORM ISSUE,Uneven rise - avoid twisting torso
666,88.9,89.1,175.5,172.3,173.9,172.9,177.3,176.6,3.6,0.959,UP,0,FORM ISSUE,Uneven rise - avoid twisting torso
700,87.7,89.0,176.4,173.1,174.7,173.5,176.1,177.7,3.6,0.961,UP,0,FORM ISSUE,Uneven rise - avoid twisting torso
733,87.3,88.6,177.1,171.9,174.5,173.8,174.2,175.7,3.5,0.963,UP,0,FORM ISSUE,Uneven rise - avoid twisting torso
766,86.7,88.1,177.1,171.3,174.2,174.1,169.9,174.0,3.7,0.965,UP,0,FORM ISSUE,Uneven rise - avoid twisting torso
800,86.0,87.3,176.1,171.9,174.0,174.3,170.5,171.5,4.6,0.966,UP,0,FORM ISSUE,Uneven rise - avoid twisting torso
833,84.3,86.4,173.0,173.4,173.2,174.1,170.0,168.2,1.6,0.965,UP,0,FORM ISSUE,Uneven rise - avoid twisting torso
866,82.8,85.4,173.0,177.3,175.2,174.2,169.7,167.4,0.9,0.962,UP,0,FORM ISSUE,Uneven rise - avoid twisting torso
900,82.3,84.4,173.7,177.7,175.7,174.4,168.9,169.5,4.2,0.954,UP,0,FORM ISSUE,Uneven rise - avoid twisting torso
933,82.8,83.6,174.2,179.5,176.9,175.0,169.5,170.2,4.6,0.941,UP,0,FORM ISSUE,Uneven rise - avoid twisting torso
966,84.0,83.2,179.6,178.7,179.1,176.0,86.2,56.8,3.3,0.922,UP,0,FORM ISSUE,Uneven rise - avoid twisting torso
1000,82.4,82.9,174.6,177.8,176.2,176.6,22.8,4.6,10.7,0.904,UP,0,FORM ISSUE,Uneven rise - avoid twisting torso
1033,86.9,83.7,168.7,168.1,168.4,175.3,170.0,172.9,1.9,0.891,UP,0,FORM ISSUE,Uneven rise - avoid twisting torso
1066,87.7,84.8,171.5,168.7,170.1,174.1,173.5,173.1,0.3,0.885,UP,0,FORM ISSUE,Uneven rise - avoid twisting torso
1100,88.4,85.9,169.9,170.5,170.2,172.8,174.9,172.6,0.6,0.885,UP,0,FORM ISSUE,Uneven rise - avoid twisting torso
1133,89.3,87.0,169.2,169.1,169.2,170.8,176.4,173.5,1.5,0.892,UP,0,FORM ISSUE,Uneven rise - avoid twisting torso
1166,89.8,88.4,169.3,167.6,168.5,169.3,178.2,174.1,1.4,0.902,UP,0,FORM ISSUE,Uneven rise - avoid twisting torso
1200,89.1,88.9,169.9,166.7,168.3,169.2,178.9,175.8,1.5,0.911,UP,0,FORM ISSUE,Uneven rise - avoid twisting torso
1233,88.9,89.1,171.5,167.6,169.5,169.1,178.0,177.9,2.6,0.918,UP,0,FORM ISSUE,Uneven rise - avoid twisting torso
1266,89.7,89.4,169.3,167.7,168.5,168.8,177.9,179.6,2.7,0.923,UP,0,FORM ISSUE,Uneven rise - avoid twisting torso
1300,86.6,88.8,170.4,163.2,166.8,168.3,179.7,179.7,1.5,0.927,UP,0,FORM ISSUE,Uneven rise - avoid twisting torso
1333,87.4,88.3,172.3,164.2,168.3,168.3,179.9,178.4,5.3,0.929,UP,0,FORM ISSUE,Uneven rise - avoid twisting torso
1366,89.3,88.4,172.5,165.7,169.1,168.5,179.3,178.9,3.3,0.929,UP,0,FORM ISSUE,Uneven rise - avoid twisting torso
1400,89.5,88.5,172.7,167.4,170.1,168.6,179.7,178.2,2.1,0.928,UP,0,FORM ISSUE,Uneven rise - avoid twisting torso
1433,87.5,88.1,176.8,166.3,171.5,169.2,173.6,175.4,0.9,0.926,UP,0,FORM ISSUE,Uneven rise - avoid twisting torso
1466,85.2,87.8,179.2,176.6,177.9,171.4,36.8,22.2,12.4,0.914,UP,0,FORM ISSUE,Uneven rise - avoid twisting torso
1500,87.5,87.8,178.0,171.7,174.8,172.7,174.1,174.8,9.1,0.901,UP,0,FORM ISSUE,Uneven rise - avoid twisting torso
1533,85.5,87.0,170.1,170.5,170.3,172.9,174.3,174.6,6.3,0.89,UP,0,FORM ISSUE,Uneven rise - avoid twisting torso
1566,87.4,86.6,177.2,174.1,175.6,174.0,174.2,174.9,10.4,0.881,UP,0,FORM ISSUE,Uneven rise - avoid twisting torso
1600,86.9,86.5,174.2,170.5,172.3,174.2,174.1,176.0,3.4,0.874,UP,0,FORM ISSUE,Uneven rise - avoid twisting torso
1633,87.1,86.9,171.5,170.2,170.9,172.8,176.3,177.6,1.5,0.877,UP,0,FORM ISSUE,Uneven rise - avoid twisting torso
1666,87.4,86.9,170.4,169.3,169.8,171.8,176.2,178.3,1.0,0.882,UP,0,FORM ISSUE,Uneven rise - avoid twisting torso
1700,87.8,87.3,168.8,168.5,168.7,171.5,176.9,178.4,0.7,0.887,UP,0,FORM ISSUE,Uneven rise - avoid twisting torso
1733,89.1,87.7,169.8,167.6,168.7,170.1,177.9,178.3,0.8,0.893,UP,0,FORM ISSUE,Uneven rise - avoid twisting torso
1766,88.8,88.0,168.2,169.3,168.7,169.4,178.4,178.5,1.4,0.901,UP,0,FORM ISSUE,Uneven rise - avoid twisting torso
1800,88.9,88.4,168.2,168.1,168.1,168.8,179.7,178.4,2.8,0.909,UP,0,FORM ISSUE,Uneven rise - avoid twisting torso
1833,89.2,88.7,168.7,169.5,169.1,168.7,179.1,178.8,2.9,0.917,UP,0,FORM ISSUE,Uneven rise - avoid twisting torso
1866,89.3,89.0,169.5,169.8,169.6,168.9,178.7,179.1,3.1,0.924,UP,0,FORM ISSUE,Uneven rise - avoid twisting torso
1900,88.9,89.0,170.3,169.3,169.8,169.1,178.1,179.1,1.3,0.93,UP,0,FORM ISSUE,Uneven rise - avoid twisting torso
1933,89.3,89.1,170.7,170.0,170.4,169.4,178.1,180.0,2.3,0.936,UP,0,FORM ISSUE,Uneven rise - avoid twisting torso
1966,88.8,89.1,171.2,170.0,170.6,169.9,177.3,179.5,0.0,0.942,UP,0,FORM ISSUE,Uneven rise - avoid twisting torso
2000,88.7,89.0,171.8,170.3,171.1,170.3,177.4,179.1,0.8,0.946,UP,0,FORM ISSUE,Uneven rise - avoid twisting torso
2033,88.6,88.9,172.1,170.3,171.2,170.6,177.8,179.0,0.7,0.951,UP,0,FORM ISSUE,Uneven rise - avoid twisting torso
2066,88.6,88.8,171.9,170.0,170.9,170.8,177.2,179.1,0.4,0.954,UP,0,FORM ISSUE,Uneven rise - avoid twisting torso
2100,88.6,88.7,172.0,169.4,170.7,170.9,177.1,179.0,0.2,0.958,UP,0,FORM ISSUE,Uneven rise - avoid twisting torso
2133,88.4,88.6,172.0,170.5,171.2,171.0,176.7,179.1,1.4,0.961,UP,0,FORM ISSUE,Uneven rise - avoid twisting torso
2166,88.0,88.5,171.8,170.6,171.2,171.1,176.7,179.1,3.0,0.964,UP,0,FORM ISSUE,Uneven rise - avoid twisting torso
2200,88.2,88.4,172.1,170.4,171.2,171.1,176.2,179.2,2.2,0.966,UP,0,FORM ISSUE,Uneven rise - avoid twisting torso
2233,88.1,88.3,171.7,171.1,171.4,171.2,176.0,179.3,1.7,0.968,UP,0,FORM ISSUE,Uneven rise - avoid twisting torso
2266,87.9,88.1,171.6,170.5,171.1,171.2,175.6,179.3,0.9,0.97,UP,0,FORM ISSUE,Uneven rise - avoid twisting torso
2300,88.0,88.0,171.6,169.6,170.6,171.1,174.9,179.2,2.9,0.972,UP,0,FORM ISSUE,Uneven rise - avoid twisting torso
2333,88.2,88.1,172.0,169.0,170.5,171.0,172.2,179.8,3.8,0.973,UP,0,FORM ISSUE,Uneven rise - avoid twisting torso
2366,88.5,88.1,172.0,169.6,170.8,170.9,172.5,179.4,2.8,0.973,UP,0,FORM ISSUE,Uneven rise - avoid twisting torso
2400,88.5,88.2,172.3,169.6,170.9,170.8,174.1,178.4,2.6,0.973,UP,0,FORM ISSUE,Uneven rise - avoid twisting torso
2433,88.5,88.3,172.3,169.4,170.9,170.7,174.8,178.5,2.3,0.973,UP,0,FORM ISSUE,Uneven rise - avoid twisting torso
2466,88.7,88.5,172.9,169.3,171.1,170.8,175.4,178.3,2.5,0.971,UP,0,FORM ISSUE,Uneven rise - avoid twisting torso
2500,88.7,88.6,174.0,168.9,171.4,171.0,176.2,178.2,4.4,0.968,UP,0,FORM ISSUE,Uneven rise - avoid twisting torso
2533,88.8,88.6,174.6,169.0,171.8,171.2,176.7,178.7,3.9,0.966,UP,0,FORM ISSUE,Uneven rise - avoid twisting torso
2566,89.0,88.7,175.0,169.0,172.0,171.4,177.1,179.1,3.9,0.963,UP,0,FORM ISSUE,Uneven rise - avoid twisting torso
2600,89.1,88.9,175.4,168.9,172.2,171.7,177.4,178.9,4.8,0.959,UP,0,FORM ISSUE,Uneven rise - avoid twisting torso
2633,89.1,88.9,175.6,169.1,172.4,171.9,177.4,179.0,4.4,0.957,UP,0,FORM ISSUE,Uneven rise - avoid twisting torso
2666,89.1,89.0,175.8,169.0,172.4,172.1,177.5,179.4,4.2,0.954,UP,0,FORM ISSUE,Uneven rise - avoid twisting torso
2700,89.0,89.1,175.9,169.4,172.7,172.3,177.7,179.8,4.8,0.952,UP,0,FORM ISSUE,Uneven rise - avoid twisting torso
2733,88.9,89.0,175.9,169.8,172.9,172.5,177.1,179.6,3.2,0.949,UP,0,FORM ISSUE,Uneven rise - avoid twisting torso
2766,88.7,89.0,175.8,170.3,173.0,172.6,177.6,179.4,3.3,0.947,UP,0,FORM ISSUE,Uneven rise - avoid twisting torso
2800,88.8,88.9,175.9,170.4,173.2,172.8,176.8,178.0,2.6,0.945,UP,0,FORM ISSUE,Uneven rise - avoid twisting torso
2833,88.9,88.9,176.1,170.4,173.2,173.0,177.2,178.0,2.6,0.943,UP,0,FORM ISSUE,Uneven rise - avoid twisting torso
2866,89.0,88.9,176.4,170.4,173.4,173.1,177.0,179.0,2.5,0.94,UP,0,FORM ISSUE,Uneven rise - avoid twisting torso
2900,89.0,88.9,176.4,170.4,173.4,173.2,177.2,178.9,2.4,0.938,UP,0,FORM ISSUE,Uneven rise - avoid twisting torso
2933,89.0,88.9,176.4,170.4,173.4,173.3,176.7,179.3,2.5,0.935,UP,0,FORM ISSUE,Uneven rise - avoid twisting torso
2966,89.0,89.0,176.2,170.4,173.3,173.4,176.3,179.8,2.9,0.933,UP,0,FORM ISSUE,Uneven rise - avoid twisting torso
3000,88.9,89.0,176.3,170.3,173.3,173.4,176.7,179.5,3.5,0.933,UP,0,FORM ISSUE,Uneven rise - avoid twisting torso
3033,88.9,89.0,176.2,170.2,173.2,173.3,176.7,179.4,3.5,0.933,UP,0,FORM ISSUE,Uneven rise - avoid twisting torso
3066,88.6,88.9,175.8,170.1,173.0,173.2,176.4,179.6,4.8,0.934,UP,0,FORM ISSUE,Uneven rise - avoid twisting torso
3100,88.6,88.8,175.7,170.2,172.9,173.1,176.1,179.7,4.8,0.935,UP,0,FORM ISSUE,Uneven rise - avoid twisting torso
3133,88.5,88.7,175.6,170.1,172.9,173.1,176.5,179.3,5.0,0.937,UP,0,FORM ISSUE,Uneven rise - avoid twisting torso
3166,88.6,88.6,175.7,169.8,172.8,173.0,176.5,178.9,5.1,0.938,UP,0,FORM ISSUE,Uneven rise - avoid twisting torso
3200,88.6,88.6,175.8,169.6,172.7,172.9,176.2,178.3,5.1,0.94,UP,0,FORM ISSUE,Uneven rise - avoid twisting torso
3233,88.6,88.6,175.5,169.7,172.6,172.8,177.1,178.5,5.3,0.941,UP,0,FORM ISSUE,Uneven rise - avoid twisting torso
3266,88.5,88.6,174.9,169.7,172.3,172.7,177.6,178.4,5.3,0.943,UP,0,FORM ISSUE,Uneven rise - avoid twisting torso
3300,88.5,88.6,174.8,169.6,172.2,172.5,177.4,178.2,5.2,0.945,UP,0,FORM ISSUE,Uneven rise - avoid twisting torso
3333,88.5,88.6,174.8,169.7,172.2,172.4,177.3,178.0,4.8,0.946,UP,0,FORM ISSUE,Uneven rise - avoid twisting torso
3366,88.6,88.6,174.8,169.6,172.2,172.3,177.2,178.0,4.4,0.948,UP,0,FORM ISSUE,Uneven rise - avoid twisting torso
3400,88.6,88.6,174.9,169.5,172.2,172.2,177.0,177.9,4.3,0.95,UP,0,FORM ISSUE,Uneven rise - avoid twisting torso
3433,88.6,88.6,174.7,169.5,172.1,172.2,176.8,177.7,5.0,0.952,UP,0,FORM ISSUE,Uneven rise - avoid twisting torso
3466,88.7,88.6,175.0,169.5,172.2,172.2,176.8,177.8,5.1,0.953,UP,0,FORM ISSUE,Uneven rise - avoid twisting torso
3500,88.8,88.7,175.2,169.1,172.2,172.2,176.8,177.7,5.0,0.954,UP,0,FORM ISSUE,Uneven rise - avoid twisting torso
3533,88.7,88.7,175.2,168.9,172.0,172.2,176.8,177.7,5.0,0.955,UP,0,FORM ISSUE,Uneven rise - avoid twisting torso
3566,88.7,88.7,175.2,169.2,172.2,172.1,176.9,177.7,4.6,0.957,UP,0,FORM ISSUE,Uneven rise - avoid twisting torso
3600,88.7,88.7,175.2,169.5,172.3,172.2,176.4,178.3,3.9,0.958,UP,0,FORM ISSUE,Uneven rise - avoid twisting torso
3633,88.6,88.7,175.0,169.5,172.3,172.2,176.4,179.9,3.9,0.958,UP,0,FORM ISSUE,Uneven rise - avoid twisting torso
3666,88.6,88.7,175.0,169.4,172.2,172.2,176.3,179.4,4.2,0.958,UP,0,FORM ISSUE,Uneven rise - avoid twisting torso
3700,88.7,88.7,175.0,169.0,172.0,172.2,176.5,178.5,4.4,0.957,UP,0,FORM ISSUE,Uneven rise - avoid twisting torso
3733,88.7,88.7,175.5,168.5,172.0,172.2,176.7,178.5,6.9,0.955,UP,0,FORM ISSUE,Uneven rise - avoid twisting torso
3766,88.6,88.6,175.1,168.4,171.7,172.0,176.5,178.4,8.0,0.954,UP,0,FORM ISSUE,Uneven rise - avoid twisting torso
3800,88.5,88.6,175.3,168.6,171.9,172.0,175.8,178.2,8.0,0.952,UP,0,FORM ISSUE,Uneven rise - avoid twisting torso
3833,88.4,88.6,175.3,168.7,172.0,171.9,174.9,177.3,8.1,0.951,UP,0,FORM ISSUE,Uneven rise - avoid twisting torso
3866,88.3,88.5,175.2,169.3,172.2,172.0,174.4,179.0,7.4,0.951,UP,0,FORM ISSUE,Uneven rise - avoid twisting torso
3900,88.1,88.4,175.1,169.9,172.5,172.1,174.8,179.3,7.1,0.951,UP,0,FORM ISSUE,Uneven rise - avoid twisting torso
3933,87.8,88.2,174.8,170.2,172.5,172.2,174.5,178.9,7.3,0.951,UP,0,FORM ISSUE,Uneven rise - avoid twisting torso
3966,87.6,88.0,174.4,170.5,172.4,172.3,173.4,178.2,7.8,0.952,UP,0,FORM ISSUE,Uneven rise - avoid twisting torso
4000,87.5,87.9,174.0,170.7,172.3,172.4,172.0,178.2,8.1,0.952,UP,0,FORM ISSUE,Uneven rise - avoid twisting torso
4033,87.4,87.7,173.6,170.7,172.2,172.4,171.4,177.7,6.3,0.953,UP,0,FORM ISSUE,Uneven rise - avoid twisting torso
4066,86.9,87.4,172.2,171.3,171.8,172.2,170.4,176.6,6.1,0.953,UP,0,FORM ISSUE,Uneven rise - avoid twisting torso
4100,86.9,87.3,171.9,170.3,171.1,171.9,170.5,177.2,4.5,0.954,UP,0,FORM ISSUE,Uneven rise - avoid twisting torso
4133,86.6,87.1,171.0,170.7,170.9,171.6,170.8,176.5,4.4,0.954,UP,0,FORM ISSUE,Uneven rise - avoid twisting torso
4166,86.6,86.9,170.6,170.7,170.6,171.3,170.7,175.8,3.8,0.955,UP,0,FORM ISSUE,Uneven rise - avoid twisting torso
4200,86.5,86.7,170.0,171.0,170.5,171.0,170.8,175.7,4.1,0.957,UP,0,FORM ISSUE,Uneven rise - avoid twisting torso
4233,86.5,86.6,169.9,170.9,170.4,170.7,171.4,176.4,3.8,0.958,UP,0,FORM ISSUE,Uneven rise - avoid twisting torso
4266,86.6,86.6,169.8,170.7,170.3,170.5,171.4,176.2,3.4,0.959,UP,0,FORM ISSUE,Uneven rise - avoid twisting torso
4300,86.7,86.6,169.8,170.7,170.2,170.4,171.3,176.9,3.3,0.96,UP,0,FORM ISSUE,Uneven rise - avoid twisting torso
4333,86.7,86.6,169.5,170.7,170.1,170.3,171.2,176.9,3.1,0.961,UP,0,FORM ISSUE,Uneven rise - avoid twisting torso
4366,86.7,86.7,169.5,170.6,170.1,170.2,171.1,177.1,3.2,0.962,UP,0,FORM ISSUE,Uneven rise - avoid twisting torso
4400,86.8,86.7,169.4,170.6,170.0,170.1,171.3,177.2,2.8,0.962,UP,0,FORM ISSUE,Uneven rise - avoid twisting torso
4433,86.8,86.7,169.3,170.6,169.9,170.1,171.4,177.6,2.6,0.963,UP,0,FORM ISSUE,Uneven rise - avoid twisting torso
4466,86.8,86.8,169.4,170.7,170.0,170.0,171.3,178.1,2.5,0.964,UP,0,FORM ISSUE,Uneven rise - avoid twisting torso
4500,86.8,86.8,169.3,170.7,170.0,170.0,171.3,178.1,2.5,0.964,UP,0,FORM ISSUE,Uneven rise - avoid twisting torso
4533,86.8,86.8,169.3,170.8,170.1,170.0,171.4,178.1,2.5,0.965,UP,0,FORM ISSUE,Uneven rise - avoid twisting torso
4566,86.7,86.8,169.2,170.8,170.0,170.0,171.4,178.2,2.6,0.965,UP,0,FORM ISSUE,Uneven rise - avoid twisting torso
4600,86.7,86.8,169.2,171.0,170.1,170.0,171.2,178.2,2.5,0.965,UP,0,FORM ISSUE,Uneven rise - avoid twisting torso
4633,86.7,86.7,169.2,171.0,170.1,170.1,171.2,178.2,2.3,0.965,UP,0,FORM ISSUE,Uneven rise - avoid twisting torso
4666,86.6,86.7,169.2,171.0,170.1,170.1,171.1,178.3,2.4,0.965,UP,0,FORM ISSUE,Uneven rise - avoid twisting torso
4700,86.7,86.7,169.2,170.9,170.1,170.1,171.2,178.2,2.3,0.964,UP,0,FORM ISSUE,Uneven rise - avoid twisting torso
4733,86.6,86.7,169.2,171.0,170.1,170.1,171.2,178.0,2.3,0.964,UP,0,FORM ISSUE,Uneven rise - avoid twisting torso
4766,86.7,86.7,169.3,171.1,170.2,170.1,171.2,178.1,1.9,0.964,UP,0,FORM ISSUE,Uneven rise - avoid twisting torso
4800,86.7,86.7,169.3,171.0,170.2,170.1,171.5,178.2,1.8,0.964,UP,0,FORM ISSUE,Uneven rise - avoid twisting torso
4833,86.7,86.7,169.2,171.1,170.1,170.1,171.4,177.8,1.7,0.964,UP,0,FORM ISSUE,Uneven rise - avoid twisting torso
4866,86.8,86.7,169.2,171.1,170.1,170.1,171.4,177.9,1.3,0.964,UP,0,FORM ISSUE,Uneven rise - avoid twisting torso
4900,86.9,86.8,169.1,171.1,170.1,170.1,171.1,177.9,1.0,0.965,UP,0,FORM ISSUE,Uneven rise - avoid twisting torso
4933,86.9,86.8,169.2,171.1,170.1,170.1,171.2,178.2,0.8,0.965,UP,0,FORM ISSUE,Uneven rise - avoid twisting torso
4966,87.2,86.9,169.5,170.8,170.2,170.1,171.7,178.7,0.3,0.965,UP,0,FORM ISSUE,Uneven rise - avoid twisting torso
5000,87.4,87.0,169.5,170.8,170.1,170.1,172.4,178.9,0.0,0.965,UP,0,FORM ISSUE,Uneven rise - avoid twisting torso
5033,87.5,87.2,169.6,170.9,170.2,170.2,172.6,178.8,0.9,0.966,UP,0,FORM ISSUE,Uneven rise - avoid twisting torso
5066,87.7,87.3,169.6,170.7,170.2,170.2,172.8,179.0,0.9,0.966,UP,0,FORM ISSUE,Uneven rise - avoid twisting torso
5100,87.6,87.5,169.3,171.1,170.2,170.2,172.4,179.3,1.0,0.967,UP,0,FORM ISSUE,Uneven rise - avoid twisting torso
5133,87.7,87.6,169.3,170.6,170.0,170.1,174.0,179.4,1.8,0.968,UP,0,FORM ISSUE,Uneven rise - avoid twisting torso
5166,87.7,87.6,169.2,171.0,170.1,170.1,173.9,179.6,1.0,0.969,UP,0,FORM ISSUE,Uneven rise - avoid twisting torso
5200,87.8,87.7,169.4,170.7,170.0,170.1,174.4,179.9,1.6,0.97,UP,0,FORM ISSUE,Uneven rise - avoid twisting torso
5233,88.0,87.8,169.6,170.7,170.1,170.1,174.7,179.8,0.9,0.97,UP,0,FORM ISSUE,Uneven rise - avoid twisting torso
5266,87.9,87.8,169.4,170.9,170.2,170.1,174.6,179.4,0.3,0.971,UP,0,FORM ISSUE,Uneven rise - avoid twisting torso
5300,87.9,87.9,169.4,170.9,170.1,170.1,174.5,179.2,0.1,0.972,UP,0,FORM ISSUE,Uneven rise - avoid twisting torso
5333,87.9,87.9,169.4,170.9,170.2,170.1,174.5,179.0,0.0,0.972,UP,0,FORM ISSUE,Uneven rise - avoid twisting torso
5366,88.0,87.9,169.5,170.9,170.2,170.2,174.9,179.0,0.5,0.973,UP,0,FORM ISSUE,Uneven rise - avoid twisting torso
5400,88.1,88.0,169.5,170.7,170.1,170.2,174.8,178.8,0.8,0.974,UP,0,FORM ISSUE,Uneven rise - avoid twisting torso
5433,88.1,88.0,169.5,170.7,170.1,170.1,174.9,178.7,0.9,0.975,UP,0,FORM ISSUE,Uneven rise - avoid twisting torso
5466,88.1,88.0,169.4,170.8,170.1,170.1,174.9,178.6,1.0,0.975,UP,0,FORM ISSUE,Uneven rise - avoid twisting torso
5500,88.1,88.0,169.3,170.8,170.1,170.1,174.9,178.8,1.1,0.976,UP,0,FORM ISSUE,Uneven rise - avoid twisting torso
5533,88.1,88.1,169.3,170.7,170.0,170.1,174.2,178.7,1.2,0.976,UP,0,FORM ISSUE,Uneven rise - avoid twisting torso
5566,88.1,88.1,169.2,170.8,170.0,170.1,174.3,178.6,1.2,0.977,UP,0,FORM ISSUE,Uneven rise - avoid twisting torso
5600,88.1,88.1,169.2,170.8,170.0,170.0,173.8,178.6,1.3,0.978,UP,0,FORM ISSUE,Uneven rise - avoid twisting torso
5633,88.1,88.1,169.3,170.7,170.0,170.0,174.0,178.6,1.2,0.979,UP,0,FORM ISSUE,Uneven rise - avoid twisting torso
5666,88.1,88.1,169.4,170.8,170.1,170.0,173.9,178.7,1.3,0.979,UP,0,FORM ISSUE,Uneven rise - avoid twisting torso
5700,88.3,88.1,169.8,170.5,170.2,170.1,174.2,178.8,0.8,0.979,UP,0,FORM ISSUE,Uneven rise - avoid twisting torso
5733,88.1,88.2,170.0,170.9,170.4,170.2,174.1,179.4,0.3,0.978,UP,0,FORM ISSUE,Uneven rise - avoid twisting torso
5766,88.2,88.2,170.9,170.6,170.8,170.3,174.3,179.4,0.4,0.977,UP,0,FORM ISSUE,Uneven rise - avoid twisting torso
5800,88.0,88.1,170.8,170.6,170.7,170.4,173.7,179.8,0.9,0.976,UP,0,FORM ISSUE,Uneven rise - avoid twisting torso
5833,87.8,88.1,170.9,170.6,170.8,170.6,173.2,180.0,0.7,0.975,UP,0,FORM ISSUE,Uneven rise - avoid twisting torso
5866,87.2,87.9,170.8,170.7,170.7,170.7,172.2,179.9,0.4,0.975,UP,0,FORM ISSUE,Uneven rise - avoid twisting torso
5900,86.7,87.6,171.0,170.7,170.8,170.8,172.1,179.9,0.1,0.974,UP,0,FORM ISSUE,Uneven rise - avoid twisting torso
5933,85.9,87.1,170.4,171.6,171.0,170.8,171.8,179.2,0.8,0.974,UP,0,FORM ISSUE,Uneven rise - avoid twisting torso
5966,85.6,86.6,170.0,171.5,170.8,170.8,171.0,178.2,0.1,0.974,UP,0,FORM ISSUE,Uneven rise - avoid twisting torso
6000,85.3,86.1,169.6,171.8,170.7,170.8,170.0,177.3,0.8,0.973,UP,0,FORM ISSUE,Uneven rise - avoid twisting torso
6033,85.1,85.7,169.0,172.0,170.5,170.8,169.2,176.4,2.2,0.973,UP,0,FORM ISSUE,Uneven rise - avoid twisting torso
6066,85.0,85.4,168.6,171.9,170.2,170.6,169.0,175.4,1.5,0.972,UP,0,FORM ISSUE,Uneven rise - avoid twisting torso
6100,84.8,85.1,168.6,172.0,170.3,170.5,168.9,175.3,0.5,0.971,UP,0,FORM ISSUE,Uneven rise - avoid twisting torso
6133,84.8,85.0,168.4,171.8,170.1,170.4,168.4,175.2,0.3,0.971,UP,0,FORM ISSUE,Uneven rise - avoid twisting torso
6166,84.9,84.9,168.1,171.8,170.0,170.2,166.9,174.7,0.5,0.97,UP,0,FORM ISSUE,Uneven rise - avoid twisting torso
6200,85.0,84.9,168.1,171.7,169.9,170.1,167.2,174.2,0.7,0.968,UP,0,FORM ISSUE,Uneven rise - avoid twisting torso
6233,85.1,84.9,168.1,171.8,170.0,170.1,167.1,174.1,0.7,0.967,UP,0,FORM ISSUE,Uneven rise - avoid twisting torso
6266,85.4,85.1,168.2,171.5,169.8,170.0,167.2,174.2,1.7,0.966,UP,0,FORM ISSUE,Uneven rise - avoid twisting torso
6300,85.4,85.2,168.4,171.5,169.9,169.9,168.1,174.2,1.8,0.965,UP,0,FORM ISSUE,Uneven rise - avoid twisting torso
6333,85.4,85.3,168.3,172.0,170.2,170.0,168.0,174.3,1.6,0.964,UP,0,FORM ISSUE,Uneven rise - avoid twisting torso
6366,85.7,85.4,168.4,171.6,170.0,170.0,168.4,174.4,1.8,0.963,UP,0,FORM ISSUE,Uneven rise - avoid twisting torso
6400,85.7,85.5,168.4,171.5,170.0,170.0,169.6,175.0,0.4,0.963,UP,0,FORM ISSUE,Uneven rise - avoid twisting torso
6433,85.8,85.6,168.3,172.1,170.2,170.1,170.1,175.4,1.6,0.962,UP,0,FORM ISSUE,Uneven rise - avoid twisting torso
6466,86.0,85.7,168.3,171.8,170.1,170.1,170.1,175.9,0.8,0.962,UP,0,FORM ISSUE,Uneven rise - avoid twisting torso
6500,86.1,85.9,168.3,171.8,170.1,170.1,170.1,176.0,1.3,0.961,UP,0,FORM ISSUE,Uneven rise - avoid twisting torso
6533,86.3,86.0,168.6,171.5,170.0,170.1,170.4,176.5,1.6,0.961,UP,0,FORM ISSUE,Uneven rise - avoid twisting torso
6566,86.3,86.1,168.8,171.7,170.2,170.1,170.4,177.0,0.9,0.961,UP,0,FORM ISSUE,Uneven rise - avoid twisting torso
6600,86.4,86.2,169.1,171.6,170.3,170.1,170.4,177.3,0.8,0.961,UP,0,FORM ISSUE,Uneven rise - avoid twisting torso
6633,86.5,86.3,169.2,171.5,170.3,170.2,170.5,177.6,1.0,0.961,UP,0,FORM ISSUE,Uneven rise - avoid twisting torso
6666,86.6,86.4,169.2,171.4,170.3,170.3,171.0,177.8,0.6,0.96,UP,0,FORM ISSUE,Uneven rise - avoid twisting torso
6700,86.6,86.5,169.3,171.3,170.3,170.3,170.9,177.9,2.0,0.959,UP,0,FORM ISSUE,Uneven rise - avoid twisting torso
6733,86.5,86.5,168.7,171.6,170.2,170.3,170.7,178.2,1.7,0.958,UP,0,FORM ISSUE,Uneven rise - avoid twisting torso
6766,86.5,86.5,168.8,171.6,170.2,170.3,171.9,178.5,1.7,0.958,UP,0,FORM ISSUE,Uneven rise - avoid twisting torso
6800,86.5,86.5,168.9,171.6,170.2,170.3,173.5,178.8,1.5,0.957,UP,0,FORM ISSUE,Uneven rise - avoid twisting torso
6833,86.7,86.6,169.4,171.3,170.3,170.3,175.4,179.0,1.8,0.958,UP,0,FORM ISSUE,Uneven rise - avoid twisting torso
6866,86.7,86.6,169.6,171.2,170.4,170.3,174.9,178.8,2.1,0.958,UP,0,FORM ISSUE,Uneven rise - avoid twisting torso
6900,86.9,86.7,169.7,171.2,170.4,170.3,174.4,177.7,1.7,0.96,UP,0,FORM ISSUE,Uneven rise - avoid twisting torso
6933,86.9,86.7,169.7,171.2,170.4,170.4,174.1,177.7,1.9,0.961,UP,0,FORM ISSUE,Uneven rise - avoid twisting torso
6966,86.9,86.8,169.7,171.4,170.6,170.4,173.9,177.6,2.3,0.963,UP,0,FORM ISSUE,Uneven rise - avoid twisting torso
7000,86.9,86.9,169.9,171.5,170.7,170.5,173.8,177.4,2.3,0.965,UP,0,FORM ISSUE,Uneven rise - avoid twisting torso
7033,86.9,86.9,170.1,171.5,170.8,170.6,172.4,177.9,2.5,0.967,UP,0,FORM ISSUE,Uneven rise - avoid twisting torso
7066,87.0,86.9,170.1,171.5,170.8,170.7,172.8,177.9,2.4,0.969,UP,0,FORM ISSUE,Uneven rise - avoid twisting torso
7100,86.9,86.9,169.8,171.7,170.7,170.7,170.7,178.8,2.4,0.97,UP,0,FORM ISSUE,Uneven rise - avoid twisting torso
7133,86.9,86.9,169.7,171.4,170.6,170.7,170.5,178.8,2.4,0.97,UP,0,FORM ISSUE,Uneven rise - avoid twisting torso
7166,86.9,86.9,169.6,171.4,170.5,170.7,170.2,178.8,2.3,0.97,UP,0,FORM ISSUE,Uneven rise - avoid twisting torso
7200,86.9,86.9,169.9,171.4,170.7,170.7,170.2,178.9,1.9,0.97,UP,0,FORM ISSUE,Uneven rise - avoid twisting torso
7233,86.9,86.9,169.8,171.5,170.6,170.6,170.6,179.3,1.2,0.969,UP,0,FORM ISSUE,Uneven rise - avoid twisting torso
7266,86.9,86.9,169.8,171.5,170.7,170.6,170.8,179.4,0.7,0.968,UP,0,FORM ISSUE,Uneven rise - avoid twisting torso
7300,86.9,86.9,169.9,171.9,170.9,170.7,170.9,179.4,0.9,0.968,UP,0,FORM ISSUE,Uneven rise - avoid twisting torso
7333,86.9,86.9,169.8,171.9,170.9,170.7,171.2,179.5,0.7,0.968,UP,0,FORM ISSUE,Uneven rise - avoid twisting torso
7366,86.9,86.9,169.8,171.9,170.8,170.8,171.3,179.5,0.0,0.968,UP,0,FORM ISSUE,Uneven rise - avoid twisting torso
7400,86.9,86.9,169.7,171.9,170.8,170.8,171.0,179.3,0.1,0.967,UP,0,FORM ISSUE,Uneven rise - avoid twisting torso
7433,86.8,86.9,169.7,171.9,170.8,170.8,170.9,179.3,0.5,0.968,UP,0,FORM ISSUE,Uneven rise - avoid twisting torso
7466,86.8,86.9,169.6,171.9,170.8,170.8,170.8,179.1,0.7,0.967,UP,0,FORM ISSUE,Uneven rise - avoid twisting torso
7500,86.8,86.8,169.6,171.8,170.7,170.8,171.0,179.2,0.4,0.967,UP,0,FORM ISSUE,Uneven rise - avoid twisting torso
7533,86.8,86.8,169.6,171.9,170.7,170.8,170.9,179.4,0.7,0.967,UP,0,FORM ISSUE,Uneven rise - avoid twisting torso
7566,86.9,86.8,169.7,171.7,170.7,170.7,171.0,179.4,0.9,0.967,UP,0,FORM ISSUE,Uneven rise - avoid twisting torso
7600,86.8,86.8,169.8,171.6,170.7,170.7,171.0,179.4,0.6,0.967,UP,0,FORM ISSUE,Uneven rise - avoid twisting torso
7633,86.9,86.8,169.8,171.6,170.7,170.7,171.0,179.4,0.6,0.967,UP,0,FORM ISSUE,Uneven rise - avoid twisting torso
7666,86.8,86.8,169.8,171.7,170.7,170.7,171.0,179.4,0.4,0.967,UP,0,FORM ISSUE,Uneven rise - avoid twisting torso
7700,86.8,86.8,169.7,171.6,170.7,170.7,171.0,179.4,0.5,0.968,UP,0,FORM ISSUE,Uneven rise - avoid twisting torso
7733,86.8,86.8,169.8,171.7,170.8,170.7,170.9,179.6,0.4,0.969,UP,0,FORM ISSUE,Uneven rise - avoid twisting torso
7766,86.8,86.8,169.8,171.7,170.8,170.7,171.2,179.7,0.5,0.97,UP,0,FORM ISSUE,Uneven rise - avoid twisting torso
7800,86.9,86.8,170.2,171.7,170.9,170.8,171.0,179.7,0.3,0.971,UP,0,FORM ISSUE,Uneven rise - avoid twisting torso
7833,86.9,86.8,170.1,171.7,170.9,170.8,170.9,179.7,0.6,0.972,UP,0,FORM ISSUE,Uneven rise - avoid twisting torso
7866,86.9,86.9,170.0,171.6,170.8,170.9,171.0,179.8,0.7,0.973,UP,0,FORM ISSUE,Uneven rise - avoid twisting torso
7900,87.0,86.9,170.2,171.7,170.9,170.9,171.3,179.7,0.8,0.973,UP,0,FORM ISSUE,Uneven rise - avoid twisting torso
7933,87.0,86.9,170.2,171.7,170.9,170.9,171.2,179.4,1.0,0.973,UP,0,FORM ISSUE,Uneven rise - avoid twisting torso
7966,87.0,86.9,170.2,171.5,170.9,170.9,171.5,179.4,1.1,0.973,UP,0,FORM ISSUE,Uneven rise - avoid twisting torso
8000,87.0,87.0,170.3,171.6,171.0,170.9,171.6,179.4,1.7,0.974,UP,0,FORM ISSUE,Uneven rise - avoid twisting torso
8033,87.1,87.0,170.4,171.6,171.0,170.9,171.7,179.3,1.9,0.975,UP,0,FORM ISSUE,Uneven rise - avoid twisting torso
8066,87.1,87.0,170.4,171.7,171.1,171.0,171.8,179.5,2.1,0.975,UP,0,FORM ISSUE,Uneven rise - avoid twisting torso
8100,87.1,87.1,170.5,171.7,171.1,171.0,171.8,179.4,1.7,0.976,UP,0,FORM ISSUE,Uneven rise - avoid twisting torso
8133,87.1,87.1,170.6,171.7,171.2,171.1,171.7,179.0,1.6,0.977,UP,0,FORM ISSUE,Uneven rise - avoid twisting torso
8166,87.2,87.1,170.7,171.6,171.2,171.1,171.9,179.0,1.5,0.977,UP,0,FORM ISSUE,Uneven rise - avoid twisting torso
8200,87.2,87.1,170.7,171.7,171.2,171.1,171.8,179.1,1.6,0.977,UP,0,FORM ISSUE,Uneven rise - avoid twisting torso
8233,87.2,87.2,170.7,171.8,171.3,171.2,171.8,179.1,1.4,0.978,UP,0,FORM ISSUE,Uneven rise - avoid twisting torso
8266,87.2,87.2,170.8,171.6,171.2,171.2,171.8,178.8,1.8,0.979,UP,0,FORM ISSUE,Uneven rise - avoid twisting torso
8300,87.2,87.2,170.8,171.7,171.2,171.2,171.8,179.0,2.0,0.979,UP,0,FORM ISSUE,Uneven rise - avoid twisting torso
8333,87.3,87.2,170.9,171.8,171.3,171.2,171.9,179.0,2.0,0.979,UP,0,FORM ISSUE,Uneven rise - avoid twisting torso
8366,87.3,87.2,170.9,171.7,171.3,171.3,171.8,178.9,2.4,0.979,UP,0,FORM ISSUE,Uneven rise - avoid twisting torso
8400,87.3,87.3,170.9,171.7,171.3,171.3,171.9,179.2,2.4,0.979,UP,0,FORM ISSUE,Uneven rise - avoid twisting torso
8433,87.3,87.3,171.0,171.5,171.2,171.3,172.1,178.8,2.3,0.978,UP,0,FORM ISSUE,Uneven rise - avoid twisting torso
8466,87.3,87.3,171.0,171.5,171.2,171.3,172.2,178.8,2.3,0.977,UP,0,FORM ISSUE,Uneven rise - avoid twisting torso
8500,87.3,87.3,170.7,171.5,171.1,171.2,172.3,178.8,2.5,0.977,UP,0,FORM ISSUE,Uneven rise - avoid twisting torso
8533,87.4,87.3,170.8,171.3,171.0,171.2,172.5,178.8,3.1,0.976,UP,0,FORM ISSUE,Uneven rise - avoid twisting torso
8566,87.4,87.3,170.6,171.2,170.9,171.1,172.7,178.8,3.1,0.976,UP,0,FORM ISSUE,Uneven rise - avoid twisting torso
8600,87.3,87.3,170.4,171.3,170.9,171.0,172.4,178.9,3.3,0.975,UP,0,FORM ISSUE,Uneven rise - avoid twisting torso
8633,87.3,87.3,170.4,171.3,170.8,171.0,172.5,178.8,2.9,0.975,UP,0,FORM ISSUE,Uneven rise - avoid twisting torso
8666,87.2,87.3,170.3,171.3,170.8,170.9,172.3,179.4,3.3,0.975,UP,0,FORM ISSUE,Uneven rise - avoid twisting torso
8700,87.2,87.3,170.3,171.5,170.9,170.9,172.0,179.3,3.3,0.975,UP,0,FORM ISSUE,Uneven rise - avoid twisting torso
8733,87.2,87.2,170.3,171.4,170.9,170.9,172.0,179.3,3.3,0.976,UP,0,FORM ISSUE,Uneven rise - avoid twisting torso
8766,87.2,87.2,170.4,171.5,170.9,170.9,172.1,179.2,3.4,0.975,UP,0,FORM ISSUE,Uneven rise - avoid twisting torso
8800,87.2,87.2,170.3,171.4,170.9,170.9,172.1,179.1,3.4,0.975,UP,0,FORM ISSUE,Uneven rise - avoid twisting torso
8833,87.2,87.2,170.3,171.4,170.9,170.9,172.3,179.2,4.0,0.976,UP,0,FORM ISSUE,Uneven rise - avoid twisting torso
8866,87.2,87.2,170.5,171.4,171.0,170.9,172.1,179.0,4.0,0.975,UP,0,FORM ISSUE,Uneven rise - avoid twisting torso
8900,87.2,87.2,170.6,171.4,171.0,170.9,172.1,178.9,3.6,0.976,UP,0,FORM ISSUE,Uneven rise - avoid twisting torso
8933,87.2,87.2,170.6,171.4,171.0,170.9,172.1,178.8,3.7,0.976,UP,0,FORM ISSUE,Uneven rise - avoid twisting torso
8966,87.2,87.2,170.5,171.4,171.0,171.0,172.0,179.0,3.9,0.976,UP,0,FORM ISSUE,Uneven rise - avoid twisting torso
9000,87.2,87.2,170.5,171.3,170.9,171.0,171.9,178.9,3.6,0.976,UP,0,FORM ISSUE,Uneven rise - avoid twisting torso
9033,87.1,87.2,170.2,171.4,170.8,170.9,171.9,179.1,4.5,0.976,UP,0,FORM ISSUE,Uneven rise - avoid twisting torso
9066,87.2,87.2,170.2,171.3,170.8,170.9,172.0,179.1,4.4,0.976,UP,0,FORM ISSUE,Uneven rise - avoid twisting torso
9100,87.1,87.2,170.2,171.3,170.8,170.8,171.9,179.3,4.9,0.976,UP,0,FORM ISSUE,Uneven rise - avoid twisting torso
9133,87.1,87.1,170.2,171.4,170.8,170.8,171.6,179.2,4.3,0.977,UP,0,FORM ISSUE,Uneven rise - avoid twisting torso
9166,87.0,87.1,170.1,171.5,170.8,170.8,171.8,179.2,4.9,0.976,UP,0,FORM ISSUE,Uneven rise - avoid twisting torso
9200,87.0,87.1,170.1,171.5,170.8,170.8,171.8,179.1,4.8,0.977,UP,0,FORM ISSUE,Uneven rise - avoid twisting torso
9233,87.0,87.0,170.0,171.5,170.8,170.8,171.7,179.4,4.7,0.977,UP,0,FORM ISSUE,Uneven rise - avoid twisting torso
9266,87.0,87.0,169.9,171.5,170.7,170.8,171.9,179.4,4.8,0.977,UP,0,FORM ISSUE,Uneven rise - avoid twisting torso
9300,87.0,87.0,169.9,171.5,170.7,170.7,172.0,179.4,6.1,0.976,UP,0,FORM ISSUE,Uneven rise - avoid twisting torso
9333,87.0,87.0,170.0,171.5,170.8,170.7,172.0,179.4,5.1,0.976,UP,0,FORM ISSUE,Uneven rise - avoid twisting torso
9366,87.0,87.0,169.9,171.4,170.7,170.7,172.3,179.3,5.4,0.976,UP,0,FORM ISSUE,Uneven rise - avoid twisting torso
9400,87.0,87.0,170.0,171.4,170.7,170.7,172.2,179.0,4.9,0.976,UP,0,FORM ISSUE,Uneven rise - avoid twisting torso
9433,87.0,87.0,170.0,171.4,170.7,170.7,172.2,179.5,4.9,0.975,UP,0,FORM ISSUE,Uneven rise - avoid twisting torso
9466,87.0,87.0,170.0,171.4,170.7,170.7,172.0,179.5,4.9,0.976,UP,0,FORM ISSUE,Uneven rise - avoid twisting torso
9500,87.0,87.0,170.0,171.5,170.7,170.7,172.0,179.6,4.9,0.975,UP,0,FORM ISSUE,Uneven rise - avoid twisting torso
9533,87.0,87.0,170.0,171.5,170.7,170.7,172.0,179.5,4.9,0.975,UP,0,FORM ISSUE,Uneven rise - avoid twisting torso
9566,87.0,87.0,170.0,171.4,170.7,170.7,172.5,179.6,3.9,0.974,UP,0,FORM ISSUE,Uneven rise - avoid twisting torso
9600,87.0,87.0,170.0,171.4,170.7,170.7,172.2,179.5,3.8,0.974,UP,0,FORM ISSUE,Uneven rise - avoid twisting torso
9633,87.0,87.0,170.0,171.3,170.7,170.7,172.2,179.4,3.5,0.973,UP,0,FORM ISSUE,Uneven rise - avoid twisting torso
9666,87.0,87.0,170.0,171.3,170.6,170.7,172.2,179.4,3.4,0.973,UP,0,FORM ISSUE,Uneven rise - avoid twisting torso
9700,87.0,87.0,170.0,171.3,170.6,170.7,172.4,179.5,3.3,0.973,UP,0,FORM ISSUE,Uneven rise - avoid twisting torso
9733,87.1,87.0,170.0,171.3,170.7,170.7,172.7,179.6,2.8,0.972,UP,0,FORM ISSUE,Uneven rise - avoid twisting torso
9766,87.1,87.1,170.2,171.3,170.8,170.7,172.8,179.5,2.8,0.972,UP,0,FORM ISSUE,Uneven rise - avoid twisting torso
9800,87.1,87.1,170.2,171.4,170.8,170.7,172.8,179.5,2.7,0.972,UP,0,FORM ISSUE,Uneven rise - avoid twisting torso
9833,87.0,87.1,170.1,171.4,170.8,170.7,172.3,179.6,2.6,0.971,UP,0,FORM ISSUE,Uneven rise - avoid twisting torso
9866,87.0,87.1,170.0,171.5,170.8,170.8,172.3,179.8,2.5,0.971,UP,0,FORM ISSUE,Uneven rise - avoid twisting torso
9900,87.0,87.0,170.1,171.5,170.8,170.8,172.0,179.9,2.7,0.97,UP,0,FORM ISSUE,Uneven rise - avoid twisting torso
9933,87.0,87.0,170.1,171.3,170.7,170.8,172.0,179.9,2.7,0.969,UP,0,FORM ISSUE,Uneven rise - avoid twisting torso
9966,87.0,87.0,170.1,171.3,170.7,170.8,171.9,179.9,2.6,0.969,UP,0,FORM ISSUE,Uneven rise - avoid twisting torso
10000,87.0,87.0,170.1,171.3,170.7,170.7,172.1,179.9,2.7,0.969,UP,0,FORM ISSUE,Uneven rise - avoid twisting torso
10033,86.9,86.9,169.9,171.6,170.8,170.7,172.1,179.7,2.6,0.969,UP,0,FORM ISSUE,Uneven rise - avoid twisting torso
10066,86.9,86.9,169.9,171.6,170.8,170.7,171.7,179.8,2.6,0.969,UP,0,FORM ISSUE,Uneven rise - avoid twisting torso
10100,86.8,86.9,169.8,171.5,170.7,170.7,171.6,179.8,2.7,0.969,UP,0,FORM ISSUE,Uneven rise - avoid twisting torso
10133,86.9,86.9,169.8,171.4,170.6,170.7,171.6,179.8,2.7,0.969,UP,0,FORM ISSUE,Uneven rise - avoid twisting torso
10166,86.9,86.9,169.9,171.4,170.6,170.7,171.8,179.8,2.4,0.969,UP,0,FORM ISSUE,Uneven rise - avoid twisting torso
10200,86.9,86.9,169.9,171.4,170.6,170.7,171.7,179.8,3.2,0.969,UP,0,FORM ISSUE,Uneven rise - avoid twisting torso
10233,86.9,86.9,169.9,171.5,170.7,170.6,171.7,179.8,3.2,0.969,UP,0,FORM ISSUE,Uneven rise - avoid twisting torso
10266,86.9,86.9,169.8,171.5,170.6,170.6,171.7,179.8,3.0,0.97,UP,0,FORM ISSUE,Uneven rise - avoid twisting torso
10300,86.8,86.9,169.7,171.7,170.7,170.7,171.6,179.8,3.0,0.97,UP,0,FORM ISSUE,Uneven rise - avoid twisting torso
10333,86.9,86.9,169.7,171.6,170.7,170.7,171.6,179.8,2.8,0.971,UP,0,FORM ISSUE,Uneven rise - avoid twisting torso
10366,86.9,86.9,169.7,171.6,170.7,170.7,171.6,180.0,2.9,0.973,UP,0,FORM ISSUE,Uneven rise - avoid twisting torso
10400,86.9,86.9,169.8,171.6,170.7,170.7,171.5,179.9,3.0,0.974,UP,0,FORM ISSUE,Uneven rise - avoid twisting torso
10433,86.9,86.9,169.8,171.6,170.7,170.7,171.7,180.0,2.9,0.975,UP,0,FORM ISSUE,Uneven rise - avoid twisting torso
10466,86.9,86.9,169.8,171.7,170.7,170.7,171.7,180.0,2.9,0.975,UP,0,FORM ISSUE,Uneven rise - avoid twisting torso
10500,86.9,86.9,169.8,171.6,170.7,170.7,171.6,179.9,2.9,0.975,UP,0,FORM ISSUE,Uneven rise - avoid twisting torso
10533,86.9,86.9,169.7,171.6,170.7,170.7,171.6,179.8,2.8,0.975,UP,0,FORM ISSUE,Uneven rise - avoid twisting torso
10566,87.0,86.9,169.7,171.6,170.7,170.7,171.7,179.6,2.7,0.975,UP,0,FORM ISSUE,Uneven rise - avoid twisting torso
10600,87.0,86.9,169.7,171.7,170.7,170.7,171.6,179.5,3.2,0.975,UP,0,FORM ISSUE,Uneven rise - avoid twisting torso
10633,87.0,87.0,169.6,171.7,170.6,170.7,171.6,179.5,3.1,0.975,UP,0,FORM ISSUE,Uneven rise - avoid twisting torso
10666,87.0,87.0,169.6,171.7,170.6,170.7,171.6,179.5,3.1,0.976,UP,0,FORM ISSUE,Uneven rise - avoid twisting torso
10700,87.0,87.0,169.8,171.7,170.7,170.7,171.6,179.4,2.9,0.975,UP,0,FORM ISSUE,Uneven rise - avoid twisting torso
10733,87.0,87.0,169.8,171.6,170.7,170.7,171.6,179.4,3.0,0.975,UP,0,FORM ISSUE,Uneven rise - avoid twisting torso
10766,87.0,87.0,169.8,171.6,170.7,170.7,171.5,179.4,3.3,0.975,UP,0,FORM ISSUE,Uneven rise - avoid twisting torso
10800,87.0,87.0,169.7,171.4,170.6,170.7,171.7,179.3,3.0,0.974,UP,0,FORM ISSUE,Uneven rise - avoid twisting torso
10833,87.0,87.0,169.7,171.5,170.6,170.7,171.7,179.6,3.5,0.973,UP,0,FORM ISSUE,Uneven rise - avoid twisting torso
10866,87.0,87.0,169.7,171.4,170.6,170.6,171.6,179.6,3.0,0.974,UP,0,FORM ISSUE,Uneven rise - avoid twisting torso
10900,87.0,87.0,169.7,171.4,170.6,170.6,171.8,179.6,2.7,0.974,UP,0,FORM ISSUE,Uneven rise - avoid twisting torso
10933,87.0,87.0,169.7,171.4,170.5,170.6,171.8,179.7,2.5,0.975,UP,0,FORM ISSUE,Uneven rise - avoid twisting torso
10966,87.1,87.0,169.7,171.4,170.6,170.6,171.7,179.6,2.5,0.975,UP,0,FORM ISSUE,Uneven rise - avoid twisting torso
11000,87.0,87.0,169.8,171.4,170.6,170.6,171.5,179.6,2.7,0.976,UP,0,FORM ISSUE,Uneven rise - avoid twisting torso
11033,87.0,87.0,169.8,171.4,170.6,170.6,171.5,179.8,2.5,0.977,UP,0,FORM ISSUE,Uneven rise - avoid twisting torso
11066,87.1,87.1,169.8,171.4,170.6,170.6,171.6,179.8,2.3,0.977,UP,0,FORM ISSUE,Uneven rise - avoid twisting torso
11100,87.1,87.1,169.9,171.4,170.6,170.6,171.5,179.8,2.3,0.977,UP,0,FORM ISSUE,Uneven rise - avoid twisting torso
11133,87.2,87.1,169.9,171.3,170.6,170.6,171.5,179.8,2.1,0.977,UP,0,FORM ISSUE,Uneven rise - avoid twisting torso
11166,87.2,87.1,169.9,171.4,170.7,170.6,171.8,180.0,3.2,0.977,UP,0,FORM ISSUE,Uneven rise - avoid twisting torso
11200,87.2,87.2,170.1,171.5,170.8,170.7,171.5,179.8,2.8,0.977,UP,0,FORM ISSUE,Uneven rise - avoid twisting torso
11233,87.3,87.2,170.0,171.5,170.8,170.7,171.6,179.8,2.7,0.978,UP,0,FORM ISSUE,Uneven rise - avoid twisting torso
11266,87.3,87.2,170.0,171.5,170.8,170.7,171.9,179.8,2.7,0.978,UP,0,FORM ISSUE,Uneven rise - avoid twisting torso
11300,87.3,87.2,170.0,171.5,170.8,170.8,171.8,179.9,2.7,0.978,UP,0,FORM ISSUE,Uneven rise - avoid twisting torso
11333,87.2,87.3,169.8,171.5,170.7,170.7,171.8,179.7,2.7,0.979,UP,0,FORM ISSUE,Uneven rise - avoid twisting torso
11366,87.3,87.3,169.7,171.4,170.6,170.7,172.2,179.7,2.5,0.978,UP,0,FORM ISSUE,Uneven rise - avoid twisting torso
11400,87.3,87.3,169.6,171.5,170.6,170.7,172.1,179.6,2.2,0.978,UP,0,FORM ISSUE,Uneven rise - avoid twisting torso
11433,87.3,87.3,169.1,171.5,170.3,170.6,172.0,179.5,3.7,0.977,UP,0,FORM ISSUE,Uneven rise - avoid twisting torso
11466,87.2,87.3,168.5,171.4,170.0,170.4,171.9,179.6,5.1,0.977,UP,0,FORM ISSUE,Uneven rise - avoid twisting torso
11500,87.2,87.3,167.9,171.2,169.6,170.2,173.3,178.8,7.3,0.976,UP,0,FORM ISSUE,Uneven rise - avoid twisting torso
11533,87.3,87.3,168.1,171.1,169.6,170.0,173.7,179.4,7.3,0.975,UP,0,FORM ISSUE,Uneven rise - avoid twisting torso
11566,87.3,87.3,167.8,171.0,169.4,169.8,172.7,179.0,7.8,0.974,UP,0,FORM ISSUE,Uneven rise - avoid twisting torso
11600,87.5,87.3,167.3,170.3,168.8,169.5,174.2,179.7,7.7,0.974,UP,0,FORM ISSUE,Uneven rise - avoid twisting torso
11633,87.7,87.4,167.4,169.3,168.3,169.1,173.8,179.9,7.6,0.974,UP,0,FORM ISSUE,Uneven rise - avoid twisting torso
11666,87.7,87.5,166.7,168.1,167.4,168.7,173.9,179.4,7.3,0.974,UP,0,FORM ISSUE,Uneven rise - avoid twisting torso
11700,88.0,87.6,167.0,167.0,167.0,168.2,173.6,179.8,8.3,0.974,UP,0,FORM ISSUE,Uneven rise - avoid twisting torso
11733,88.0,87.8,166.4,165.7,166.1,167.5,173.1,179.9,8.7,0.973,UP,0,FORM ISSUE,Uneven rise - avoid twisting torso
11766,88.0,87.9,166.2,165.3,165.7,166.9,173.1,179.9,9.1,0.973,UP,0,FORM ISSUE,Uneven rise - avoid twisting torso
11800,88.3,88.0,165.7,164.6,165.2,166.3,173.2,180.0,8.5,0.972,UP,0,FORM ISSUE,Uneven rise - avoid twisting torso
11833,88.2,88.1,165.8,164.6,165.2,165.8,172.2,179.3,7.0,0.972,UP,0,FORM ISSUE,Uneven rise - avoid twisting torso
11866,88.2,88.2,166.0,164.7,165.4,165.5,171.6,178.7,7.0,0.972,UP,0,FORM ISSUE,Uneven rise - avoid twisting torso
11900,88.4,88.2,166.7,164.5,165.6,165.4,172.0,178.8,6.9,0.972,UP,0,FORM ISSUE,Uneven rise - avoid twisting torso
11933,88.3,88.3,166.7,164.8,165.7,165.4,172.1,178.9,7.3,0.971,UP,0,FORM ISSUE,Uneven rise - avoid twisting torso
11966,88.3,88.3,167.0,165.1,166.1,165.6,172.4,178.8,7.4,0.972,UP,0,FORM ISSUE,Uneven rise - avoid twisting torso
12000,88.3,88.3,166.9,165.7,166.3,165.8,171.8,179.9,8.1,0.972,UP,0,FORM ISSUE,Uneven rise - avoid twisting torso
12033,88.2,88.3,167.2,167.1,167.2,166.2,170.5,179.5,8.3,0.973,UP,0,FORM ISSUE,Uneven rise - avoid twisting torso
12066,88.2,88.3,167.7,167.9,167.8,166.6,171.7,179.9,9.0,0.973,UP,0,FORM ISSUE,Uneven rise - avoid twisting torso
12100,87.9,88.2,168.2,168.7,168.5,167.2,171.3,179.4,8.5,0.972,UP,0,FORM ISSUE,Uneven rise - avoid twisting torso
12133,87.8,88.1,169.1,168.9,169.0,167.7,170.9,179.9,7.3,0.971,UP,0,FORM ISSUE,Uneven rise - avoid twisting torso
12166,87.8,88.0,169.3,169.0,169.2,168.3,170.7,179.8,7.5,0.97,UP,0,FORM ISSUE,Uneven rise - avoid twisting torso
12200,87.6,87.8,169.2,169.1,169.1,168.7,170.1,179.3,7.8,0.968,UP,0,FORM ISSUE,Uneven rise - avoid twisting torso
12233,87.5,87.7,169.6,169.4,169.5,169.0,170.2,179.2,8.5,0.967,UP,0,FORM ISSUE,Uneven rise - avoid twisting torso
12266,87.5,87.6,170.1,169.7,169.9,169.3,170.8,179.5,8.3,0.966,UP,0,FORM ISSUE,Uneven rise - avoid twisting torso
12300,87.3,87.5,170.0,169.8,169.9,169.5,170.2,179.0,8.4,0.966,UP,0,FORM ISSUE,Uneven rise - avoid twisting torso
12333,87.3,87.5,170.3,169.9,170.1,169.7,170.8,179.7,7.9,0.965,UP,0,FORM ISSUE,Uneven rise - avoid twisting torso
12366,87.2,87.4,170.2,170.1,170.2,169.9,170.9,178.3,9.0,0.964,UP,0,FORM ISSUE,Uneven rise - avoid twisting torso
12400,87.2,87.3,170.2,170.1,170.1,170.0,171.1,178.6,8.3,0.963,UP,0,FORM ISSUE,Uneven rise - avoid twisting torso
12433,87.2,87.3,170.5,170.2,170.3,170.1,170.8,178.3,7.5,0.962,UP,0,FORM ISSUE,Uneven rise - avoid twisting torso
12466,87.2,87.2,170.4,170.4,170.4,170.2,170.4,178.6,6.0,0.962,UP,0,FORM ISSUE,Uneven rise - avoid twisting torso
12500,87.2,87.2,170.5,170.5,170.5,170.3,170.6,179.2,6.3,0.961,UP,0,FORM ISSUE,Uneven rise - avoid twisting torso
12533,87.2,87.2,170.5,170.6,170.5,170.4,170.7,179.8,4.8,0.961,UP,0,FORM ISSUE,Uneven rise - avoid twisting torso
12566,87.2,87.2,170.5,170.7,170.6,170.5,170.6,180.0,4.8,0.961,UP,0,FORM ISSUE,Uneven rise - avoid twisting torso
12600,87.2,87.2,170.5,170.7,170.6,170.5,170.5,180.0,4.6,0.96,UP,0,FORM ISSUE,Uneven rise - avoid twisting torso
12633,87.2,87.2,170.7,170.8,170.8,170.6,170.6,179.8,4.3,0.961,UP,0,FORM ISSUE,Uneven rise - avoid twisting torso
12666,87.1,87.2,170.6,170.8,170.7,170.6,170.5,179.8,4.2,0.961,UP,0,FORM ISSUE,Uneven rise - avoid twisting torso
12700,87.1,87.2,170.6,170.8,170.7,170.7,171.1,179.8,3.8,0.961,UP,0,FORM ISSUE,Uneven rise - avoid twisting torso
12733,87.2,87.2,170.6,170.7,170.7,170.7,170.9,179.9,3.7,0.962,UP,0,FORM ISSUE,Uneven rise - avoid twisting torso
12766,87.2,87.2,170.8,170.7,170.7,170.7,171.2,179.8,3.1,0.962,UP,0,FORM ISSUE,Uneven rise - avoid twisting torso
12800,87.2,87.2,170.8,170.6,170.7,170.7,171.2,179.7,2.8,0.961,UP,0,FORM ISSUE,Uneven rise - avoid twisting torso
12833,87.2,87.2,170.8,170.5,170.7,170.7,171.2,179.5,2.7,0.961,UP,0,FORM ISSUE,Uneven rise - avoid twisting torso
12866,87.3,87.2,170.9,170.5,170.7,170.7,171.1,179.4,2.6,0.96,UP,0,FORM ISSUE,Uneven rise - avoid twisting torso
12900,87.3,87.2,170.9,170.5,170.7,170.7,171.2,179.4,2.6,0.961,UP,0,FORM ISSUE,Uneven rise - avoid twisting torso
12933,87.3,87.3,171.1,170.5,170.8,170.7,170.9,179.4,2.5,0.961,UP,0,FORM ISSUE,Uneven rise - avoid twisting torso
12966,87.3,87.3,171.1,170.6,170.8,170.8,171.0,179.4,2.5,0.961,UP,0,FORM ISSUE,Uneven rise - avoid twisting torso
13000,87.2,87.3,171.1,170.6,170.8,170.8,170.8,179.2,2.5,0.961,UP,0,FORM ISSUE,Uneven rise - avoid twisting torso
13033,87.3,87.3,171.0,170.6,170.8,170.8,171.0,179.3,2.1,0.962,UP,0,FORM ISSUE,Uneven rise - avoid twisting torso
13066,87.3,87.3,171.0,170.7,170.8,170.8,171.0,179.3,2.2,0.961,UP,0,FORM ISSUE,Uneven rise - avoid twisting torso
13100,87.3,87.3,171.1,170.6,170.8,170.8,171.0,179.3,2.2,0.961,UP,0,FORM ISSUE,Uneven rise - avoid twisting torso
13133,87.3,87.3,171.2,170.6,170.9,170.8,171.0,179.1,2.1,0.962,UP,0,FORM ISSUE,Uneven rise - avoid twisting torso
13166,87.3,87.3,171.3,170.5,170.9,170.9,171.4,179.1,2.4,0.963,UP,0,FORM ISSUE,Uneven rise - avoid twisting torso
13200,87.4,87.3,171.3,170.5,170.9,170.9,171.3,179.0,2.4,0.964,UP,0,FORM ISSUE,Uneven rise - avoid twisting torso
13233,87.4,87.3,171.2,170.5,170.8,170.9,170.6,179.0,2.3,0.965,UP,0,FORM ISSUE,Uneven rise - avoid twisting torso
13266,87.4,87.3,171.0,170.5,170.8,170.9,170.6,179.5,2.2,0.967,UP,0,FORM ISSUE,Uneven rise - avoid twisting torso
13300,87.3,87.3,171.1,170.7,170.9,170.9,170.5,179.4,2.1,0.968,UP,0,FORM ISSUE,Uneven rise - avoid twisting torso
13333,87.3,87.3,170.9,170.7,170.8,170.9,170.7,179.4,2.0,0.97,UP,0,FORM ISSUE,Uneven rise - avoid twisting torso
13366,87.3,87.3,170.9,170.7,170.8,170.8,170.7,179.4,1.7,0.972,UP,0,FORM ISSUE,Uneven rise - avoid twisting torso
13400,87.3,87.3,170.9,170.7,170.8,170.8,170.7,179.3,2.5,0.973,UP,0,FORM ISSUE,Uneven rise - avoid twisting torso
13433,87.4,87.3,171.0,170.7,170.8,170.8,171.1,179.3,1.6,0.974,UP,0,FORM ISSUE,Uneven rise - avoid twisting torso
13466,87.4,87.4,171.0,170.8,170.9,170.8,171.0,179.2,1.8,0.975,UP,0,FORM ISSUE,Uneven rise - avoid twisting torso
13500,87.5,87.4,171.2,170.6,170.9,170.8,171.0,179.2,1.3,0.975,UP,0,FORM ISSUE,Uneven rise - avoid twisting torso
13533,87.4,87.4,171.1,170.6,170.8,170.8,171.1,178.9,1.6,0.976,UP,0,FORM ISSUE,Uneven rise - avoid twisting torso
13566,87.4,87.4,171.2,170.9,171.0,170.9,171.2,178.9,1.1,0.977,UP,0,FORM ISSUE,Uneven rise - avoid twisting torso
13600,87.4,87.4,171.2,170.9,171.1,170.9,171.6,179.1,1.0,0.977,UP,0,FORM ISSUE,Uneven rise - avoid twisting torso
13633,87.4,87.4,171.1,171.2,171.1,171.0,171.5,179.1,0.2,0.978,UP,0,FORM ISSUE,Uneven rise - avoid twisting torso
13666,87.4,87.4,171.1,171.2,171.1,171.0,171.8,179.0,0.3,0.979,UP,0,FORM ISSUE,Uneven rise - avoid twisting torso
13700,87.2,87.4,170.8,171.5,171.1,171.1,171.8,179.1,0.4,0.979,UP,0,FORM ISSUE,Uneven rise - avoid twisting torso
13733,87.3,87.3,170.8,171.4,171.1,171.1,171.8,179.3,0.5,0.98,UP,0,FORM ISSUE,Uneven rise - avoid twisting torso
13766,87.3,87.3,170.8,171.4,171.1,171.1,171.7,179.2,0.5,0.98,UP,0,FORM ISSUE,Uneven rise - avoid twisting torso
13800,87.3,87.3,170.8,171.4,171.1,171.1,171.8,179.2,0.4,0.981,UP,0,FORM ISSUE,Uneven rise - avoid twisting torso
13833,87.2,87.3,170.6,171.5,171.1,171.1,171.2,179.3,0.4,0.981,UP,0,FORM ISSUE,Uneven rise - avoid twisting torso
13866,87.2,87.2,170.6,171.5,171.1,171.1,171.3,179.3,0.1,0.982,UP,0,FORM ISSUE,Uneven rise - avoid twisting torso
13900,87.3,87.3,170.7,171.3,171.0,171.1,171.6,179.2,0.2,0.983,UP,0,FORM ISSUE,Uneven rise - avoid twisting torso
13933,87.4,87.3,170.7,171.1,170.9,171.0,171.8,179.1,0.3,0.983,UP,0,FORM ISSUE,Uneven rise - avoid twisting torso
13966,87.4,87.3,170.7,171.1,170.9,171.0,171.3,179.1,0.5,0.983,UP,0,FORM ISSUE,Uneven rise - avoid twisting torso
14000,87.4,87.3,170.7,171.1,170.9,171.0,171.3,179.0,0.4,0.984,UP,0,FORM ISSUE,Uneven rise - avoid twisting torso
14033,87.4,87.3,170.7,171.1,170.9,170.9,171.6,178.8,0.5,0.984,UP,0,FORM ISSUE,Uneven rise - avoid twisting torso
14066,87.3,87.4,170.7,171.2,170.9,170.9,171.4,178.8,0.5,0.984,UP,0,FORM ISSUE,Uneven rise - avoid twisting torso
14100,87.3,87.3,170.7,171.2,170.9,170.9,172.0,178.6,0.4,0.984,UP,0,FORM ISSUE,Uneven rise - avoid twisting torso
14133,87.4,87.4,170.7,171.1,170.9,170.9,172.0,178.8,0.6,0.985,UP,0,FORM ISSUE,Uneven rise - avoid twisting torso
14166,87.4,87.4,170.7,171.1,170.9,170.9,172.0,178.8,0.2,0.984,UP,0,FORM ISSUE,Uneven rise - avoid twisting torso
14200,87.5,87.4,170.7,171.1,170.9,170.9,172.2,178.8,0.1,0.984,UP,0,FORM ISSUE,Uneven rise - avoid twisting torso
14233,87.4,87.4,170.7,171.1,170.9,170.9,171.7,178.8,0.1,0.984,UP,0,FORM ISSUE,Uneven rise - avoid twisting torso
14266,87.5,87.4,170.7,171.0,170.8,170.9,172.2,178.7,0.8,0.984,UP,0,FORM ISSUE,Uneven rise - avoid twisting torso
14300,87.5,87.5,170.7,170.9,170.8,170.9,171.8,178.6,0.8,0.983,UP,0,FORM ISSUE,Uneven rise - avoid twisting torso
14333,87.5,87.5,170.8,170.9,170.9,170.9,171.8,178.8,1.1,0.984,UP,0,FORM ISSUE,Uneven rise - avoid twisting torso
14366,87.5,87.5,170.7,171.0,170.9,170.9,171.5,178.8,1.2,0.985,UP,0,FORM ISSUE,Uneven rise - avoid twisting torso
14400,87.5,87.5,170.8,171.0,170.9,170.9,171.4,179.2,1.3,0.985,UP,0,FORM ISSUE,Uneven rise - avoid twisting torso
14433,87.6,87.5,170.8,170.9,170.9,170.9,171.4,179.1,0.7,0.985,UP,0,FORM ISSUE,Uneven rise - avoid twisting torso
14466,87.6,87.5,170.9,170.9,170.9,170.9,171.4,179.1,0.8,0.986,UP,0,FORM ISSUE,Uneven rise - avoid twisting torso
14500,87.5,87.5,170.8,170.9,170.9,170.9,170.7,179.1,0.6,0.986,UP,0,FORM ISSUE,Uneven rise - avoid twisting torso
14533,87.5,87.5,170.8,171.0,170.9,170.9,170.8,179.0,0.4,0.986,UP,0,FORM ISSUE,Uneven rise - avoid twisting torso
14566,87.6,87.5,170.8,171.0,170.9,170.9,171.1,178.9,0.5,0.986,UP,0,FORM ISSUE,Uneven rise - avoid twisting torso
14600,87.5,87.5,170.8,171.0,170.9,170.9,171.1,178.8,0.3,0.986,UP,0,FORM ISSUE,Uneven rise - avoid twisting torso
14633,87.6,87.5,170.8,170.9,170.9,170.9,171.2,178.8,0.6,0.986,UP,0,FORM ISSUE,Uneven rise - avoid twisting torso
14666,87.6,87.6,170.8,170.9,170.9,170.9,171.1,178.8,1.9,0.986,UP,0,FORM ISSUE,Uneven rise - avoid twisting torso
14700,87.6,87.6,170.8,170.9,170.9,170.9,171.1,178.8,1.9,0.986,UP,0,FORM ISSUE,Uneven rise - avoid twisting torso
14733,87.5,87.6,170.8,171.0,170.9,170.9,171.0,178.9,2.8,0.986,UP,0,FORM ISSUE,Uneven rise - avoid twisting torso
14766,87.5,87.5,170.6,171.2,170.9,170.9,170.9,179.2,4.8,0.986,UP,0,FORM ISSUE,Uneven rise - avoid twisting torso
14800,87.4,87.5,170.3,171.3,170.8,170.9,171.0,179.1,5.6,0.986,UP,0,FORM ISSUE,Uneven rise - avoid twisting torso
14833,87.3,87.4,170.0,171.5,170.8,170.9,170.7,179.1,6.5,0.986,UP,0,FORM ISSUE,Uneven rise - avoid twisting torso
14866,87.3,87.4,169.8,171.5,170.6,170.8,170.1,179.6,8.9,0.986,UP,0,FORM ISSUE,Uneven rise - avoid twisting torso
14900,87.2,87.3,169.4,171.9,170.7,170.8,170.1,179.7,10.6,0.986,UP,0,FORM ISSUE,Uneven rise - avoid twisting torso
14933,87.2,87.3,169.3,171.9,170.6,170.7,170.3,179.7,10.6,0.986,UP,0,FORM ISSUE,Uneven rise - avoid twisting torso
14966,87.0,87.2,168.7,172.0,170.4,170.6,170.2,179.9,11.4,0.985,UP,0,FORM ISSUE,Uneven rise - avoid twisting torso
15000,87.1,87.2,168.7,172.2,170.4,170.5,170.6,179.9,13.0,0.984,UP,0,FORM ISSUE,Uneven rise - avoid twisting torso
15033,87.1,87.1,168.4,172.2,170.3,170.5,170.7,179.9,14.8,0.983,UP,0,FORM ISSUE,Uneven rise - avoid twisting torso
15066,87.4,87.2,168.6,172.0,170.3,170.4,171.1,179.9,14.0,0.982,UP,0,FORM ISSUE,Uneven rise - avoid twisting torso
15100,87.8,87.3,168.5,171.2,169.8,170.2,171.4,179.9,13.3,0.981,UP,0,FORM ISSUE,Uneven rise - avoid twisting torso
15133,87.6,87.4,168.5,169.7,169.1,170.0,171.4,179.9,15.1,0.981,UP,0,FORM ISSUE,Uneven rise - avoid twisting torso
15166,88.0,87.6,169.7,168.6,169.1,169.7,172.0,179.5,14.4,0.98,UP,0,FORM ISSUE,Uneven rise - avoid twisting torso
15200,88.7,87.9,170.5,167.8,169.2,169.5,173.0,179.0,13.1,0.979,UP,0,FORM ISSUE,Uneven rise - avoid twisting torso
15233,88.8,88.2,171.0,168.4,169.7,169.4,172.9,178.6,15.0,0.977,UP,0,FORM ISSUE,Uneven rise - avoid twisting torso
15266,89.3,88.5,172.2,168.1,170.1,169.4,173.9,178.5,14.4,0.976,UP,0,FORM ISSUE,Uneven rise - avoid twisting torso
15300,89.5,88.9,173.9,168.2,171.1,169.8,174.4,178.1,16.1,0.974,UP,0,FORM ISSUE,Uneven rise - avoid twisting torso
15333,89.6,89.2,175.1,168.8,172.0,170.4,174.5,177.2,15.5,0.973,UP,0,FORM ISSUE,Uneven rise - avoid twisting torso
15366,89.7,89.4,176.4,169.5,172.9,171.2,174.6,176.6,14.8,0.971,UP,0,FORM ISSUE,Uneven rise - avoid twisting torso
15400,89.6,89.5,177.0,168.6,172.8,171.8,175.3,176.1,15.7,0.968,UP,0,FORM ISSUE,Uneven rise - avoid twisting torso
15433,89.6,89.6,178.0,167.9,172.9,172.3,174.6,175.8,15.0,0.962,UP,0,FORM ISSUE,Uneven rise - avoid twisting torso
15466,89.3,89.6,178.6,167.8,173.2,172.8,173.6,175.6,15.4,0.954,UP,0,FORM ISSUE,Uneven rise - avoid twisting torso
15500,89.1,89.5,178.5,167.7,173.1,173.0,173.0,175.5,16.3,0.942,UP,0,FORM ISSUE,Uneven rise - avoid twisting torso
15533,89.0,89.3,179.3,167.5,173.4,173.1,172.0,175.4,18.4,0.927,UP,0,FORM ISSUE,Uneven rise - avoid twisting torso
15566,88.7,89.1,179.9,167.9,173.9,173.3,169.7,175.5,18.8,0.913,UP,0,FORM ISSUE,Uneven rise - avoid twisting torso
15600,88.4,88.9,179.9,169.1,174.5,173.6,170.0,175.2,18.6,0.901,UP,0,FORM ISSUE,Uneven rise - avoid twisting torso
15633,88.3,88.7,179.7,169.6,174.7,173.9,170.9,175.2,18.5,0.89,UP,0,FORM ISSUE,Uneven rise - avoid twisting torso
15666,88.1,88.5,179.7,170.2,174.9,174.3,169.7,176.2,18.5,0.879,UP,0,FORM ISSUE,Uneven rise - avoid twisting torso
15700,87.8,88.3,179.7,169.8,174.8,174.6,170.1,177.1,19.1,0.869,UP,0,FORM ISSUE,Uneven rise - avoid twisting torso
15733,87.6,88.0,179.0,170.4,174.7,174.7,170.4,178.8,19.3,0.859,UP,0,FORM ISSUE,Uneven rise - avoid twisting torso
15766,86.9,87.7,177.9,171.2,174.6,174.7,169.4,179.4,19.9,0.851,UP,0,FORM ISSUE,Uneven rise - avoid twisting torso
15800,86.3,87.3,176.8,172.0,174.4,174.7,168.4,179.5,21.1,0.846,UP,0,FORM ISSUE,Uneven rise - avoid twisting torso
15833,85.5,86.8,175.7,172.6,174.2,174.5,167.3,178.3,22.2,0.844,UP,0,FORM ISSUE,Uneven rise - avoid twisting torso
15866,85.2,86.3,175.2,173.0,174.1,174.4,166.4,176.5,21.2,0.842,UP,0,FORM ISSUE,Uneven rise - avoid twisting torso
15900,84.8,85.7,174.7,173.5,174.1,174.3,165.7,175.5,22.5,0.84,UP,0,FORM ISSUE,Uneven rise - avoid twisting torso
15933,84.4,85.2,174.1,173.1,173.6,174.1,164.6,173.9,22.0,0.834,UP,0,FORM ISSUE,Uneven rise - avoid twisting torso
15966,84.0,84.8,173.6,173.4,173.5,173.9,163.7,173.0,20.5,0.824,UP,0,FORM ISSUE,Uneven rise - avoid twisting torso
16000,83.8,84.5,173.5,173.8,173.7,173.8,164.0,172.3,19.7,0.814,UP,0,FORM ISSUE,Uneven rise - avoid twisting torso
16033,83.6,84.1,173.3,174.1,173.7,173.7,164.0,171.8,16.7,0.803,UP,0,FORM ISSUE,Uneven rise - avoid twisting torso
16066,83.4,83.9,173.3,174.4,173.9,173.7,164.1,171.8,16.9,0.794,UP,0,FORM ISSUE,Uneven rise - avoid twisting torso
16100,83.3,83.6,173.0,174.9,174.0,173.7,164.4,171.3,17.2,0.786,UP,0,FORM ISSUE,Uneven rise - avoid twisting torso
16133,83.1,83.4,172.8,175.0,173.9,173.8,164.7,171.1,15.4,0.78,UP,0,FORM ISSUE,Uneven rise - avoid twisting torso
16166,83.0,83.3,172.8,175.1,174.0,173.9,163.6,171.0,12.7,0.775,UP,0,FORM ISSUE,Uneven rise - avoid twisting torso
16200,83.0,83.2,172.9,175.3,174.1,173.9,164.3,171.2,10.8,0.772,UP,0,FORM ISSUE,Uneven rise - avoid twisting torso
16233,83.1,83.1,172.7,175.7,174.2,174.0,164.9,171.1,10.6,0.769,UP,0,FORM ISSUE,Uneven rise - avoid twisting torso
16266,83.1,83.0,172.7,176.0,174.4,174.1,165.0,171.2,8.8,0.767,UP,0,FORM ISSUE,Uneven rise - avoid twisting torso
16300,83.1,83.0,171.3,176.4,173.9,174.1,166.3,171.4,7.9,0.764,UP,0,FORM ISSUE,Uneven rise - avoid twisting torso
16333,83.1,83.1,171.6,176.4,174.0,174.1,166.2,171.7,7.4,0.762,UP,0,FORM ISSUE,Uneven rise - avoid twisting torso
16366,83.1,83.1,171.7,176.4,174.0,174.1,166.2,171.9,7.0,0.758,UP,0,FORM ISSUE,Uneven rise - avoid twisting torso
16400,83.1,83.1,171.1,176.3,173.7,174.0,166.2,171.8,7.0,0.755,UP,0,FORM ISSUE,Uneven rise - avoid twisting torso
16433,83.1,83.1,171.8,175.4,173.6,173.8,165.3,172.3,7.1,0.753,UP,0,FORM ISSUE,Uneven rise - avoid twisting torso
16466,83.1,83.1,172.8,174.9,173.9,173.8,165.1,172.3,6.9,0.751,UP,0,FORM ISSUE,Uneven rise - avoid twisting torso
16500,83.1,83.1,173.5,173.4,173.5,173.7,164.7,172.3,7.3,0.752,UP,0,FORM ISSUE,Uneven rise - avoid twisting torso
16533,83.1,83.1,175.0,172.4,173.7,173.7,163.8,172.3,7.0,0.757,UP,0,FORM ISSUE,Uneven rise - avoid twisting torso
16566,82.9,83.1,175.3,171.8,173.6,173.6,163.2,172.4,7.1,0.762,UP,0,FORM ISSUE,Uneven rise - avoid twisting torso
16600,82.7,83.0,177.1,150.4,163.7,171.7,161.4,172.3,7.1,0.769,UP,0,FORM ISSUE,Uneven rise - avoid twisting torso
16633,82.5,82.9,176.1,137.8,157.0,168.3,159.2,172.2,7.1,0.78,UP,0,FORM ISSUE,Uneven rise - avoid twisting torso
16666,82.2,82.7,176.2,90.6,133.4,160.3,157.4,171.9,7.1,0.792,UP,0,FORM ISSUE,Uneven rise - avoid twisting torso
16700,82.0,82.4,175.5,57.4,116.5,148.8,156.5,171.8,7.0,0.803,UP,0,FORM ISSUE,Uneven rise - avoid twisting torso
16733,81.7,82.2,174.8,32.8,103.8,134.9,155.4,171.5,7.0,0.816,UP,0,FORM ISSUE,Uneven rise - avoid twisting torso
16766,81.3,81.9,173.9,30.2,102.1,122.5,154.8,171.6,7.1,0.829,UP,0,FORM ISSUE,Uneven rise - avoid twisting torso
16800,81.0,81.6,173.6,40.6,107.1,112.6,151.4,171.7,7.0,0.841,UP,0,FORM ISSUE,Uneven rise - avoid twisting torso
16833,80.8,81.3,176.1,58.6,117.3,109.4,148.4,171.6,6.9,0.852,UP,0,FORM ISSUE,Uneven rise - avoid twisting torso
16866,80.1,81.0,176.5,71.0,123.7,110.8,148.9,171.6,6.4,0.862,UP,0,FORM ISSUE,Uneven rise - avoid twisting torso
16900,80.2,80.7,179.2,85.3,132.2,116.5,149.7,171.3,6.3,0.872,UP,0,FORM ISSUE,Uneven rise - avoid twisting torso
16933,80.0,80.4,175.5,89.6,132.5,122.6,150.0,171.5,6.3,0.88,UP,0,FORM ISSUE,Uneven rise - avoid twisting torso
16966,80.0,80.2,178.0,92.0,135.0,128.2,150.1,171.3,6.3,0.888,UP,0,FORM ISSUE,Uneven rise - avoid twisting torso
17000,79.9,80.0,179.4,93.2,136.3,132.0,150.2,171.3,5.8,0.896,UP,0,FORM ISSUE,Uneven rise - avoid twisting torso
17033,80.3,80.1,179.1,93.6,136.3,134.5,150.0,170.6,6.3,0.902,UP,0,FORM ISSUE,Uneven rise - avoid twisting torso
17066,80.6,80.1,175.7,93.7,134.7,135.0,149.8,170.7,5.6,0.908,UP,0,FORM ISSUE,Uneven rise - avoid twisting torso
17100,81.0,80.3,177.4,93.6,135.5,135.6,149.8,171.3,5.8,0.914,UP,0,FORM ISSUE,Uneven rise - avoid twisting torso
17133,81.3,80.6,178.7,93.3,136.0,135.8,149.9,171.9,6.7,0.919,UP,0,FORM ISSUE,Uneven rise - avoid twisting torso
17166,82.2,81.1,179.2,92.1,135.7,135.6,150.8,172.6,7.0,0.924,UP,0,FORM ISSUE,Uneven rise - avoid twisting torso
17200,82.4,81.5,179.9,92.8,136.4,135.6,151.8,172.0,5.9,0.929,UP,0,FORM ISSUE,Uneven rise - avoid twisting torso
17233,82.6,81.9,180.0,92.9,136.4,136.0,150.6,172.2,7.4,0.934,UP,0,FORM ISSUE,Uneven rise - avoid twisting torso
17266,82.5,82.2,178.7,93.5,136.1,136.1,150.8,172.6,8.9,0.938,UP,0,FORM ISSUE,Uneven rise - avoid twisting torso
17300,82.9,82.5,178.9,93.6,136.2,136.2,150.9,172.8,10.2,0.941,UP,0,FORM ISSUE,Uneven rise - avoid twisting torso
17333,83.1,82.7,179.0,94.1,136.6,136.3,150.4,173.0,9.8,0.944,UP,0,FORM ISSUE,Uneven rise - avoid twisting torso
17366,83.5,82.9,178.2,94.5,136.4,136.3,150.5,173.2,10.0,0.947,UP,0,FORM ISSUE,Uneven rise - avoid twisting torso
17400,83.6,83.1,179.2,94.8,137.0,136.5,151.5,173.5,10.3,0.95,UP,0,FORM ISSUE,Uneven rise - avoid twisting torso
17433,83.9,83.4,178.9,97.9,138.4,136.9,152.1,173.3,10.4,0.952,UP,0,FORM ISSUE,Uneven rise - avoid twisting torso
17466,83.8,83.6,177.9,99.9,138.9,137.4,152.7,174.0,10.8,0.955,UP,0,FORM ISSUE,Uneven rise - avoid twisting torso
17500,84.2,83.8,179.0,95.3,137.1,137.6,153.6,174.3,10.7,0.957,UP,0,FORM ISSUE,Uneven rise - avoid twisting torso
17533,84.2,83.9,177.8,96.5,137.2,137.7,153.7,174.2,10.7,0.959,UP,0,FORM ISSUE,Uneven rise - avoid twisting torso
17566,84.4,84.1,178.1,96.1,137.1,137.7,154.0,173.5,11.4,0.961,UP,0,FORM ISSUE,Uneven rise - avoid twisting torso
17600,84.2,84.2,177.4,96.3,136.8,137.4,154.5,173.6,11.4,0.962,UP,0,FORM ISSUE,Uneven rise - avoid twisting torso
17633,83.6,84.1,176.2,97.6,136.9,137.0,154.8,173.4,11.8,0.963,UP,0,FORM ISSUE,Uneven rise - avoid twisting torso
17666,83.9,84.1,175.6,91.9,133.7,136.4,153.9,174.2,11.3,0.963,UP,0,FORM ISSUE,Uneven rise - avoid twisting torso
17700,83.4,83.9,179.3,93.2,136.3,136.2,154.4,172.9,10.8,0.964,UP,0,FORM ISSUE,Uneven rise - avoid twisting torso
17733,83.7,83.8,177.0,90.8,133.9,135.5,154.9,172.7,9.5,0.964,UP,0,FORM ISSUE,Uneven rise - avoid twisting torso
17766,83.7,83.7,172.4,89.3,130.9,134.3,155.3,172.7,6.9,0.964,UP,0,FORM ISSUE,Uneven rise - avoid twisting torso
17800,83.6,83.7,177.8,90.6,134.2,133.8,155.3,172.9,7.1,0.965,UP,0,FORM ISSUE,Uneven rise - avoid twisting torso
17833,83.4,83.6,179.8,92.4,136.1,134.3,155.2,172.9,7.0,0.965,UP,0,FORM ISSUE,Uneven rise - avoid twisting torso
17866,83.3,83.5,177.2,101.4,139.3,134.9,155.3,172.7,7.2,0.965,UP,0,FORM ISSUE,Uneven rise - avoid twisting torso
17900,83.3,83.5,175.4,100.8,138.1,135.7,156.0,173.6,7.2,0.965,UP,0,FORM ISSUE,Uneven rise - avoid twisting torso
17933,83.3,83.4,175.4,101.8,138.6,137.3,156.2,173.9,5.3,0.965,UP,0,FORM ISSUE,Uneven rise - avoid twisting torso
17966,83.3,83.3,175.4,100.5,138.0,138.0,157.1,173.9,4.5,0.964,UP,0,FORM ISSUE,Uneven rise - avoid twisting torso
18000,83.4,83.3,175.4,100.8,138.1,138.4,156.8,174.0,4.1,0.963,UP,0,FORM ISSUE,Uneven rise - avoid twisting torso
18033,83.4,83.3,174.8,101.9,138.4,138.2,156.2,174.2,4.3,0.962,UP,0,FORM ISSUE,Uneven rise - avoid twisting torso
18066,83.4,83.4,174.8,104.9,139.9,138.6,156.2,173.4,4.6,0.961,UP,0,FORM ISSUE,Uneven rise - avoid twisting torso
18100,83.7,83.4,176.0,104.1,140.0,138.9,155.8,174.4,4.6,0.961,UP,0,FORM ISSUE,Uneven rise - avoid twisting torso
18133,83.9,83.6,176.8,105.6,141.2,139.5,154.6,174.0,4.2,0.96,UP,0,FORM ISSUE,Uneven rise - avoid twisting torso
18166,84.2,83.7,177.1,111.0,144.0,140.7,154.9,175.7,6.4,0.959,UP,0,FORM ISSUE,Uneven rise - avoid twisting torso
18200,84.5,83.9,177.9,104.5,141.2,141.3,155.2,177.3,6.5,0.959,UP,0,FORM ISSUE,Uneven rise - avoid twisting torso
18233,84.5,84.1,178.0,104.3,141.2,141.5,155.0,177.3,8.8,0.958,UP,0,FORM ISSUE,Uneven rise - avoid twisting torso
18266,84.4,84.3,178.0,104.4,141.2,141.8,154.9,176.3,12.2,0.957,UP,0,FORM ISSUE,Uneven rise - avoid twisting torso
18300,84.2,84.3,178.0,104.6,141.3,141.8,154.8,175.7,14.8,0.957,UP,0,FORM ISSUE,Uneven rise - avoid twisting torso
18333,83.9,84.3,178.0,106.0,142.0,141.4,154.4,175.3,16.5,0.957,UP,0,FORM ISSUE,Uneven rise - avoid twisting torso
18366,84.2,84.2,176.4,106.8,141.6,141.5,154.3,175.2,17.2,0.956,UP,0,FORM ISSUE,Uneven rise - avoid twisting torso
18400,84.0,84.1,176.7,109.9,143.3,141.9,153.9,175.1,18.0,0.955,UP,0,FORM ISSUE,Uneven rise - avoid twisting torso
18433,84.1,84.1,177.7,107.3,142.5,142.1,154.2,175.5,18.9,0.954,UP,0,FORM ISSUE,Uneven rise - avoid twisting torso
18466,84.5,84.1,178.7,99.0,138.9,141.7,154.2,176.1,18.8,0.953,UP,0,FORM ISSUE,Uneven rise - avoid twisting torso
18500,84.9,84.3,179.3,102.0,140.7,141.4,154.5,175.7,20.1,0.953,UP,0,FORM ISSUE,Uneven rise - avoid twisting torso
18533,85.5,84.6,174.7,99.5,137.1,140.5,155.1,176.2,18.0,0.953,UP,0,FORM ISSUE,Uneven rise - avoid twisting torso
18566,85.2,84.8,175.1,99.0,137.0,139.2,155.5,174.8,17.5,0.953,UP,0,FORM ISSUE,Uneven rise - avoid twisting torso
18600,85.1,85.1,176.8,98.9,137.8,138.3,154.4,174.9,16.6,0.954,UP,0,FORM ISSUE,Uneven rise - avoid twisting torso
18633,84.9,85.1,176.9,97.4,137.1,138.0,154.8,174.7,11.0,0.955,UP,0,FORM ISSUE,Uneven rise - avoid twisting torso
18666,84.7,85.1,176.8,96.7,136.7,137.2,154.8,174.9,11.5,0.955,UP,0,FORM ISSUE,Uneven rise - avoid twisting torso
18700,84.6,84.9,176.5,94.3,135.4,136.8,154.4,175.0,5.5,0.956,UP,0,FORM ISSUE,Uneven rise - avoid twisting torso
18733,84.3,84.7,176.8,94.0,135.4,136.5,154.9,175.0,4.8,0.957,UP,0,FORM ISSUE,Uneven rise - avoid twisting torso
18766,84.1,84.5,176.4,95.2,135.8,136.1,154.2,175.4,5.7,0.957,UP,0,FORM ISSUE,Uneven rise - avoid twisting torso
18800,83.9,84.3,179.5,94.8,137.1,136.1,153.7,175.2,2.6,0.958,UP,0,FORM ISSUE,Uneven rise - avoid twisting torso
18833,83.6,84.1,180.0,93.6,136.8,136.1,153.6,174.9,4.5,0.958,UP,0,FORM ISSUE,Uneven rise - avoid twisting torso
18866,83.7,83.9,179.1,93.4,136.3,136.3,154.8,174.3,2.5,0.958,UP,0,FORM ISSUE,Uneven rise - avoid twisting torso
18900,83.7,83.8,178.1,90.4,134.2,136.0,154.0,174.2,2.4,0.959,UP,0,FORM ISSUE,Uneven rise - avoid twisting torso
18933,83.6,83.7,177.3,92.2,134.8,135.8,153.6,173.9,0.9,0.959,UP,0,FORM ISSUE,Uneven rise - avoid twisting torso
18966,83.4,83.6,176.7,89.3,133.0,135.0,153.5,173.9,0.5,0.959,UP,0,FORM ISSUE,Uneven rise - avoid twisting torso
19000,83.1,83.5,178.8,89.4,134.1,134.5,153.7,173.9,0.5,0.958,UP,0,FORM ISSUE,Uneven rise - avoid twisting torso
19033,82.9,83.3,178.9,88.3,133.6,133.9,153.9,173.7,2.0,0.959,UP,0,FORM ISSUE,Uneven rise - avoid twisting torso
19066,82.7,83.1,179.7,88.4,134.0,133.9,153.7,173.7,0.5,0.959,UP,0,FORM ISSUE,Uneven rise - avoid twisting torso
19100,82.9,83.0,177.7,86.9,132.3,133.4,153.8,173.5,1.7,0.96,UP,0,FORM ISSUE,Uneven rise - avoid twisting torso
19133,82.7,82.8,179.3,87.0,133.2,133.5,153.9,173.5,1.9,0.96,UP,0,FORM ISSUE,Uneven rise - avoid twisting torso
19166,82.5,82.7,179.8,81.9,130.9,132.8,153.9,173.5,1.6,0.961,UP,0,FORM ISSUE,Uneven rise - avoid twisting torso
19200,82.4,82.6,179.8,82.6,131.2,132.3,154.0,173.7,1.0,0.961,UP,0,FORM ISSUE,Uneven rise - avoid twisting torso
19233,82.3,82.6,178.1,83.3,130.7,131.6,153.9,173.6,1.8,0.962,UP,0,FORM ISSUE,Uneven rise - avoid twisting torso
19266,82.0,82.4,178.9,84.7,131.8,131.5,153.6,173.2,1.7,0.963,UP,0,FORM ISSUE,Uneven rise - avoid twisting torso
19300,81.8,82.2,179.6,84.9,132.2,131.3,153.4,173.0,2.0,0.964,UP,0,FORM ISSUE,Uneven rise - avoid twisting torso
19333,81.7,82.1,178.5,82.0,130.3,131.2,153.0,173.6,1.4,0.966,UP,0,FORM ISSUE,Uneven rise - avoid twisting torso
19366,81.7,81.9,179.5,81.3,130.4,131.1,152.8,173.6,1.3,0.966,UP,0,FORM ISSUE,Uneven rise - avoid twisting torso
19400,81.7,81.8,179.7,81.6,130.7,131.1,152.7,173.2,1.1,0.967,UP,0,FORM ISSUE,Uneven rise - avoid twisting torso
19433,81.6,81.7,180.0,81.9,130.9,130.9,152.6,172.9,2.8,0.968,UP,0,FORM ISSUE,Uneven rise - avoid twisting torso
19466,81.6,81.7,179.9,81.7,130.8,130.6,152.8,172.8,2.4,0.969,UP,0,FORM ISSUE,Uneven rise - avoid twisting torso
19500,81.4,81.6,178.9,81.5,130.2,130.6,152.8,172.7,2.2,0.969,UP,0,FORM ISSUE,Uneven rise - avoid twisting torso
19533,81.4,81.5,179.7,84.5,132.1,131.0,152.9,172.7,2.0,0.97,UP,0,FORM ISSUE,Uneven rise - avoid twisting torso
19566,81.3,81.4,180.0,82.7,131.3,131.1,152.7,172.6,2.3,0.97,UP,0,FORM ISSUE,Uneven rise - avoid twisting torso
19600,81.3,81.4,178.2,80.8,129.5,130.8,152.5,172.9,2.4,0.97,UP,0,FORM ISSUE,Uneven rise - avoid twisting torso
19633,81.3,81.3,177.8,81.3,129.6,130.5,152.5,172.9,2.7,0.97,UP,0,FORM ISSUE,Uneven rise - avoid twisting torso
19666,81.3,81.3,170.7,79.9,125.3,129.6,152.3,172.9,3.2,0.97,UP,0,FORM ISSUE,Uneven rise - avoid twisting torso
19700,81.2,81.3,175.8,80.2,128.0,128.7,152.6,172.9,3.6,0.97,UP,0,FORM ISSUE,Uneven rise - avoid twisting torso
19733,81.2,81.2,178.8,80.6,129.7,128.4,152.8,172.6,3.8,0.971,UP,0,FORM ISSUE,Uneven rise - avoid twisting torso
19766,81.2,81.2,179.0,79.6,129.3,128.4,152.8,172.5,3.8,0.971,UP,0,FORM ISSUE,Uneven rise - avoid twisting torso
19800,81.2,81.2,178.4,83.1,130.7,128.6,152.9,172.3,4.1,0.971,UP,0,FORM ISSUE,Uneven rise - avoid twisting torso
19833,81.1,81.2,178.4,83.5,131.0,129.8,152.9,172.3,3.6,0.972,UP,0,FORM ISSUE,Uneven rise - avoid twisting torso
19866,81.1,81.2,177.8,83.7,130.8,130.3,152.8,172.2,3.1,0.972,UP,0,FORM ISSUE,Uneven rise - avoid twisting torso
19900,81.0,81.1,179.3,81.8,130.5,130.5,152.7,172.9,2.5,0.973,UP,0,FORM ISSUE,Uneven rise - avoid twisting torso
19933,81.0,81.1,177.4,81.7,129.5,130.5,152.6,172.8,2.4,0.973,UP,0,FORM ISSUE,Uneven rise - avoid twisting torso
19966,80.9,81.1,179.9,82.1,131.0,130.6,152.4,172.4,3.0,0.974,UP,0,FORM ISSUE,Uneven rise - avoid twisting torso
20000,80.9,81.0,177.7,83.1,130.4,130.4,152.1,172.5,3.0,0.974,UP,0,FORM ISSUE,Uneven rise - avoid twisting torso
20033,80.8,80.9,177.4,84.1,130.8,130.4,152.1,172.6,2.6,0.974,UP,0,FORM ISSUE,Uneven rise - avoid twisting torso
20066,80.8,80.9,176.3,84.1,130.2,130.4,152.1,172.6,2.1,0.974,UP,0,FORM ISSUE,Uneven rise - avoid twisting torso
20100,80.6,80.8,176.4,84.5,130.5,130.6,151.7,172.2,0.3,0.974,UP,0,FORM ISSUE,Uneven rise - avoid twisting torso
20133,80.6,80.7,175.0,84.6,129.8,130.3,151.7,171.7,2.3,0.975,UP,0,FORM ISSUE,Uneven rise - avoid twisting torso
20166,80.2,80.6,175.0,87.3,131.1,130.5,150.9,171.7,6.3,0.975,UP,0,FORM ISSUE,Uneven rise - avoid twisting torso
20200,80.2,80.5,174.8,87.3,131.0,130.5,151.0,171.4,9.0,0.975,UP,0,FORM ISSUE,Uneven rise - avoid twisting torso
20233,80.3,80.4,178.4,87.6,133.0,131.1,150.6,171.0,9.8,0.975,UP,0,FORM ISSUE,Uneven rise - avoid twisting torso
20266,80.4,80.3,178.3,87.8,133.0,131.6,150.0,170.2,10.4,0.975,UP,0,FORM ISSUE,Uneven rise - avoid twisting torso
20300,80.4,80.3,179.9,87.0,133.4,132.3,149.7,169.6,12.3,0.975,UP,0,FORM ISSUE,Uneven rise - avoid twisting torso
20333,80.5,80.3,179.8,86.4,133.1,132.7,149.6,169.7,11.1,0.974,UP,0,FORM ISSUE,Uneven rise - avoid twisting torso
20366,80.6,80.4,177.5,86.3,131.9,132.9,149.7,169.8,10.1,0.974,UP,0,FORM ISSUE,Uneven rise - avoid twisting torso
20400,80.5,80.5,173.6,84.6,129.1,132.1,149.1,168.9,10.3,0.973,UP,0,FORM ISSUE,Uneven rise - avoid twisting torso
20433,79.7,80.3,176.4,86.0,131.2,131.7,148.5,167.7,12.6,0.972,UP,0,FORM ISSUE,Uneven rise - avoid twisting torso
20466,77.8,79.8,175.5,87.7,131.6,131.4,147.7,165.7,12.8,0.971,UP,0,FORM ISSUE,Uneven rise - avoid twisting torso
20500,76.0,78.9,170.4,88.8,129.6,130.7,147.0,162.0,12.2,0.97,UP,0,FORM ISSUE,Uneven rise - avoid twisting torso
20533,75.3,77.9,166.1,90.1,128.1,129.9,147.2,158.7,11.8,0.968,UP,0,FORM ISSUE,Uneven rise - avoid twisting torso
20566,74.8,76.7,163.7,93.1,128.4,129.8,146.2,156.1,11.5,0.967,UP,0,FORM ISSUE,Uneven rise - avoid twisting torso
20600,73.7,75.5,160.8,93.5,127.1,129.0,143.6,154.2,11.0,0.965,UP,0,FORM ISSUE,Uneven rise - avoid twisting torso
20633,73.1,74.6,160.7,93.5,127.1,128.1,143.2,154.2,11.4,0.963,UP,0,FORM ISSUE,Uneven rise - avoid twisting torso
20666,72.0,73.8,157.6,112.8,135.2,129.2,142.2,152.9,10.7,0.96,UP,0,FORM ISSUE,Uneven rise - avoid twisting torso
20700,71.0,72.9,155.3,114.0,134.7,130.5,142.2,151.7,8.8,0.957,UP,0,FORM ISSUE,Uneven rise - avoid twisting torso
20733,70.3,72.0,153.6,111.2,132.4,131.3,142.3,150.5,5.4,0.955,UP,0,FORM ISSUE,Uneven rise - avoid twisting torso
20766,68.8,71.0,150.1,112.9,131.5,132.2,142.3,147.9,0.1,0.952,UP,0,FORM ISSUE,Uneven rise - avoid twisting torso
20800,67.5,69.9,147.3,141.1,144.2,135.6,140.8,144.2,10.2,0.95,UP,0,FORM ISSUE,Uneven rise - avoid twisting torso
20833,67.5,69.0,147.7,136.1,141.9,136.9,140.5,142.4,17.9,0.948,UP,0,FORM ISSUE,Uneven rise - avoid twisting torso
20866,68.5,68.5,148.2,126.1,137.1,137.4,141.3,146.4,25.9,0.947,UP,0,FORM ISSUE,Uneven rise - avoid twisting torso
20900,70.0,68.5,149.2,112.5,130.9,137.1,143.9,146.4,30.2,0.946,UP,0,FORM ISSUE,Uneven rise - avoid twisting torso
20933,71.3,69.0,147.2,64.9,106.1,132.0,143.6,145.9,22.5,0.944,UP,0,FORM ISSUE,Uneven rise - avoid twisting torso
20966,72.9,70.0,147.2,58.1,102.6,123.7,146.6,145.5,18.0,0.94,UP,0,FORM ISSUE,Uneven rise - avoid twisting torso
21000,74.0,71.3,145.2,39.0,92.1,113.8,149.7,148.6,10.8,0.936,UP,0,FORM ISSUE,Uneven rise - avoid twisting torso
21033,75.5,72.7,143.5,32.7,88.1,103.9,146.9,151.1,3.2,0.933,UP,0,FORM ISSUE,Uneven rise - avoid twisting torso
21066,76.3,74.0,146.1,26.5,86.3,95.0,146.2,154.2,4.8,0.931,UP,0,FORM ISSUE,Uneven rise - avoid twisting torso
21100,77.3,75.2,143.7,24.4,84.1,90.6,147.5,157.8,0.6,0.93,UP,0,FORM ISSUE,Uneven rise - avoid twisting torso
21133,79.5,76.5,141.8,33.0,87.4,87.6,154.5,163.8,0.8,0.933,UP,0,FORM ISSUE,Uneven rise - avoid twisting torso
21166,81.3,78.0,139.3,25.2,82.2,85.6,154.2,165.2,0.9,0.936,UP,0,FORM ISSUE,Uneven rise - avoid twisting torso
21200,84.1,79.7,138.4,24.1,81.2,84.2,160.1,167.2,3.0,0.939,UP,0,FORM ISSUE,Uneven rise - avoid twisting torso
21233,87.0,81.8,138.1,25.1,81.6,83.3,161.2,171.5,6.1,0.943,UP,0,FORM ISSUE,Uneven rise - avoid twisting torso
21266,89.8,84.3,139.8,25.3,82.6,83.0,163.3,177.9,12.0,0.947,UP,0,FORM ISSUE,Uneven rise - avoid twisting torso
21300,86.9,85.8,134.2,28.1,81.1,81.8,162.9,177.6,10.8,0.951,UP,0,FORM ISSUE,Uneven rise - avoid twisting torso
21333,85.0,86.6,132.5,34.1,83.3,82.0,172.8,174.2,6.8,0.954,UP,0,FORM ISSUE,Uneven rise - avoid twisting torso
21366,82.8,86.3,132.3,25.5,78.9,81.5,179.7,171.0,4.8,0.957,UP,0,FORM ISSUE,Uneven rise - avoid twisting torso
21400,81.4,85.2,131.1,171.0,151.1,95.4,174.9,170.6,1.9,0.959,UP,0,FORM ISSUE,Uneven rise - avoid twisting torso
21433,80.8,83.4,122.3,91.9,107.1,100.3,178.7,168.7,2.5,0.961,UP,0,FORM ISSUE,Uneven rise - avoid twisting torso
21466,81.1,82.2,97.2,31.8,64.5,97.0,179.4,168.5,1.1,0.962,UP,0,FORM ISSUE,Uneven rise - avoid twisting torso
21500,82.4,81.7,87.3,19.9,53.6,91.0,179.3,167.4,0.4,0.963,UP,0,FORM ISSUE,Uneven rise - avoid twisting torso
21533,82.7,81.7,49.9,14.9,32.4,81.7,175.1,165.8,0.4,0.964,UP,0,FORM ISSUE,Uneven rise - avoid twisting torso
21566,81.8,81.8,61.7,10.3,36.0,58.7,174.0,163.6,1.6,0.966,UP,0,FORM ISSUE,Uneven rise - avoid twisting torso
21600,81.6,81.9,53.6,7.6,30.6,43.4,172.0,163.2,2.2,0.968,UP,0,FORM ISSUE,Uneven rise - avoid twisting torso
21633,81.7,82.1,37.0,5.2,21.1,34.7,170.4,164.1,2.0,0.97,UP,0,FORM ISSUE,Uneven rise - avoid twisting torso
21666,81.6,81.9,29.1,10.6,19.9,28.0,169.7,165.4,3.1,0.972,UP,0,FORM ISSUE,Uneven rise - avoid twisting torso
21700,81.8,81.7,26.2,5.3,15.8,24.7,170.5,167.3,3.4,0.973,UP,0,FORM ISSUE,Uneven rise - avoid twisting torso
21733,82.3,81.8,20.6,2.0,11.3,19.7,170.9,169.6,3.4,0.975,UP,0,FORM ISSUE,Uneven rise - avoid twisting torso
21766,82.8,82.0,15.3,0.6,7.9,15.2,171.3,170.1,3.3,0.977,UP,0,FORM ISSUE,Uneven rise - avoid twisting torso
21800,83.0,82.3,13.4,0.2,6.8,12.3,173.2,170.3,2.7,0.978,UP,0,FORM ISSUE,Uneven rise - avoid twisting torso
21833,84.3,82.8,13.6,0.3,7.0,9.8,173.6,171.2,2.7,0.98,UP,0,FORM ISSUE,Uneven rise - avoid twisting torso
21866,84.4,83.3,14.0,1.2,7.6,8.1,174.0,171.8,2.6,0.98,UP,0,FORM ISSUE,Uneven rise - avoid twisting torso
21900,85.1,83.9,14.9,11.2,13.1,8.5,174.3,171.3,2.7,0.979,UP,0,FORM ISSUE,Uneven rise - avoid twisting torso
21933,85.8,84.5,13.5,14.4,13.9,9.7,174.1,173.0,2.3,0.977,UP,0,FORM ISSUE,Uneven rise - avoid twisting torso
21966,86.2,85.2,12.7,21.6,17.2,11.7,175.1,173.6,1.5,0.975,UP,0,FORM ISSUE,Uneven rise - avoid twisting torso
22000,86.7,85.6,11.1,27.0,19.0,14.2,176.0,174.3,1.1,0.972,UP,0,FORM ISSUE,Uneven rise - avoid twisting torso
22033,87.6,86.3,7.7,30.2,19.0,16.4,176.1,174.3,1.0,0.97,UP,0,FORM ISSUE,Uneven rise - avoid twisting torso
22066,88.1,86.9,4.0,29.6,16.8,17.2,179.7,174.7,0.8,0.968,UP,0,FORM ISSUE,Uneven rise - avoid twisting torso
22100,89.4,87.6,4.9,27.5,16.2,17.6,177.2,175.5,0.1,0.967,UP,0,FORM ISSUE,Uneven rise - avoid twisting torso
22133,89.6,88.3,1.7,24.9,13.3,16.9,172.7,176.2,1.6,0.966,UP,0,FORM ISSUE,Uneven rise - avoid twisting torso
22166,88.9,88.7,0.3,45.8,23.1,17.7,175.9,176.6,2.7,0.964,UP,0,FORM ISSUE,Uneven rise - avoid twisting torso
22200,88.2,88.8,6.0,36.1,21.1,18.1,176.3,176.9,4.5,0.962,UP,0,FORM ISSUE,Uneven rise - avoid twisting torso
22233,87.1,88.6,8.1,28.8,18.4,18.4,178.8,176.7,6.8,0.959,UP,0,FORM ISSUE,Uneven rise - avoid twisting torso
22266,86.1,88.0,9.5,27.5,18.5,18.9,179.6,175.6,7.4,0.957,UP,0,FORM ISSUE,Uneven rise - avoid twisting torso
22300,85.7,87.2,13.4,26.6,20.0,20.2,179.8,175.7,7.4,0.954,UP,0,FORM ISSUE,Uneven rise - avoid twisting torso
22333,86.9,86.8,13.2,23.9,18.5,19.3,179.7,174.8,6.1,0.952,UP,0,FORM ISSUE,Uneven rise - avoid twisting torso
22366,87.2,86.6,12.6,21.4,17.0,18.5,179.7,174.1,6.6,0.949,UP,0,FORM ISSUE,Uneven rise - avoid twisting torso
22400,88.5,86.9,10.2,19.2,14.7,17.7,179.3,174.2,4.6,0.945,UP,0,FORM ISSUE,Uneven rise - avoid twisting torso
22433,89.6,87.6,3.8,18.9,11.3,16.3,179.0,175.4,4.1,0.943,UP,0,FORM ISSUE,Uneven rise - avoid twisting torso
22466,89.4,88.3,2.4,19.0,10.7,14.5,178.3,175.2,3.3,0.941,UP,0,FORM ISSUE,Uneven rise - avoid twisting torso
22500,89.4,88.8,2.1,20.0,11.1,13.0,175.9,175.6,3.4,0.94,UP,0,FORM ISSUE,Uneven rise - avoid twisting torso
22533,89.2,89.2,1.3,21.0,11.1,11.8,175.8,175.2,3.8,0.941,UP,0,FORM ISSUE,Uneven rise - avoid twisting torso
22566,89.5,89.4,0.6,20.5,10.5,11.0,173.5,175.4,2.9,0.943,UP,0,FORM ISSUE,Uneven rise - avoid twisting torso
22600,89.5,89.4,3.7,22.7,13.2,11.3,175.9,175.6,3.3,0.944,UP,0,FORM ISSUE,Uneven rise - avoid twisting torso
22633,89.5,89.4,4.2,21.6,12.9,11.8,176.3,175.9,3.0,0.944,UP,0,FORM ISSUE,Uneven rise - avoid twisting torso
22666,89.5,89.5,4.0,19.9,11.9,11.9,175.5,176.5,3.2,0.943,UP,0,FORM ISSUE,Uneven rise - avoid twisting torso
22700,88.8,89.4,5.0,18.8,11.9,12.1,177.1,177.8,3.0,0.942,UP,0,FORM ISSUE,Uneven rise - avoid twisting torso
22733,88.9,89.3,3.5,14.9,9.2,11.8,178.6,177.7,3.2,0.942,UP,0,FORM ISSUE,Uneven rise - avoid twisting torso
22766,88.7,89.1,3.4,13.1,8.2,10.8,179.0,177.9,3.0,0.942,UP,0,FORM ISSUE,Uneven rise - avoid twisting torso
22800,88.5,88.9,1.4,12.6,7.0,9.7,179.5,177.8,3.2,0.943,UP,0,FORM ISSUE,Uneven rise - avoid twisting torso
22833,88.5,88.7,0.9,12.0,6.4,8.6,179.3,177.9,2.7,0.942,UP,0,FORM ISSUE,Uneven rise - avoid twisting torso
22866,88.3,88.6,0.6,12.3,6.5,7.5,179.6,177.8,2.6,0.941,UP,0,FORM ISSUE,Uneven rise - avoid twisting torso
22900,88.4,88.5,0.4,12.3,6.4,6.9,179.8,177.6,2.1,0.94,UP,0,FORM ISSUE,Uneven rise - avoid twisting torso
22933,88.5,88.5,0.8,11.8,6.3,6.5,179.6,175.6,0.4,0.939,UP,0,FORM ISSUE,Uneven rise - avoid twisting torso
22966,88.8,88.5,1.3,7.8,4.6,6.0,177.4,173.3,0.4,0.936,UP,0,FORM ISSUE,Uneven rise - avoid twisting torso
23000,89.3,88.7,1.0,6.0,3.5,5.4,175.9,172.9,1.5,0.931,UP,0,FORM ISSUE,Uneven rise - avoid twisting torso
23033,90.0,89.0,0.8,1.9,1.4,4.4,174.0,172.3,2.0,0.922,UP,0,FORM ISSUE,Uneven rise - avoid twisting torso
23066,89.6,89.3,1.4,2.1,1.7,3.5,177.7,170.5,1.8,0.912,UP,0,FORM ISSUE,Uneven rise - avoid twisting torso
23100,88.9,89.3,1.5,1.2,1.4,2.5,173.3,172.3,3.5,0.903,UP,0,FORM ISSUE,Uneven rise - avoid twisting torso
23133,88.6,89.3,1.0,7.6,4.3,2.5,168.0,170.8,2.7,0.889,UP,0,FORM ISSUE,Uneven rise - avoid twisting torso
23166,88.4,89.1,1.1,5.6,3.3,2.4,173.2,171.7,2.4,0.879,UP,0,FORM ISSUE,Uneven rise - avoid twisting torso
23200,88.2,88.7,1.7,3.1,2.4,2.6,171.2,171.1,0.6,0.871,UP,0,FORM ISSUE,Uneven rise - avoid twisting torso
23233,88.1,88.4,3.2,4.4,3.8,3.1,173.1,172.0,0.7,0.862,UP,0,FORM ISSUE,Uneven rise - avoid twisting torso
23266,88.1,88.3,3.9,7.2,5.6,3.9,174.3,171.0,0.9,0.85,UP,0,FORM ISSUE,Uneven rise - avoid twisting torso
23300,87.7,88.1,4.7,6.0,5.4,4.1,174.4,172.0,0.5,0.845,UP,0,FORM ISSUE,Uneven rise - avoid twisting torso
23333,87.5,87.9,5.7,3.5,4.6,4.4,172.0,170.7,0.7,0.838,UP,0,FORM ISSUE,Uneven rise - avoid twisting torso
23366,87.5,87.8,5.5,3.8,4.7,4.8,173.5,172.4,0.7,0.833,UP,0,FORM ISSUE,Uneven rise - avoid twisting torso
23400,87.3,87.6,5.8,7.7,6.7,5.4,171.6,172.0,1.2,0.825,UP,0,FORM ISSUE,Uneven rise - avoid twisting torso
23433,87.4,87.5,5.6,5.6,5.6,5.4,173.1,172.5,1.1,0.82,UP,0,FORM ISSUE,Uneven rise - avoid twisting torso
23466,87.3,87.4,5.2,5.5,5.4,5.4,173.4,172.1,1.1,0.815,UP,0,FORM ISSUE,Uneven rise - avoid twisting torso
23500,87.6,87.4,3.5,4.3,3.9,5.3,173.5,172.1,1.2,0.81,UP,0,FORM ISSUE,Uneven rise - avoid twisting torso
23533,87.5,87.4,3.5,4.3,3.9,5.1,174.2,171.8,1.9,0.805,UP,0,FORM ISSUE,Uneven rise - avoid twisting torso
23566,87.5,87.5,2.5,4.3,3.4,4.4,175.2,171.2,2.0,0.804,UP,0,FORM ISSUE,Uneven rise - avoid twisting torso
23600,87.4,87.5,2.5,4.5,3.5,4.0,175.4,171.3,2.0,0.804,UP,0,FORM ISSUE,Uneven rise - avoid twisting torso
23633,87.3,87.5,2.4,4.3,3.4,3.6,175.8,171.3,2.2,0.803,UP,0,FORM ISSUE,Uneven rise - avoid twisting torso
23666,87.2,87.4,2.2,5.8,4.0,3.6,172.8,170.9,2.9,0.802,UP,0,FORM ISSUE,Uneven rise - avoid twisting torso
23700,87.0,87.3,2.2,12.3,7.2,4.3,171.2,170.1,2.9,0.798,UP,0,FORM ISSUE,Uneven rise - avoid twisting torso
23733,86.9,87.1,2.9,8.0,5.5,4.7,172.1,170.6,2.6,0.797,UP,0,FORM ISSUE,Uneven rise - avoid twisting torso
23766,86.7,87.0,2.9,13.0,8.0,5.6,170.2,171.0,2.5,0.793,UP,0,FORM ISSUE,Uneven rise - avoid twisting torso
23800,86.8,86.9,3.4,11.6,7.5,6.4,175.9,171.8,2.9,0.785,UP,0,FORM ISSUE,Uneven rise - avoid twisting torso
23833,87.1,86.9,4.1,9.2,6.6,6.9,176.6,172.3,2.4,0.781,UP,0,FORM ISSUE,Uneven rise - avoid twisting torso
23866,87.1,86.9,4.4,12.9,8.6,7.2,176.7,171.3,3.1,0.779,UP,0,FORM ISSUE,Uneven rise - avoid twisting torso
23900,87.4,87.0,4.3,7.0,5.7,7.3,177.2,172.5,3.5,0.776,UP,0,FORM ISSUE,Uneven rise - avoid twisting torso
23933,87.4,87.1,4.5,5.3,4.9,6.6,175.4,172.5,2.9,0.777,UP,0,FORM ISSUE,Uneven rise - avoid twisting torso
23966,87.8,87.4,3.9,5.1,4.5,6.1,177.7,172.3,2.7,0.781,UP,0,FORM ISSUE,Uneven rise - avoid twisting torso
24000,88.3,87.6,4.6,5.5,5.0,5.7,179.0,171.9,2.2,0.782,UP,0,FORM ISSUE,Uneven rise - avoid twisting torso
24033,88.3,87.9,5.1,4.5,4.8,5.0,178.8,171.8,2.2,0.787,UP,0,FORM ISSUE,Uneven rise - avoid twisting torso
24066,88.4,88.1,4.8,3.8,4.3,4.7,179.4,172.4,2.6,0.793,UP,0,FORM ISSUE,Uneven rise - avoid twisting torso
24100,88.4,88.3,4.8,3.6,4.2,4.6,179.4,172.2,2.4,0.794,UP,0,FORM ISSUE,Uneven rise - avoid twisting torso
24133,88.8,88.5,2.2,2.1,2.1,4.1,179.3,175.5,2.3,0.801,UP,0,FORM ISSUE,Uneven rise - avoid twisting torso
24166,88.9,88.6,2.6,1.2,1.9,3.5,179.9,175.1,2.4,0.807,UP,0,FORM ISSUE,Uneven rise - avoid twisting torso
24200,89.2,88.7,3.4,0.1,1.7,2.9,179.8,174.9,1.9,0.813,UP,0,FORM ISSUE,Uneven rise - avoid twisting torso
24233,89.2,88.9,3.4,0.3,1.9,2.4,177.8,174.9,1.2,0.818,UP,0,FORM ISSUE,Uneven rise - avoid twisting torso
24266,89.3,89.1,2.6,1.7,2.2,2.0,177.7,174.5,1.4,0.827,UP,0,FORM ISSUE,Uneven rise - avoid twisting torso
24300,89.8,89.3,3.3,3.2,3.3,2.2,178.6,177.0,1.2,0.836,UP,0,FORM ISSUE,Uneven rise - avoid twisting torso
24333,89.6,89.4,3.9,3.8,3.9,2.6,180.0,176.7,1.4,0.847,UP,0,FORM ISSUE,Uneven rise - avoid twisting torso
24366,90.0,89.6,4.1,6.4,5.2,3.3,179.8,178.1,1.8,0.857,UP,0,FORM ISSUE,Uneven rise - avoid twisting torso
24400,89.3,89.6,4.5,4.1,4.3,3.8,179.5,177.6,1.8,0.869,UP,0,FORM ISSUE,Uneven rise - avoid twisting torso
24433,89.8,89.7,4.6,3.8,4.2,4.2,179.1,177.1,1.0,0.88,UP,0,FORM ISSUE,Uneven rise - avoid twisting torso
24466,89.9,89.7,4.5,4.4,4.5,4.4,178.3,177.8,0.4,0.889,UP,0,FORM ISSUE,Uneven rise - avoid twisting torso
24500,89.9,89.8,4.9,4.0,4.5,4.5,177.5,178.6,0.1,0.898,UP,0,FORM ISSUE,Uneven rise - avoid twisting torso
24533,89.8,89.8,4.5,3.2,3.9,4.3,175.3,177.8,0.6,0.906,UP,0,FORM ISSUE,Uneven rise - avoid twisting torso
24566,89.9,89.9,4.2,3.0,3.6,4.1,173.8,178.3,0.7,0.913,UP,0,FORM ISSUE,Uneven rise - avoid twisting torso
24600,89.6,89.9,3.4,4.7,4.0,4.1,178.2,178.1,0.7,0.919,UP,0,FORM ISSUE,Uneven rise - avoid twisting torso
24633,89.5,89.8,2.7,4.5,3.6,3.9,175.0,177.5,1.2,0.924,UP,0,FORM ISSUE,Uneven rise - avoid twisting torso
24666,89.4,89.7,2.4,4.2,3.3,3.7,176.9,177.4,1.5,0.928,UP,0,FORM ISSUE,Uneven rise - avoid twisting torso
24700,89.4,89.6,2.3,3.9,3.1,3.5,175.9,177.2,2.1,0.931,UP,0,FORM ISSUE,Uneven rise - avoid twisting torso
24733,89.3,89.5,2.1,3.9,3.0,3.4,173.3,176.3,2.7,0.932,UP,0,FORM ISSUE,Uneven rise - avoid twisting torso
24766,89.7,89.5,2.7,4.6,3.7,3.3,172.6,175.5,2.0,0.933,UP,0,FORM ISSUE,Uneven rise - avoid twisting torso
24800,89.4,89.4,2.9,4.7,3.8,3.4,172.2,174.2,2.1,0.933,UP,0,FORM ISSUE,Uneven rise - avoid twisting torso
24833,89.2,89.4,4.2,4.3,4.2,3.6,169.6,174.1,2.5,0.933,UP,0,FORM ISSUE,Uneven rise - avoid twisting torso
24866,89.3,89.4,6.0,4.6,5.3,4.0,172.4,174.8,2.3,0.929,UP,0,FORM ISSUE,Uneven rise - avoid twisting torso
24900,89.3,89.4,9.0,4.0,6.5,4.7,172.3,173.7,1.2,0.924,UP,0,FORM ISSUE,Uneven rise - avoid twisting torso
24933,89.3,89.3,9.0,3.8,6.4,5.2,174.1,174.4,1.1,0.919,UP,0,FORM ISSUE,Uneven rise - avoid twisting torso
24966,89.3,89.3,9.0,4.9,6.9,5.9,173.8,174.1,1.5,0.915,UP,0,FORM ISSUE,Uneven rise - avoid twisting torso
25000,89.3,89.3,8.9,7.3,8.1,6.7,175.4,174.9,1.8,0.911,UP,0,FORM ISSUE,Uneven rise - avoid twisting torso
25033,89.5,89.3,7.4,9.9,8.7,7.3,177.6,176.3,3.6,0.912,UP,0,FORM ISSUE,Uneven rise - avoid twisting torso
25066,89.6,89.4,7.9,10.9,9.4,7.9,174.0,177.3,4.5,0.914,UP,0,FORM ISSUE,Uneven rise - avoid twisting torso
25100,89.9,89.5,8.9,10.3,9.6,8.6,169.9,177.4,4.8,0.917,UP,0,FORM ISSUE,Uneven rise - avoid twisting torso
25133,89.8,89.6,8.7,9.3,9.0,9.0,170.3,178.1,5.0,0.92,UP,0,FORM ISSUE,Uneven rise - avoid twisting torso
25166,90.0,89.8,7.5,8.5,8.0,9.0,172.5,178.5,4.9,0.921,UP,0,FORM ISSUE,Uneven rise - avoid twisting torso
25200,90.0,89.8,8.2,7.5,7.8,8.8,176.3,177.5,5.1,0.92,UP,0,FORM ISSUE,Uneven rise - avoid twisting torso
25233,89.9,89.9,14.8,6.9,10.8,9.1,177.6,177.3,5.7,0.917,UP,0,FORM ISSUE,Uneven rise - avoid twisting torso
25266,89.8,89.9,14.9,8.2,11.5,9.5,174.8,177.2,5.2,0.912,UP,0,FORM ISSUE,Uneven rise - avoid twisting torso
25300,89.5,89.8,18.4,8.2,13.3,10.3,175.1,176.4,4.7,0.906,UP,0,FORM ISSUE,Uneven rise - avoid twisting torso
25333,89.4,89.7,18.2,8.7,13.5,11.4,176.7,176.2,5.0,0.9,UP,0,FORM ISSUE,Uneven rise - avoid twisting torso
25366,89.2,89.6,16.9,8.3,12.6,12.3,176.7,175.6,4.6,0.894,UP,0,FORM ISSUE,Uneven rise - avoid twisting torso
25400,88.8,89.3,18.1,8.3,13.2,12.8,177.2,175.3,4.2,0.886,UP,0,FORM ISSUE,Uneven rise - avoid twisting torso
25433,88.6,89.1,19.3,8.1,13.7,13.2,177.6,175.0,3.9,0.877,UP,0,FORM ISSUE,Uneven rise - avoid twisting torso
25466,88.1,88.8,15.6,3.5,9.5,12.5,176.9,174.2,2.8,0.867,UP,0,FORM ISSUE,Uneven rise - avoid twisting torso
25500,88.0,88.5,12.6,0.9,6.8,11.1,178.1,174.2,2.6,0.855,UP,0,FORM ISSUE,Uneven rise - avoid twisting torso
25533,88.0,88.3,10.2,0.2,5.2,9.7,176.8,174.0,2.0,0.842,UP,0,FORM ISSUE,Uneven rise - avoid twisting torso
25566,88.2,88.2,10.3,0.8,5.6,8.1,176.7,174.1,1.9,0.828,UP,0,FORM ISSUE,Uneven rise - avoid twisting torso
25600,88.5,88.2,9.7,5.7,7.7,7.0,177.9,174.2,0.5,0.817,UP,0,FORM ISSUE,Uneven rise - avoid twisting torso
25633,88.7,88.3,8.5,3.6,6.0,6.3,176.9,174.7,1.0,0.808,UP,0,FORM ISSUE,Uneven rise - avoid twisting torso
25666,89.0,88.5,6.4,3.9,5.1,5.9,177.8,175.6,2.9,0.804,UP,0,FORM ISSUE,Uneven rise - avoid twisting torso
25700,89.1,88.7,5.8,4.2,5.0,5.9,177.4,176.1,3.0,0.802,UP,0,FORM ISSUE,Uneven rise - avoid twisting torso
25733,89.4,88.9,6.4,4.7,5.6,5.9,177.9,176.5,2.4,0.803,UP,0,FORM ISSUE,Uneven rise - avoid twisting torso
25766,89.4,89.1,6.2,6.3,6.3,5.6,177.9,176.4,2.1,0.807,UP,0,FORM ISSUE,Uneven rise - avoid twisting torso
25800,89.5,89.3,8.6,5.2,6.9,5.8,177.0,176.5,2.2,0.815,UP,0,FORM ISSUE,Uneven rise - avoid twisting torso
25833,89.5,89.4,13.1,4.7,8.9,6.5,176.6,178.3,1.3,0.825,UP,0,FORM ISSUE,Uneven rise - avoid twisting torso
25866,89.4,89.5,13.2,4.1,8.6,7.2,177.5,178.8,1.1,0.837,UP,0,FORM ISSUE,Uneven rise - avoid twisting torso
25900,89.3,89.4,16.5,3.0,9.7,8.1,175.9,177.4,1.9,0.852,UP,0,FORM ISSUE,Uneven rise - avoid twisting torso
25933,89.4,89.4,16.4,0.7,8.6,8.5,175.6,179.2,1.5,0.867,UP,0,FORM ISSUE,Uneven rise - avoid twisting torso
25966,89.5,89.4,16.5,1.4,9.0,9.0,176.0,178.5,1.5,0.88,UP,0,FORM ISSUE,Uneven rise - avoid twisting torso
26000,89.6,89.5,17.6,0.6,9.1,9.0,176.0,179.1,0.0,0.892,UP,0,FORM ISSUE,Uneven rise - avoid twisting torso
26033,89.3,89.4,19.8,0.9,10.3,9.3,177.0,178.7,0.2,0.902,UP,0,FORM ISSUE,Uneven rise - avoid twisting torso
26066,88.9,89.3,12.8,1.6,7.2,8.8,178.3,179.0,2.6,0.912,UP,0,FORM ISSUE,Uneven rise - avoid twisting torso
26100,88.7,89.2,12.5,1.4,6.9,8.5,177.6,178.7,2.4,0.92,UP,0,FORM ISSUE,Uneven rise - avoid twisting torso
26133,88.8,89.1,12.9,1.7,7.3,8.2,175.5,179.3,3.3,0.927,UP,0,FORM ISSUE,Uneven rise - avoid twisting torso
26166,88.9,88.9,22.5,1.5,12.0,8.8,174.5,179.5,3.4,0.933,UP,0,FORM ISSUE,Uneven rise - avoid twisting torso
26200,89.6,89.0,24.7,2.8,13.8,9.4,174.9,179.7,3.6,0.939,UP,0,FORM ISSUE,Uneven rise - avoid twisting torso
26233,89.7,89.2,17.5,5.1,11.3,10.3,174.8,179.6,3.4,0.943,UP,0,FORM ISSUE,Uneven rise - avoid twisting torso
26266,89.7,89.4,15.2,4.0,9.6,10.8,174.6,179.6,2.7,0.947,UP,0,FORM ISSUE,Uneven rise - avoid twisting torso
26300,90.0,89.6,14.4,0.8,7.6,10.9,174.6,179.6,2.4,0.951,UP,0,FORM ISSUE,Uneven rise - avoid twisting torso
26333,89.2,89.6,11.1,2.5,6.8,9.8,172.8,179.8,3.7,0.954,UP,0,FORM ISSUE,Uneven rise - avoid twisting torso
26366,89.2,89.5,10.5,5.1,7.8,8.6,172.8,179.9,2.9,0.957,UP,0,FORM ISSUE,Uneven rise - avoid twisting torso
26400,89.9,89.6,10.3,3.9,7.1,7.8,172.8,179.3,1.5,0.96,UP,0,FORM ISSUE,Uneven rise - avoid twisting torso
26433,89.4,89.5,11.7,6.0,8.9,7.6,171.7,179.4,2.1,0.962,UP,0,FORM ISSUE,Uneven rise - avoid twisting torso
26466,89.6,89.4,14.3,6.6,10.4,8.2,170.5,179.2,2.2,0.963,UP,0,FORM ISSUE,Uneven rise - avoid twisting torso
26500,89.4,89.5,14.0,7.6,10.8,9.0,169.4,179.3,2.7,0.963,UP,0,FORM ISSUE,Uneven rise - avoid twisting torso
26533,89.4,89.5,12.8,11.6,12.2,9.9,169.2,179.4,3.6,0.963,UP,0,FORM ISSUE,Uneven rise - avoid twisting torso
26566,89.2,89.4,13.5,25.2,19.4,12.3,169.1,179.6,3.1,0.96,UP,0,FORM ISSUE,Uneven rise - avoid twisting torso
26600,89.5,89.4,13.6,21.0,17.3,14.0,169.6,179.7,4.2,0.957,UP,0,FORM ISSUE,Uneven rise - avoid twisting torso
26633,89.6,89.4,14.7,15.1,14.9,14.9,170.8,179.8,3.2,0.955,UP,0,FORM ISSUE,Uneven rise - avoid twisting torso
26666,90.0,89.5,10.4,14.4,12.4,15.2,171.3,180.0,6.6,0.954,UP,0,FORM ISSUE,Uneven rise - avoid twisting torso
26700,89.9,89.6,11.6,11.6,11.6,15.1,171.7,179.8,10.3,0.952,UP,0,FORM ISSUE,Uneven rise - avoid twisting torso
26733,89.9,89.8,12.0,8.8,10.4,13.3,173.6,179.8,11.3,0.953,UP,0,FORM ISSUE,Uneven rise - avoid twisting torso
26766,90.0,89.9,11.7,8.4,10.1,11.9,173.7,179.2,14.9,0.953,UP,0,FORM ISSUE,Uneven rise - avoid twisting torso
26800,89.9,89.9,10.8,10.3,10.6,11.0,175.5,177.5,21.5,0.953,UP,0,FORM ISSUE,Uneven rise - avoid twisting torso
26833,89.4,89.8,10.9,10.0,10.4,10.6,175.5,177.3,36.5,0.951,UP,0,FORM ISSUE,Uneven rise - avoid twisting torso
26866,89.1,89.7,8.4,7.0,7.7,9.8,174.2,177.0,30.9,0.95,UP,0,FORM ISSUE,Uneven rise - avoid twisting torso
26900,88.9,89.5,8.0,8.7,8.4,9.4,176.3,176.0,131.4,0.947,UP,0,FORM ISSUE,Uneven rise - avoid twisting torso
26933,87.9,89.0,6.5,19.0,12.7,10.0,176.2,175.1,162.9,0.946,UP,0,FORM ISSUE,Uneven rise - avoid twisting torso
26966,87.8,88.6,5.6,15.3,10.4,9.9,176.2,174.7,170.3,0.943,UP,0,FORM ISSUE,Uneven rise - avoid twisting torso
27000,87.6,88.2,4.2,12.8,8.5,9.5,178.2,176.4,165.4,0.94,UP,0,FORM ISSUE,Uneven rise - avoid twisting torso
27033,87.6,87.9,3.9,17.5,10.7,10.2,177.5,176.7,166.4,0.937,UP,0,FORM ISSUE,Uneven rise - avoid twisting torso
27066,87.7,87.7,1.3,14.6,8.0,10.1,177.1,176.7,167.6,0.934,UP,0,FORM ISSUE,Uneven rise - avoid twisting torso
27100,88.4,87.8,2.5,12.2,7.3,9.0,177.9,175.6,173.1,0.932,UP,0,FORM ISSUE,Uneven rise - avoid twisting torso
27133,88.4,87.9,9.9,2.8,6.4,8.2,175.6,175.6,42.9,0.93,UP,0,FORM ISSUE,Uneven rise - avoid twisting torso
27166,87.0,87.8,10.0,4.8,7.4,8.0,171.6,174.5,16.2,0.931,UP,0,FORM ISSUE,Uneven rise - avoid twisting torso
27200,86.5,87.6,13.6,5.0,9.3,7.7,170.5,173.4,14.8,0.932,UP,0,FORM ISSUE,Uneven rise - avoid twisting torso
27233,86.8,87.4,19.3,23.6,21.5,10.4,169.5,173.5,13.0,0.932,UP,0,FORM ISSUE,Uneven rise - avoid twisting torso
27266,86.7,87.1,20.9,35.2,28.1,14.5,167.2,174.1,11.6,0.932,UP,0,FORM ISSUE,Uneven rise - avoid twisting torso
27300,87.4,86.9,16.4,12.3,14.4,16.1,169.0,174.2,12.3,0.932,UP,0,FORM ISSUE,Uneven rise - avoid twisting torso
27333,86.6,86.8,14.7,11.8,13.3,17.3,171.2,175.3,7.3,0.933,UP,0,FORM ISSUE,Uneven rise - avoid twisting torso
27366,87.4,87.0,15.6,9.1,12.3,17.9,172.6,175.6,5.4,0.936,UP,0,FORM ISSUE,Uneven rise - avoid twisting torso
27400,88.6,87.3,18.8,9.0,13.9,16.4,173.9,177.5,0.4,0.94,UP,0,FORM ISSUE,Uneven rise - avoid twisting torso
27433,88.8,87.7,17.9,10.0,14.0,13.6,177.7,177.2,3.3,0.945,UP,0,FORM ISSUE,Uneven rise - avoid twisting torso
27466,89.6,88.2,16.9,7.5,12.2,13.1,174.7,177.1,1.5,0.95,UP,0,FORM ISSUE,Uneven rise - avoid twisting torso
27500,89.7,88.8,14.2,9.1,11.7,12.8,174.9,176.7,0.2,0.954,UP,0,FORM ISSUE,Uneven rise - avoid twisting torso
27533,89.7,89.3,14.3,8.8,11.6,12.7,177.4,175.9,1.9,0.958,UP,0,FORM ISSUE,Uneven rise - avoid twisting torso
27566,89.9,89.5,11.7,9.1,10.4,12.0,177.9,173.1,0.0,0.961,UP,0,FORM ISSUE,Uneven rise - avoid twisting torso
27600,89.8,89.7,10.2,6.6,8.4,10.8,177.6,176.5,2.6,0.965,UP,0,FORM ISSUE,Uneven rise - avoid twisting torso
27633,89.9,89.8,9.7,5.3,7.5,9.9,173.1,178.1,2.1,0.968,UP,0,FORM ISSUE,Uneven rise - avoid twisting torso
27666,89.6,89.8,8.1,2.2,5.1,8.6,173.7,179.6,3.8,0.971,UP,0,FORM ISSUE,Uneven rise - avoid twisting torso
27700,89.7,89.8,7.6,2.2,4.9,7.3,175.8,178.7,4.2,0.973,UP,0,FORM ISSUE,Uneven rise - avoid twisting torso
27733,89.9,89.8,17.1,12.7,14.9,8.2,179.3,176.8,3.8,0.975,UP,0,FORM ISSUE,Uneven rise - avoid twisting torso
27766,89.8,89.8,15.9,6.7,11.3,8.7,174.4,173.5,6.0,0.977,UP,0,FORM ISSUE,Uneven rise - avoid twisting torso
27800,90.0,89.8,24.8,10.6,17.7,10.8,176.5,172.9,6.3,0.979,UP,0,FORM ISSUE,Uneven rise - avoid twisting torso
27833,89.6,89.8,23.6,10.1,16.9,13.1,171.8,170.9,9.2,0.98,UP,0,FORM ISSUE,Uneven rise - avoid twisting torso
27866,89.8,89.8,25.5,9.1,17.3,15.6,171.0,175.0,7.9,0.982,UP,0,FORM ISSUE,Uneven rise - avoid twisting torso
27900,89.0,89.7,28.3,16.9,22.6,17.2,168.8,174.3,10.3,0.984,UP,0,FORM ISSUE,Uneven rise - avoid twisting torso
27933,,,,,,,,,,0.787,UP,0,NO PERSON,Lie down in frame
27966,87.4,89.2,171.4,169.8,170.6,49.0,177.9,158.3,21.3,0.788,UP,0,FORM ISSUE,Uneven rise - avoid twisting torso
28000,87.4,88.7,173.3,169.5,171.4,79.8,178.4,157.6,20.9,0.786,UP,0,FORM ISSUE,Uneven rise - avoid twisting torso
28033,87.2,88.2,173.7,169.8,171.7,110.7,178.4,157.4,20.6,0.784,UP,0,FORM ISSUE,Uneven rise - avoid twisting torso
28066,86.8,87.6,174.2,169.7,172.0,141.7,178.3,156.9,20.4,0.781,UP,0,FORM ISSUE,Uneven rise - avoid twisting torso
28100,86.3,87.0,174.5,169.2,171.8,171.5,178.6,157.1,20.2,0.973,UP,0,FORM ISSUE,Uneven rise - avoid twisting torso
28133,85.4,86.6,173.8,168.0,170.9,171.6,178.4,157.1,20.1,0.969,UP,0,FORM ISSUE,Uneven rise - avoid twisting torso
28166,84.8,86.1,173.1,167.2,170.1,171.3,176.5,157.1,21.3,0.966,UP,0,FORM ISSUE,Uneven rise - avoid twisting torso
28200,84.1,85.5,174.2,165.4,169.8,170.9,177.2,157.0,22.1,0.963,UP,0,FORM ISSUE,Uneven rise - avoid twisting torso
28233,83.5,84.8,175.2,164.4,169.8,170.5,177.8,156.6,22.8,0.961,UP,0,FORM ISSUE,Uneven rise - avoid twisting torso
28266,83.2,84.2,175.5,164.1,169.8,170.1,177.8,156.6,23.6,0.96,UP,0,FORM ISSUE,Uneven rise - avoid twisting torso
28300,82.6,83.6,175.7,163.1,169.4,169.8,176.2,156.5,23.1,0.959,UP,0,FORM ISSUE,Uneven rise - avoid twisting torso
28333,82.2,83.1,177.2,162.8,170.0,169.8,175.9,156.8,23.0,0.959,UP,0,FORM ISSUE,Uneven rise - avoid twisting torso
28366,81.9,82.7,176.2,162.5,169.3,169.7,175.6,158.0,24.0,0.959,UP,0,FORM ISSUE,Uneven rise - avoid twisting torso
28400,81.4,82.3,177.8,161.3,169.6,169.6,173.0,160.0,20.8,0.96,UP,0,FORM ISSUE,Uneven rise - avoid twisting torso
28433,82.6,82.1,173.7,161.7,167.7,169.2,174.2,161.3,15.3,0.961,UP,0,FORM ISSUE,Uneven rise - avoid twisting torso
28466,84.6,82.5,162.7,169.3,166.0,168.5,75.6,0.5,17.7,0.959,UP,0,FORM ISSUE,Uneven rise - avoid twisting torso
28500,89.2,84.0,158.1,174.4,166.3,167.8,21.9,2.6,8.0,0.953,UP,0,FORM ISSUE,Uneven rise - avoid twisting torso
28533,86.4,84.8,163.6,167.3,165.5,167.0,4.9,1.2,5.2,0.944,UP,0,FORM ISSUE,Don't pull neck - engage core
28566,86.5,85.9,166.2,177.2,171.7,167.4,3.0,2.3,6.8,0.931,UP,0,FORM ISSUE,Don't pull neck - engage core
28600,85.8,86.5,169.3,161.3,165.3,166.9,172.6,169.9,2.8,0.91,UP,0,FORM ISSUE,Uneven rise - avoid twisting torso
28633,85.0,86.6,175.4,168.8,172.1,168.2,163.0,164.3,11.3,0.887,UP,0,FORM ISSUE,Uneven rise - avoid twisting torso
28666,,,,,,,,,,0.7,UP,0,NO PERSON,Lie down in frame
28700,90.0,86.7,8.3,7.6,8.0,136.5,178.7,179.5,5.0,0.686,UP,0,FORM ISSUE,Uneven rise - avoid twisting torso
28733,90.0,87.5,9.3,7.5,8.4,105.1,178.2,178.4,6.7,0.679,UP,0,FORM ISSUE,Uneven rise - avoid twisting torso
28766,89.7,88.1,14.0,4.6,9.3,72.6,178.1,176.0,1.0,0.682,UP,0,FORM ISSUE,Uneven rise - avoid twisting torso
28800,88.7,88.7,22.5,4.6,13.5,42.2,178.6,178.4,0.8,0.693,UP,0,FORM ISSUE,Uneven rise - avoid twisting torso
28833,88.2,89.3,25.1,6.9,16.0,11.0,179.6,179.9,3.7,0.873,UP,0,FORM ISSUE,Uneven rise - avoid twisting torso
28866,87.7,88.8,19.1,8.0,13.6,12.1,179.8,179.2,3.2,0.885,UP,0,FORM ISSUE,Uneven rise - avoid twisting torso
28900,86.8,88.2,20.1,6.8,13.4,13.2,179.9,179.3,3.1,0.896,UP,0,FORM ISSUE,Uneven rise - avoid twisting torso
28933,88.7,88.0,35.6,7.5,21.5,15.6,177.1,178.9,1.1,0.905,UP,0,FORM ISSUE,Uneven rise - avoid twisting torso
28966,89.2,88.1,34.3,9.6,22.0,17.3,175.5,177.8,2.1,0.912,UP,0,FORM ISSUE,Uneven rise - avoid twisting torso
29000,89.8,88.4,34.3,11.6,22.9,18.7,175.0,175.9,3.4,0.917,UP,0,FORM ISSUE,Uneven rise - avoid twisting torso
29033,89.6,88.8,27.7,11.8,19.8,19.9,175.3,174.7,4.5,0.922,UP,0,FORM ISSUE,Uneven rise - avoid twisting torso
29066,89.6,89.4,31.7,14.2,22.9,21.8,174.6,175.5,5.9,0.924,UP,0,FORM ISSUE,Uneven rise - avoid twisting torso
29100,89.8,89.6,32.0,14.9,23.4,22.2,176.0,176.6,5.8,0.925,UP,0,FORM ISSUE,Uneven rise - avoid twisting torso
29133,89.8,89.7,22.0,19.0,20.5,21.9,175.5,176.8,0.1,0.925,UP,0,FORM ISSUE,Uneven rise - avoid twisting torso
29166,89.9,89.7,28.6,18.8,23.7,22.1,175.6,177.0,1.7,0.925,UP,0,FORM ISSUE,Uneven rise - avoid twisting torso
29200,89.5,89.7,34.6,14.6,24.6,23.0,173.1,177.2,0.3,0.924,UP,0,FORM ISSUE,Uneven rise - avoid twisting torso
29233,89.3,89.7,30.5,26.4,28.4,24.1,173.3,177.3,1.8,0.922,UP,0,FORM ISSUE,Uneven rise - avoid twisting torso
29266,89.1,89.5,11.3,18.5,14.9,22.4,176.7,176.4,6.8,0.921,UP,0,FORM ISSUE,Uneven rise - avoid twisting torso
29300,89.0,89.4,14.3,19.1,16.7,21.7,173.9,176.0,9.7,0.918,UP,0,FORM ISSUE,Uneven rise - avoid twisting torso
29333,88.1,89.0,29.7,17.0,23.4,21.6,173.8,176.9,9.4,0.914,UP,0,FORM ISSUE,Uneven rise - avoid twisting torso
29366,87.7,88.6,27.4,30.1,28.8,22.4,170.4,176.6,6.1,0.911,UP,0,FORM ISSUE,Uneven rise - avoid twisting torso
29400,86.7,88.1,26.8,23.6,25.2,21.8,172.2,175.4,2.6,0.907,UP,0,FORM ISSUE,Uneven rise - avoid twisting torso
29433,86.6,87.6,26.1,19.0,22.5,23.3,171.9,176.0,12.3,0.903,UP,0,FORM ISSUE,Uneven rise - avoid twisting torso
29466,86.6,87.1,8.7,11.1,9.9,21.9,172.2,176.4,10.6,0.9,UP,0,FORM ISSUE,Uneven rise - avoid twisting torso
29500,86.6,86.8,12.7,15.6,14.1,20.1,172.1,177.6,10.8,0.896,UP,0,FORM ISSUE,Uneven rise - avoid twisting torso
29533,88.2,86.9,7.1,4.5,5.8,15.5,177.2,177.4,9.1,0.895,UP,0,FORM ISSUE,Uneven rise - avoid twisting torso
29566,87.9,87.2,11.1,4.1,7.6,12.0,176.2,177.2,8.0,0.896,UP,0,FORM ISSUE,Uneven rise - avoid twisting torso
29600,87.9,87.5,13.9,1.7,7.8,9.0,173.4,178.5,6.2,0.898,UP,0,FORM ISSUE,Uneven rise - avoid twisting torso
29633,88.2,87.8,8.0,0.5,4.3,7.9,175.8,177.3,7.1,0.901,UP,0,FORM ISSUE,Uneven rise - avoid twisting torso
29666,88.2,88.1,9.7,4.2,6.9,6.5,176.1,177.3,9.4,0.906,UP,0,FORM ISSUE,Uneven rise - avoid twisting torso
29700,88.6,88.2,7.1,2.5,4.8,6.3,175.3,177.2,8.4,0.91,UP,0,FORM ISSUE,Uneven rise - avoid twisting torso
29733,88.8,88.3,6.6,5.3,6.0,5.9,178.9,177.2,13.8,0.915,UP,0,FORM ISSUE,Uneven rise - avoid twisting torso
29766,89.9,88.7,0.7,19.6,10.1,6.4,177.4,177.1,20.3,0.92,UP,0,FORM ISSUE,Uneven rise - avoid twisting torso
29800,89.3,89.0,2.4,15.3,8.9,7.3,173.5,174.7,23.2,0.924,UP,0,FORM ISSUE,Uneven rise - avoid twisting torso
29833,89.7,89.2,2.8,7.2,5.0,6.9,174.2,172.8,34.2,0.927,UP,0,FORM ISSUE,Uneven rise - avoid twisting torso
29866,89.7,89.5,2.5,13.6,8.0,7.6,171.3,169.4,45.3,0.928,UP,0,FORM ISSUE,Uneven rise - avoid twisting torso
29900,87.3,89.2,2.2,20.1,11.1,8.6,176.1,166.1,50.0,0.928,UP,0,FORM ISSUE,Uneven rise - avoid twisting torso
29933,85.9,88.4,7.9,21.6,14.8,9.6,173.9,167.9,55.8,0.927,UP,0,FORM ISSUE,Uneven rise - avoid twisting torso
29966,84.0,87.3,7.3,25.5,16.4,11.1,171.9,161.4,60.1,0.927,UP,0,FORM ISSUE,Uneven rise - avoid twisting torso
30000,82.3,85.8,9.8,22.1,16.0,13.3,169.3,163.4,64.2,0.925,UP,0,FORM ISSUE,Uneven rise - avoid twisting torso
30033,81.3,84.2,8.1,27.7,17.9,15.2,169.6,161.2,64.9,0.922,UP,0,FORM ISSUE,Uneven rise - avoid twisting torso
30066,80.9,82.9,10.5,24.7,17.6,16.5,167.5,163.7,67.8,0.919,UP,0,FORM ISSUE,Uneven rise - avoid twisting torso
30100,82.2,82.1,8.9,21.8,15.3,16.6,171.5,166.8,65.8,0.916,UP,0,FORM ISSUE,Uneven rise - avoid twisting torso
30133,83.0,81.9,9.3,31.3,20.3,17.4,168.1,167.0,69.8,0.913,UP,0,FORM ISSUE,Uneven rise - avoid twisting torso
30166,82.1,81.9,14.8,27.8,21.3,18.5,168.1,159.5,63.0,0.909,UP,0,FORM ISSUE,Uneven rise - avoid twisting torso
30200,82.2,82.1,19.4,28.8,24.1,19.7,168.7,158.2,60.0,0.906,UP,0,FORM ISSUE,Uneven rise - avoid twisting torso
30233,82.9,82.5,19.6,29.0,24.3,21.1,169.1,160.2,66.0,0.902,UP,0,FORM ISSUE,Uneven rise - avoid twisting torso
30266,83.0,82.6,19.5,18.6,19.0,21.8,171.6,161.5,71.3,0.9,UP,0,FORM ISSUE,Uneven rise - avoid twisting torso
30300,82.5,82.5,17.7,20.8,19.3,21.6,170.6,160.9,63.9,0.897,UP,0,FORM ISSUE,Uneven rise - avoid twisting torso
30333,83.2,82.8,15.9,12.0,13.9,20.1,172.2,161.6,58.9,0.896,UP,0,FORM ISSUE,Uneven rise - avoid twisting torso
30366,84.5,83.2,10.8,9.6,10.2,17.3,172.2,162.6,61.3,0.894,UP,0,FORM ISSUE,Uneven rise - avoid twisting torso
30400,84.6,83.6,8.6,6.2,7.4,14.0,174.0,162.9,57.1,0.893,UP,0,FORM ISSUE,Uneven rise - avoid twisting torso
30433,85.6,84.1,7.4,6.0,6.7,11.5,174.3,160.3,53.7,0.892,UP,0,FORM ISSUE,Uneven rise - avoid twisting torso
30466,85.9,84.8,7.9,10.7,9.3,9.5,172.6,161.1,59.3,0.892,UP,0,FORM ISSUE,Uneven rise - avoid twisting torso
30500,84.0,84.9,2.9,23.8,13.4,9.4,169.7,152.9,84.2,0.89,UP,0,FORM ISSUE,Uneven rise - avoid twisting torso
30533,84.5,84.9,1.5,24.5,13.0,10.0,172.5,158.4,87.7,0.89,UP,0,FORM ISSUE,Uneven rise - avoid twisting torso
30566,84.7,84.9,2.7,29.9,16.3,11.7,171.0,157.9,83.2,0.889,UP,0,FORM ISSUE,Uneven rise - avoid twisting torso
30600,84.8,84.8,5.4,25.8,15.6,13.5,172.0,158.4,80.9,0.889,UP,0,FORM ISSUE,Uneven rise - avoid twisting torso
30633,85.5,84.7,6.4,28.3,17.3,15.1,174.2,161.4,82.6,0.89,UP,0,FORM ISSUE,Uneven rise - avoid twisting torso
30666,85.3,85.0,6.8,21.8,14.3,15.3,175.0,159.3,63.7,0.892,UP,0,FORM ISSUE,Uneven rise - avoid twisting torso
30700,85.3,85.1,6.5,24.7,15.6,15.8,176.1,165.6,64.1,0.895,UP,0,FORM ISSUE,Uneven rise - avoid twisting torso
30733,85.9,85.4,5.5,21.5,13.5,15.3,176.5,167.6,57.1,0.898,UP,0,FORM ISSUE,Uneven rise - avoid twisting torso
30766,87.6,85.9,5.0,16.4,10.7,14.3,175.7,169.3,52.5,0.899,UP,0,FORM ISSUE,Uneven rise - avoid twisting torso
30800,88.5,86.5,4.8,11.2,8.0,12.4,177.6,173.7,36.0,0.897,UP,0,FORM ISSUE,Uneven rise - avoid twisting torso
30833,89.2,87.3,5.1,12.3,8.7,11.3,178.4,174.0,30.0,0.897,UP,0,FORM ISSUE,Uneven rise - avoid twisting torso
30866,89.6,88.1,5.5,11.6,8.6,9.9,178.0,174.7,24.1,0.897,UP,0,FORM ISSUE,Uneven rise - avoid twisting torso
30900,89.4,88.9,8.6,11.2,9.9,9.2,175.8,177.5,13.9,0.899,UP,0,FORM ISSUE,Uneven rise - avoid twisting torso
30933,89.4,89.2,9.5,7.6,8.5,8.7,177.7,179.2,11.1,0.903,UP,0,FORM ISSUE,Uneven rise - avoid twisting torso
30966,89.2,89.4,9.9,8.3,9.1,9.0,176.9,179.5,7.3,0.91,UP,0,FORM ISSUE,Uneven rise - avoid twisting torso
31000,87.9,89.1,9.6,7.7,8.6,8.9,177.3,178.8,5.9,0.918,UP,0,FORM ISSUE,Uneven rise - avoid twisting torso
31033,87.0,88.6,10.2,7.1,8.7,9.0,179.8,178.2,4.5,0.926,UP,0,FORM ISSUE,Uneven rise - avoid twisting torso
31066,87.6,88.2,9.9,3.5,6.7,8.3,178.6,179.2,4.1,0.933,UP,0,FORM ISSUE,Uneven rise - avoid twisting torso
31100,87.8,87.9,9.6,4.6,7.1,8.0,178.6,178.1,2.5,0.94,UP,0,FORM ISSUE,Uneven rise - avoid twisting torso
31133,87.7,87.6,9.5,5.1,7.3,7.7,178.9,179.3,0.6,0.945,UP,0,FORM ISSUE,Uneven rise - avoid twisting torso
31166,88.2,87.7,7.5,4.3,5.9,7.1,174.1,177.9,2.8,0.951,UP,0,FORM ISSUE,Uneven rise - avoid twisting torso
31200,88.6,88.0,7.3,3.1,5.2,6.4,174.9,179.1,2.8,0.955,UP,0,FORM ISSUE,Uneven rise - avoid twisting torso
31233,88.1,88.1,7.4,4.4,5.9,6.3,175.4,176.8,4.2,0.96,UP,0,FORM ISSUE,Uneven rise - avoid twisting torso
31266,88.3,88.2,8.6,9.5,9.0,6.7,176.1,175.4,4.4,0.963,UP,0,FORM ISSUE,Uneven rise - avoid twisting torso
31300,88.8,88.4,14.6,9.4,12.0,7.6,178.4,172.9,4.4,0.967,UP,0,FORM ISSUE,Uneven rise - avoid twisting torso
31333,89.3,88.6,14.3,14.8,14.6,9.3,178.0,175.0,3.5,0.97,UP,0,FORM ISSUE,Uneven rise - avoid twisting torso
31366,89.4,88.8,9.4,27.2,18.3,12.0,176.0,177.6,3.0,0.972,UP,0,FORM ISSUE,Uneven rise - avoid twisting torso
31400,89.5,89.1,5.1,16.1,10.6,12.9,173.6,179.9,0.2,0.975,UP,0,FORM ISSUE,Uneven rise - avoid twisting torso
31433,89.1,89.2,7.0,39.0,23.0,15.7,172.1,178.8,19.3,0.976,UP,0,FORM ISSUE,Uneven rise - avoid twisting torso
31466,86.6,88.8,27.2,46.1,36.7,20.6,179.2,173.8,29.0,0.974,UP,0,FORM ISSUE,Uneven rise - avoid twisting torso
31500,89.3,88.8,58.3,79.8,69.0,31.5,178.3,177.2,130.8,0.958,UP,0,FORM ISSUE,Uneven rise - avoid twisting torso
31533,,,,,,,,,,0.762,UP,0,NO PERSON,Lie down in frame
31566,,,,,,,,,,0.566,UP,0,NO PERSON,Lie down in frame
31600,,,,,,,,,,0.371,UP,0,NO PERSON,Lie down in frame
31633,,,,,,,,,,0.179,UP,0,NO PERSON,Lie down in frame
31666,,,,,,,,,,0.0,UP,0,NO PERSON,Lie down in frame
31700,,,,,,,,,,0.0,UP,0,NO PERSON,Lie down in frame
31733,,,,,,,,,,0.0,UP,0,NO PERSON,Lie down in frame
31766,,,,,,,,,,0.0,UP,0,NO PERSON,Lie down in frame
31800,,,,,,,,,,0.0,UP,0,NO PERSON,Lie down in frame
31833,,,,,,,,,,0.0,UP,0,NO PERSON,Lie down in frame
31866,,,,,,,,,,0.0,UP,0,NO PERSON,Lie down in frame
31900,,,,,,,,,,0.0,UP,0,NO PERSON,Lie down in frame
31933,,,,,,,,,,0.0,UP,0,NO PERSON,Lie down in frame
31966,,,,,,,,,,0.0,UP,0,NO PERSON,Lie down in frame
32000,,,,,,,,,,0.0,UP,0,NO PERSON,Lie down in frame
32033,,,,,,,,,,0.0,UP,0,NO PERSON,Lie down in frame
32066,,,,,,,,,,0.0,UP,0,NO PERSON,Lie down in frame
32100,,,,,,,,,,0.0,UP,0,NO PERSON,Lie down in frame
32133,,,,,,,,,,0.18,UP,0,LOW CONFIDENCE,Adjust camera view
32166,,,,,,,,,,0.363,UP,0,LOW CONFIDENCE,Adjust camera view
32200,86.7,88.2,57.8,40.1,48.9,37.6,171.1,174.5,8.3,0.547,UP,0,FORM ISSUE,Uneven rise - avoid twisting torso
32233,85.7,87.5,60.0,37.9,49.0,45.3,171.0,172.8,7.8,0.732,UP,0,FORM ISSUE,Uneven rise - avoid twisting torso
32266,86.0,86.8,42.2,25.2,33.7,47.4,172.2,172.2,6.2,0.919,UP,0,FORM ISSUE,Uneven rise - avoid twisting torso
32300,85.7,86.7,32.4,20.6,26.5,45.4,173.3,171.5,4.1,0.927,UP,0,FORM ISSUE,Uneven rise - avoid twisting torso
32333,85.4,85.9,17.4,22.7,20.1,35.6,173.9,173.5,3.7,0.934,UP,0,FORM ISSUE,Uneven rise - avoid twisting torso
32366,85.7,85.7,23.5,12.9,18.2,29.5,175.7,176.9,3.7,0.941,UP,0,FORM ISSUE,Uneven rise - avoid twisting torso
32400,87.1,86.0,27.6,11.4,19.5,23.6,177.0,177.8,0.8,0.946,UP,0,FORM ISSUE,Uneven rise - avoid twisting torso
32433,87.4,86.3,29.1,11.8,20.4,20.9,177.2,173.2,0.5,0.952,UP,0,FORM ISSUE,Uneven rise - avoid twisting torso
32466,87.6,86.7,23.6,10.7,17.1,19.1,177.2,168.7,0.0,0.956,UP,0,FORM ISSUE,Uneven rise - avoid twisting torso
32500,88.8,87.4,16.4,10.9,13.6,17.8,176.2,174.8,4.1,0.96,UP,0,FORM ISSUE,Uneven rise - avoid twisting torso
32533,89.9,88.2,16.2,11.8,14.0,17.0,176.4,178.8,2.7,0.964,UP,0,FORM ISSUE,Uneven rise - avoid twisting torso
32566,89.9,88.7,12.5,13.8,13.2,15.7,177.2,178.8,4.3,0.968,UP,0,FORM ISSUE,Uneven rise - avoid twisting torso
32600,89.7,89.2,12.5,14.7,13.6,14.3,177.2,178.3,6.8,0.971,UP,0,FORM ISSUE,Uneven rise - avoid twisting torso
32633,89.3,89.5,11.1,17.0,14.0,13.7,178.7,180.0,9.5,0.973,UP,0,FORM ISSUE,Uneven rise - avoid twisting torso
32666,89.1,89.5,11.5,15.9,13.7,13.7,178.7,178.1,10.8,0.976,UP,0,FORM ISSUE,Uneven rise - avoid twisting torso
32700,87.6,89.1,14.1,13.7,13.9,13.7,178.8,180.0,10.6,0.978,UP,0,FORM ISSUE,Uneven rise - avoid twisting torso
32733,88.0,88.7,12.7,13.6,13.1,13.7,178.9,179.8,9.3,0.98,UP,0,FORM ISSUE,Uneven rise - avoid twisting torso
32766,87.6,88.3,15.3,10.6,12.9,13.5,174.9,179.8,7.7,0.982,UP,0,FORM ISSUE,Uneven rise - avoid twisting torso
32800,87.8,88.0,18.9,11.7,15.3,13.8,177.7,179.2,9.4,0.983,UP,0,FORM ISSUE,Uneven rise - avoid twisting torso
32833,87.8,87.8,18.3,15.4,16.8,14.4,179.5,177.4,11.4,0.985,UP,0,FORM ISSUE,Uneven rise - avoid twisting torso
32866,87.9,87.8,16.2,14.4,15.3,14.7,178.8,177.5,7.6,0.986,UP,0,FORM ISSUE,Uneven rise - avoid twisting torso
32900,88.1,87.8,15.1,13.7,14.4,15.0,179.9,178.1,8.5,0.987,UP,0,FORM ISSUE,Uneven rise - avoid twisting torso
32933,87.6,87.8,15.3,30.6,23.0,17.0,173.0,178.5,5.3,0.987,UP,0,FORM ISSUE,Uneven rise - avoid twisting torso
32966,87.7,87.8,18.6,12.6,15.6,17.0,170.6,179.4,4.5,0.987,UP,0,FORM ISSUE,Uneven rise - avoid twisting torso
33000,88.6,88.0,14.9,15.4,15.2,16.7,171.2,179.5,5.9,0.987,UP,0,FORM ISSUE,Uneven rise - avoid twisting torso
33033,89.0,88.2,13.8,14.3,14.0,16.4,170.7,177.4,3.7,0.986,UP,0,FORM ISSUE,Uneven rise - avoid twisting torso
33066,89.7,88.5,14.5,31.8,23.2,18.2,170.0,176.7,9.0,0.984,UP,0,FORM ISSUE,Uneven rise - avoid twisting torso
33100,89.1,88.8,12.0,36.0,24.0,18.4,173.1,177.7,12.2,0.981,UP,0,FORM ISSUE,Uneven rise - avoid twisting torso
33133,89.8,89.2,16.9,21.0,19.0,19.1,178.3,177.6,11.2,0.979,UP,0,FORM ISSUE,Uneven rise - avoid twisting torso
33166,89.1,89.3,13.7,27.3,20.5,20.1,176.9,178.0,12.9,0.976,UP,0,FORM ISSUE,Uneven rise - avoid twisting torso
33200,89.1,89.3,14.8,20.8,17.8,20.9,173.5,178.3,15.4,0.969,UP,0,FORM ISSUE,Uneven rise - avoid twisting torso
33233,89.1,89.2,7.9,20.0,14.0,19.1,173.5,177.1,15.6,0.962,UP,0,FORM ISSUE,Uneven rise - avoid twisting torso
33266,88.9,89.2,8.6,28.3,18.5,17.9,175.1,177.0,17.1,0.955,UP,0,FORM ISSUE,Uneven rise - avoid twisting torso
33300,89.2,89.1,14.7,15.9,15.3,17.2,178.9,177.1,16.2,0.949,UP,0,FORM ISSUE,Uneven rise - avoid twisting torso
33333,89.2,89.1,18.3,12.4,15.3,16.2,176.7,177.3,17.2,0.943,UP,0,FORM ISSUE,Uneven rise - avoid twisting torso
33366,89.2,89.1,11.6,5.9,8.7,14.4,178.0,177.4,18.2,0.941,UP,0,FORM ISSUE,Uneven rise - avoid twisting torso
33400,88.3,89.0,6.5,4.0,5.2,12.6,176.1,177.3,19.2,0.939,UP,0,FORM ISSUE,Uneven rise - avoid twisting torso
33433,87.9,88.8,2.1,4.2,3.2,9.6,175.4,177.0,22.4,0.938,UP,0,FORM ISSUE,Uneven rise - avoid twisting torso
33466,87.7,88.5,0.9,3.6,2.3,7.0,174.9,176.1,22.0,0.936,UP,0,FORM ISSUE,Uneven rise - avoid twisting torso
33500,87.4,88.1,0.8,2.5,1.6,4.2,174.3,176.2,20.1,0.934,UP,0,FORM ISSUE,Uneven rise - avoid twisting torso
33533,86.7,87.6,2.4,5.0,3.7,3.2,173.7,176.7,24.1,0.932,UP,0,FORM ISSUE,Uneven rise - avoid twisting torso
33566,86.6,87.3,3.4,5.9,4.6,3.1,173.6,176.0,26.8,0.927,UP,0,FORM ISSUE,Uneven rise - avoid twisting torso
33600,86.2,86.9,1.9,7.1,4.5,3.4,174.2,176.0,25.7,0.923,UP,0,FORM ISSUE,Uneven rise - avoid twisting torso
33633,86.1,86.6,5.5,6.1,5.8,4.1,172.7,176.0,26.8,0.917,UP,0,FORM ISSUE,Uneven rise - avoid twisting torso
33666,86.0,86.3,6.6,18.1,12.4,6.2,172.2,175.8,25.5,0.909,UP,0,FORM ISSUE,Uneven rise - avoid twisting torso
33700,85.9,86.2,5.7,9.8,7.7,7.0,172.2,175.8,31.6,0.901,UP,0,FORM ISSUE,Uneven rise - avoid twisting torso
33733,86.6,86.2,2.6,9.6,6.1,7.3,174.0,176.1,29.0,0.895,UP,0,FORM ISSUE,Uneven rise - avoid twisting torso
33766,86.6,86.2,9.8,19.5,14.7,9.3,179.1,175.6,26.1,0.89,UP,0,FORM ISSUE,Uneven rise - avoid twisting torso
33800,86.5,86.3,3.8,24.5,14.1,11.0,175.8,175.5,28.6,0.885,UP,0,FORM ISSUE,Uneven rise - avoid twisting torso
33833,85.9,86.3,1.1,15.4,8.3,10.2,175.7,175.1,27.5,0.883,UP,0,FORM ISSUE,Uneven rise - avoid twisting torso
33866,85.2,86.1,18.0,77.5,47.7,18.2,169.9,174.4,24.1,0.88,UP,0,FORM ISSUE,Uneven rise - avoid twisting torso
33900,85.4,85.9,48.3,98.0,73.1,31.6,168.0,173.1,25.5,0.875,UP,0,FORM ISSUE,Uneven rise - avoid twisting torso
33933,85.7,85.7,135.8,154.6,145.2,57.7,168.0,173.5,22.7,0.863,UP,0,FORM ISSUE,Uneven rise - avoid twisting torso
33966,85.8,85.6,179.7,171.3,175.5,90.0,172.2,173.3,17.6,0.842,UP,0,FORM ISSUE,Uneven rise - avoid twisting torso
34000,86.0,85.6,179.5,172.1,175.8,123.5,171.6,174.4,14.5,0.817,UP,0,FORM ISSUE,Uneven rise - avoid twisting torso
34033,86.0,85.8,178.3,165.8,172.0,148.3,172.8,174.3,13.4,0.79,UP,0,FORM ISSUE,Uneven rise - avoid twisting torso
34066,86.1,85.9,179.4,171.4,175.4,168.8,169.7,174.5,11.5,0.761,UP,0,FORM ISSUE,Uneven rise - avoid twisting torso
34100,86.5,86.1,170.1,174.7,172.4,174.2,167.8,176.5,9.6,0.734,UP,0,FORM ISSUE,Uneven rise - avoid twisting torso
34133,85.8,86.1,11.6,11.7,11.6,141.5,169.0,175.1,13.2,0.72,UP,0,FORM ISSUE,Uneven rise - avoid twisting torso
34166,85.9,86.0,3.7,8.4,6.1,107.5,171.0,175.3,17.0,0.715,UP,0,FORM ISSUE,Uneven rise - avoid twisting torso
34200,86.1,86.1,2.4,6.2,4.3,73.9,172.4,175.4,16.8,0.716,UP,0,FORM ISSUE,Uneven rise - avoid twisting torso
34233,85.5,86.0,1.1,17.1,9.1,40.7,171.9,175.5,17.3,0.723,UP,0,FORM ISSUE,Uneven rise - avoid twisting torso
34266,86.2,85.9,1.6,0.2,0.9,6.4,172.2,173.3,15.7,0.738,UP,0,FORM ISSUE,Uneven rise - avoid twisting torso
34300,86.0,85.9,0.5,1.9,1.2,4.3,173.2,173.6,14.9,0.754,UP,0,FORM ISSUE,Uneven rise - avoid twisting torso
34333,86.4,86.0,3.3,1.7,2.5,3.6,174.6,174.6,14.8,0.766,UP,0,FORM ISSUE,Uneven rise - avoid twisting torso
34366,86.7,86.2,2.9,3.2,3.1,3.3,176.0,175.3,16.2,0.779,UP,0,FORM ISSUE,Uneven rise - avoid twisting torso
34400,86.7,86.4,2.1,2.9,2.5,2.0,175.6,175.1,11.6,0.791,UP,0,FORM ISSUE,Uneven rise - avoid twisting torso
34433,86.8,86.5,2.4,3.3,2.8,2.4,176.0,174.8,12.2,0.803,UP,0,FORM ISSUE,Uneven rise - avoid twisting torso
34466,86.7,86.7,0.2,3.9,2.1,2.6,176.0,174.8,9.2,0.814,UP,0,FORM ISSUE,Uneven rise - avoid twisting torso
34500,86.9,86.8,9.0,3.5,6.2,3.3,176.6,175.0,6.5,0.824,UP,0,FORM ISSUE,Uneven rise - avoid twisting torso
34533,87.8,87.0,7.5,1.8,4.7,3.7,176.8,177.3,4.0,0.835,UP,0,FORM ISSUE,Uneven rise - avoid twisting torso
34566,88.8,87.4,4.3,0.7,2.5,3.7,177.0,177.9,1.0,0.845,UP,0,FORM ISSUE,Uneven rise - avoid twisting torso
34600,88.7,87.8,12.6,1.4,7.0,4.5,177.5,176.9,1.2,0.854,UP,0,FORM ISSUE,Uneven rise - avoid twisting torso
34633,88.7,88.2,17.4,1.3,9.4,5.9,179.0,178.5,0.5,0.859,UP,0,FORM ISSUE,Uneven rise - avoid twisting torso
34666,88.0,88.4,48.1,136.3,92.2,23.1,177.9,177.8,1.7,0.854,UP,0,FORM ISSUE,Uneven rise - avoid twisting torso
34700,87.7,88.4,65.9,74.9,70.4,36.3,179.6,178.9,0.5,0.84,UP,0,FORM ISSUE,Uneven rise - avoid twisting torso
34733,87.7,88.2,1.9,15.7,8.8,37.5,178.3,178.6,0.2,0.823,UP,0,FORM ISSUE,Uneven rise - avoid twisting torso
34766,88.0,88.0,14.5,2.1,8.3,37.8,177.0,177.9,0.5,0.806,UP,0,FORM ISSUE,Uneven rise - avoid twisting torso
34800,88.6,88.0,9.5,2.8,6.1,37.2,176.2,177.9,0.8,0.792,UP,0,FORM ISSUE,Uneven rise - avoid twisting torso
34833,88.8,88.2,10.7,3.2,7.0,20.1,179.6,177.7,1.6,0.786,UP,0,FORM ISSUE,Uneven rise - avoid twisting torso
34866,88.8,88.4,27.4,139.0,83.2,22.7,174.4,175.2,0.9,0.786,UP,0,FORM ISSUE,Uneven rise - avoid twisting torso
34900,89.0,88.7,11.2,0.7,6.0,22.1,177.6,175.6,0.8,0.787,UP,0,FORM ISSUE,Uneven rise - avoid twisting torso
34933,89.1,88.9,15.6,7.7,11.7,22.8,177.7,176.0,1.2,0.784,UP,0,FORM ISSUE,Uneven rise - avoid twisting torso
34966,89.6,89.1,11.3,2.4,6.9,22.9,179.7,175.9,1.2,0.78,UP,0,FORM ISSUE,Uneven rise - avoid twisting torso
35000,89.7,89.2,6.8,12.2,9.5,23.4,177.9,175.2,0.8,0.772,UP,0,FORM ISSUE,Uneven rise - avoid twisting torso
35033,89.9,89.5,7.7,7.0,7.4,8.3,179.1,174.0,0.3,0.768,UP,0,FORM ISSUE,Uneven rise - avoid twisting torso
35066,89.9,89.6,5.1,13.2,9.2,8.9,177.1,173.7,0.0,0.764,UP,0,FORM ISSUE,Uneven rise - avoid twisting torso
35100,90.0,89.8,5.8,11.3,8.5,8.3,175.8,174.2,0.1,0.762,UP,0,FORM ISSUE,Uneven rise - avoid twisting torso
35133,89.8,89.8,3.8,6.4,5.1,7.9,177.6,174.9,0.0,0.763,UP,0,FORM ISSUE,Uneven rise - avoid twisting torso
35166,89.9,89.9,2.7,3.7,3.2,6.7,177.5,176.0,0.3,0.768,UP,0,FORM ISSUE,Uneven rise - avoid twisting torso
35200,89.6,89.8,2.4,0.7,1.6,5.5,177.3,175.8,0.3,0.772,UP,0,FORM ISSUE,Uneven rise - avoid twisting torso
35233,89.5,89.8,1.8,0.4,1.1,3.9,177.5,175.0,0.9,0.777,UP,0,FORM ISSUE,Uneven rise - avoid twisting torso
35266,89.5,89.7,1.4,0.8,1.1,2.4,177.9,175.6,1.9,0.785,UP,0,FORM ISSUE,Uneven rise - avoid twisting torso
35300,89.6,89.6,0.5,0.0,0.3,1.5,178.2,175.1,1.7,0.792,UP,0,FORM ISSUE,Uneven rise - avoid twisting torso
35333,89.6,89.6,0.8,0.0,0.4,0.9,176.2,176.5,1.8,0.798,UP,0,FORM ISSUE,Uneven rise - avoid twisting torso
35366,89.3,89.5,0.6,1.0,0.8,0.8,179.2,175.1,2.2,0.8,UP,0,FORM ISSUE,Uneven rise - avoid twisting torso
35400,89.4,89.5,0.3,0.6,0.5,0.6,179.6,175.0,2.1,0.8,UP,0,FORM ISSUE,Uneven rise - avoid twisting torso
35433,89.5,89.5,11.6,0.1,5.9,1.6,178.9,175.4,3.0,0.795,UP,0,FORM ISSUE,Uneven rise - avoid twisting torso
35466,89.6,89.5,9.0,1.5,5.3,2.6,179.8,174.4,3.2,0.783,UP,0,FORM ISSUE,Uneven rise - avoid twisting torso
35500,89.7,89.5,8.7,3.5,6.1,3.7,175.0,175.0,3.6,0.77,UP,0,FORM ISSUE,Uneven rise - avoid twisting torso
35533,89.8,89.6,4.8,3.6,4.2,4.4,176.9,174.6,3.9,0.757,UP,0,FORM ISSUE,Uneven rise - avoid twisting torso
35566,89.7,89.7,42.6,0.0,21.3,8.5,178.2,175.6,3.7,0.74,UP,0,FORM ISSUE,Uneven rise - avoid twisting torso
35600,89.7,89.7,14.6,2.5,8.6,9.1,178.9,175.2,3.8,0.724,UP,0,FORM ISSUE,Uneven rise - avoid twisting torso
35633,89.6,89.7,7.4,1.0,4.2,8.9,177.8,176.5,3.6,0.71,UP,0,FORM ISSUE,Uneven rise - avoid twisting torso
35666,89.7,89.7,1.2,4.7,2.9,8.3,177.0,177.5,3.7,0.699,UP,0,FORM ISSUE,Uneven rise - avoid twisting torso
35700,89.7,89.7,0.4,5.9,3.2,8.0,177.0,177.0,3.7,0.686,UP,0,FORM ISSUE,Uneven rise - avoid twisting torso
35733,89.7,89.7,4.5,6.6,5.5,4.9,177.6,176.8,2.9,0.677,UP,0,FORM ISSUE,Uneven rise - avoid twisting torso
35766,89.7,89.7,4.2,6.4,5.3,4.2,179.7,176.4,3.0,0.672,UP,0,FORM ISSUE,Uneven rise - avoid twisting torso
35800,89.8,89.7,4.1,6.4,5.2,4.4,178.1,177.2,3.5,0.672,UP,0,FORM ISSUE,Uneven rise - avoid twisting torso
35833,89.8,89.7,2.8,6.3,4.6,4.8,177.6,176.9,3.1,0.67,UP,0,FORM ISSUE,Uneven rise - avoid twisting torso
35866,89.7,89.7,3.3,5.8,4.6,5.0,178.0,176.5,2.8,0.674,UP,0,FORM ISSUE,Uneven rise - avoid twisting torso
35900,89.7,89.8,3.4,5.3,4.4,4.8,178.3,176.0,2.7,0.679,UP,0,FORM ISSUE,Uneven rise - avoid twisting torso
35933,89.7,89.8,2.8,4.9,3.8,4.5,178.2,175.9,2.7,0.684,UP,0,FORM ISSUE,Uneven rise - avoid twisting torso
35966,89.9,89.8,2.7,5.1,3.9,4.2,178.7,175.4,2.3,0.688,UP,0,FORM ISSUE,Uneven rise - avoid twisting torso
36000,89.9,89.8,0.4,4.1,2.2,3.8,179.0,175.6,1.8,0.691,UP,0,FORM ISSUE,Uneven rise - avoid twisting torso
36033,90.0,89.8,3.0,4.5,3.8,3.6,176.4,175.5,1.7,0.693,UP,0,FORM ISSUE,Uneven rise - avoid twisting torso
36066,89.7,89.8,1.2,4.2,2.7,3.3,178.3,174.9,0.7,0.695,UP,0,FORM ISSUE,Uneven rise - avoid twisting torso
36100,90.0,89.9,1.3,3.6,2.4,3.0,178.9,175.2,0.3,0.694,UP,0,FORM ISSUE,Uneven rise - avoid twisting torso
36133,89.9,89.9,0.8,5.3,3.0,2.8,176.7,175.1,0.9,0.69,UP,0,FORM ISSUE,Uneven rise - avoid twisting torso
36166,90.0,89.9,0.8,5.7,3.3,3.0,177.4,175.0,1.8,0.691,UP,0,FORM ISSUE,Uneven rise - avoid twisting torso
36200,89.3,89.8,166.9,177.0,172.0,36.7,169.8,174.2,1.6,0.679,UP,0,FORM ISSUE,Uneven rise - avoid twisting torso
36233,89.5,89.7,1.0,7.0,4.0,36.9,170.4,174.2,1.3,0.665,UP,0,FORM ISSUE,Uneven rise - avoid twisting torso
36266,89.5,89.6,3.4,10.2,6.8,37.8,172.3,174.4,1.5,0.651,UP,0,FORM ISSUE,Uneven rise - avoid twisting torso
36300,89.5,89.6,3.8,7.8,5.8,38.4,173.1,174.5,1.9,0.641,UP,0,FORM ISSUE,Uneven rise - avoid twisting torso
36333,89.2,89.4,2.8,8.0,5.4,38.8,172.8,175.1,2.5,0.627,UP,0,FORM ISSUE,Uneven rise - avoid twisting torso
36366,88.9,89.3,3.8,6.4,5.1,5.4,165.8,175.0,2.9,0.624,UP,0,FORM ISSUE,Uneven rise - avoid twisting torso
36400,89.2,89.3,2.6,1.6,2.1,5.0,169.0,177.3,2.8,0.621,UP,0,FORM ISSUE,Uneven rise - avoid twisting torso
36433,89.0,89.2,2.4,2.2,2.3,4.1,171.1,176.4,3.0,0.623,UP,0,FORM ISSUE,Uneven rise - avoid twisting torso
36466,88.6,89.0,0.2,6.6,3.4,3.7,167.4,177.2,3.0,0.62,UP,0,FORM ISSUE,Uneven rise - avoid twisting torso
36500,88.4,88.8,2.0,5.7,3.9,3.4,168.3,177.5,4.4,0.619,UP,0,FORM ISSUE,Uneven rise - avoid twisting torso
36533,88.7,88.8,0.4,3.9,2.2,2.8,170.1,177.4,3.7,0.623,UP,0,FORM ISSUE,Uneven rise - avoid twisting torso
36566,88.5,88.6,0.5,4.2,2.3,2.8,172.8,176.8,3.2,0.63,UP,0,FORM ISSUE,Uneven rise - avoid twisting torso
36600,88.5,88.5,1.9,4.3,3.1,3.0,172.1,176.5,2.6,0.635,UP,0,FORM ISSUE,Uneven rise - avoid twisting torso
36633,88.2,88.5,1.0,5.6,3.3,2.9,176.5,175.9,1.7,0.647,UP,0,FORM ISSUE,Uneven rise - avoid twisting torso
36666,88.6,88.5,2.2,5.7,3.9,3.0,177.5,176.4,1.8,0.659,UP,0,FORM ISSUE,Uneven rise - avoid twisting torso
36700,88.5,88.4,6.9,5.2,6.0,3.7,173.5,177.7,2.1,0.666,UP,0,FORM ISSUE,Uneven rise - avoid twisting torso
36733,88.3,88.4,9.8,8.4,9.1,5.1,173.4,177.8,2.2,0.669,UP,0,FORM ISSUE,Uneven rise - avoid twisting torso
36766,88.3,88.4,9.5,8.8,9.2,6.3,175.5,177.7,2.0,0.67,UP,0,FORM ISSUE,Uneven rise - avoid twisting torso
36800,88.0,88.3,6.2,8.3,7.2,7.1,175.7,177.6,1.7,0.668,UP,0,FORM ISSUE,Uneven rise - avoid twisting torso
36833,87.8,88.2,5.7,5.6,5.6,7.4,177.4,177.6,1.7,0.663,UP,0,FORM ISSUE,Uneven rise - avoid twisting torso
36866,87.9,88.1,5.1,4.0,4.6,7.1,178.8,177.6,0.7,0.657,UP,0,FORM ISSUE,Uneven rise - avoid twisting torso
36900,87.9,88.0,8.6,1.4,5.0,6.3,178.7,175.6,1.2,0.65,UP,0,FORM ISSUE,Uneven rise - avoid twisting torso
36933,88.1,87.9,0.3,2.6,1.4,4.8,178.0,174.3,2.3,0.643,UP,0,FORM ISSUE,Uneven rise - avoid twisting torso
36966,87.7,87.9,1.1,7.8,4.5,4.2,178.7,174.0,3.9,0.634,UP,0,FORM ISSUE,Uneven rise - avoid twisting torso
37000,87.8,87.9,1.0,3.7,2.4,3.6,179.0,173.6,4.3,0.623,UP,0,FORM ISSUE,Uneven rise - avoid twisting torso
37033,87.6,87.8,64.7,168.8,116.7,26.0,175.3,173.0,4.8,0.612,UP,0,FORM ISSUE,Uneven rise - avoid twisting torso
37066,87.0,87.6,2.0,4.0,3.0,25.6,170.1,171.3,5.8,0.604,UP,0,FORM ISSUE,Uneven rise - avoid twisting torso
37100,86.9,87.4,7.4,3.5,5.5,26.4,168.4,171.7,6.9,0.598,UP,0,FORM ISSUE,Uneven rise - avoid twisting torso
37133,87.2,87.3,2.7,5.5,4.1,26.3,166.6,171.5,5.8,0.596,UP,0,FORM ISSUE,Uneven rise - avoid twisting torso
37166,88.3,87.4,6.1,1.9,4.0,26.7,172.7,172.2,6.1,0.598,UP,0,FORM ISSUE,Uneven rise - avoid twisting torso
37200,88.4,87.6,1.0,6.2,3.6,4.0,176.4,172.6,7.3,0.605,UP,0,FORM ISSUE,Uneven rise - avoid twisting torso
37233,87.9,87.8,0.3,8.7,4.5,4.3,173.0,171.8,5.7,0.611,UP,0,FORM ISSUE,Uneven rise - avoid twisting torso
37266,88.5,88.1,1.2,9.0,5.1,4.2,174.7,171.3,6.0,0.618,UP,0,FORM ISSUE,Uneven rise - avoid twisting torso
37300,88.2,88.3,2.3,6.7,4.5,4.3,176.9,171.3,6.4,0.62,UP,0,FORM ISSUE,Uneven rise - avoid twisting torso
37333,88.5,88.3,2.6,3.1,2.9,4.1,173.7,171.0,6.6,0.623,UP,0,FORM ISSUE,Uneven rise - avoid twisting torso
37366,88.3,88.3,2.2,23.1,12.7,5.9,176.1,169.9,8.3,0.624,UP,0,FORM ISSUE,Uneven rise - avoid twisting torso
37400,88.3,88.3,4.0,4.9,4.5,5.9,176.1,169.2,8.8,0.623,UP,0,FORM ISSUE,Uneven rise - avoid twisting torso
37433,88.3,88.3,2.6,1.8,2.2,5.3,175.1,169.1,10.2,0.622,UP,0,FORM ISSUE,Uneven rise - avoid twisting torso
37466,88.5,88.4,4.9,24.8,14.8,7.4,174.5,169.6,11.3,0.619,UP,0,FORM ISSUE,Uneven rise - avoid twisting torso
37500,88.8,88.4,1.0,4.4,2.7,7.4,176.8,169.6,10.8,0.614,UP,0,FORM ISSUE,Uneven rise - avoid twisting torso
37533,88.9,88.6,1.8,10.8,6.3,6.1,174.2,169.6,10.0,0.61,UP,0,FORM ISSUE,Uneven rise - avoid twisting torso
37566,88.5,88.6,0.1,10.0,5.1,6.2,172.6,169.5,9.5,0.609,UP,0,FORM ISSUE,Uneven rise - avoid twisting torso
37600,89.1,88.8,0.2,7.0,3.6,6.5,176.2,169.8,9.5,0.61,UP,0,FORM ISSUE,Uneven rise - avoid twisting torso
37633,89.1,88.9,1.4,7.8,4.6,4.5,178.2,169.7,9.9,0.617,UP,0,FORM ISSUE,Uneven rise - avoid twisting torso
37666,89.3,89.0,1.3,6.3,3.8,4.7,178.2,170.4,10.7,0.626,UP,0,FORM ISSUE,Uneven rise - avoid twisting torso
37700,89.7,89.1,1.8,175.1,88.5,21.1,174.9,171.0,9.6,0.628,UP,0,FORM ISSUE,Uneven rise - avoid twisting torso
37733,89.8,89.4,4.0,3.0,3.5,20.8,176.2,171.7,10.4,0.625,UP,0,FORM ISSUE,Uneven rise - avoid twisting torso
37766,89.7,89.5,3.9,3.5,3.7,20.8,178.4,172.8,8.5,0.619,UP,0,FORM ISSUE,Uneven rise - avoid twisting torso
37800,89.6,89.6,4.9,4.9,4.9,20.9,178.8,173.4,8.7,0.613,UP,0,FORM ISSUE,Uneven rise - avoid twisting torso
37833,89.6,89.7,2.8,8.0,5.4,21.2,179.9,173.6,7.2,0.606,UP,0,FORM ISSUE,Uneven rise - avoid twisting torso
37866,89.7,89.7,0.7,8.2,4.4,4.4,178.6,174.1,6.1,0.605,UP,0,FORM ISSUE,Uneven rise - avoid twisting torso
37900,89.6,89.6,0.3,7.6,3.9,4.5,177.5,174.2,5.3,0.608,UP,0,FORM ISSUE,Uneven rise - avoid twisting torso
37933,89.6,89.6,0.7,7.8,4.2,4.6,175.9,174.7,4.9,0.607,UP,0,FORM ISSUE,Uneven rise - avoid twisting torso
37966,89.2,89.5,5.5,6.4,6.0,4.8,173.9,175.4,4.8,0.613,UP,0,FORM ISSUE,Uneven rise - avoid twisting torso
38000,88.7,89.4,2.8,5.0,3.9,4.5,171.3,177.7,7.0,0.622,UP,0,FORM ISSUE,Uneven rise - avoid twisting torso
38033,88.2,89.0,4.4,1.5,2.9,4.2,173.7,177.0,8.5,0.637,UP,0,FORM ISSUE,Uneven rise - avoid twisting torso
38066,87.7,88.7,3.4,5.0,4.2,4.2,172.5,177.6,8.2,0.653,UP,0,FORM ISSUE,Uneven rise - avoid twisting torso
38100,88.2,88.4,7.7,1.0,4.3,4.3,175.8,178.8,6.4,0.679,UP,0,FORM ISSUE,Uneven rise - avoid twisting torso
38133,88.2,88.2,1.8,6.2,4.0,3.9,175.9,178.3,7.1,0.704,UP,0,FORM ISSUE,Uneven rise - avoid twisting torso
38166,88.2,88.1,2.2,5.7,3.9,3.9,176.1,179.3,7.8,0.727,UP,0,FORM ISSUE,Uneven rise - avoid twisting torso
38200,88.3,88.1,0.9,4.8,2.9,3.9,176.2,179.2,9.6,0.749,UP,0,FORM ISSUE,Uneven rise - avoid twisting torso
38233,88.4,88.3,3.7,5.0,4.3,3.9,176.8,177.8,9.1,0.771,UP,0,FORM ISSUE,Uneven rise - avoid twisting torso
38266,87.8,88.2,3.7,6.4,5.0,4.0,177.5,176.0,10.5,0.791,UP,0,FORM ISSUE,Uneven rise - avoid twisting torso
38300,87.9,88.1,1.8,8.6,5.2,4.3,177.4,177.3,9.2,0.808,UP,0,FORM ISSUE,Uneven rise - avoid twisting torso
38333,87.6,88.0,0.6,8.7,4.6,4.4,177.6,177.1,9.0,0.822,UP,0,FORM ISSUE,Uneven rise - avoid twisting torso
38366,87.6,87.9,0.6,11.2,5.9,5.0,177.6,176.9,8.5,0.835,UP,0,FORM ISSUE,Uneven rise - avoid twisting torso
38400,87.5,87.7,1.7,11.5,6.6,5.5,177.1,178.0,8.9,0.846,UP,0,FORM ISSUE,Uneven rise - avoid twisting torso
38433,88.1,87.8,0.1,15.1,7.6,6.0,176.9,178.4,6.0,0.857,UP,0,FORM ISSUE,Uneven rise - avoid twisting torso
38466,87.8,87.7,2.4,11.3,6.9,6.3,177.4,179.3,6.6,0.867,UP,0,FORM ISSUE,Uneven rise - avoid twisting torso
38500,87.7,87.8,2.8,10.8,6.8,6.8,176.9,179.5,6.0,0.877,UP,0,FORM ISSUE,Uneven rise - avoid twisting torso
38533,87.5,87.7,3.7,12.8,8.2,7.2,176.2,179.0,5.1,0.886,UP,0,FORM ISSUE,Uneven rise - avoid twisting torso
38566,87.2,87.7,3.1,12.5,7.8,7.5,176.9,178.9,5.7,0.894,UP,0,FORM ISSUE,Uneven rise - avoid twisting torso
38600,86.9,87.4,2.0,10.6,6.3,7.2,176.4,179.0,7.7,0.901,UP,0,FORM ISSUE,Uneven rise - avoid twisting torso
38633,87.0,87.3,2.5,11.3,6.9,7.2,175.0,179.1,7.5,0.907,UP,0,FORM ISSUE,Uneven rise - avoid twisting torso
38666,86.8,87.1,4.0,7.0,5.5,6.9,174.4,178.2,9.4,0.913,UP,0,FORM ISSUE,Uneven rise - avoid twisting torso
38700,87.0,87.0,2.8,6.5,4.7,6.2,176.8,178.5,10.0,0.918,UP,0,FORM ISSUE,Uneven rise - avoid twisting torso
38733,86.8,86.9,2.5,7.6,5.0,5.7,175.9,177.4,13.1,0.923,UP,0,FORM ISSUE,Uneven rise - avoid twisting torso
38766,86.7,86.8,2.6,2.4,2.5,4.9,178.2,177.3,13.9,0.928,UP,0,FORM ISSUE,Uneven rise - avoid twisting torso
38800,87.1,86.9,1.4,3.0,2.2,4.0,177.1,179.6,12.5,0.933,UP,0,FORM ISSUE,Uneven rise - avoid twisting torso
38833,86.6,86.8,0.9,2.3,1.6,3.2,177.1,177.3,15.1,0.939,UP,0,FORM ISSUE,Uneven rise - avoid twisting torso
38866,87.0,86.8,0.9,2.7,1.8,2.6,176.8,175.7,18.3,0.943,UP,0,FORM ISSUE,Uneven rise - avoid twisting torso
38900,88.0,87.1,3.2,4.6,3.9,2.4,178.3,174.5,8.2,0.947,UP,0,FORM ISSUE,Uneven rise - avoid twisting torso
38933,88.5,87.4,2.6,11.1,6.9,3.3,175.3,178.6,4.0,0.951,UP,0,FORM ISSUE,Uneven rise - avoid twisting torso
38966,88.9,87.8,4.6,14.3,9.4,4.7,178.8,176.4,9.9,0.954,UP,0,FORM ISSUE,Uneven rise - avoid twisting torso
39000,89.1,88.3,6.5,19.6,13.1,7.0,178.6,174.5,13.7,0.956,UP,0,FORM ISSUE,Uneven rise - avoid twisting torso
39033,88.9,88.7,13.6,29.1,21.4,10.9,170.4,175.8,10.7,0.956,UP,0,FORM ISSUE,Uneven rise - avoid twisting torso
39066,89.0,88.9,11.8,15.6,13.7,12.9,170.5,177.3,14.3,0.956,UP,0,FORM ISSUE,Uneven rise - avoid twisting torso
39100,88.5,88.9,8.7,10.1,9.4,13.4,173.6,175.6,18.7,0.955,UP,0,FORM ISSUE,Uneven rise - avoid twisting torso
39133,88.2,88.7,8.1,11.1,9.6,13.4,175.0,178.0,13.1,0.955,UP,0,FORM ISSUE,Uneven rise - avoid twisting torso
39166,88.2,88.6,15.0,12.5,13.8,13.6,176.8,175.5,23.2,0.955,UP,0,FORM ISSUE,Uneven rise - avoid twisting torso
39200,88.8,88.5,15.0,18.8,16.9,12.7,178.9,179.6,25.5,0.959,UP,0,FORM ISSUE,Uneven rise - avoid twisting torso
39233,87.7,88.3,9.8,30.4,20.1,14.0,178.0,175.1,13.6,0.962,UP,0,FORM ISSUE,Uneven rise - avoid twisting torso
39266,86.6,87.9,12.5,29.2,20.8,16.2,179.2,176.2,7.2,0.965,UP,0,FORM ISSUE,Uneven rise - avoid twisting torso
39300,88.7,88.0,35.8,67.1,51.4,24.6,176.6,175.1,149.4,0.956,UP,0,FORM ISSUE,Uneven rise - avoid twisting torso
39333,84.5,87.3,16.3,66.8,41.6,30.2,178.0,174.4,40.6,0.948,UP,0,FORM ISSUE,Uneven rise - avoid twisting torso
39366,87.7,87.0,30.1,43.6,36.9,34.2,164.7,156.5,24.7,0.938,UP,0,FORM ISSUE,Uneven rise - avoid twisting torso
39400,89.1,87.3,42.0,52.2,47.1,39.6,169.3,163.7,19.2,0.927,UP,0,FORM ISSUE,Uneven rise - avoid twisting torso
39433,89.3,87.8,49.1,45.9,47.5,44.9,171.8,164.4,38.3,0.916,UP,0,FORM ISSUE,Uneven rise - avoid twisting torso
39466,86.4,87.4,58.1,64.0,61.1,46.8,162.4,155.9,84.1,0.913,UP,0,FORM ISSUE,Uneven rise - avoid twisting torso
39500,87.2,87.9,58.0,69.8,63.9,51.3,167.5,169.4,138.9,0.906,UP,0,FORM ISSUE,Uneven rise - avoid twisting torso
39533,88.0,88.0,40.3,63.5,51.9,54.3,170.8,170.3,120.6,0.899,UP,0,FORM ISSUE,Uneven rise - avoid twisting torso
39566,85.2,87.2,2.5,6.5,4.5,45.8,166.9,178.4,42.4,0.893,UP,0,FORM ISSUE,Uneven rise - avoid twisting torso
39600,87.2,86.8,2.4,35.2,18.8,40.0,175.7,178.4,171.1,0.886,UP,0,FORM ISSUE,Uneven rise - avoid twisting torso
39633,84.2,86.4,0.8,31.8,16.3,31.1,178.9,178.3,147.6,0.883,UP,0,FORM ISSUE,Uneven rise - avoid twisting torso
39666,88.6,86.6,14.5,43.2,28.8,24.1,172.3,178.5,5.3,0.882,UP,0,FORM ISSUE,Uneven rise - avoid twisting torso
39700,88.5,86.7,8.2,13.5,10.9,15.8,176.2,178.1,0.5,0.882,UP,0,FORM ISSUE,Uneven rise - avoid twisting torso
39733,88.3,87.3,16.0,6.4,11.2,17.2,178.9,173.0,2.3,0.882,UP,0,FORM ISSUE,Uneven rise - avoid twisting torso
39766,87.7,87.4,13.9,2.5,8.2,15.1,171.9,172.6,10.9,0.879,UP,0,FORM ISSUE,Uneven rise - avoid twisting torso
39800,87.2,88.1,3.5,2.6,3.1,12.4,170.5,177.4,30.8,0.876,UP,0,FORM ISSUE,Uneven rise - avoid twisting torso
39833,87.4,87.8,9.0,22.2,15.6,9.8,171.8,179.9,69.0,0.872,UP,0,FORM ISSUE,Uneven rise - avoid twisting torso
39866,87.3,87.6,4.8,22.2,13.5,10.3,176.0,178.5,46.1,0.869,UP,0,FORM ISSUE,Uneven rise - avoid twisting torso
39900,84.9,86.9,4.6,15.5,10.1,10.1,170.3,175.9,17.7,0.867,UP,0,FORM ISSUE,Uneven rise - avoid twisting torso
39933,84.0,86.2,4.7,23.3,14.0,11.2,177.6,178.4,10.2,0.869,UP,0,FORM ISSUE,Uneven rise - avoid twisting torso
39966,83.8,85.5,2.0,16.6,9.3,12.5,172.0,174.6,55.8,0.872,UP,0,FORM ISSUE,Uneven rise - avoid twisting torso
40000,86.3,85.3,9.1,28.0,18.6,13.1,174.2,179.0,22.5,0.877,UP,0,FORM ISSUE,Uneven rise - avoid twisting torso
40033,86.8,85.2,18.3,19.2,18.7,14.1,173.7,178.4,24.8,0.88,UP,0,FORM ISSUE,Uneven rise - avoid twisting torso
40066,86.7,85.5,12.4,9.1,10.7,14.3,167.7,177.3,25.2,0.881,UP,0,FORM ISSUE,Uneven rise - avoid twisting torso
40100,87.7,86.3,12.1,14.3,13.2,14.1,176.7,175.5,34.2,0.882,UP,0,FORM ISSUE,Uneven rise - avoid twisting torso
40133,88.3,87.2,27.0,31.9,29.5,18.1,176.7,170.2,104.2,0.88,UP,0,FORM ISSUE,Uneven rise - avoid twisting torso
40166,88.3,87.6,20.6,20.6,20.6,18.5,176.4,171.9,91.4,0.877,UP,0,FORM ISSUE,Uneven rise - avoid twisting torso
40200,89.6,88.1,18.8,49.3,34.0,21.6,178.9,173.7,7.8,0.874,UP,0,FORM ISSUE,Uneven rise - avoid twisting torso
40233,88.0,88.4,11.0,22.7,16.8,22.8,177.2,174.6,12.9,0.872,UP,0,FORM ISSUE,Uneven rise - avoid twisting torso
40266,88.4,88.5,11.7,37.1,24.4,25.1,175.9,178.9,7.3,0.869,UP,0,FORM ISSUE,Uneven rise - avoid twisting torso
40300,88.2,88.5,14.9,43.3,29.1,25.0,171.0,174.8,19.2,0.868,UP,0,FORM ISSUE,Uneven rise - avoid twisting torso
40333,88.1,88.4,12.2,48.2,30.2,26.9,172.1,174.6,5.4,0.868,UP,0,FORM ISSUE,Uneven rise - avoid twisting torso
40366,87.6,88.1,9.5,30.7,20.1,24.1,177.9,169.1,2.5,0.872,UP,0,FORM ISSUE,Uneven rise - avoid twisting torso
40400,87.9,88.1,9.7,16.4,13.0,23.4,177.6,169.9,9.6,0.877,UP,0,FORM ISSUE,Uneven rise - avoid twisting torso
40433,87.6,87.9,10.3,24.1,17.2,21.9,179.7,179.2,18.2,0.884,UP,0,FORM ISSUE,Uneven rise - avoid twisting torso
40466,87.2,87.7,4.6,25.0,14.8,19.1,179.2,174.0,1.6,0.892,UP,0,FORM ISSUE,Uneven rise - avoid twisting torso
40500,87.4,87.6,1.8,16.2,9.0,14.8,170.9,179.0,1.4,0.9,UP,0,FORM ISSUE,Uneven rise - avoid twisting torso
40533,87.3,87.5,1.0,11.6,6.3,12.1,169.7,177.4,4.6,0.908,UP,0,FORM ISSUE,Uneven rise - avoid twisting torso
40566,85.6,87.0,2.7,12.4,7.5,11.0,167.7,174.3,2.0,0.914,UP,0,FORM ISSUE,Uneven rise - avoid twisting torso
40600,85.5,86.6,2.3,9.7,6.0,8.7,165.0,172.9,0.0,0.921,UP,0,FORM ISSUE,Uneven rise - avoid twisting torso
40633,85.8,86.3,0.2,16.1,8.1,7.4,166.9,174.5,0.9,0.928,UP,0,FORM ISSUE,Uneven rise - avoid twisting torso
40666,86.3,86.1,1.0,19.1,10.1,7.6,168.0,171.7,0.4,0.934,UP,0,FORM ISSUE,Uneven rise - avoid twisting torso
40700,86.5,86.0,2.7,17.4,10.0,8.3,169.0,173.0,0.7,0.94,UP,0,FORM ISSUE,Uneven rise - avoid twisting torso
40733,86.7,86.2,0.6,12.5,6.6,8.2,168.8,176.7,0.4,0.946,UP,0,FORM ISSUE,Uneven rise - avoid twisting torso
40766,87.2,86.5,6.5,10.7,8.6,8.7,169.7,177.3,2.5,0.951,UP,0,FORM ISSUE,Uneven rise - avoid twisting torso
40800,87.7,86.9,8.6,8.8,8.7,8.8,171.8,179.7,2.0,0.955,UP,0,FORM ISSUE,Uneven rise - avoid twisting torso
40833,88.3,87.3,5.2,9.4,7.3,8.2,172.5,179.4,1.6,0.959,UP,0,FORM ISSUE,Uneven rise - avoid twisting torso
40866,88.3,87.6,5.8,8.4,7.1,7.7,174.1,179.8,3.3,0.963,UP,0,FORM ISSUE,Uneven rise - avoid twisting torso
40900,88.5,88.0,4.3,7.4,5.8,7.5,175.5,179.2,4.4,0.966,UP,0,FORM ISSUE,Uneven rise - avoid twisting torso
40933,88.3,88.2,9.1,10.1,9.6,7.7,176.5,179.6,3.6,0.969,UP,0,FORM ISSUE,Uneven rise - avoid twisting torso
40966,88.1,88.3,7.4,8.9,8.2,7.6,176.9,179.7,3.3,0.972,UP,0,FORM ISSUE,Uneven rise - avoid twisting torso
41000,88.3,88.3,4.2,8.6,6.4,7.4,177.1,179.1,2.1,0.974,UP,0,FORM ISSUE,Uneven rise - avoid twisting torso
41033,87.1,88.0,2.2,7.1,4.7,6.9,177.0,179.6,1.7,0.976,UP,0,FORM ISSUE,Uneven rise - avoid twisting torso
41066,86.7,87.7,0.1,7.3,3.7,6.5,175.9,178.7,1.5,0.978,UP,0,FORM ISSUE,Uneven rise - avoid twisting torso
41100,86.5,87.3,0.8,12.6,6.7,5.9,177.1,178.5,1.8,0.979,UP,0,FORM ISSUE,Uneven rise - avoid twisting torso
41133,86.6,87.0,1.5,17.5,9.5,6.2,175.3,178.0,2.9,0.979,UP,0,FORM ISSUE,Uneven rise - avoid twisting torso
41166,86.6,86.7,2.8,14.9,8.8,6.7,174.6,177.9,3.6,0.979,UP,0,FORM ISSUE,Uneven rise - avoid twisting torso
41200,86.9,86.7,3.6,13.7,8.7,7.5,177.2,178.3,4.4,0.977,UP,0,FORM ISSUE,Uneven rise - avoid twisting torso
41233,86.7,86.7,4.0,11.4,7.7,8.3,176.1,177.9,5.1,0.975,UP,0,FORM ISSUE,Uneven rise - avoid twisting torso
41266,87.1,86.8,3.5,4.8,4.1,7.8,176.1,177.6,4.4,0.973,UP,0,FORM ISSUE,Uneven rise - avoid twisting torso
41300,87.6,87.0,2.7,3.3,3.0,6.5,176.3,176.9,4.0,0.97,UP,0,FORM ISSUE,Uneven rise - avoid twisting torso
41333,88.3,87.3,4.2,0.3,2.3,5.2,178.0,177.5,3.9,0.967,UP,0,FORM ISSUE,Uneven rise - avoid twisting torso
41366,89.0,87.8,3.9,5.6,4.8,4.4,177.3,178.0,5.2,0.963,UP,0,FORM ISSUE,Uneven rise - avoid twisting torso
41400,89.5,88.3,0.2,1.8,1.0,3.0,178.4,177.5,5.4,0.958,UP,0,FORM ISSUE,Uneven rise - avoid twisting torso
41433,89.9,88.9,0.8,2.7,1.7,2.5,178.5,179.1,5.3,0.953,UP,0,FORM ISSUE,Uneven rise - avoid twisting torso
41466,89.6,89.3,2.0,3.1,2.5,2.5,178.6,178.5,7.8,0.949,UP,0,FORM ISSUE,Uneven rise - avoid twisting torso
41500,89.5,89.5,2.3,1.4,1.8,2.4,170.6,178.2,13.5,0.945,UP,0,FORM ISSUE,Uneven rise - avoid twisting torso
41533,89.7,89.6,2.6,1.3,2.0,1.8,172.9,177.2,12.6,0.943,UP,0,FORM ISSUE,Uneven rise - avoid twisting torso
41566,89.7,89.7,3.1,2.8,3.0,2.2,171.9,177.9,10.8,0.942,UP,0,FORM ISSUE,Uneven rise - avoid twisting torso
41600,88.9,89.5,3.3,3.0,3.2,2.5,173.8,178.0,11.4,0.943,UP,0,FORM ISSUE,Uneven rise - avoid twisting torso
41633,89.2,89.4,3.5,2.9,3.2,2.6,174.1,178.3,11.3,0.942,UP,0,FORM ISSUE,Uneven rise - avoid twisting torso
41666,89.4,89.4,3.7,3.3,3.5,3.0,174.0,178.5,12.7,0.942,UP,0,FORM ISSUE,Uneven rise - avoid twisting torso
41700,89.4,89.3,3.7,3.4,3.5,3.3,175.5,177.9,11.6,0.943,UP,0,FORM ISSUE,Uneven rise - avoid twisting torso
41733,89.4,89.2,3.6,4.1,3.9,3.5,174.0,177.9,12.2,0.943,UP,0,FORM ISSUE,Uneven rise - avoid twisting torso
41766,89.8,89.4,3.8,2.5,3.1,3.4,173.9,177.9,12.3,0.943,UP,0,FORM ISSUE,Uneven rise - avoid twisting torso
41800,89.8,89.5,4.9,0.3,2.6,3.3,177.5,177.8,11.5,0.944,UP,0,FORM ISSUE,Uneven rise - avoid twisting torso
41833,90.0,89.7,4.7,1.7,3.2,3.3,177.7,177.8,8.5,0.945,UP,0,FORM ISSUE,Uneven rise - avoid twisting torso
41866,89.9,89.8,4.7,2.7,3.7,3.3,179.0,178.0,8.4,0.946,UP,0,FORM ISSUE,Uneven rise - avoid twisting torso
41900,89.1,89.7,4.6,3.3,3.9,3.3,177.5,177.6,8.3,0.949,UP,0,FORM ISSUE,Uneven rise - avoid twisting torso
41933,88.9,89.5,4.6,1.5,3.1,3.3,177.8,177.4,10.6,0.952,UP,0,FORM ISSUE,Uneven rise - avoid twisting torso
41966,88.4,89.2,5.1,0.8,2.9,3.4,175.7,177.5,9.7,0.956,UP,0,FORM ISSUE,Uneven rise - avoid twisting torso
42000,88.4,88.9,5.0,0.7,2.9,3.3,173.1,178.6,7.9,0.959,UP,0,FORM ISSUE,Uneven rise - avoid twisting torso
42033,88.1,88.5,5.1,0.5,2.8,3.1,175.1,178.0,8.4,0.962,UP,0,FORM ISSUE,Uneven rise - avoid twisting torso
42066,88.1,88.3,4.9,0.7,2.8,2.9,175.0,178.3,5.4,0.966,UP,0,FORM ISSUE,Uneven rise - avoid twisting torso
42100,86.6,87.9,4.8,0.6,2.7,2.8,172.9,175.5,3.2,0.969,UP,0,FORM ISSUE,Uneven rise - avoid twisting torso
42133,86.7,87.6,4.6,1.0,2.8,2.8,173.2,175.1,3.1,0.971,UP,0,FORM ISSUE,Uneven rise - avoid twisting torso
42166,86.2,87.1,4.2,1.0,2.6,2.7,171.9,174.2,2.1,0.974,UP,0,FORM ISSUE,Uneven rise - avoid twisting torso
42200,86.2,86.8,2.1,0.3,1.2,2.4,172.4,174.1,0.2,0.976,UP,0,FORM ISSUE,Uneven rise - avoid twisting torso
42233,86.4,86.4,1.5,0.5,1.0,2.1,173.3,173.9,0.1,0.978,UP,0,FORM ISSUE,Uneven rise - avoid twisting torso
42266,86.6,86.4,0.6,1.5,1.1,1.7,173.4,175.7,1.2,0.978,UP,0,FORM ISSUE,Uneven rise - avoid twisting torso
42300,86.8,86.5,6.4,5.7,6.1,2.4,173.7,178.0,1.9,0.978,UP,0,FORM ISSUE,Uneven rise - avoid twisting torso
42333,87.4,86.7,7.3,10.1,8.7,3.6,174.9,177.3,2.2,0.976,UP,0,FORM ISSUE,Uneven rise - avoid twisting torso
42366,87.9,87.0,8.0,11.7,9.8,5.3,177.8,177.0,3.4,0.973,UP,0,FORM ISSUE,Uneven rise - avoid twisting torso
42400,87.5,87.3,5.5,11.3,8.4,6.8,175.1,178.4,2.8,0.971,UP,0,FORM ISSUE,Uneven rise - avoid twisting torso
42433,87.8,87.5,6.3,11.4,8.9,8.4,176.4,177.5,9.4,0.97,UP,0,FORM ISSUE,Uneven rise - avoid twisting torso
42466,87.3,87.6,5.8,11.0,8.4,8.8,175.5,178.6,8.4,0.969,UP,0,FORM ISSUE,Uneven rise - avoid twisting torso
42500,86.9,87.5,6.4,13.0,9.7,9.0,174.9,177.0,8.3,0.969,UP,0,FORM ISSUE,Uneven rise - avoid twisting torso
42533,86.3,87.2,16.0,13.7,14.8,10.0,177.8,174.1,7.9,0.971,UP,0,FORM ISSUE,Uneven rise - avoid twisting torso
42566,85.7,86.8,14.1,11.8,13.0,11.0,173.2,174.4,9.1,0.973,UP,0,FORM ISSUE,Uneven rise - avoid twisting torso
42600,85.9,86.4,10.8,10.8,10.8,11.4,171.3,176.3,11.2,0.974,UP,0,FORM ISSUE,Uneven rise - avoid twisting torso
42633,85.6,86.1,10.7,8.4,9.5,11.6,168.1,172.8,15.8,0.976,UP,0,FORM ISSUE,Uneven rise - avoid twisting torso
42666,85.0,85.7,12.0,9.4,10.7,11.8,166.5,170.7,23.2,0.978,UP,0,FORM ISSUE,Uneven rise - avoid twisting torso
42700,83.3,85.1,8.7,10.0,9.3,10.7,168.4,175.0,35.4,0.979,UP,0,FORM ISSUE,Uneven rise - avoid twisting torso
42733,84.0,84.8,11.7,18.1,14.9,11.1,176.0,176.2,42.9,0.981,UP,0,FORM ISSUE,Uneven rise - avoid twisting torso
42766,82.4,84.1,13.4,20.7,17.0,12.3,179.9,177.7,53.7,0.982,UP,0,FORM ISSUE,Uneven rise - avoid twisting torso
42800,83.0,83.5,26.7,50.9,38.8,18.2,172.7,178.0,71.3,0.983,UP,0,FORM ISSUE,Uneven rise - avoid twisting torso
42833,84.1,83.3,35.0,40.2,37.6,23.5,175.8,179.5,74.8,0.984,UP,0,FORM ISSUE,Uneven rise - avoid twisting torso
42866,83.5,83.4,35.7,56.4,46.0,30.9,179.2,174.0,82.8,0.984,UP,0,FORM ISSUE,Uneven rise - avoid twisting torso
42900,87.7,84.1,36.5,57.3,46.9,37.3,173.0,174.2,38.3,0.985,UP,0,FORM ISSUE,Uneven rise - avoid twisting torso
42933,84.7,84.6,5.1,20.3,12.7,36.4,173.8,170.3,102.8,0.982,UP,0,FORM ISSUE,Uneven rise - avoid twisting torso
42966,89.5,85.9,18.8,50.9,34.9,35.6,178.9,175.1,109.7,0.976,UP,0,FORM ISSUE,Uneven rise - avoid twisting torso
43000,85.6,86.2,70.2,43.8,57.0,39.5,174.0,174.2,104.6,0.97,UP,0,FORM ISSUE,Uneven rise - avoid twisting torso
43033,82.2,85.9,0.2,14.0,7.1,31.7,176.5,176.5,112.0,0.954,UP,0,FORM ISSUE,Uneven rise - avoid twisting torso
43066,87.7,85.9,10.2,9.5,9.9,24.3,174.9,175.5,107.8,0.938,UP,0,FORM ISSUE,Uneven rise - avoid twisting torso
43100,69.9,83.0,24.3,1.5,12.9,24.4,164.7,167.6,155.0,0.926,UP,0,FORM ISSUE,Uneven rise - avoid twisting torso
43133,81.1,81.3,27.5,24.8,26.2,22.6,174.3,170.6,141.3,0.913,UP,0,FORM ISSUE,Uneven rise - avoid twisting torso
43166,38.1,71.8,28.1,0.1,14.1,14.0,172.4,174.7,162.1,0.9,UP,0,FORM ISSUE,Uneven rise - avoid twisting torso
43200,87.1,72.8,3.9,11.6,7.7,14.2,178.2,174.5,168.4,0.885,UP,0,FORM ISSUE,Uneven rise - avoid twisting torso
43233,86.5,72.5,161.9,125.1,143.5,40.9,175.2,175.9,24.0,0.859,UP,0,FORM ISSUE,Uneven rise - avoid twisting torso
43266,,,,,,,,,,0.677,UP,0,NO PERSON,Lie down in frame
43300,,,,,,,,,,0.5,UP,0,NO PERSON,Lie down in frame
43333,,,,,,,,,,0.321,UP,0,NO PERSON,Lie down in frame
43366,,,,,,,,,,0.156,UP,0,NO PERSON,Lie down in frame
43400,,,,,,,,,,0.0,UP,0,NO PERSON,Lie down in frame
43433,,,,,,,,,,0.0,UP,0,NO PERSON,Lie down in frame
43466,,,,,,,,,,0.0,UP,0,NO PERSON,Lie down in frame
43500,,,,,,,,,,0.0,UP,0,NO PERSON,Lie down in frame
43533,,,,,,,,,,0.0,UP,0,NO PERSON,Lie down in frame
43566,,,,,,,,,,0.0,UP,0,NO PERSON,Lie down in frame
43600,,,,,,,,,,0.0,UP,0,NO PERSON,Lie down in frame
43633,,,,,,,,,,0.0,UP,0,NO PERSON,Lie down in frame
43666,,,,,,,,,,0.0,UP,0,NO PERSON,Lie down in frame
43700,,,,,,,,,,0.0,UP,0,NO PERSON,Lie down in frame
43733,,,,,,,,,,0.0,UP,0,NO PERSON,Lie down in frame
43766,,,,,,,,,,0.0,UP,0,NO PERSON,Lie down in frame
43800,,,,,,,,,,0.0,UP,0,NO PERSON,Lie down in frame
43833,,,,,,,,,,0.0,UP,0,NO PERSON,Lie down in frame
43866,,,,,,,,,,0.0,UP,0,NO PERSON,Lie down in frame
43900,,,,,,,,,,0.0,UP,0,NO PERSON,Lie down in frame
43933,,,,,,,,,,0.0,UP,0,NO PERSON,Lie down in frame
43966,,,,,,,,,,0.0,UP,0,NO PERSON,Lie down in frame
44000,,,,,,,,,,0.0,UP,0,NO PERSON,Lie down in frame
44033,,,,,,,,,,0.0,UP,0,NO PERSON,Lie down in frame
44066,,,,,,,,,,0.0,UP,0,NO PERSON,Lie down in frame
44100,,,,,,,,,,0.0,UP,0,NO PERSON,Lie down in frame
44133,,,,,,,,,,0.0,UP,0,NO PERSON,Lie down in frame
44166,,,,,,,,,,0.0,UP,0,NO PERSON,Lie down in frame
44200,,,,,,,,,,0.0,UP,0,NO PERSON,Lie down in frame
44233,,,,,,,,,,0.0,UP,0,NO PERSON,Lie down in frame
44266,,,,,,,,,,0.0,UP,0,NO PERSON,Lie down in frame
44300,,,,,,,,,,0.0,UP,0,NO PERSON,Lie down in frame
44333,,,,,,,,,,0.0,UP,0,NO PERSON,Lie down in frame
44366,,,,,,,,,,0.0,UP,0,NO PERSON,Lie down in frame
44400,,,,,,,,,,0.0,UP,0,NO PERSON,Lie down in frame
44433,,,,,,,,,,0.0,UP,0,NO PERSON,Lie down in frame
44466,,,,,,,,,,0.145,UP,0,LOW CONFIDENCE,Adjust camera view
44500,,,,,,,,,,0.285,UP,0,LOW CONFIDENCE,Adjust camera view
44533,,,,,,,,,,0.418,UP,0,LOW CONFIDENCE,Adjust camera view
44566,83.8,75.3,15.7,40.1,27.9,43.9,172.9,176.0,5.6,0.547,UP,0,FORM ISSUE,Uneven rise - avoid twisting torso
44600,84.1,75.9,25.5,52.3,38.9,46.4,168.0,175.9,3.4,0.67,UP,0,FORM ISSUE,Uneven rise - avoid twisting torso
44633,84.0,85.1,18.9,50.9,34.9,50.6,165.4,175.1,2.2,0.645,UP,0,FORM ISSUE,Uneven rise - avoid twisting torso
44666,84.8,84.7,13.1,41.1,27.1,54.4,165.2,175.8,1.5,0.627,UP,0,FORM ISSUE,Uneven rise - avoid twisting torso
44700,85.1,84.4,3.0,19.4,11.2,28.0,165.5,176.3,1.8,0.615,UP,0,FORM ISSUE,Uneven rise - avoid twisting torso
44733,85.4,84.7,4.3,35.8,20.1,26.4,164.6,175.7,1.1,0.613,UP,0,FORM ISSUE,Uneven rise - avoid twisting torso
44766,85.2,84.9,14.5,36.2,25.4,23.7,164.5,176.4,1.0,0.612,UP,0,FORM ISSUE,Uneven rise - avoid twisting torso
44800,84.8,85.1,9.3,29.9,19.6,20.7,168.8,176.8,0.0,0.615,UP,0,FORM ISSUE,Uneven rise - avoid twisting torso
44833,84.4,85.0,15.4,26.8,21.1,19.5,167.5,176.8,1.0,0.614,UP,0,FORM ISSUE,Uneven rise - avoid twisting torso
44866,84.6,84.9,19.2,27.5,23.4,21.9,170.2,176.9,3.8,0.613,UP,0,FORM ISSUE,Uneven rise - avoid twisting torso
44900,85.0,84.8,29.8,36.6,33.2,24.5,166.9,176.9,5.2,0.61,UP,0,FORM ISSUE,Uneven rise - avoid twisting torso
44933,86.4,85.0,25.6,32.6,29.1,25.3,172.6,177.0,8.6,0.614,UP,0,FORM ISSUE,Uneven rise - avoid twisting torso
44966,86.6,85.4,8.5,19.6,14.1,24.2,174.0,177.8,7.6,0.617,UP,0,FORM ISSUE,Uneven rise - avoid twisting torso
45000,86.9,85.9,10.7,29.4,20.1,24.0,174.2,177.8,8.7,0.621,UP,0,FORM ISSUE,Uneven rise - avoid twisting torso
45033,88.1,86.6,15.5,29.5,22.5,23.8,177.3,178.9,11.3,0.625,UP,0,FORM ISSUE,Uneven rise - avoid twisting torso
45066,89.3,87.4,22.8,8.8,15.8,20.3,174.5,178.5,11.5,0.627,UP,0,FORM ISSUE,Uneven rise - avoid twisting torso
45100,89.8,88.1,4.5,10.2,7.3,16.0,174.1,175.7,12.2,0.629,UP,0,FORM ISSUE,Uneven rise - avoid twisting torso
45133,89.7,88.7,8.6,70.0,39.3,21.0,167.9,173.8,11.3,0.63,UP,0,FORM ISSUE,Uneven rise - avoid twisting torso
45166,88.7,89.1,54.6,162.1,108.3,38.7,167.5,171.4,12.2,0.631,UP,0,FORM ISSUE,Uneven rise - avoid twisting torso
45200,88.5,89.2,42.1,131.1,86.6,51.5,171.5,169.8,13.2,0.632,UP,0,FORM ISSUE,Uneven rise - avoid twisting torso
45233,88.8,89.1,29.9,143.0,86.5,65.6,173.3,167.6,12.0,0.632,UP,0,FORM ISSUE,Uneven rise - avoid twisting torso
45266,88.7,88.9,57.0,157.4,107.2,85.6,170.4,167.6,13.4,0.626,UP,0,FORM ISSUE,Uneven rise - avoid twisting torso
45300,88.6,88.7,2.5,13.4,7.9,79.3,170.1,168.1,15.2,0.621,UP,0,FORM ISSUE,Uneven rise - avoid twisting torso
45333,89.2,88.8,1.5,83.4,42.4,66.1,170.5,168.9,15.3,0.615,UP,0,FORM ISSUE,Uneven rise - avoid twisting torso
45366,89.2,88.9,1.0,30.9,15.9,52.0,169.5,169.6,16.2,0.606,UP,0,FORM ISSUE,Uneven rise - avoid twisting torso
45400,89.2,89.0,0.4,17.6,9.0,36.5,166.3,168.5,14.4,0.599,UP,0,FORM ISSUE,Uneven rise - avoid twisting torso
45433,88.7,89.0,7.0,32.6,19.8,19.0,168.4,170.1,14.9,0.589,UP,0,FORM ISSUE,Uneven rise - avoid twisting torso
45466,88.2,88.9,16.2,22.0,19.1,21.2,168.6,170.0,14.7,0.577,UP,0,FORM ISSUE,Uneven rise - avoid twisting torso
45500,87.8,88.6,12.0,13.9,13.0,15.4,161.8,170.2,14.6,0.568,UP,0,FORM ISSUE,Uneven rise - avoid twisting torso
45533,88.7,88.5,20.8,37.3,29.0,18.0,158.5,170.2,11.1,0.566,UP,0,FORM ISSUE,Uneven rise - avoid twisting torso
45566,88.1,88.3,26.8,45.6,36.2,23.4,149.5,164.1,7.0,0.562,UP,0,FORM ISSUE,Uneven rise - avoid twisting torso
45600,88.8,88.3,28.6,46.6,37.6,27.0,143.3,159.7,0.1,0.562,UP,0,FORM ISSUE,Uneven rise - avoid twisting torso
45633,89.5,88.6,32.7,39.1,35.9,30.3,152.9,160.1,3.5,0.557,UP,0,FORM ISSUE,Uneven rise - avoid twisting torso
45666,87.8,88.6,22.6,6.6,14.6,30.7,173.0,168.2,2.2,0.552,UP,0,FORM ISSUE,Uneven rise - avoid twisting torso
45700,86.1,88.1,30.9,11.8,21.4,29.1,176.5,179.8,14.4,0.55,UP,0,FORM ISSUE,Uneven rise - avoid twisting torso
45733,86.4,87.7,74.0,59.3,66.7,35.2,174.4,170.3,24.5,0.554,UP,0,FORM ISSUE,Uneven rise - avoid twisting torso
45766,76.0,85.2,114.9,108.8,111.9,50.1,165.7,169.4,165.5,0.562,UP,0,FORM ISSUE,Uneven rise - avoid twisting torso
45800,83.1,83.9,96.9,126.0,111.5,65.2,160.2,157.5,12.1,0.579,UP,0,FORM ISSUE,Uneven rise - avoid twisting torso
45833,85.9,83.5,14.2,120.2,67.2,75.7,166.1,163.0,3.5,0.592,UP,0,FORM ISSUE,Uneven rise - avoid twisting torso
45866,86.9,83.7,32.2,54.6,43.4,80.1,153.4,162.9,4.5,0.594,UP,0,FORM ISSUE,Uneven rise - avoid twisting torso
45900,88.5,84.1,25.0,28.8,26.9,72.2,154.9,158.6,2.9,0.591,UP,0,FORM ISSUE,Uneven rise - avoid twisting torso
45933,87.6,86.4,21.6,3.2,12.4,52.3,160.0,161.1,2.3,0.589,UP,0,FORM ISSUE,Uneven rise - avoid twisting torso
45966,87.2,87.2,18.8,1.4,10.1,32.0,162.1,162.1,0.7,0.586,UP,0,FORM ISSUE,Uneven rise - avoid twisting torso
46000,88.6,87.8,13.7,9.7,11.7,20.9,165.1,167.9,2.0,0.584,UP,0,FORM ISSUE,Uneven rise - avoid twisting torso
46033,89.1,88.2,18.8,13.4,16.1,15.4,170.8,171.4,0.7,0.584,UP,0,FORM ISSUE,Uneven rise - avoid twisting torso
46066,89.9,88.5,11.1,16.0,13.6,12.8,175.4,172.8,3.0,0.581,UP,0,FORM ISSUE,Uneven rise - avoid twisting torso
46100,89.4,88.8,6.9,23.7,15.3,13.4,176.1,172.9,6.9,0.578,UP,0,FORM ISSUE,Uneven rise - avoid twisting torso
46133,88.8,89.2,140.9,137.9,139.4,39.2,174.9,172.7,8.9,0.567,UP,0,FORM ISSUE,Uneven rise - avoid twisting torso
46166,88.7,89.2,81.7,104.5,93.1,55.5,174.4,172.0,10.1,0.562,UP,0,FORM ISSUE,Uneven rise - avoid twisting torso
46200,87.4,88.9,166.7,147.7,157.2,83.7,178.8,171.6,11.3,0.552,UP,0,FORM ISSUE,Uneven rise - avoid twisting torso
46233,87.1,88.3,145.8,125.6,135.7,108.1,177.6,170.2,9.7,0.539,UP,0,FORM ISSUE,Uneven rise - avoid twisting torso
46266,86.5,87.7,69.1,51.6,60.3,117.2,178.1,170.1,10.0,0.528,UP,0,FORM ISSUE,Uneven rise - avoid twisting torso
46300,86.6,87.3,109.5,52.6,81.1,105.5,175.8,169.6,9.7,0.517,UP,0,FORM ISSUE,Uneven rise - avoid twisting torso
46333,,,,,,,,,,0.498,UP,0,LOW CONFIDENCE,Adjust camera view
46366,,,,,,,,,,0.484,UP,0,LOW CONFIDENCE,Adjust camera view
46400,,,,,,,,,,0.472,UP,0,LOW CONFIDENCE,Adjust camera view
46433,,,,,,,,,,0.459,UP,0,LOW CONFIDENCE,Adjust camera view
46466,,,,,,,,,,0.451,UP,0,LOW CONFIDENCE,Adjust camera view
46500,,,,,,,,,,0.449,UP,0,LOW CONFIDENCE,Adjust camera view
46533,,,,,,,,,,0.453,UP,0,LOW CONFIDENCE,Adjust camera view
46566,,,,,,,,,,0.468,UP,0,LOW CONFIDENCE,Adjust camera view
46600,,,,,,,,,,0.49,UP,0,LOW CONFIDENCE,Adjust camera view
46633,86.6,86.9,19.4,28.1,23.8,91.6,164.0,179.3,16.2,0.521,UP,0,FORM ISSUE,Uneven rise - avoid twisting torso
46666,86.2,86.6,18.3,29.0,23.7,64.9,162.5,179.5,18.0,0.556,UP,0,FORM ISSUE,Uneven rise - avoid twisting torso
46700,86.1,86.4,19.4,32.9,26.1,43.0,162.1,178.2,19.1,0.59,UP,0,FORM ISSUE,Uneven rise - avoid twisting torso
46733,85.4,86.2,18.5,33.3,25.9,36.1,162.1,178.2,20.2,0.621,UP,0,FORM ISSUE,Uneven rise - avoid twisting torso
46766,85.8,86.0,16.7,30.4,23.5,24.6,165.0,178.8,21.9,0.649,UP,0,FORM ISSUE,Uneven rise - avoid twisting torso
46800,86.0,85.9,25.6,32.4,29.0,25.6,164.0,178.8,22.6,0.671,UP,0,FORM ISSUE,Uneven rise - avoid twisting torso
46833,86.2,85.9,25.5,31.2,28.3,26.6,165.6,178.4,21.5,0.69,UP,0,FORM ISSUE,Uneven rise - avoid twisting torso
46866,86.4,86.0,23.4,29.9,26.7,26.7,165.3,175.3,21.0,0.708,UP,0,FORM ISSUE,Uneven rise - avoid twisting torso
46900,86.6,86.2,37.6,29.6,33.6,28.2,166.5,174.8,18.7,0.718,UP,0,FORM ISSUE,Uneven rise - avoid twisting torso
46933,87.1,86.5,36.9,31.9,34.4,30.4,166.0,174.9,18.5,0.72,UP,0,FORM ISSUE,Uneven rise - avoid twisting torso
46966,87.5,86.8,18.9,20.7,19.8,28.6,166.8,174.6,14.9,0.723,UP,0,FORM ISSUE,Uneven rise - avoid twisting torso
47000,87.5,87.0,12.0,16.6,14.3,25.8,170.7,175.2,12.3,0.727,UP,0,FORM ISSUE,Uneven rise - avoid twisting torso
47033,87.5,87.2,11.3,13.9,12.6,22.9,172.4,175.0,9.3,0.733,UP,0,FORM ISSUE,Uneven rise - avoid twisting torso
47066,87.2,87.4,12.6,16.0,14.3,19.1,170.7,176.8,4.0,0.745,UP,0,FORM ISSUE,Uneven rise - avoid twisting torso
47100,87.1,87.4,12.3,13.0,12.7,14.7,170.8,179.3,2.5,0.765,UP,0,FORM ISSUE,Uneven rise - avoid twisting torso
47133,86.8,87.2,13.3,13.5,13.4,13.5,171.0,179.8,4.6,0.786,UP,0,FORM ISSUE,Uneven rise - avoid twisting torso
47166,86.9,87.1,13.6,14.0,13.8,13.4,171.2,179.2,5.3,0.805,UP,0,FORM ISSUE,Uneven rise - avoid twisting torso
47200,86.9,87.0,14.1,15.4,14.7,13.8,171.3,178.8,5.6,0.824,UP,0,FORM ISSUE,Uneven rise - avoid twisting torso
47233,86.7,86.9,14.5,22.8,18.6,14.7,170.6,178.4,6.7,0.842,UP,0,FORM ISSUE,Uneven rise - avoid twisting torso
47266,86.7,86.8,12.9,23.6,18.2,15.8,170.1,178.5,7.0,0.857,UP,0,FORM ISSUE,Uneven rise - avoid twisting torso
47300,86.7,86.8,13.4,25.2,19.3,16.9,169.6,178.6,8.1,0.872,UP,0,FORM ISSUE,Uneven rise - avoid twisting torso
47333,86.7,86.7,13.5,26.8,20.1,18.2,168.3,178.6,9.1,0.884,UP,0,FORM ISSUE,Uneven rise - avoid twisting torso
47366,86.6,86.7,12.9,27.6,20.3,19.3,168.4,178.4,9.2,0.896,UP,0,FORM ISSUE,Uneven rise - avoid twisting torso
47400,86.6,86.7,12.9,29.0,20.9,19.8,168.6,178.7,10.2,0.906,UP,0,FORM ISSUE,Uneven rise - avoid twisting torso
47433,86.5,86.6,12.7,31.0,21.8,20.5,171.0,179.8,12.3,0.915,UP,0,FORM ISSUE,Uneven rise - avoid twisting torso
47466,86.3,86.6,13.2,31.3,22.2,21.1,171.4,179.5,15.0,0.923,UP,0,FORM ISSUE,Uneven rise - avoid twisting torso
47500,86.2,86.5,13.5,31.2,22.3,21.5,170.9,179.7,15.2,0.931,UP,0,FORM ISSUE,Uneven rise - avoid twisting torso
47533,85.5,86.2,13.6,32.2,22.9,22.0,170.4,178.8,14.8,0.937,UP,0,FORM ISSUE,Uneven rise - avoid twisting torso
47566,85.2,85.9,13.4,24.1,18.8,21.6,169.9,178.3,9.4,0.943,UP,0,FORM ISSUE,Uneven rise - avoid twisting torso
47600,84.7,85.6,12.1,22.6,17.3,20.7,168.6,177.3,3.1,0.949,UP,0,FORM ISSUE,Uneven rise - avoid twisting torso
47633,84.5,85.2,12.9,20.1,16.5,19.6,169.3,176.5,2.7,0.954,UP,0,FORM ISSUE,Uneven rise - avoid twisting torso
47666,84.2,84.8,12.1,19.5,15.8,18.3,169.2,176.5,0.7,0.958,UP,0,FORM ISSUE,Uneven rise - avoid twisting torso
47700,83.7,84.4,12.0,22.6,17.3,17.1,168.6,176.5,2.2,0.962,UP,0,FORM ISSUE,Uneven rise - avoid twisting torso
47733,82.6,83.9,9.3,23.9,16.6,16.7,169.6,175.7,5.2,0.966,UP,0,FORM ISSUE,Uneven rise - avoid twisting torso
47766,81.4,83.3,9.4,24.1,16.7,16.6,167.6,174.4,0.7,0.969,UP,0,FORM ISSUE,Uneven rise - avoid twisting torso
47800,79.9,82.3,12.2,27.6,19.9,17.3,168.0,177.6,7.7,0.971,UP,0,FORM ISSUE,Uneven rise - avoid twisting torso
47833,78.3,81.2,10.6,30.9,20.7,18.3,159.8,177.2,1.7,0.974,UP,0,FORM ISSUE,Uneven rise - avoid twisting torso
47866,75.9,79.6,12.7,34.6,23.7,19.5,158.8,174.9,5.8,0.976,UP,0,FORM ISSUE,Uneven rise - avoid twisting torso
47900,75.0,78.1,21.6,35.5,28.6,21.9,155.2,170.2,6.0,0.977,UP,0,FORM ISSUE,Uneven rise - avoid twisting torso
47933,73.6,76.5,26.4,37.8,32.1,25.0,151.2,168.9,17.1,0.977,UP,0,FORM ISSUE,Uneven rise - avoid twisting torso
47966,72.5,75.1,30.4,44.1,37.2,28.5,153.6,171.2,19.3,0.978,UP,0,FORM ISSUE,Uneven rise - avoid twisting torso
48000,70.3,73.5,22.3,40.5,31.4,30.6,156.7,165.8,13.5,0.978,UP,0,FORM ISSUE,Uneven rise - avoid twisting torso
48033,67.4,71.8,55.3,43.0,49.2,35.7,150.2,159.9,13.3,0.978,UP,0,FORM ISSUE,Uneven rise - avoid twisting torso
48066,67.0,70.2,48.7,44.6,46.7,39.3,150.8,160.4,20.6,0.978,UP,0,FORM ISSUE,Uneven rise - avoid twisting torso
48100,65.2,68.5,62.4,48.7,55.6,44.0,149.8,157.4,23.8,0.977,UP,0,FORM ISSUE,Uneven rise - avoid twisting torso
48133,63.5,66.7,70.3,49.7,60.0,48.6,149.2,158.4,16.8,0.975,UP,0,FORM ISSUE,Uneven rise - avoid twisting torso
48166,63.1,65.2,101.9,51.5,76.7,57.6,148.4,162.7,15.7,0.972,UP,0,FORM ISSUE,Uneven rise - avoid twisting torso
48200,62.7,64.3,78.5,51.3,64.9,60.8,143.3,157.0,13.1,0.969,UP,0,FORM ISSUE,Uneven rise - avoid twisting torso
48233,61.7,63.2,70.6,54.3,62.5,63.9,142.4,155.3,5.0,0.965,UP,0,FORM ISSUE,Uneven rise - avoid twisting torso
48266,61.9,62.6,51.1,50.5,50.8,63.0,140.9,158.3,7.3,0.962,UP,0,FORM ISSUE,Uneven rise - avoid twisting torso
48300,60.8,62.0,83.6,55.8,69.7,64.9,135.1,157.2,8.0,0.958,UP,0,FORM ISSUE,Uneven rise - avoid twisting torso
48333,61.3,61.7,13.6,53.5,33.6,56.3,137.6,156.8,7.4,0.954,UP,0,FORM ISSUE,Uneven rise - avoid twisting torso
48366,60.8,61.3,15.1,53.2,34.1,50.1,140.7,156.9,2.8,0.948,UP,0,FORM ISSUE,Uneven rise - avoid twisting torso
48400,61.0,61.1,14.9,52.6,33.7,44.4,138.5,158.3,3.4,0.944,UP,0,FORM ISSUE,Uneven rise - avoid twisting torso
48433,61.0,61.0,59.0,59.5,59.2,46.1,136.6,157.0,5.3,0.938,UP,0,FORM ISSUE,Uneven rise - avoid twisting torso
48466,60.8,61.0,27.4,65.0,46.2,41.4,141.4,157.2,5.7,0.934,UP,0,FORM ISSUE,Uneven rise - avoid twisting torso
48500,60.4,60.8,27.3,61.8,44.5,43.6,142.3,153.3,10.1,0.931,UP,0,FORM ISSUE,Uneven rise - avoid twisting torso
48533,60.6,60.8,16.9,63.4,40.2,44.8,143.5,152.5,9.9,0.929,UP,0,FORM ISSUE,Uneven rise - avoid twisting torso
48566,60.7,60.7,19.5,62.9,41.2,46.3,141.8,154.1,5.1,0.927,UP,0,FORM ISSUE,Uneven rise - avoid twisting torso
48600,61.2,60.7,18.7,45.7,32.2,40.9,141.8,153.8,9.1,0.926,UP,0,FORM ISSUE,Uneven rise - avoid twisting torso
48633,61.1,60.8,51.1,49.3,50.2,41.7,141.3,154.6,11.0,0.925,UP,0,FORM ISSUE,Uneven rise - avoid twisting torso
48666,60.2,60.7,23.8,51.6,37.7,40.3,141.2,154.2,9.6,0.925,UP,0,FORM ISSUE,Uneven rise - avoid twisting torso
48700,58.3,60.3,62.8,54.7,58.8,44.0,138.8,155.0,3.2,0.921,UP,0,FORM ISSUE,Uneven rise - avoid twisting torso
48733,56.3,59.4,64.0,58.4,61.2,48.0,136.5,154.9,3.9,0.916,UP,0,FORM ISSUE,Uneven rise - avoid twisting torso
48766,55.2,58.2,61.4,59.8,60.6,53.7,136.2,156.3,13.3,0.905,UP,0,FORM ISSUE,Uneven rise - avoid twisting torso
48800,56.3,57.3,63.0,58.8,60.9,55.8,136.6,154.0,4.2,0.896,UP,0,FORM ISSUE,Uneven rise - avoid twisting torso
48833,56.5,56.5,63.7,56.7,60.2,60.3,137.1,155.5,5.7,0.888,UP,0,FORM ISSUE,Uneven rise - avoid twisting torso
48866,58.1,56.5,33.0,50.9,42.0,57.0,141.2,161.6,8.1,0.883,UP,0,FORM ISSUE,Uneven rise - avoid twisting torso
48900,59.4,57.1,65.6,49.9,57.8,56.3,141.8,162.7,4.8,0.879,UP,0,FORM ISSUE,Uneven rise - avoid twisting torso
48933,60.3,58.1,41.5,48.4,45.0,53.2,143.6,162.3,6.5,0.881,UP,0,FORM ISSUE,Uneven rise - avoid twisting torso
48966,61.3,59.1,44.7,48.2,46.5,50.3,143.0,163.5,8.7,0.883,UP,0,FORM ISSUE,Uneven rise - avoid twisting torso
49000,62.7,60.4,38.8,44.3,41.5,46.5,142.7,164.2,6.5,0.886,UP,0,FORM ISSUE,Uneven rise - avoid twisting torso
49033,64.2,61.6,48.3,44.0,46.1,47.4,142.4,166.2,0.5,0.889,UP,0,FORM ISSUE,Uneven rise - avoid twisting torso
49066,64.2,62.5,19.6,44.0,31.8,42.2,143.0,164.8,2.6,0.896,UP,0,FORM ISSUE,Uneven rise - avoid twisting torso
49100,64.8,63.4,19.5,44.7,32.1,39.6,146.1,165.0,2.6,0.902,UP,0,FORM ISSUE,Uneven rise - avoid twisting torso
49133,65.7,64.3,19.7,41.7,30.7,36.5,150.5,164.7,2.3,0.909,UP,0,FORM ISSUE,Uneven rise - avoid twisting torso
49166,66.9,65.1,26.2,40.2,33.2,34.8,151.2,166.5,4.4,0.915,UP,0,FORM ISSUE,Uneven rise - avoid twisting torso
49200,67.4,65.8,55.0,42.6,48.8,35.3,149.8,168.2,5.1,0.919,UP,0,FORM ISSUE,Uneven rise - avoid twisting torso
49233,68.4,66.6,28.5,41.8,35.1,36.0,151.2,168.3,6.8,0.924,UP,0,FORM ISSUE,Uneven rise - avoid twisting torso
49266,70.4,67.8,35.3,43.3,39.3,37.4,154.5,171.8,2.4,0.927,UP,0,FORM ISSUE,Uneven rise - avoid twisting torso
49300,69.3,68.5,29.6,44.6,37.1,38.7,160.1,171.9,3.6,0.93,UP,0,FORM ISSUE,Uneven rise - avoid twisting torso
49333,70.4,69.2,29.8,42.7,36.2,39.3,159.0,172.3,8.7,0.933,UP,0,FORM ISSUE,Uneven rise - avoid twisting torso
49366,72.2,70.1,14.1,37.7,25.9,34.7,157.9,167.9,9.5,0.936,UP,0,FORM ISSUE,Uneven rise - avoid twisting torso
49400,73.1,71.1,17.4,37.2,27.3,33.2,156.8,171.1,7.0,0.939,UP,0,FORM ISSUE,Uneven rise - avoid twisting torso
49433,73.9,71.8,18.2,37.7,27.9,30.9,154.4,170.2,3.8,0.941,UP,0,FORM ISSUE,Uneven rise - avoid twisting torso
49466,74.2,72.8,49.7,38.6,44.1,32.3,150.2,172.6,10.9,0.942,UP,0,FORM ISSUE,Uneven rise - avoid twisting torso
49500,75.4,73.8,40.8,37.4,39.1,32.9,150.4,171.3,18.3,0.943,UP,0,FORM ISSUE,Uneven rise - avoid twisting torso
49533,77.3,74.8,25.5,33.9,29.7,33.6,155.4,175.6,18.0,0.944,UP,0,FORM ISSUE,Uneven rise - avoid twisting torso
49566,78.8,75.9,17.0,29.6,23.3,32.8,160.3,176.9,10.4,0.945,UP,0,FORM ISSUE,Uneven rise - avoid twisting torso
49600,79.9,77.1,14.4,25.8,20.1,31.3,163.0,174.3,4.5,0.947,UP,0,FORM ISSUE,Uneven rise - avoid twisting torso
49633,80.6,78.4,11.4,24.7,18.1,26.1,161.8,171.8,2.1,0.95,UP,0,FORM ISSUE,Uneven rise - avoid twisting torso
49666,82.3,79.8,5.7,21.2,13.4,20.9,163.4,172.6,1.5,0.954,UP,0,FORM ISSUE,Uneven rise - avoid twisting torso
49700,82.9,80.9,4.9,20.1,12.5,17.5,164.9,177.1,4.7,0.958,UP,0,FORM ISSUE,Uneven rise - avoid twisting torso
49733,84.1,81.9,4.2,16.9,10.5,14.9,167.1,178.9,8.6,0.962,UP,0,FORM ISSUE,Uneven rise - avoid twisting torso
49766,84.3,82.8,2.5,12.6,7.6,12.4,168.0,179.3,15.7,0.965,UP,0,FORM ISSUE,Uneven rise - avoid twisting torso
49800,85.2,83.7,3.4,9.2,6.3,10.0,171.5,179.9,13.8,0.969,UP,0,FORM ISSUE,Uneven rise - avoid twisting torso
49833,86.6,84.6,4.3,4.5,4.4,8.2,172.5,175.6,21.8,0.972,UP,0,FORM ISSUE,Uneven rise - avoid twisting torso
49866,88.0,85.6,0.1,2.6,1.3,6.0,174.4,174.8,19.7,0.974,UP,0,FORM ISSUE,Uneven rise - avoid twisting torso
49900,88.8,86.6,0.5,1.0,0.8,4.1,173.9,174.1,13.8,0.977,UP,0,FORM ISSUE,Uneven rise - avoid twisting torso
49933,89.5,87.6,0.1,1.1,0.6,2.7,176.2,175.3,16.0,0.979,UP,0,FORM ISSUE,Uneven rise - avoid twisting torso
49966,89.9,88.6,1.0,7.8,4.4,2.3,177.6,172.5,17.7,0.98,UP,0,FORM ISSUE,Uneven rise - avoid twisting torso
50000,89.4,89.1,8.0,8.8,8.4,3.1,178.4,171.4,18.4,0.982,UP,0,FORM ISSUE,Uneven rise - avoid twisting torso
50033,89.2,89.4,11.0,16.4,13.7,5.6,179.2,170.9,23.3,0.982,UP,0,FORM ISSUE,Uneven rise - avoid twisting torso
50066,88.8,89.4,16.2,16.7,16.5,8.7,179.2,168.4,18.2,0.981,UP,0,FORM ISSUE,Uneven rise - avoid twisting torso
50100,88.8,89.2,15.0,15.2,15.1,11.6,179.0,168.6,21.0,0.981,UP,0,FORM ISSUE,Uneven rise - avoid twisting torso
50133,88.8,89.0,8.5,14.8,11.6,13.1,177.5,170.7,23.0,0.98,UP,0,FORM ISSUE,Uneven rise - avoid twisting torso
50166,88.2,88.8,5.4,14.9,10.1,13.4,179.5,170.7,22.6,0.978,UP,0,FORM ISSUE,Uneven rise - avoid twisting torso
50200,88.2,88.6,3.5,4.0,3.7,11.4,176.2,172.5,22.8,0.978,UP,0,FORM ISSUE,Uneven rise - avoid twisting torso
50233,89.3,88.6,2.7,4.2,3.4,8.8,176.3,173.5,22.7,0.978,UP,0,FORM ISSUE,Uneven rise - avoid twisting torso
50266,88.9,88.7,3.5,8.9,6.2,7.0,176.2,173.5,27.2,0.979,UP,0,FORM ISSUE,Uneven rise - avoid twisting torso
50300,87.7,88.4,3.2,9.3,6.3,6.0,175.5,173.6,22.9,0.98,UP,0,FORM ISSUE,Uneven rise - avoid twisting torso
50333,86.7,88.1,3.4,7.1,5.2,5.0,172.7,176.2,19.3,0.982,UP,0,FORM ISSUE,Uneven rise - avoid twisting torso
50366,85.8,87.7,4.5,9.6,7.0,5.6,170.8,178.7,12.3,0.984,UP,0,FORM ISSUE,Uneven rise - avoid twisting torso
50400,85.5,86.9,5.3,10.7,8.0,6.5,169.3,179.9,7.9,0.985,UP,0,FORM ISSUE,Uneven rise - avoid twisting torso
50433,84.7,86.1,9.7,12.6,11.2,7.5,168.9,175.1,5.9,0.987,UP,0,FORM ISSUE,Uneven rise - avoid twisting torso
50466,84.4,85.4,10.2,13.4,11.8,8.6,168.7,174.2,0.0,0.988,UP,0,FORM ISSUE,Uneven rise - avoid twisting torso
50500,83.5,84.8,11.0,12.2,11.6,9.9,167.1,171.5,1.8,0.989,UP,0,FORM ISSUE,Uneven rise - avoid twisting torso
50533,82.7,84.2,12.0,15.5,13.8,11.3,166.3,172.1,3.0,0.99,UP,0,FORM ISSUE,Uneven rise - avoid twisting torso
50566,82.3,83.5,11.5,19.3,15.4,12.7,165.0,171.3,1.9,0.991,UP,0,FORM ISSUE,Uneven rise - avoid twisting torso
50600,81.8,82.9,13.4,24.4,18.9,14.3,163.9,172.9,4.0,0.991,UP,0,FORM ISSUE,Uneven rise - avoid twisting torso
50633,80.8,82.2,13.6,24.9,19.3,15.8,164.8,173.7,0.6,0.992,UP,0,FORM ISSUE,Uneven rise - avoid twisting torso
50666,79.7,81.4,13.8,26.3,20.1,17.5,162.7,171.9,3.3,0.993,UP,0,FORM ISSUE,Uneven rise - avoid twisting torso
50700,79.2,80.7,19.3,28.3,23.8,19.5,163.0,173.1,4.9,0.992,UP,0,FORM ISSUE,Uneven rise - avoid twisting torso
50733,78.1,79.9,24.4,31.8,28.1,22.0,161.1,171.7,4.0,0.992,UP,0,FORM ISSUE,Uneven rise - avoid twisting torso
50766,76.9,78.9,16.4,33.2,24.8,23.2,156.5,166.8,6.7,0.991,UP,0,FORM ISSUE,Uneven rise - avoid twisting torso
50800,75.1,77.8,13.8,35.1,24.5,24.3,159.0,165.9,6.6,0.99,UP,0,FORM ISSUE,Uneven rise - avoid twisting torso
50833,73.8,76.6,4.3,37.7,21.0,24.4,158.2,165.3,10.7,0.989,UP,0,FORM ISSUE,Uneven rise - avoid twisting torso
50866,72.9,75.4,6.4,38.6,22.5,24.2,157.4,164.2,14.1,0.989,UP,0,FORM ISSUE,Uneven rise - avoid twisting torso
50900,72.2,74.2,6.8,40.5,23.7,23.3,158.0,163.7,14.2,0.989,UP,0,FORM ISSUE,Uneven rise - avoid twisting torso
50933,71.2,73.0,4.2,40.4,22.3,22.8,159.0,164.2,11.4,0.989,UP,0,FORM ISSUE,Uneven rise - avoid twisting torso
50966,70.1,72.0,0.2,39.5,19.9,21.9,158.3,161.1,10.5,0.989,UP,0,FORM ISSUE,Uneven rise - avoid twisting torso
51000,68.8,71.0,2.2,41.4,21.8,22.0,158.9,162.2,9.2,0.99,UP,0,FORM ISSUE,Uneven rise - avoid twisting torso
51033,65.5,69.6,66.9,46.3,56.6,28.9,148.7,160.8,13.3,0.99,UP,0,FORM ISSUE,Uneven rise - avoid twisting torso
51066,64.6,68.1,49.5,46.7,48.1,33.7,149.8,157.6,14.5,0.99,UP,0,FORM ISSUE,Uneven rise - avoid twisting torso
51100,64.1,66.6,41.3,47.7,44.5,38.2,147.5,159.4,15.3,0.99,UP,0,FORM ISSUE,Uneven rise - avoid twisting torso
51133,63.8,65.4,58.2,54.3,56.3,45.5,147.4,160.7,17.9,0.989,UP,0,FORM ISSUE,Uneven rise - avoid twisting torso
51166,63.9,64.4,48.2,59.0,53.6,51.8,150.2,160.5,21.8,0.988,UP,0,FORM ISSUE,Uneven rise - avoid twisting torso
51200,63.5,64.0,65.5,59.0,62.2,52.9,149.6,161.8,22.2,0.986,UP,0,FORM ISSUE,Uneven rise - avoid twisting torso
51233,63.6,63.8,53.1,58.1,55.6,54.4,149.6,158.0,27.3,0.984,UP,0,FORM ISSUE,Uneven rise - avoid twisting torso
51266,62.9,63.5,50.6,58.8,54.7,56.5,149.7,155.6,23.5,0.982,UP,0,FORM ISSUE,Uneven rise - avoid twisting torso
51300,61.1,63.0,87.3,62.0,74.6,60.2,138.8,157.8,22.7,0.977,UP,0,FORM ISSUE,Uneven rise - avoid twisting torso
51333,59.2,62.0,20.0,67.9,44.0,58.2,141.1,150.2,20.1,0.972,UP,0,FORM ISSUE,Uneven rise - avoid twisting torso
51366,59.9,61.3,59.9,64.9,62.4,58.3,139.9,151.8,11.9,0.967,UP,0,FORM ISSUE,Uneven rise - avoid twisting torso
51400,59.3,60.5,89.0,69.9,79.4,63.0,134.8,151.0,16.4,0.957,UP,0,FORM ISSUE,Uneven rise - avoid twisting torso
51433,59.3,59.8,2.5,69.1,35.8,59.3,137.2,152.7,24.8,0.948,UP,0,FORM ISSUE,Uneven rise - avoid twisting torso
51466,58.8,59.3,33.6,69.4,51.5,54.6,137.9,151.8,24.3,0.942,UP,0,FORM ISSUE,Uneven rise - avoid twisting torso
51500,58.7,59.2,42.3,63.4,52.9,56.4,138.1,151.6,22.8,0.937,UP,0,FORM ISSUE,Uneven rise - avoid twisting torso
51533,59.0,59.0,27.8,59.7,43.7,52.7,140.5,148.7,11.5,0.931,UP,0,FORM ISSUE,Uneven rise - avoid twisting torso
51566,60.2,59.2,24.6,58.9,41.8,45.1,142.8,150.5,11.4,0.932,UP,0,FORM ISSUE,Uneven rise - avoid twisting torso
51600,62.2,59.8,34.2,54.9,44.5,46.9,145.3,158.8,0.6,0.931,UP,0,FORM ISSUE,Uneven rise - avoid twisting torso
51633,65.2,61.1,16.6,51.0,33.8,43.3,149.9,165.1,1.6,0.932,UP,0,FORM ISSUE,Uneven rise - avoid twisting torso
51666,67.4,62.8,14.0,38.6,26.3,38.0,151.5,165.6,1.3,0.932,UP,0,FORM ISSUE,Uneven rise - avoid twisting torso
51700,69.6,64.9,29.7,38.9,34.3,36.1,154.5,170.1,15.0,0.934,UP,0,FORM ISSUE,Uneven rise - avoid twisting torso
51733,71.9,67.2,28.8,36.2,32.5,34.3,157.9,179.4,17.7,0.936,UP,0,FORM ISSUE,Uneven rise - avoid twisting torso
51766,74.9,69.8,13.6,33.0,23.3,30.0,163.6,177.8,14.9,0.939,UP,0,FORM ISSUE,Uneven rise - avoid twisting torso
51800,77.7,72.3,13.6,30.4,22.0,27.7,163.4,177.7,10.6,0.941,UP,0,FORM ISSUE,Uneven rise - avoid twisting torso
51833,79.3,74.7,12.7,26.7,19.7,26.4,163.9,175.5,4.1,0.944,UP,0,FORM ISSUE,Uneven rise - avoid twisting torso
51866,80.1,76.8,12.6,24.4,18.5,23.2,164.5,173.1,1.0,0.948,UP,0,FORM ISSUE,Uneven rise - avoid twisting torso
51900,80.2,78.5,16.3,22.2,19.2,20.5,165.1,175.4,1.6,0.953,UP,0,FORM ISSUE,Uneven rise - avoid twisting torso
51933,79.8,79.4,15.1,21.1,18.1,19.5,164.8,176.5,0.8,0.957,UP,0,FORM ISSUE,Uneven rise - avoid twisting torso
51966,79.8,79.9,7.5,19.3,13.4,17.8,165.8,177.0,3.2,0.961,UP,0,FORM ISSUE,Uneven rise - avoid twisting torso
52000,81.1,80.2,3.8,20.4,12.1,16.3,168.9,177.1,5.1,0.964,UP,0,FORM ISSUE,Uneven rise - avoid twisting torso
52033,81.7,80.5,3.5,20.2,11.9,14.9,170.4,178.2,6.3,0.967,UP,0,FORM ISSUE,Uneven rise - avoid twisting torso
52066,83.3,81.2,7.4,18.2,12.8,13.6,171.9,178.5,8.3,0.97,UP,0,FORM ISSUE,Uneven rise - avoid twisting torso
52100,85.4,82.3,8.0,17.2,12.6,12.5,172.8,178.9,10.1,0.972,UP,0,FORM ISSUE,Uneven rise - avoid twisting torso
52133,86.3,83.6,10.7,18.4,14.6,12.8,173.4,176.8,3.8,0.975,UP,0,FORM ISSUE,Uneven rise - avoid twisting torso
52166,87.3,84.8,8.6,14.2,11.4,12.6,175.2,177.2,5.2,0.977,UP,0,FORM ISSUE,Uneven rise - avoid twisting torso
52200,87.7,86.0,0.7,3.4,2.0,10.7,176.2,176.9,11.9,0.979,UP,0,FORM ISSUE,Uneven rise - avoid twisting torso
52233,88.2,87.0,0.6,5.0,2.8,8.7,176.2,176.5,10.6,0.981,UP,0,FORM ISSUE,Uneven rise - avoid twisting torso
52266,88.0,87.5,1.8,5.3,3.6,6.9,175.7,176.5,10.4,0.982,UP,0,FORM ISSUE,Uneven rise - avoid twisting torso
52300,88.1,87.8,0.0,6.2,3.1,4.6,176.9,175.6,11.1,0.983,UP,0,FORM ISSUE,Uneven rise - avoid twisting torso
52333,88.6,88.1,0.5,4.8,2.6,2.8,175.5,176.6,9.5,0.983,UP,0,FORM ISSUE,Uneven rise - avoid twisting torso
52366,88.3,88.2,2.1,3.7,2.9,3.0,176.4,177.1,11.5,0.982,UP,0,FORM ISSUE,Uneven rise - avoid twisting torso
52400,88.1,88.2,3.8,4.3,4.1,3.3,175.7,177.3,16.4,0.981,UP,0,FORM ISSUE,Uneven rise - avoid twisting torso
52433,88.3,88.3,2.9,3.4,3.2,3.2,175.1,177.3,13.3,0.979,UP,0,FORM ISSUE,Uneven rise - avoid twisting torso
52466,88.5,88.4,3.5,13.8,8.7,4.3,175.0,176.1,10.5,0.978,UP,0,FORM ISSUE,Uneven rise - avoid twisting torso
52500,89.0,88.4,3.4,13.7,8.5,5.5,174.4,176.1,10.8,0.978,UP,0,FORM ISSUE,Uneven rise - avoid twisting torso
52533,89.5,88.7,5.5,12.7,9.1,6.7,175.0,173.5,6.9,0.978,UP,0,FORM ISSUE,Uneven rise - avoid twisting torso
52566,89.2,88.9,6.0,13.7,9.8,7.9,179.3,172.2,2.2,0.978,UP,0,FORM ISSUE,Uneven rise - avoid twisting torso
52600,89.3,89.1,6.1,9.0,7.6,8.7,179.5,172.2,0.5,0.979,UP,0,FORM ISSUE,Uneven rise - avoid twisting torso
52633,89.3,89.3,7.3,9.5,8.4,8.7,177.3,171.9,3.5,0.98,UP,0,FORM ISSUE,Uneven rise - avoid twisting torso
52666,89.8,89.4,7.8,6.8,7.3,8.4,178.8,173.0,3.7,0.981,UP,0,FORM ISSUE,Uneven rise - avoid twisting torso
52700,89.7,89.5,9.6,8.6,9.1,8.4,178.2,172.4,5.6,0.982,UP,0,FORM ISSUE,Uneven rise - avoid twisting torso
52733,89.6,89.6,9.7,8.0,8.8,8.2,178.1,172.4,5.6,0.983,UP,0,FORM ISSUE,Uneven rise - avoid twisting torso
52766,89.9,89.7,11.8,9.1,10.5,8.8,178.3,171.8,6.0,0.984,UP,0,FORM ISSUE,Uneven rise - avoid twisting torso
52800,89.7,89.8,10.2,9.4,9.8,9.1,179.2,173.6,5.2,0.984,UP,0,FORM ISSUE,Uneven rise - avoid twisting torso
52833,89.3,89.6,7.6,7.2,7.4,9.1,179.5,171.1,4.3,0.984,UP,0,FORM ISSUE,Uneven rise - avoid twisting torso
52866,88.9,89.5,0.4,10.2,5.3,8.4,179.9,170.4,3.3,0.979,UP,0,FORM ISSUE,Uneven rise - avoid twisting torso
52900,89.2,89.4,1.7,25.7,13.7,9.3,179.0,171.9,7.3,0.969,UP,0,FORM ISSUE,Uneven rise - avoid twisting torso
52933,89.2,89.3,24.3,115.4,69.9,21.2,173.8,171.4,4.9,0.949,UP,0,FORM ISSUE,Uneven rise - avoid twisting torso
52966,89.4,89.2,32.2,25.8,29.0,25.1,176.0,171.6,4.5,0.924,UP,0,FORM ISSUE,Uneven rise - avoid twisting torso
53000,89.8,89.3,24.9,17.9,21.4,27.8,178.2,171.9,5.8,0.896,UP,0,FORM ISSUE,Uneven rise - avoid twisting torso
53033,89.7,89.5,17.8,19.3,18.6,30.5,177.9,171.9,6.3,0.869,UP,0,FORM ISSUE,Uneven rise - avoid twisting torso
53066,90.0,89.6,7.6,23.6,15.6,30.9,178.2,173.1,10.4,0.843,UP,0,FORM ISSUE,Uneven rise - avoid twisting torso
53100,89.5,89.7,0.6,25.9,13.3,19.6,174.9,176.4,16.7,0.827,UP,0,FORM ISSUE,Uneven rise - avoid twisting torso
53133,89.8,89.7,1.6,21.4,11.5,16.1,175.3,175.4,16.4,0.812,UP,0,FORM ISSUE,Uneven rise - avoid twisting torso
53166,89.8,89.7,3.7,16.9,10.3,13.9,176.0,174.3,13.7,0.799,UP,0,FORM ISSUE,Uneven rise - avoid twisting torso
53200,89.4,89.7,5.4,17.9,11.6,12.5,178.1,173.9,8.9,0.792,UP,0,FORM ISSUE,Uneven rise - avoid twisting torso
53233,88.8,89.4,4.0,19.2,11.6,11.7,178.8,171.7,4.3,0.784,UP,0,FORM ISSUE,Uneven rise - avoid twisting torso
53266,88.6,89.3,10.3,20.4,15.4,12.1,179.4,171.9,1.2,0.768,UP,0,FORM ISSUE,Uneven rise - avoid twisting torso
53300,88.8,89.1,28.6,28.5,28.6,15.5,176.2,171.4,0.8,0.745,UP,0,FORM ISSUE,Uneven rise - avoid twisting torso
53333,88.2,88.8,15.1,3.3,9.2,15.3,177.4,170.1,0.6,0.725,UP,0,FORM ISSUE,Uneven rise - avoid twisting torso
53366,87.3,88.4,14.5,6.9,10.7,15.1,175.6,175.4,4.4,0.71,UP,0,FORM ISSUE,Uneven rise - avoid twisting torso
53400,87.0,88.0,15.5,9.5,12.5,15.3,172.3,179.9,5.6,0.703,UP,0,FORM ISSUE,Uneven rise - avoid twisting torso
53433,85.9,87.4,16.3,13.1,14.7,15.1,173.5,180.0,7.8,0.71,UP,0,FORM ISSUE,Uneven rise - avoid twisting torso
53466,85.7,86.8,13.7,16.7,15.2,12.5,168.8,180.0,9.1,0.732,UP,0,FORM ISSUE,Uneven rise - avoid twisting torso
53500,85.1,86.2,14.1,18.4,16.2,13.9,171.0,179.1,11.6,0.753,UP,0,FORM ISSUE,Uneven rise - avoid twisting torso
53533,85.2,85.8,12.0,18.9,15.4,14.8,171.6,179.2,11.1,0.773,UP,0,FORM ISSUE,Uneven rise - avoid twisting torso
53566,85.1,85.4,10.3,15.0,12.6,14.8,171.7,179.3,11.2,0.792,UP,0,FORM ISSUE,Uneven rise - avoid twisting torso
53600,85.0,85.2,2.8,11.8,7.3,13.4,168.4,178.9,11.3,0.81,UP,0,FORM ISSUE,Uneven rise - avoid twisting torso
53633,84.9,85.1,2.9,14.7,8.8,12.1,163.5,178.3,11.9,0.827,UP,0,FORM ISSUE,Uneven rise - avoid twisting torso
53666,84.7,85.0,8.6,16.8,12.7,11.4,162.6,178.0,16.6,0.843,UP,0,FORM ISSUE,Uneven rise - avoid twisting torso
53700,85.4,85.0,14.4,20.2,17.3,11.8,162.2,178.6,21.4,0.856,UP,0,FORM ISSUE,Uneven rise - avoid twisting torso
53733,86.1,85.2,12.9,23.4,18.1,12.9,164.1,180.0,25.1,0.868,UP,0,FORM ISSUE,Uneven rise - avoid twisting torso
53766,86.7,85.6,13.8,21.5,17.7,14.9,165.0,178.2,22.1,0.878,UP,0,FORM ISSUE,Uneven rise - avoid twisting torso
53800,87.4,86.1,13.0,21.1,17.1,16.6,166.9,178.4,21.5,0.886,UP,0,FORM ISSUE,Uneven rise - avoid twisting torso
53833,87.6,86.6,13.2,25.3,19.2,17.9,170.5,178.4,17.6,0.892,UP,0,FORM ISSUE,Uneven rise - avoid twisting torso
53866,87.5,87.1,11.9,16.7,14.3,17.3,169.3,176.6,14.2,0.896,UP,0,FORM ISSUE,Uneven rise - avoid twisting torso
53900,86.8,87.2,12.2,18.1,15.1,16.7,169.5,176.3,12.7,0.899,UP,0,FORM ISSUE,Uneven rise - avoid twisting torso
53933,87.3,87.3,8.6,22.2,15.4,16.2,168.1,177.7,13.0,0.9,UP,0,FORM ISSUE,Uneven rise - avoid twisting torso
53966,88.2,87.5,6.6,19.9,13.3,15.5,170.9,179.3,12.5,0.901,UP,0,FORM ISSUE,Uneven rise - avoid twisting torso
54000,87.9,87.5,3.6,3.6,3.6,12.3,175.1,177.7,8.7,0.9,UP,0,FORM ISSUE,Uneven rise - avoid twisting torso
54033,87.3,87.5,9.0,0.6,4.8,10.4,176.5,177.5,4.5,0.9,UP,0,FORM ISSUE,Uneven rise - avoid twisting torso
54066,87.9,87.7,1.5,2.9,2.2,7.9,174.9,176.7,7.3,0.9,UP,0,FORM ISSUE,Uneven rise - avoid twisting torso
54100,88.6,88.0,0.5,3.0,1.7,5.1,174.4,175.4,11.8,0.9,UP,0,FORM ISSUE,Uneven rise - avoid twisting torso
54133,89.2,88.2,3.7,7.8,5.7,3.6,171.4,174.8,25.2,0.9,UP,0,FORM ISSUE,Uneven rise - avoid twisting torso
54166,88.9,88.4,3.6,1.6,2.6,3.4,179.8,171.8,11.9,0.902,UP,0,FORM ISSUE,Uneven rise - avoid twisting torso
54200,89.0,88.7,2.7,2.3,2.5,3.0,177.1,168.9,7.0,0.902,UP,0,FORM ISSUE,Uneven rise - avoid twisting torso
54233,88.3,88.8,1.7,0.6,1.2,2.7,176.2,166.7,8.4,0.898,UP,0,FORM ISSUE,Uneven rise - avoid twisting torso
54266,89.9,89.1,2.5,0.8,1.7,2.7,175.6,170.9,7.4,0.893,UP,0,FORM ISSUE,Uneven rise - avoid twisting torso
54300,89.0,89.0,4.8,3.3,4.0,2.4,178.0,173.8,12.0,0.889,UP,0,FORM ISSUE,Uneven rise - avoid twisting torso
54333,87.9,88.8,4.4,3.0,3.7,2.6,178.6,175.4,13.2,0.885,UP,0,FORM ISSUE,Uneven rise - avoid twisting torso
54366,88.0,88.6,1.6,0.9,1.3,2.4,178.5,175.2,14.6,0.883,UP,0,FORM ISSUE,Uneven rise - avoid twisting torso
54400,87.3,88.4,3.2,2.0,2.6,2.6,178.6,176.2,14.0,0.885,UP,0,FORM ISSUE,Uneven rise - avoid twisting torso
54433,87.5,87.9,18.9,16.1,17.5,5.8,178.8,171.9,11.3,0.878,UP,0,FORM ISSUE,Uneven rise - avoid twisting torso
54466,86.1,87.3,14.0,5.9,9.9,7.0,170.1,169.4,20.7,0.872,UP,0,FORM ISSUE,Uneven rise - avoid twisting torso
54500,85.5,86.9,12.8,2.0,7.4,7.7,163.4,178.2,4.6,0.867,UP,0,FORM ISSUE,Uneven rise - avoid twisting torso
54533,84.3,86.1,4.7,9.4,7.1,8.9,166.2,177.8,11.7,0.863,UP,0,FORM ISSUE,Uneven rise - avoid twisting torso
54566,83.1,85.3,2.8,13.7,8.3,10.0,165.2,178.1,13.8,0.86,UP,0,FORM ISSUE,Uneven rise - avoid twisting torso
54600,81.5,84.1,3.5,18.9,11.2,8.8,165.8,178.6,20.9,0.868,UP,0,FORM ISSUE,Uneven rise - avoid twisting torso
54633,82.0,83.3,0.2,18.5,9.3,8.7,165.4,178.6,20.9,0.874,UP,0,FORM ISSUE,Uneven rise - avoid twisting torso
54666,82.3,82.6,2.9,13.2,8.0,8.8,165.3,177.7,21.2,0.877,UP,0,FORM ISSUE,Uneven rise - avoid twisting torso
54700,83.7,82.5,0.8,13.9,7.4,8.8,164.6,177.1,21.0,0.877,UP,0,FORM ISSUE,Uneven rise - avoid twisting torso
54733,83.4,82.6,1.8,12.2,7.0,8.6,166.9,179.7,21.0,0.877,UP,0,FORM ISSUE,Uneven rise - avoid twisting torso
54766,84.1,83.1,4.2,10.8,7.5,7.8,170.4,178.3,22.2,0.875,UP,0,FORM ISSUE,Uneven rise - avoid twisting torso
54800,85.3,83.8,3.5,13.5,8.5,7.7,171.6,176.9,17.4,0.871,UP,0,FORM ISSUE,Uneven rise - avoid twisting torso
54833,86.2,84.5,3.8,10.4,7.1,7.5,174.5,176.6,19.1,0.867,UP,0,FORM ISSUE,Uneven rise - avoid twisting torso
54866,87.8,85.4,3.9,10.3,7.1,7.4,177.0,174.9,20.5,0.864,UP,0,FORM ISSUE,Uneven rise - avoid twisting torso
54900,88.0,86.3,3.5,6.6,5.1,7.1,177.1,174.6,21.9,0.859,UP,0,FORM ISSUE,Uneven rise - avoid twisting torso
54933,88.2,87.1,2.9,4.5,3.7,6.3,177.2,175.5,20.8,0.855,UP,0,FORM ISSUE,Uneven rise - avoid twisting torso
54966,89.4,87.9,2.4,3.3,2.9,5.2,177.8,172.7,24.9,0.852,UP,0,FORM ISSUE,Uneven rise - avoid twisting torso
55000,88.0,88.3,4.6,0.2,2.4,4.2,173.8,171.3,25.2,0.85,UP,0,FORM ISSUE,Uneven rise - avoid twisting torso
55033,87.6,88.3,2.8,1.7,2.3,3.3,173.1,168.8,28.9,0.849,UP,0,FORM ISSUE,Uneven rise - avoid twisting torso
55066,87.1,88.1,1.1,3.2,2.1,2.7,172.9,168.7,29.1,0.844,UP,0,FORM ISSUE,Uneven rise - avoid twisting torso
55100,85.9,87.6,3.5,4.1,3.8,2.7,172.8,168.5,31.0,0.839,UP,0,FORM ISSUE,Uneven rise - avoid twisting torso
55133,84.6,86.6,2.5,1.3,1.9,2.5,171.8,167.9,33.2,0.836,UP,0,FORM ISSUE,Uneven rise - avoid twisting torso
55166,84.6,85.9,0.5,3.0,1.8,2.4,174.4,168.7,37.8,0.833,UP,0,FORM ISSUE,Uneven rise - avoid twisting torso
55200,84.2,85.3,2.4,2.3,2.4,2.4,176.8,167.5,37.6,0.83,UP,0,FORM ISSUE,Uneven rise - avoid twisting torso
55233,83.6,84.6,0.3,3.7,2.0,2.4,178.1,168.7,34.1,0.827,UP,0,FORM ISSUE,Uneven rise - avoid twisting torso
55266,83.9,84.2,2.5,0.5,1.5,1.9,174.4,168.1,34.8,0.824,UP,0,FORM ISSUE,Uneven rise - avoid twisting torso
55300,83.7,84.0,0.1,4.6,2.3,2.0,178.0,172.3,34.3,0.817,UP,0,FORM ISSUE,Uneven rise - avoid twisting torso
55333,84.4,83.9,0.8,3.7,2.2,2.1,176.1,169.8,31.8,0.811,UP,0,FORM ISSUE,Uneven rise - avoid twisting torso
55366,84.2,83.9,2.2,0.8,1.5,1.9,173.3,167.7,34.4,0.807,UP,0,FORM ISSUE,Uneven rise - avoid twisting torso
55400,83.4,83.9,3.8,1.0,2.4,2.0,171.9,170.1,37.8,0.804,UP,0,FORM ISSUE,Uneven rise - avoid twisting torso
55433,84.0,83.9,2.0,3.6,2.8,2.3,177.1,172.4,37.5,0.8,UP,0,FORM ISSUE,Uneven rise - avoid twisting torso
55466,82.8,83.7,2.2,7.2,4.7,2.7,174.2,170.9,31.3,0.79,UP,0,FORM ISSUE,Uneven rise - avoid twisting torso
55500,81.5,83.2,15.2,5.2,10.2,4.3,174.6,170.6,28.7,0.772,UP,0,FORM ISSUE,Uneven rise - avoid twisting torso
55533,80.9,82.5,10.6,13.8,12.2,6.5,165.4,169.7,23.5,0.747,UP,0,FORM ISSUE,Uneven rise - avoid twisting torso
55566,82.4,82.3,11.8,8.3,10.1,8.0,163.2,165.3,22.2,0.724,UP,0,FORM ISSUE,Uneven rise - avoid twisting torso
55600,82.3,82.0,18.1,12.4,15.3,10.5,161.8,171.5,21.4,0.701,UP,0,FORM ISSUE,Uneven rise - avoid twisting torso
55633,81.9,81.8,11.1,0.9,6.0,10.8,161.5,173.1,28.3,0.689,UP,0,FORM ISSUE,Uneven rise - avoid twisting torso
55666,80.7,81.6,15.6,17.0,16.3,12.0,165.8,176.4,27.0,0.684,UP,0,FORM ISSUE,Uneven rise - avoid twisting torso
55700,82.4,81.9,16.6,6.0,11.3,11.8,168.0,174.0,31.6,0.686,UP,0,FORM ISSUE,Uneven rise - avoid twisting torso
55733,82.1,81.9,18.7,18.0,18.4,13.5,162.2,177.8,14.5,0.683,UP,0,FORM ISSUE,Uneven rise - avoid twisting torso
55766,83.6,82.2,14.4,0.1,7.3,11.9,166.6,175.9,47.6,0.684,UP,0,FORM ISSUE,Uneven rise - avoid twisting torso
55800,81.8,82.1,25.1,4.9,15.0,13.7,178.2,178.9,24.8,0.683,UP,0,FORM ISSUE,Uneven rise - avoid twisting torso
55833,82.9,82.6,31.6,0.9,16.2,13.6,174.9,178.0,14.4,0.685,UP,0,FORM ISSUE,Uneven rise - avoid twisting torso
55866,84.7,83.0,21.8,1.2,11.5,13.7,168.2,177.7,30.6,0.688,UP,0,FORM ISSUE,Uneven rise - avoid twisting torso
55900,84.5,83.5,22.6,4.5,13.6,12.7,168.5,175.5,46.1,0.699,UP,0,FORM ISSUE,Uneven rise - avoid twisting torso
55933,84.9,83.8,22.2,10.9,16.5,14.6,167.0,176.8,23.4,0.711,UP,0,FORM ISSUE,Uneven rise - avoid twisting torso
55966,85.5,84.5,23.9,36.2,30.1,17.6,160.8,172.6,34.4,0.721,UP,0,FORM ISSUE,Uneven rise - avoid twisting torso
56000,85.2,85.0,25.4,52.9,39.1,22.2,160.2,166.1,23.4,0.728,UP,0,FORM ISSUE,Uneven rise - avoid twisting torso
56033,86.2,85.3,27.1,50.5,38.8,27.6,167.5,166.7,10.9,0.733,UP,0,FORM ISSUE,Uneven rise - avoid twisting torso
56066,,,,,,,,,,0.587,UP,0,NO PERSON,Lie down in frame
56100,87.7,85.9,2.6,8.5,5.5,26.0,172.5,169.1,3.8,0.586,UP,0,FORM ISSUE,Uneven rise - avoid twisting torso
56133,87.9,86.5,11.5,1.0,6.2,24.0,166.5,168.5,3.2,0.585,UP,0,FORM ISSUE,Uneven rise - avoid twisting torso
56166,88.6,87.1,8.4,8.8,8.6,19.7,167.7,169.4,3.1,0.577,UP,0,FORM ISSUE,Uneven rise - avoid twisting torso
56200,88.4,87.8,6.6,8.6,7.6,13.3,164.0,168.8,7.4,0.563,UP,0,FORM ISSUE,Uneven rise - avoid twisting torso
56233,88.2,88.2,63.4,130.8,97.1,25.0,170.9,174.7,6.7,0.689,UP,0,FORM ISSUE,Uneven rise - avoid twisting torso
56266,88.6,88.4,9.6,13.7,11.7,26.2,170.3,180.0,12.2,0.665,UP,0,FORM ISSUE,Uneven rise - avoid twisting torso
56300,89.3,88.6,9.6,3.8,6.7,26.3,172.2,171.9,5.9,0.643,UP,0,FORM ISSUE,Uneven rise - avoid twisting torso
56333,89.5,88.8,11.9,16.8,14.4,27.5,176.7,175.7,12.3,0.631,UP,0,FORM ISSUE,Uneven rise - avoid twisting torso
56366,89.9,89.1,9.9,7.3,8.6,27.7,179.7,175.9,12.4,0.626,UP,0,FORM ISSUE,Uneven rise - avoid twisting torso
56400,89.0,89.3,3.4,12.5,8.0,9.9,177.9,174.9,2.5,0.621,UP,0,FORM ISSUE,Uneven rise - avoid twisting torso
56433,88.9,89.3,10.7,4.3,7.5,9.0,179.0,177.3,2.3,0.621,UP,0,FORM ISSUE,Uneven rise - avoid twisting torso
56466,89.6,89.4,39.5,50.6,45.1,16.7,178.8,180.0,0.2,0.622,UP,0,FORM ISSUE,Uneven rise - avoid twisting torso
56500,88.9,89.3,11.5,19.5,15.5,16.9,177.1,179.5,0.5,0.627,UP,0,FORM ISSUE,Uneven rise - avoid twisting torso
56533,88.1,88.9,175.3,164.1,169.7,49.1,177.4,178.8,2.6,0.628,UP,0,FORM ISSUE,Uneven rise - avoid twisting torso
56566,86.3,88.3,29.6,158.0,93.8,66.3,151.4,170.6,4.2,0.635,UP,0,FORM ISSUE,Uneven rise - avoid twisting torso
56600,86.6,87.9,9.7,26.1,17.9,68.4,150.6,170.0,3.5,0.642,UP,0,FORM ISSUE,Uneven rise - avoid twisting torso
56633,86.6,87.3,13.0,24.2,18.6,63.1,151.3,170.3,1.6,0.651,UP,0,FORM ISSUE,Uneven rise - avoid twisting torso
56666,87.3,87.0,13.9,6.7,10.3,62.1,163.1,171.2,5.4,0.656,UP,0,FORM ISSUE,Uneven rise - avoid twisting torso
56700,87.9,86.9,14.4,9.7,12.1,30.5,164.9,168.5,5.0,0.666,UP,0,FORM ISSUE,Uneven rise - avoid twisting torso
56733,86.0,86.9,24.6,19.3,22.0,16.2,168.0,171.9,0.0,0.677,UP,0,FORM ISSUE,Uneven rise - avoid twisting torso
56766,87.6,87.1,16.6,20.1,18.4,16.3,173.5,167.5,4.5,0.687,UP,0,FORM ISSUE,Uneven rise - avoid twisting torso
56800,86.8,87.1,19.2,8.2,13.7,15.3,174.0,173.5,18.5,0.698,UP,0,FORM ISSUE,Uneven rise - avoid twisting torso
56833,86.1,86.9,21.9,3.8,12.8,15.8,166.3,167.3,7.0,0.711,UP,0,FORM ISSUE,Uneven rise - avoid twisting torso
56866,87.1,86.7,22.1,12.4,17.3,16.8,169.2,171.5,8.8,0.726,UP,0,FORM ISSUE,Uneven rise - avoid twisting torso
56900,88.0,87.1,19.1,7.4,13.3,15.1,178.1,178.6,5.0,0.744,UP,0,FORM ISSUE,Uneven rise - avoid twisting torso
56933,88.8,87.4,14.2,7.3,10.7,13.6,179.5,178.9,5.7,0.763,UP,0,FORM ISSUE,Uneven rise - avoid twisting torso
56966,89.9,88.0,11.6,15.7,13.7,13.6,179.7,177.8,6.3,0.782,UP,0,FORM ISSUE,Uneven rise - avoid twisting torso
57000,89.6,88.7,9.7,12.1,10.9,13.2,176.2,179.1,7.5,0.799,UP,0,FORM ISSUE,Uneven rise - avoid twisting torso
57033,89.2,89.1,6.3,13.1,9.7,11.6,178.9,179.5,8.7,0.817,UP,0,FORM ISSUE,Uneven rise - avoid twisting torso
57066,88.6,89.2,4.3,12.0,8.1,10.6,178.4,179.4,7.8,0.834,UP,0,FORM ISSUE,Uneven rise - avoid twisting torso
57100,88.7,89.2,3.4,12.7,8.0,10.1,174.8,178.4,8.8,0.848,UP,0,FORM ISSUE,Uneven rise - avoid twisting torso
57133,88.9,89.0,1.6,11.6,6.6,8.7,178.0,177.6,10.1,0.861,UP,0,FORM ISSUE,Uneven rise - avoid twisting torso
57166,89.7,89.0,1.8,12.1,6.9,7.9,177.3,178.0,7.3,0.873,UP,0,FORM ISSUE,Uneven rise - avoid twisting torso
57200,88.9,89.0,5.3,27.1,16.2,9.2,178.1,174.4,7.3,0.88,UP,0,FORM ISSUE,Uneven rise - avoid twisting torso
57233,89.2,89.1,11.2,49.0,30.1,13.6,176.0,175.7,7.8,0.88,UP,0,FORM ISSUE,Uneven rise - avoid twisting torso
57266,89.9,89.3,16.9,32.1,24.5,16.9,175.1,179.1,9.4,0.874,UP,0,FORM ISSUE,Uneven rise - avoid twisting torso
57300,89.1,89.3,4.1,17.1,10.6,17.7,175.7,180.0,9.8,0.865,UP,0,FORM ISSUE,Uneven rise - avoid twisting torso
57333,88.9,89.2,4.0,9.6,6.8,17.6,176.3,179.2,10.5,0.854,UP,0,FORM ISSUE,Uneven rise - avoid twisting torso
57366,88.9,89.2,6.9,9.3,8.1,16.0,178.8,179.1,9.3,0.843,UP,0,FORM ISSUE,Uneven rise - avoid twisting torso
57400,89.1,89.2,6.8,16.3,11.6,12.3,179.5,179.8,8.1,0.838,UP,0,FORM ISSUE,Uneven rise - avoid twisting torso
57433,89.2,89.0,9.8,43.5,26.7,12.7,176.7,179.2,6.7,0.833,UP,0,FORM ISSUE,Uneven rise - avoid twisting torso
57466,89.0,89.0,15.0,101.3,58.1,22.2,169.3,178.3,6.3,0.825,UP,0,FORM ISSUE,Uneven rise - avoid twisting torso
57500,89.1,89.0,13.6,38.5,26.1,26.1,169.9,177.4,5.9,0.815,UP,0,FORM ISSUE,Uneven rise - avoid twisting torso
57533,89.1,89.1,12.2,26.4,19.3,28.3,175.4,176.6,5.8,0.801,UP,0,FORM ISSUE,Uneven rise - avoid twisting torso
57566,88.2,88.9,9.8,11.3,10.5,28.1,174.8,177.1,5.0,0.79,UP,0,FORM ISSUE,Uneven rise - avoid twisting torso
57600,88.3,88.7,10.7,5.6,8.1,24.4,173.6,179.1,3.6,0.786,UP,0,FORM ISSUE,Uneven rise - avoid twisting torso
57633,88.8,88.7,11.1,5.9,8.5,14.5,173.5,179.8,3.1,0.789,UP,0,FORM ISSUE,Uneven rise - avoid twisting torso
57666,89.5,88.8,13.5,28.9,21.2,13.5,172.8,179.8,0.7,0.795,UP,0,FORM ISSUE,Uneven rise - avoid twisting torso
57700,88.4,88.6,28.2,25.7,26.9,15.1,176.1,176.3,4.4,0.799,UP,0,FORM ISSUE,Uneven rise - avoid twisting torso
57733,88.0,88.6,22.3,28.3,25.3,18.0,178.0,176.1,5.5,0.797,UP,0,FORM ISSUE,Uneven rise - avoid twisting torso
57766,88.3,88.6,19.7,14.9,17.3,19.8,178.2,178.3,5.4,0.795,UP,0,FORM ISSUE,Uneven rise - avoid twisting torso
57800,88.2,88.5,18.2,17.4,17.8,21.7,178.1,178.6,9.3,0.791,UP,0,FORM ISSUE,Uneven rise - avoid twisting torso
57833,88.6,88.3,17.9,10.7,14.3,20.3,179.1,178.8,10.2,0.791,UP,0,FORM ISSUE,Uneven rise - avoid twisting torso
57866,89.7,88.6,16.1,11.8,14.0,17.7,178.6,178.3,2.9,0.801,UP,0,FORM ISSUE,Uneven rise - avoid twisting torso
57900,89.6,88.9,16.8,14.0,15.4,15.8,179.1,179.7,1.2,0.815,UP,0,FORM ISSUE,Uneven rise - avoid twisting torso
57933,89.1,89.1,17.8,13.9,15.8,15.5,176.4,180.0,0.1,0.829,UP,0,FORM ISSUE,Uneven rise - avoid twisting torso
57966,88.2,89.0,11.5,13.3,12.4,14.4,178.8,179.7,1.4,0.842,UP,0,FORM ISSUE,Uneven rise - avoid twisting torso
58000,88.1,88.9,10.5,12.9,11.7,13.9,179.3,179.6,2.1,0.853,UP,0,FORM ISSUE,Uneven rise - avoid twisting torso
58033,88.2,88.6,13.7,16.6,15.2,14.1,176.6,177.1,4.4,0.859,UP,0,FORM ISSUE,Uneven rise - avoid twisting torso
58066,87.7,88.3,16.5,26.1,21.3,15.3,180.0,178.8,11.1,0.863,UP,0,FORM ISSUE,Uneven rise - avoid twisting torso
58100,87.6,87.9,24.3,32.3,28.3,17.8,177.8,178.1,20.8,0.863,UP,0,FORM ISSUE,Uneven rise - avoid twisting torso
58133,87.8,87.9,27.2,50.5,38.8,23.1,175.5,176.6,25.4,0.858,UP,0,FORM ISSUE,Uneven rise - avoid twisting torso
58166,88.1,87.9,20.4,38.2,29.3,26.6,174.8,176.8,28.0,0.85,UP,0,FORM ISSUE,Uneven rise - avoid twisting torso
58200,87.9,87.8,24.7,36.0,30.3,29.6,174.7,175.9,31.2,0.844,UP,0,FORM ISSUE,Uneven rise - avoid twisting torso
58233,88.2,87.9,22.1,19.2,20.6,29.5,173.4,175.6,36.6,0.84,UP,0,FORM ISSUE,Uneven rise - avoid twisting torso
58266,88.0,88.0,16.4,17.1,16.8,27.2,173.9,173.1,36.4,0.841,UP,0,FORM ISSUE,Uneven rise - avoid twisting torso
58300,87.9,88.0,18.7,17.1,17.9,23.0,174.8,174.1,34.9,0.847,UP,0,FORM ISSUE,Uneven rise - avoid twisting torso
58333,88.0,88.0,18.8,21.1,20.0,21.1,174.9,174.4,35.1,0.855,UP,0,FORM ISSUE,Uneven rise - avoid twisting torso
58366,88.0,88.0,13.6,10.8,12.2,17.5,177.7,173.9,33.5,0.865,UP,0,FORM ISSUE,Uneven rise - avoid twisting torso
58400,88.6,88.1,12.0,11.2,11.6,15.7,176.7,175.2,32.8,0.875,UP,0,FORM ISSUE,Uneven rise - avoid twisting torso
58433,88.6,88.2,12.9,20.9,16.9,15.7,177.4,176.8,32.9,0.883,UP,0,FORM ISSUE,Uneven rise - avoid twisting torso
58466,88.9,88.4,11.3,12.7,12.0,14.5,176.5,176.9,32.9,0.89,UP,0,FORM ISSUE,Uneven rise - avoid twisting torso
58500,88.7,88.6,10.8,10.5,10.7,12.7,177.7,176.4,31.4,0.898,UP,0,FORM ISSUE,Uneven rise - avoid twisting torso
58533,89.1,88.8,11.0,3.3,7.1,11.7,175.6,177.5,29.6,0.903,UP,0,FORM ISSUE,Uneven rise - avoid twisting torso
58566,88.9,88.8,11.0,1.0,6.0,10.5,172.7,176.7,31.9,0.909,UP,0,FORM ISSUE,Uneven rise - avoid twisting torso
58600,89.1,88.9,10.8,3.6,7.2,8.6,171.3,176.4,29.4,0.913,UP,0,FORM ISSUE,Uneven rise - avoid twisting torso
58633,88.9,88.9,11.6,9.2,10.4,8.3,173.4,176.1,29.6,0.916,UP,0,FORM ISSUE,Uneven rise - avoid twisting torso
58666,89.1,89.0,11.8,10.0,10.9,8.3,174.7,176.1,32.4,0.919,UP,0,FORM ISSUE,Uneven rise - avoid twisting torso
58700,88.6,89.0,11.8,10.2,11.0,9.1,176.4,174.2,36.0,0.922,UP,0,FORM ISSUE,Uneven rise - avoid twisting torso
58733,88.5,88.9,11.3,11.9,11.6,10.2,176.6,174.9,39.7,0.924,UP,0,FORM ISSUE,Uneven rise - avoid twisting torso
58766,87.8,88.6,11.3,14.2,12.7,11.3,176.9,175.0,38.3,0.927,UP,0,FORM ISSUE,Uneven rise - avoid twisting torso
58800,87.6,88.3,12.3,15.0,13.6,12.0,178.8,173.1,38.6,0.93,UP,0,FORM ISSUE,Uneven rise - avoid twisting torso
58833,87.6,88.0,12.0,15.6,13.8,12.5,179.8,174.3,35.7,0.932,UP,0,FORM ISSUE,Uneven rise - avoid twisting torso
58866,87.5,87.8,18.0,16.0,17.0,13.7,177.8,171.9,36.4,0.935,UP,0,FORM ISSUE,Uneven rise - avoid twisting torso
58900,87.3,87.6,16.8,15.7,16.2,14.7,178.5,173.3,37.4,0.936,UP,0,FORM ISSUE,Uneven rise - avoid twisting torso
58933,87.5,87.5,15.5,14.6,15.1,15.1,178.6,174.2,36.9,0.938,UP,0,FORM ISSUE,Uneven rise - avoid twisting torso
58966,87.6,87.5,19.7,15.1,17.4,15.9,179.5,174.1,39.2,0.94,UP,0,FORM ISSUE,Uneven rise - avoid twisting torso
59000,88.0,87.6,17.9,14.6,16.3,16.4,179.7,174.9,38.1,0.943,UP,0,FORM ISSUE,Uneven rise - avoid twisting torso
59033,88.0,87.7,16.1,14.1,15.1,16.0,180.0,175.3,39.1,0.945,UP,0,FORM ISSUE,Uneven rise - avoid twisting torso
59066,87.9,87.8,14.8,14.8,14.8,15.7,177.7,174.9,46.8,0.948,UP,0,FORM ISSUE,Uneven rise - avoid twisting torso
59100,88.0,87.9,13.9,14.5,14.2,15.6,177.3,176.1,45.0,0.95,UP,0,FORM ISSUE,Uneven rise - avoid twisting torso
59133,87.7,87.9,13.9,14.6,14.2,14.9,177.0,175.9,41.8,0.952,UP,0,FORM ISSUE,Uneven rise - avoid twisting torso
59166,87.7,87.9,13.6,15.1,14.4,14.6,178.1,175.6,42.1,0.954,UP,0,FORM ISSUE,Uneven rise - avoid twisting torso
59200,87.0,87.6,12.6,14.5,13.6,14.2,177.9,175.0,39.4,0.955,UP,0,FORM ISSUE,Uneven rise - avoid twisting torso
59233,87.5,87.6,12.9,13.4,13.1,13.9,178.0,175.3,38.8,0.954,UP,0,FORM ISSUE,Uneven rise - avoid twisting torso
59266,87.5,87.5,12.7,16.3,14.5,14.0,178.5,175.2,31.9,0.953,UP,0,FORM ISSUE,Uneven rise - avoid twisting torso
59300,88.2,87.6,20.5,20.7,20.6,15.2,178.2,175.6,28.1,0.951,UP,0,FORM ISSUE,Uneven rise - avoid twisting torso
59333,88.2,87.7,28.5,20.9,24.7,17.3,178.1,176.3,13.9,0.95,UP,0,FORM ISSUE,Uneven rise - avoid twisting torso
59366,89.6,88.2,34.5,20.8,27.6,20.1,174.7,178.5,7.1,0.95,UP,0,FORM ISSUE,Uneven rise - avoid twisting torso
59400,89.4,88.6,34.5,24.4,29.5,23.4,176.7,179.8,6.0,0.952,UP,0,FORM ISSUE,Uneven rise - avoid twisting torso
59433,88.3,88.7,34.8,23.8,29.3,26.3,179.1,179.4,6.0,0.955,UP,0,FORM ISSUE,Uneven rise - avoid twisting torso
59466,88.2,88.7,33.5,23.4,28.4,27.9,178.5,179.1,15.7,0.959,UP,0,FORM ISSUE,Uneven rise - avoid twisting torso
59500,88.1,88.7,31.3,22.1,26.7,28.3,179.4,179.5,24.2,0.961,UP,0,FORM ISSUE,Uneven rise - avoid twisting torso
59533,88.4,88.5,30.8,21.6,26.2,28.0,179.6,179.1,36.9,0.962,UP,0,FORM ISSUE,Uneven rise - avoid twisting torso
59566,88.6,88.3,28.7,19.7,24.2,27.0,179.0,179.1,40.4,0.962,UP,0,FORM ISSUE,Uneven rise - avoid twisting torso
59600,88.4,88.3,33.7,60.5,47.1,30.5,178.5,179.9,41.8,0.961,UP,0,FORM ISSUE,Uneven rise - avoid twisting torso
59633,88.8,88.5,38.3,46.6,42.5,33.3,180.0,178.0,44.5,0.954,UP,0,FORM ISSUE,Uneven rise - avoid twisting torso
59666,89.6,88.8,59.2,114.2,86.7,45.3,179.1,179.0,43.3,0.938,UP,0,FORM ISSUE,Uneven rise - avoid twisting torso
59700,89.8,89.0,84.7,145.9,115.3,63.2,177.4,179.3,33.2,0.911,UP,0,FORM ISSUE,Uneven rise - avoid twisting torso
59733,89.1,89.1,75.1,158.0,116.5,81.6,169.9,177.2,28.5,0.876,UP,0,FORM ISSUE,Uneven rise - avoid twisting torso
59766,89.0,89.3,45.2,169.6,107.4,93.7,171.8,176.9,25.7,0.841,UP,0,FORM ISSUE,Uneven rise - avoid twisting torso
59800,89.0,89.3,9.8,10.0,9.9,87.2,173.1,177.5,22.5,0.811,UP,0,FORM ISSUE,Uneven rise - avoid twisting torso
59833,89.1,89.2,13.0,14.6,13.8,72.6,172.5,178.8,16.9,0.79,UP,0,FORM ISSUE,Uneven rise - avoid twisting torso
59866,88.8,89.0,25.3,105.9,65.6,62.7,176.2,179.8,3.7,0.775,UP,0,FORM ISSUE,Uneven rise - avoid twisting torso
59900,88.7,88.9,35.1,111.0,73.0,54.0,176.1,178.4,2.1,0.761,UP,0,FORM ISSUE,Uneven rise - avoid twisting torso
59933,88.2,88.7,33.2,95.7,64.5,45.4,179.0,178.2,2.8,0.748,UP,0,FORM ISSUE,Uneven rise - avoid twisting torso
59966,88.1,88.6,29.3,87.5,58.4,55.1,179.0,178.6,5.5,0.732,UP,0,FORM ISSUE,Uneven rise - avoid twisting torso
60000,87.8,88.3,33.6,83.0,58.3,64.0,175.3,178.2,6.8,0.714,UP,0,FORM ISSUE,Uneven rise - avoid twisting torso
60033,87.6,88.1,10.2,23.8,17.0,54.2,176.5,179.1,14.0,0.705,UP,0,FORM ISSUE,Uneven rise - avoid twisting torso
60066,87.3,87.8,16.0,21.6,18.8,43.4,175.3,178.7,16.1,0.703,UP,0,FORM ISSUE,Uneven rise - avoid twisting torso
60100,87.3,87.6,13.7,9.2,11.5,32.8,174.5,179.3,6.6,0.707,UP,0,FORM ISSUE,Uneven rise - avoid twisting torso
60133,88.2,87.7,14.8,13.6,14.2,23.9,176.3,179.3,15.7,0.718,UP,0,FORM ISSUE,Uneven rise - avoid twisting torso
60166,87.5,87.6,12.7,10.3,11.5,14.6,176.1,175.6,52.4,0.735,UP,0,FORM ISSUE,Uneven rise - avoid twisting torso
60200,86.9,87.4,12.3,10.3,11.3,13.4,174.4,172.4,78.2,0.755,UP,0,FORM ISSUE,Uneven rise - avoid twisting torso
60233,86.8,87.4,12.1,10.5,11.3,12.0,175.3,173.9,147.0,0.776,UP,0,FORM ISSUE,Uneven rise - avoid twisting torso
60266,86.3,87.2,11.2,11.6,11.4,12.0,175.3,177.1,49.5,0.795,UP,0,FORM ISSUE,Uneven rise - avoid twisting torso
60300,86.8,86.9,12.4,12.7,12.6,11.6,172.9,173.9,17.4,0.816,UP,0,FORM ISSUE,Uneven rise - avoid twisting torso
60333,87.5,86.9,13.6,12.7,13.2,12.0,172.0,167.8,6.0,0.834,UP,0,FORM ISSUE,Uneven rise - avoid twisting torso
60366,85.6,86.6,14.7,14.3,14.5,12.6,172.7,173.2,35.4,0.85,UP,0,FORM ISSUE,Uneven rise - avoid twisting torso
60400,85.7,86.4,16.0,15.4,15.7,13.5,169.2,172.0,45.9,0.865,UP,0,FORM ISSUE,Uneven rise - avoid twisting torso
60433,88.9,86.9,30.6,10.5,20.6,15.3,166.9,176.6,30.5,0.877,UP,0,FORM ISSUE,Uneven rise - avoid twisting torso
60466,89.1,87.4,28.6,9.3,19.0,16.6,168.3,176.7,17.8,0.889,UP,0,FORM ISSUE,Uneven rise - avoid twisting torso
60500,89.7,87.8,19.3,8.8,14.1,16.8,173.1,177.3,39.9,0.899,UP,0,FORM ISSUE,Uneven rise - avoid twisting torso
60533,88.9,88.4,25.3,8.0,16.6,17.2,174.0,175.9,26.2,0.908,UP,0,FORM ISSUE,Uneven rise - avoid twisting torso
60566,89.7,89.2,16.0,7.5,11.7,16.4,174.9,175.7,29.1,0.916,UP,0,FORM ISSUE,Uneven rise - avoid twisting torso
60600,87.4,89.0,26.6,8.3,17.4,15.8,173.2,179.7,33.8,0.924,UP,0,FORM ISSUE,Uneven rise - avoid twisting torso
60633,86.5,88.4,28.5,7.6,18.0,15.6,179.9,173.8,40.4,0.93,UP,0,FORM ISSUE,Uneven rise - avoid twisting torso
60666,87.4,88.0,27.8,10.0,18.9,16.5,178.6,179.8,24.8,0.935,UP,0,FORM ISSUE,Uneven rise - avoid twisting torso
60700,87.1,87.6,33.7,9.8,21.7,17.6,179.1,176.7,19.5,0.938,UP,0,FORM ISSUE,Uneven rise - avoid twisting torso
60733,88.0,87.3,21.9,10.4,16.2,18.4,179.9,179.8,54.7,0.938,UP,0,FORM ISSUE,Uneven rise - avoid twisting torso
60766,85.3,86.9,21.3,11.5,16.4,18.2,172.5,165.9,66.9,0.934,UP,0,FORM ISSUE,Uneven rise - avoid twisting torso
60800,82.1,86.0,16.8,8.5,12.6,17.2,167.0,160.9,37.3,0.926,UP,0,FORM ISSUE,Uneven rise - avoid twisting torso
60833,82.9,85.1,19.3,13.4,16.4,16.7,172.4,163.2,31.4,0.919,UP,0,FORM ISSUE,Uneven rise - avoid twisting torso
60866,81.8,84.0,20.5,8.9,14.7,15.3,167.1,159.0,37.9,0.912,UP,0,FORM ISSUE,Uneven rise - avoid twisting torso
60900,77.8,82.0,25.2,13.6,19.4,15.9,169.7,165.7,53.3,0.901,UP,0,FORM ISSUE,Uneven rise - avoid twisting torso
60933,75.2,80.0,33.2,16.0,24.6,17.5,167.4,160.9,44.6,0.892,UP,0,FORM ISSUE,Uneven rise - avoid twisting torso
60966,73.9,78.3,44.0,19.9,31.9,21.4,164.0,163.1,43.3,0.884,UP,0,FORM ISSUE,Uneven rise - avoid twisting torso
61000,70.5,75.9,57.6,23.6,40.6,26.2,161.0,155.6,38.9,0.87,UP,0,FORM ISSUE,Uneven rise - avoid twisting torso
61033,70.0,73.5,60.1,27.7,43.9,32.1,144.0,146.1,37.5,0.853,UP,0,FORM ISSUE,Uneven rise - avoid twisting torso
61066,69.9,71.9,58.8,26.2,42.5,36.7,145.1,144.1,41.4,0.835,UP,0,FORM ISSUE,Uneven rise - avoid twisting torso
61100,,,,,,,,,,0.662,UP,0,NO PERSON,Lie down in frame
61133,,,,,,,,,,0.489,UP,0,NO PERSON,Lie down in frame
61166,,,,,,,,,,0.322,UP,0,NO PERSON,Lie down in frame
61200,,,,,,,,,,0.159,UP,0,NO PERSON,Lie down in frame
61233,,,,,,,,,,0.0,UP,0,NO PERSON,Lie down in frame
61266,,,,,,,,,,0.0,UP,0,NO PERSON,Lie down in frame
61300,,,,,,,,,,0.0,UP,0,NO PERSON,Lie down in frame
61333,,,,,,,,,,0.0,UP,0,NO PERSON,Lie down in frame
61366,,,,,,,,,,0.0,UP,0,NO PERSON,Lie down in frame
61400,,,,,,,,,,0.0,UP,0,NO PERSON,Lie down in frame
61433,,,,,,,,,,0.0,UP,0,NO PERSON,Lie down in frame
61466,,,,,,,,,,0.0,UP,0,NO PERSON,Lie down in frame
61500,,,,,,,,,,0.0,UP,0,NO PERSON,Lie down in frame
61533,,,,,,,,,,0.0,UP,0,NO PERSON,Lie down in frame
61566,,,,,,,,,,0.0,UP,0,NO PERSON,Lie down in frame
61600,,,,,,,,,,0.0,UP,0,NO PERSON,Lie down in frame
61633,,,,,,,,,,0.0,UP,0,NO PERSON,Lie down in frame
61666,,,,,,,,,,0.0,UP,0,NO PERSON,Lie down in frame
61700,,,,,,,,,,0.0,UP,0,NO PERSON,Lie down in frame
61733,,,,,,,,,,0.0,UP,0,NO PERSON,Lie down in frame
61766,,,,,,,,,,0.0,UP,0,NO PERSON,Lie down in frame
61800,,,,,,,,,,0.0,UP,0,NO PERSON,Lie down in frame
61833,,,,,,,,,,0.0,UP,0,NO PERSON,Lie down in frame
61866,,,,,,,,,,0.0,UP,0,NO PERSON,Lie down in frame
61900,,,,,,,,,,0.0,UP,0,NO PERSON,Lie down in frame
61933,,,,,,,,,,0.0,UP,0,NO PERSON,Lie down in frame
61966,,,,,,,,,,0.0,UP,0,NO PERSON,Lie down in frame
62000,,,,,,,,,,0.0,UP,0,NO PERSON,Lie down in frame
62033,,,,,,,,,,0.0,UP,0,NO PERSON,Lie down in frame
62066,,,,,,,,,,0.0,UP,0,NO PERSON,Lie down in frame
62100,,,,,,,,,,0.0,UP,0,NO PERSON,Lie down in frame
62133,,,,,,,,,,0.0,UP,0,NO PERSON,Lie down in frame
62166,,,,,,,,,,0.0,UP,0,NO PERSON,Lie down in frame
62200,,,,,,,,,,0.0,UP,0,NO PERSON,Lie down in frame
62233,,,,,,,,,,0.0,UP,0,NO PERSON,Lie down in frame
62266,,,,,,,,,,0.0,UP,0,NO PERSON,Lie down in frame
62300,,,,,,,,,,0.0,UP,0,NO PERSON,Lie down in frame
62333,,,,,,,,,,0.0,UP,0,NO PERSON,Lie down in frame
62366,,,,,,,,,,0.0,UP,0,NO PERSON,Lie down in frame
62400,,,,,,,,,,0.0,UP,0,NO PERSON,Lie down in frame
62433,,,,,,,,,,0.0,UP,0,NO PERSON,Lie down in frame
62466,,,,,,,,,,0.0,UP,0,NO PERSON,Lie down in frame
62500,,,,,,,,,,0.0,UP,0,NO PERSON,Lie down in frame
62533,,,,,,,,,,0.0,UP,0,NO PERSON,Lie down in frame
62566,,,,,,,,,,0.0,UP,0,NO PERSON,Lie down in frame
62600,,,,,,,,,,0.0,UP,0,NO PERSON,Lie down in frame
62633,,,,,,,,,,0.0,UP,0,NO PERSON,Lie down in frame
62666,,,,,,,,,,0.0,UP,0,NO PERSON,Lie down in frame
62700,,,,,,,,,,0.0,UP,0,NO PERSON,Lie down in frame
62733,,,,,,,,,,0.0,UP,0,NO PERSON,Lie down in frame
62766,,,,,,,,,,0.16,UP,0,LOW CONFIDENCE,Adjust camera view
62800,,,,,,,,,,0.317,UP,0,LOW CONFIDENCE,Adjust camera view
62833,,,,,,,,,,0.466,UP,0,LOW CONFIDENCE,Adjust camera view
62866,51.7,67.2,1.6,27.8,14.7,34.7,123.8,127.1,46.8,0.617,UP,0,FORM ISSUE,Uneven rise - avoid twisting torso
62900,52.2,62.9,2.1,17.0,9.6,30.3,121.1,127.6,52.0,0.761,UP,0,FORM ISSUE,Uneven rise - avoid twisting torso
62933,52.2,59.2,27.7,30.7,29.2,28.0,127.8,128.9,46.4,0.742,UP,0,FORM ISSUE,Uneven rise - avoid twisting torso
62966,,,,,,,,,,0.585,UP,0,NO PERSON,Lie down in frame
63000,9.7,47.2,82.8,86.1,84.5,36.1,124.2,112.1,118.8,0.568,UP,0,FORM ISSUE,Uneven rise - avoid twisting torso
63033,14.2,36.0,82.3,92.7,87.5,45.1,120.5,109.9,81.6,0.543,UP,0,FORM ISSUE,Uneven rise - avoid twisting torso
63066,13.5,28.4,83.4,52.5,68.0,55.7,113.1,111.5,51.9,0.516,UP,0,FORM ISSUE,Uneven rise - avoid twisting torso
63100,,,,,,,,,,0.375,UP,0,NO PERSON,Lie down in frame
63133,,,,,,,,,,0.482,UP,0,LOW CONFIDENCE,Adjust camera view
63166,,,,,,,,,,0.448,UP,0,LOW CONFIDENCE,Adjust camera view
63200,,,,,,,,,,0.323,UP,0,NO PERSON,Lie down in frame
63233,,,,,,,,,,0.205,UP,0,NO PERSON,Lie down in frame
63266,,,,,,,,,,0.205,UP,0,NO PERSON,Lie down in frame
63300,,,,,,,,,,0.099,UP,0,NO PERSON,Lie down in frame
63333,,,,,,,,,,0.0,UP,0,NO PERSON,Lie down in frame
63366,,,,,,,,,,0.0,UP,0,NO PERSON,Lie down in frame
63400,,,,,,,,,,0.0,UP,0,NO PERSON,Lie down in frame
63433,,,,,,,,,,0.0,UP,0,NO PERSON,Lie down in frame
63466,,,,,,,,,,0.0,UP,0,NO PERSON,Lie down in frame
63500,,,,,,,,,,0.0,UP,0,NO PERSON,Lie down in frame
63533,,,,,,,,,,0.0,UP,0,NO PERSON,Lie down in frame
63566,,,,,,,,,,0.0,UP,0,NO PERSON,Lie down in frame
63600,,,,,,,,,,0.0,UP,0,NO PERSON,Lie down in frame
63633,,,,,,,,,,0.091,UP,0,LOW CONFIDENCE,Adjust camera view
63666,,,,,,,,,,0.174,UP,0,LOW CONFIDENCE,Adjust camera view
63700,,,,,,,,,,0.25,UP,0,LOW CONFIDENCE,Adjust camera view
63733,,,,,,,,,,0.323,UP,0,LOW CONFIDENCE,Adjust camera view
63766,,,,,,,,,,0.391,UP,0,LOW CONFIDENCE,Adjust camera view
63800,,,,,,,,,,0.366,UP,0,LOW CONFIDENCE,Adjust camera view
63833,,,,,,,,,,0.346,UP,0,LOW CONFIDENCE,Adjust camera view
63866,,,,,,,,,,0.344,UP,0,LOW CONFIDENCE,Adjust camera view
63900,,,,,,,,,,0.347,UP,0,LOW CONFIDENCE,Adjust camera view
63933,,,,,,,,,,0.36,UP,0,LOW CONFIDENCE,Adjust camera view
63966,,,,,,,,,,0.294,UP,0,NO PERSON,Lie down in frame
64000,,,,,,,,,,0.303,UP,0,LOW CONFIDENCE,Adjust camera view
64033,,,,,,,,,,0.297,UP,0,LOW CONFIDENCE,Adjust camera view
64066,,,,,,,,,,0.281,UP,0,LOW CONFIDENCE,Adjust camera view
64100,,,,,,,,,,0.256,UP,0,LOW CONFIDENCE,Adjust camera view
64133,,,,,,,,,,0.307,UP,0,LOW CONFIDENCE,Adjust camera view
64166,,,,,,,,,,0.281,UP,0,LOW CONFIDENCE,Adjust camera view
64200,,,,,,,,,,0.257,UP,0,LOW CONFIDENCE,Adjust camera view
64233,,,,,,,,,,0.236,UP,0,LOW CONFIDENCE,Adjust camera view
64266,,,,,,,,,,0.217,UP,0,LOW CONFIDENCE,Adjust camera view
64300,,,,,,,,,,0.201,UP,0,LOW CONFIDENCE,Adjust camera view
64333,,,,,,,,,,0.187,UP,0,LOW CONFIDENCE,Adjust camera view
64366,,,,,,,,,,0.174,UP,0,LOW CONFIDENCE,Adjust camera view
64400,,,,,,,,,,0.162,UP,0,LOW CONFIDENCE,Adjust camera view
64433,,,,,,,,,,0.152,UP,0,LOW CONFIDENCE,Adjust camera view
64466,,,,,,,,,,0.144,UP,0,LOW CONFIDENCE,Adjust camera view
64500,,,,,,,,,,0.135,UP,0,LOW CONFIDENCE,Adjust camera view
64533,,,,,,,,,,0.128,UP,0,LOW CONFIDENCE,Adjust camera view
64566,,,,,,,,,,0.121,UP,0,LOW CONFIDENCE,Adjust camera view
64600,,,,,,,,,,0.114,UP,0,LOW CONFIDENCE,Adjust camera view
64633,,,,,,,,,,0.108,UP,0,LOW CONFIDENCE,Adjust camera view
64666,,,,,,,,,,0.103,UP,0,LOW CONFIDENCE,Adjust camera view
64700,,,,,,,,,,0.099,UP,0,LOW CONFIDENCE,Adjust camera view
64733,,,,,,,,,,0.077,UP,0,NO PERSON,Lie down in frame
64766,,,,,,,,,,0.057,UP,0,NO PERSON,Lie down in frame
64800,,,,,,,,,,0.038,UP,0,NO PERSON,Lie down in frame
64833,,,,,,,,,,0.019,UP,0,NO PERSON,Lie down in frame
64866,,,,,,,,,,0.0,UP,0,NO PERSON,Lie down in frame
64900,,,,,,,,,,0.0,UP,0,NO PERSON,Lie down in frame
64933,,,,,,,,,,0.0,UP,0,NO PERSON,Lie down in frame
64966,,,,,,,,,,0.0,UP,0,NO PERSON,Lie down in frame
65000,,,,,,,,,,0.0,UP,0,NO PERSON,Lie down in frame
65033,,,,,,,,,,0.0,UP,0,NO PERSON,Lie down in frame
65066,,,,,,,,,,0.0,UP,0,NO PERSON,Lie down in frame
65100,,,,,,,,,,0.0,UP,0,NO PERSON,Lie down in frame
65133,,,,,,,,,,0.0,UP,0,NO PERSON,Lie down in frame
65166,,,,,,,,,,0.0,UP,0,NO PERSON,Lie down in frame
65200,,,,,,,,,,0.0,UP,0,NO PERSON,Lie down in frame
65233,,,,,,,,,,0.025,UP,0,LOW CONFIDENCE,Adjust camera view
65266,,,,,,,,,,0.051,UP,0,LOW CONFIDENCE,Adjust camera view
65300,,,,,,,,,,0.077,UP,0,LOW CONFIDENCE,Adjust camera view
65333,,,,,,,,,,0.104,UP,0,LOW CONFIDENCE,Adjust camera view
65366,,,,,,,,,,0.133,UP,0,LOW CONFIDENCE,Adjust camera view
65400,,,,,,,,,,0.138,UP,0,LOW CONFIDENCE,Adjust camera view
65433,,,,,,,,,,0.144,UP,0,LOW CONFIDENCE,Adjust camera view
65466,,,,,,,,,,0.148,UP,0,LOW CONFIDENCE,Adjust camera view
65500,,,,,,,,,,0.153,UP,0,LOW CONFIDENCE,Adjust camera view
65533,,,,,,,,,,0.155,UP,0,LOW CONFIDENCE,Adjust camera view
65566,,,,,,,,,,0.153,UP,0,LOW CONFIDENCE,Adjust camera view
65600,,,,,,,,,,0.151,UP,0,LOW CONFIDENCE,Adjust camera view
65633,,,,,,,,,,0.151,UP,0,LOW CONFIDENCE,Adjust camera view
65666,,,,,,,,,,0.159,UP,0,LOW CONFIDENCE,Adjust camera view
65700,,,,,,,,,,0.128,UP,0,NO PERSON,Lie down in frame
65733,,,,,,,,,,0.099,UP,0,NO PERSON,Lie down in frame
65766,,,,,,,,,,0.071,UP,0,NO PERSON,Lie down in frame
65800,,,,,,,,,,0.04,UP,0,NO PERSON,Lie down in frame
65833,,,,,,,,,,0.0,UP,0,NO PERSON,Lie down in frame
65866,,,,,,,,,,0.0,UP,0,NO PERSON,Lie down in frame
65900,,,,,,,,,,0.0,UP,0,NO PERSON,Lie down in frame
65933,,,,,,,,,,0.0,UP,0,NO PERSON,Lie down in frame
65966,,,,,,,,,,0.0,UP,0,NO PERSON,Lie down in frame
66000,,,,,,,,,,0.0,UP,0,NO PERSON,Lie down in frame
66033,,,,,,,,,,0.0,UP,0,NO PERSON,Lie down in frame
66066,,,,,,,,,,0.0,UP,0,NO PERSON,Lie down in frame
66100,,,,,,,,,,0.0,UP,0,NO PERSON,Lie down in frame
66133,,,,,,,,,,0.0,UP,0,NO PERSON,Lie down in frame
66166,,,,,,,,,,0.0,UP,0,NO PERSON,Lie down in frame
66200,,,,,,,,,,0.0,UP,0,NO PERSON,Lie down in frame
66233,,,,,,,,,,0.0,UP,0,NO PERSON,Lie down in frame
66266,,,,,,,,,,0.0,UP,0,NO PERSON,Lie down in frame
66300,,,,,,,,,,0.0,UP,0,NO PERSON,Lie down in frame
66333,,,,,,,,,,0.0,UP,0,NO PERSON,Lie down in frame
66366,,,,,,,,,,0.0,UP,0,NO PERSON,Lie down in frame
66400,,,,,,,,,,0.0,UP,0,NO PERSON,Lie down in frame
66433,,,,,,,,,,0.0,UP,0,NO PERSON,Lie down in frame
66466,,,,,,,,,,0.0,UP,0,NO PERSON,Lie down in frame
66500,,,,,,,,,,0.0,UP,0,NO PERSON,Lie down in frame
66533,,,,,,,,,,0.0,UP,0,NO PERSON,Lie down in frame
66566,,,,,,,,,,0.0,UP,0,NO PERSON,Lie down in frame
66600,,,,,,,,,,0.0,UP,0,NO PERSON,Lie down in frame
66633,,,,,,,,,,0.0,UP,0,NO PERSON,Lie down in frame
66666,,,,,,,,,,0.0,UP,0,NO PERSON,Lie down in frame
66700,,,,,,,,,,0.0,UP,0,NO PERSON,Lie down in frame
66733,,,,,,,,,,0.0,UP,0,NO PERSON,Lie down in frame
66766,,,,,,,,,,0.0,UP,0,NO PERSON,Lie down in frame
66800,,,,,,,,,,0.0,UP,0,NO PERSON,Lie down in frame
66833,,,,,,,,,,0.0,UP,0,NO PERSON,Lie down in frame
66866,,,,,,,,,,0.0,UP,0,NO PERSON,Lie down in frame
66900,,,,,,,,,,0.0,UP,0,NO PERSON,Lie down in frame
66933,,,,,,,,,,0.0,UP,0,NO PERSON,Lie down in frame
66966,,,,,,,,,,0.0,UP,0,NO PERSON,Lie down in frame
67000,,,,,,,,,,0.0,UP,0,NO PERSON,Lie down in frame
67033,,,,,,,,,,0.0,UP,0,NO PERSON,Lie down in frame
67066,,,,,,,,,,0.0,UP,0,NO PERSON,Lie down in frame
67100,,,,,,,,,,0.0,UP,0,NO PERSON,Lie down in frame
67133,,,,,,,,,,0.0,UP,0,NO PERSON,Lie down in frame
67166,,,,,,,,,,0.0,UP,0,NO PERSON,Lie down in frame
67200,,,,,,,,,,0.0,UP,0,NO PERSON,Lie down in frame
67233,,,,,,,,,,0.0,UP,0,NO PERSON,Lie down in frame
67266,,,,,,,,,,0.0,UP,0,NO PERSON,Lie down in frame
67300,,,,,,,,,,0.0,UP,0,NO PERSON,Lie down in frame
67333,,,,,,,,,,0.0,UP,0,NO PERSON,Lie down in frame
67366,,,,,,,,,,0.0,UP,0,NO PERSON,Lie down in frame
67400,,,,,,,,,,0.0,UP,0,NO PERSON,Lie down in frame
67433,,,,,,,,,,0.0,UP,0,NO PERSON,Lie down in frame
67466,,,,,,,,,,0.0,UP,0,NO PERSON,Lie down in frame
67500,,,,,,,,,,0.0,UP,0,NO PERSON,Lie down in frame
67533,,,,,,,,,,0.0,UP,0,NO PERSON,Lie down in frame
67566,,,,,,,,,,0.0,UP,0,NO PERSON,Lie down in frame
67600,,,,,,,,,,0.0,UP,0,NO PERSON,Lie down in frame
67633,,,,,,,,,,0.0,UP,0,NO PERSON,Lie down in frame
67666,,,,,,,,,,0.0,UP,0,NO PERSON,Lie down in frame
67700,,,,,,,,,,0.0,UP,0,NO PERSON,Lie down in frame
67733,,,,,,,,,,0.0,UP,0,NO PERSON,Lie down in frame
67766,,,,,,,,,,0.056,UP,0,LOW CONFIDENCE,Adjust camera view
67800,,,,,,,,,,0.125,UP,0,LOW CONFIDENCE,Adjust camera view
67833,,,,,,,,,,0.207,UP,0,LOW CONFIDENCE,Adjust camera view
67866,,,,,,,,,,0.3,UP,0,LOW CONFIDENCE,Adjust camera view
67900,,,,,,,,,,0.403,UP,0,LOW CONFIDENCE,Adjust camera view
67933,,,,,,,,,,0.46,UP,0,LOW CONFIDENCE,Adjust camera view
67966,84.6,34.9,18.5,7.0,12.7,56.4,166.8,175.4,13.0,0.51,UP,0,FORM ISSUE,Uneven rise - avoid twisting torso
68000,85.8,41.6,17.3,7.3,12.3,53.0,163.5,179.6,11.4,0.553,UP,0,FORM ISSUE,Uneven rise - avoid twisting torso
68033,86.9,57.0,13.6,7.9,10.8,38.3,164.4,179.8,8.4,0.585,UP,0,FORM ISSUE,Uneven rise - avoid twisting torso
68066,87.4,71.7,13.9,7.9,10.9,22.9,167.3,180.0,5.8,0.609,UP,0,FORM ISSUE,Uneven rise - avoid twisting torso
68100,85.3,86.0,17.5,27.3,22.4,13.8,164.0,177.3,8.4,0.626,UP,0,FORM ISSUE,Uneven rise - avoid twisting torso
68133,84.3,85.9,18.1,29.7,23.9,16.1,159.1,176.2,11.7,0.637,UP,0,FORM ISSUE,Uneven rise - avoid twisting torso
68166,83.3,85.4,20.6,48.3,34.4,20.5,156.2,176.0,16.9,0.648,UP,0,FORM ISSUE,Uneven rise - avoid twisting torso
68200,83.2,84.7,25.8,69.3,47.5,27.8,152.7,176.4,17.8,0.658,UP,0,FORM ISSUE,Uneven rise - avoid twisting torso
68233,82.1,83.6,26.9,51.6,39.2,33.5,150.6,177.8,20.7,0.666,UP,0,FORM ISSUE,Uneven rise - avoid twisting torso
68266,81.4,82.9,26.2,35.5,30.9,35.2,148.1,177.5,22.8,0.674,UP,0,FORM ISSUE,Uneven rise - avoid twisting torso
68300,81.5,82.3,26.4,33.2,29.8,36.4,150.1,178.1,24.5,0.681,UP,0,FORM ISSUE,Uneven rise - avoid twisting torso
68333,80.7,81.8,26.6,31.9,29.3,35.3,151.3,178.6,25.2,0.685,UP,0,FORM ISSUE,Uneven rise - avoid twisting torso
68366,81.2,81.4,25.7,43.9,34.8,32.8,149.1,177.6,25.4,0.688,UP,0,FORM ISSUE,Uneven rise - avoid twisting torso
68400,81.5,81.3,23.3,73.2,48.3,34.6,150.5,177.7,23.3,0.689,UP,0,FORM ISSUE,Uneven rise - avoid twisting torso
68433,82.3,81.5,19.2,62.5,40.8,36.6,152.1,177.4,21.4,0.688,UP,0,FORM ISSUE,Uneven rise - avoid twisting torso
68466,82.8,81.7,15.6,47.0,31.3,36.9,155.6,177.1,20.4,0.685,UP,0,FORM ISSUE,Uneven rise - avoid twisting torso
68500,82.3,82.0,14.7,40.9,27.8,36.6,156.9,174.1,20.8,0.68,UP,0,FORM ISSUE,Uneven rise - avoid twisting torso
68533,82.5,82.3,14.7,61.4,38.1,37.2,153.0,172.8,20.2,0.676,UP,0,FORM ISSUE,Uneven rise - avoid twisting torso
68566,82.5,82.5,14.8,40.9,27.9,33.2,153.5,171.7,19.9,0.675,UP,0,FORM ISSUE,Uneven rise - avoid twisting torso
68600,82.9,82.6,14.8,43.4,29.1,30.8,154.1,171.8,19.4,0.673,UP,0,FORM ISSUE,Uneven rise - avoid twisting torso
68633,83.1,82.7,14.7,63.1,38.9,32.3,155.8,173.0,18.7,0.67,UP,0,FORM ISSUE,Uneven rise - avoid twisting torso
68666,83.1,82.8,16.8,78.5,47.7,36.3,154.9,171.0,19.0,0.665,UP,0,FORM ISSUE,Uneven rise - avoid twisting torso
68700,83.0,82.9,30.5,143.2,86.8,46.1,157.3,173.2,19.3,0.659,UP,0,FORM ISSUE,Uneven rise - avoid twisting torso
68733,82.8,83.0,25.0,70.0,47.5,50.0,159.1,172.2,24.4,0.652,UP,0,FORM ISSUE,Uneven rise - avoid twisting torso
68766,82.8,83.0,23.1,87.9,55.5,55.3,157.6,171.3,26.3,0.642,UP,0,FORM ISSUE,Uneven rise - avoid twisting torso
68800,82.7,82.9,20.7,63.1,41.9,55.9,162.1,169.3,29.3,0.635,UP,0,FORM ISSUE,Uneven rise - avoid twisting torso
68833,82.7,82.8,22.2,64.3,43.3,55.0,159.4,170.3,29.8,0.63,UP,0,FORM ISSUE,Uneven rise - avoid twisting torso
68866,82.7,82.7,21.1,63.3,42.2,46.1,159.0,171.2,29.2,0.627,UP,0,FORM ISSUE,Uneven rise - avoid twisting torso
68900,82.4,82.7,59.6,152.7,106.2,57.8,158.7,173.1,28.0,0.622,UP,0,FORM ISSUE,Uneven rise - avoid twisting torso
68933,82.0,82.5,122.6,165.2,143.9,75.5,158.7,173.0,27.7,0.614,UP,0,FORM ISSUE,Uneven rise - avoid twisting torso
68966,82.2,82.4,48.2,135.9,92.0,85.5,159.2,173.4,27.0,0.604,UP,0,FORM ISSUE,Uneven rise - avoid twisting torso
69000,82.5,82.4,34.5,95.5,65.0,89.9,160.2,174.4,26.1,0.589,UP,0,FORM ISSUE,Uneven rise - avoid twisting torso
69033,82.4,82.3,15.3,13.1,14.2,84.2,166.9,169.4,21.9,0.581,UP,0,FORM ISSUE,Uneven rise - avoid twisting torso
69066,83.4,82.5,11.7,15.6,13.7,65.7,173.6,176.4,8.0,0.575,UP,0,FORM ISSUE,Uneven rise - avoid twisting torso
69100,84.0,82.9,10.6,15.1,12.8,39.5,174.1,176.2,10.0,0.576,UP,0,FORM ISSUE,Uneven rise - avoid twisting torso
69133,83.8,83.2,25.9,17.5,21.7,25.5,158.2,153.1,31.3,0.587,UP,0,FORM ISSUE,Uneven rise - avoid twisting torso
69166,80.9,82.9,24.4,5.4,14.9,15.5,158.5,148.6,43.0,0.61,UP,0,FORM ISSUE,Uneven rise - avoid twisting torso
69200,78.2,82.1,17.3,0.1,8.7,14.4,158.2,150.7,55.3,0.63,UP,0,FORM ISSUE,Uneven rise - avoid twisting torso
69233,77.3,80.8,17.2,6.0,11.6,13.9,164.2,153.6,57.8,0.653,UP,0,FORM ISSUE,Uneven rise - avoid twisting torso
69266,78.8,79.8,29.0,52.0,40.5,19.5,174.5,153.4,60.7,0.67,UP,0,FORM ISSUE,Uneven rise - avoid twisting torso
69300,79.4,78.9,1.5,9.0,5.2,16.2,176.1,154.5,64.9,0.682,UP,0,FORM ISSUE,Uneven rise - avoid twisting torso
69333,79.5,78.7,1.7,7.7,4.7,14.1,177.6,154.4,65.2,0.693,UP,0,FORM ISSUE,Uneven rise - avoid twisting torso
69366,80.6,79.1,0.2,5.8,3.0,13.0,177.4,160.9,59.1,0.699,UP,0,FORM ISSUE,Uneven rise - avoid twisting torso
69400,81.5,80.0,13.2,10.7,12.0,13.1,154.6,179.3,53.7,0.702,UP,0,FORM ISSUE,Uneven rise - avoid twisting torso
69433,81.5,80.5,16.0,7.5,11.8,7.3,165.1,163.7,53.5,0.705,UP,0,FORM ISSUE,Uneven rise - avoid twisting torso
69466,80.2,80.7,20.9,19.5,20.2,10.3,170.7,165.1,53.6,0.704,UP,0,FORM ISSUE,Uneven rise - avoid twisting torso
69500,77.6,80.3,10.3,10.8,10.6,11.5,168.7,168.4,53.0,0.69,UP,0,FORM ISSUE,Uneven rise - avoid twisting torso
69533,76.1,79.4,11.8,9.2,10.5,13.0,159.8,174.7,57.2,0.671,UP,0,FORM ISSUE,Uneven rise - avoid twisting torso
69566,76.0,78.3,9.5,8.4,8.9,12.4,169.4,167.4,58.7,0.65,UP,0,FORM ISSUE,Uneven rise - avoid twisting torso
69600,74.8,76.9,13.8,7.6,10.7,12.2,173.4,169.2,61.4,0.627,UP,0,FORM ISSUE,Uneven rise - avoid twisting torso
69633,74.4,75.8,7.1,6.7,6.9,9.5,170.5,176.3,68.9,0.604,UP,0,FORM ISSUE,Uneven rise - avoid twisting torso
69666,72.4,74.7,10.9,13.0,11.9,9.8,147.2,176.7,71.6,0.588,UP,0,FORM ISSUE,Uneven rise - avoid twisting torso
69700,70.9,73.7,2.5,9.2,5.9,8.9,163.3,169.3,65.9,0.574,UP,0,FORM ISSUE,Uneven rise - avoid twisting torso
69733,71.5,72.8,14.1,11.2,12.7,9.6,154.1,161.9,67.9,0.557,UP,0,FORM ISSUE,Uneven rise - avoid twisting torso
69766,71.9,72.2,9.7,7.3,8.5,9.2,162.1,168.7,63.7,0.545,UP,0,FORM ISSUE,Uneven rise - avoid twisting torso
69800,74.3,72.2,7.5,9.6,8.5,9.5,137.3,150.5,64.1,0.528,UP,0,FORM ISSUE,Uneven rise - avoid twisting torso
69833,76.1,72.9,8.4,9.8,9.1,8.9,144.3,156.8,63.5,0.505,UP,0,FORM ISSUE,Uneven rise - avoid twisting torso
69866,,,,,,,,,,0.48,UP,0,LOW CONFIDENCE,Adjust camera view
69900,,,,,,,,,,0.458,UP,0,LOW CONFIDENCE,Adjust camera view
69933,,,,,,,,,,0.437,UP,0,LOW CONFIDENCE,Adjust camera view
69966,,,,,,,,,,0.421,UP,0,LOW CONFIDENCE,Adjust camera view
70000,,,,,,,,,,0.411,UP,0,LOW CONFIDENCE,Adjust camera view
70033,,,,,,,,,,0.404,UP,0,LOW CONFIDENCE,Adjust camera view
70066,,,,,,,,,,0.402,UP,0,LOW CONFIDENCE,Adjust camera view
70100,,,,,,,,,,0.403,UP,0,LOW CONFIDENCE,Adjust camera view
70133,,,,,,,,,,0.407,UP,0,LOW CONFIDENCE,Adjust camera view
70166,,,,,,,,,,0.412,UP,0,LOW CONFIDENCE,Adjust camera view
70200,,,,,,,,,,0.419,UP,0,LOW CONFIDENCE,Adjust camera view
70233,,,,,,,,,,0.426,UP,0,LOW CONFIDENCE,Adjust camera view
70266,,,,,,,,,,0.435,UP,0,LOW CONFIDENCE,Adjust camera view
70300,,,,,,,,,,0.445,UP,0,LOW CONFIDENCE,Adjust camera view
70333,,,,,,,,,,0.455,UP,0,LOW CONFIDENCE,Adjust camera view
70366,,,,,,,,,,0.468,UP,0,LOW CONFIDENCE,Adjust camera view
70400,,,,,,,,,,0.485,UP,0,LOW CONFIDENCE,Adjust camera view
70433,,,,,,,,,,0.495,UP,0,LOW CONFIDENCE,Adjust camera view
70466,,,,,,,,,,0.499,UP,0,LOW CONFIDENCE,Adjust camera view
70500,,,,,,,,,,0.495,UP,0,LOW CONFIDENCE,Adjust camera view
70533,,,,,,,,,,0.48,UP,0,LOW CONFIDENCE,Adjust camera view
70566,,,,,,,,,,0.458,UP,0,LOW CONFIDENCE,Adjust camera view
70600,,,,,,,,,,0.434,UP,0,LOW CONFIDENCE,Adjust camera view
70633,,,,,,,,,,0.413,UP,0,LOW CONFIDENCE,Adjust camera view
70666,,,,,,,,,,0.395,UP,0,LOW CONFIDENCE,Adjust camera view
70700,,,,,,,,,,0.38,UP,0,LOW CONFIDENCE,Adjust camera view
70733,,,,,,,,,,0.365,UP,0,LOW CONFIDENCE,Adjust camera view
70766,,,,,,,,,,0.355,UP,0,LOW CONFIDENCE,Adjust camera view
70800,,,,,,,,,,0.348,UP,0,LOW CONFIDENCE,Adjust camera view
70833,,,,,,,,,,0.337,UP,0,LOW CONFIDENCE,Adjust camera view
70866,,,,,,,,,,0.326,UP,0,LOW CONFIDENCE,Adjust camera view
70900,,,,,,,,,,0.315,UP,0,LOW CONFIDENCE,Adjust camera view
70933,,,,,,,,,,0.302,UP,0,LOW CONFIDENCE,Adjust camera view
70966,,,,,,,,,,0.287,UP,0,LOW CONFIDENCE,Adjust camera view
71000,,,,,,,,,,0.275,UP,0,LOW CONFIDENCE,Adjust camera view
71033,,,,,,,,,,0.263,UP,0,LOW CONFIDENCE,Adjust camera view
71066,,,,,,,,,,0.253,UP,0,LOW CONFIDENCE,Adjust camera view
71100,,,,,,,,,,0.243,UP,0,LOW CONFIDENCE,Adjust camera view
71133,,,,,,,,,,0.232,UP,0,LOW CONFIDENCE,Adjust camera view
71166,,,,,,,,,,0.223,UP,0,LOW CONFIDENCE,Adjust camera view
71200,,,,,,,,,,0.215,UP,0,LOW CONFIDENCE,Adjust camera view
71233,,,,,,,,,,0.208,UP,0,LOW CONFIDENCE,Adjust camera view
71266,,,,,,,,,,0.208,UP,0,LOW CONFIDENCE,Adjust camera view
71300,,,,,,,,,,0.214,UP,0,LOW CONFIDENCE,Adjust camera view
71333,,,,,,,,,,0.221,UP,0,LOW CONFIDENCE,Adjust camera view
71366,,,,,,,,,,0.236,UP,0,LOW CONFIDENCE,Adjust camera view
71400,,,,,,,,,,0.26,UP,0,LOW CONFIDENCE,Adjust camera view
71433,,,,,,,,,,0.285,UP,0,LOW CONFIDENCE,Adjust camera view
71466,,,,,,,,,,0.313,UP,0,LOW CONFIDENCE,Adjust camera view
71500,,,,,,,,,,0.345,UP,0,LOW CONFIDENCE,Adjust camera view
71533,,,,,,,,,,0.368,UP,0,LOW CONFIDENCE,Adjust camera view
71566,,,,,,,,,,0.391,UP,0,LOW CONFIDENCE,Adjust camera view
71600,,,,,,,,,,0.408,UP,0,LOW CONFIDENCE,Adjust camera view
71633,,,,,,,,,,0.421,UP,0,LOW CONFIDENCE,Adjust camera view
71666,,,,,,,,,,0.433,UP,0,LOW CONFIDENCE,Adjust camera view
71700,,,,,,,,,,0.45,UP,0,LOW CONFIDENCE,Adjust camera view
71733,,,,,,,,,,0.457,UP,0,LOW CONFIDENCE,Adjust camera view
71766,,,,,,,,,,0.468,UP,0,LOW CONFIDENCE,Adjust camera view
71800,,,,,,,,,,0.484,UP,0,LOW CONFIDENCE,Adjust camera view
71833,37.5,66.3,87.0,83.1,85.1,24.8,115.6,170.5,11.9,0.501,UP,0,FORM ISSUE,Uneven rise - avoid twisting torso
71866,29.2,57.8,90.1,90.4,90.3,40.3,107.6,158.6,7.8,0.519,UP,0,FORM ISSUE,Uneven rise - avoid twisting torso
71900,21.8,47.8,97.9,94.9,96.4,57.9,102.3,152.1,4.8,0.538,UP,0,FORM ISSUE,Uneven rise - avoid twisting torso
71933,16.8,36.3,101.9,102.4,102.2,76.6,99.4,139.2,3.7,0.554,UP,0,FORM ISSUE,Uneven rise - avoid twisting torso
71966,13.6,23.8,104.8,104.9,104.9,95.8,106.3,135.8,6.6,0.563,UP,0,FORM ISSUE,Uneven rise - avoid twisting torso
72000,10.6,18.4,106.8,105.9,106.3,100.0,101.5,130.0,10.0,0.569,DESCENDING,0,FORM ISSUE,Uneven rise - avoid twisting torso
72033,9.7,14.5,108.7,105.0,106.8,103.3,102.5,129.0,11.1,0.572,DESCENDING,0,FORM ISSUE,Uneven rise - avoid twisting torso
72066,9.3,12.0,108.9,107.1,108.0,105.6,102.1,130.0,11.5,0.575,DESCENDING,0,FORM ISSUE,Uneven rise - avoid twisting torso
72100,8.7,10.4,108.9,108.2,108.5,106.9,103.1,131.6,12.2,0.58,DESCENDING,0,FORM ISSUE,Uneven rise - avoid twisting torso
72133,8.0,9.2,108.7,109.6,109.1,107.8,103.2,131.2,9.5,0.581,DOWN,1,FORM ISSUE,Uneven rise - avoid twisting torso
72166,7.9,8.7,107.9,109.5,108.7,108.2,100.9,130.8,7.6,0.578,DOWN,1,FORM ISSUE,Uneven rise - avoid twisting torso
72200,8.4,8.5,107.0,109.1,108.1,108.5,98.8,126.7,5.6,0.571,DOWN,1,FORM ISSUE,Uneven rise - avoid twisting torso
72233,8.6,8.3,107.3,109.1,108.2,108.5,101.2,128.0,6.6,0.567,DOWN,1,FORM ISSUE,Uneven rise - avoid twisting torso
72266,8.4,8.3,107.4,109.3,108.3,108.5,101.5,129.1,6.5,0.562,DOWN,1,FORM ISSUE,Uneven rise - avoid twisting torso
72300,8.1,8.3,108.3,109.4,108.8,108.4,99.0,129.8,6.2,0.559,DOWN,1,FORM ISSUE,Uneven rise - avoid twisting torso
72333,8.4,8.4,108.0,108.8,108.4,108.4,96.8,130.3,5.6,0.558,DOWN,1,FORM ISSUE,Uneven rise - avoid twisting torso
72366,8.0,8.3,108.1,110.0,109.1,108.6,96.5,132.1,5.4,0.559,DOWN,1,FORM ISSUE,Uneven rise - avoid twisting torso
72400,8.0,8.2,106.5,110.3,108.4,108.6,98.4,133.1,5.5,0.559,DOWN,1,FORM ISSUE,Uneven rise - avoid twisting torso
72433,8.1,8.1,106.4,110.3,108.3,108.6,97.6,133.7,6.0,0.558,DOWN,1,FORM ISSUE,Uneven rise - avoid twisting torso
72466,8.3,8.1,106.5,110.4,108.4,108.5,97.0,134.1,5.8,0.56,DOWN,1,FORM ISSUE,Uneven rise - avoid twisting torso
72500,8.2,8.1,106.7,110.1,108.4,108.5,99.3,133.7,5.9,0.564,DOWN,1,FORM ISSUE,Uneven rise - avoid twisting torso
72533,8.1,8.1,107.0,110.3,108.7,108.4,97.7,132.8,6.2,0.571,DOWN,1,FORM ISSUE,Uneven rise - avoid twisting torso
72566,8.4,8.2,107.1,109.4,108.2,108.4,97.9,132.6,6.8,0.578,DOWN,1,FORM ISSUE,Uneven rise - avoid twisting torso
72600,8.4,8.3,108.1,109.3,108.7,108.5,96.8,131.1,6.7,0.583,DOWN,1,FORM ISSUE,Uneven rise - avoid twisting torso
72633,8.6,8.3,107.9,109.0,108.4,108.5,96.2,131.2,7.2,0.585,DOWN,1,FORM ISSUE,Uneven rise - avoid twisting torso
72666,8.5,8.4,108.5,108.7,108.6,108.5,96.0,131.1,7.2,0.584,DOWN,1,FORM ISSUE,Uneven rise - avoid twisting torso
72700,8.8,8.6,108.6,108.4,108.5,108.5,95.5,130.9,6.5,0.582,DOWN,1,FORM ISSUE,Uneven rise - avoid twisting torso
72733,8.8,8.6,108.7,108.2,108.4,108.5,95.7,130.5,6.6,0.58,DOWN,1,FORM ISSUE,Uneven rise - avoid twisting torso
72766,8.7,8.7,108.4,108.7,108.6,108.5,94.2,130.8,6.4,0.577,DOWN,1,FORM ISSUE,Uneven rise - avoid twisting torso
72800,9.0,8.8,108.2,108.7,108.4,108.5,98.9,131.7,6.2,0.576,DOWN,1,FORM ISSUE,Uneven rise - avoid twisting torso
72833,8.8,8.8,108.5,109.3,108.9,108.6,101.4,130.6,7.7,0.578,DOWN,1,FORM ISSUE,Uneven rise - avoid twisting torso
72866,9.0,8.9,108.7,108.7,108.7,108.6,101.7,130.0,5.8,0.578,DOWN,1,FORM ISSUE,Uneven rise - avoid twisting torso
72900,8.7,8.8,109.2,108.7,108.9,108.7,102.2,129.9,7.3,0.579,DOWN,1,FORM ISSUE,Uneven rise - avoid twisting torso
72933,8.3,8.8,109.1,110.1,109.6,108.9,100.8,128.7,4.4,0.581,DOWN,1,FORM ISSUE,Uneven rise - avoid twisting torso
72966,7.9,8.5,109.0,111.0,110.0,109.2,101.1,129.3,4.1,0.582,DOWN,1,FORM ISSUE,Uneven rise - avoid twisting torso
73000,7.5,8.3,109.2,112.1,110.7,109.6,99.2,129.3,5.6,0.578,DOWN,1,FORM ISSUE,Uneven rise - avoid twisting torso
73033,7.5,8.0,109.1,111.9,110.5,109.9,99.2,128.5,4.0,0.575,DOWN,1,FORM ISSUE,Uneven rise - avoid twisting torso
73066,7.6,7.7,109.3,112.4,110.9,110.3,96.5,126.5,2.5,0.566,DOWN,1,FORM ISSUE,Uneven rise - avoid twisting torso
73100,7.6,7.6,109.4,112.8,111.1,110.6,95.1,125.8,1.3,0.556,DOWN,1,FORM ISSUE,Uneven rise - avoid twisting torso
73133,7.6,7.6,109.2,112.7,111.0,110.8,94.7,126.2,1.0,0.543,DOWN,1,FORM ISSUE,Uneven rise - avoid twisting torso
73166,7.6,7.6,109.5,111.6,110.5,110.8,94.5,127.2,2.0,0.532,DOWN,1,FORM ISSUE,Uneven rise - avoid twisting torso
73200,7.6,7.6,108.6,111.5,110.0,110.7,94.8,126.5,2.0,0.525,DOWN,1,FORM ISSUE,Uneven rise - avoid twisting torso
73233,8.2,7.7,108.2,110.1,109.1,110.4,94.6,126.0,3.3,0.52,DOWN,1,FORM ISSUE,Uneven rise - avoid twisting torso
73266,8.6,7.9,107.7,109.1,108.4,109.8,94.6,126.3,4.9,0.52,DOWN,1,FORM ISSUE,Uneven rise - avoid twisting torso
73300,8.7,8.1,107.1,108.7,107.9,109.2,94.5,126.4,6.1,0.523,DOWN,1,FORM ISSUE,Uneven rise - avoid twisting torso
73333,8.6,8.3,108.0,108.8,108.4,108.8,93.4,124.8,7.9,0.528,DOWN,1,FORM ISSUE,Uneven rise - avoid twisting torso
73366,8.9,8.6,107.8,108.2,108.0,108.4,93.1,124.5,10.4,0.532,DOWN,1,FORM ISSUE,Uneven rise - avoid twisting torso
73400,9.0,8.7,108.4,108.3,108.3,108.2,91.8,124.3,11.3,0.538,DOWN,1,FORM ISSUE,Uneven rise - avoid twisting torso
73433,9.1,8.9,108.9,108.5,108.7,108.2,87.9,122.8,11.9,0.541,DOWN,1,FORM ISSUE,Uneven rise - avoid twisting torso
73466,9.1,8.9,108.9,108.4,108.7,108.4,88.0,123.0,11.1,0.542,DOWN,1,FORM ISSUE,Uneven rise - avoid twisting torso
73500,9.2,9.0,108.3,108.1,108.2,108.4,87.0,123.5,11.4,0.544,DOWN,1,FORM ISSUE,Uneven rise - avoid twisting torso
73533,9.3,9.1,108.5,107.3,107.9,108.3,88.4,124.5,12.9,0.549,DOWN,1,FORM ISSUE,Uneven rise - avoid twisting torso
73566,9.3,9.2,108.7,107.1,107.9,108.3,88.1,124.6,14.4,0.55,DOWN,1,FORM ISSUE,Uneven rise - avoid twisting torso
73600,9.2,9.2,108.4,107.5,107.9,108.1,87.1,124.0,13.0,0.553,DOWN,1,FORM ISSUE,Uneven rise - avoid twisting torso
73633,10.0,9.4,108.9,106.3,107.6,107.9,87.1,123.9,12.3,0.556,DOWN,1,FORM ISSUE,Uneven rise - avoid twisting torso
73666,10.3,9.6,109.1,105.8,107.5,107.8,89.2,123.6,12.7,0.561,DOWN,1,FORM ISSUE,Uneven rise - avoid twisting torso
73700,10.2,9.8,108.8,105.7,107.3,107.6,89.9,123.8,12.7,0.566,DOWN,1,FORM ISSUE,Uneven rise - avoid twisting torso
73733,10.5,10.0,107.7,105.8,106.7,107.4,90.9,125.8,11.5,0.572,DOWN,1,FORM ISSUE,Uneven rise - avoid twisting torso
73766,10.3,10.3,107.4,105.8,106.6,107.1,91.0,124.9,12.7,0.581,DOWN,1,FORM ISSUE,Uneven rise - avoid twisting torso
73800,9.3,10.2,106.5,109.2,107.8,107.2,90.9,121.7,5.1,0.587,DOWN,1,FORM ISSUE,Uneven rise - avoid twisting torso
73833,8.5,9.8,106.0,110.9,108.4,107.4,90.1,122.1,1.9,0.587,DOWN,1,FORM ISSUE,Uneven rise - avoid twisting torso
73866,7.7,9.3,106.0,112.2,109.1,107.8,88.2,122.5,0.2,0.581,DOWN,1,FORM ISSUE,Uneven rise - avoid twisting torso
73900,7.6,8.7,106.3,112.3,109.3,108.3,86.8,122.3,0.2,0.573,DOWN,1,FORM ISSUE,Uneven rise - avoid twisting torso
73933,7.2,8.1,105.1,112.5,108.8,108.7,84.3,109.6,5.7,0.56,DOWN,1,FORM ISSUE,Uneven rise - avoid twisting torso
73966,7.3,7.7,104.2,113.1,108.7,108.9,84.0,113.5,5.9,0.552,DOWN,1,FORM ISSUE,Uneven rise - avoid twisting torso
74000,8.1,7.6,102.3,111.9,107.1,108.6,80.8,108.7,10.6,0.547,DOWN,1,FORM ISSUE,Uneven rise - avoid twisting torso
74033,8.1,7.7,102.8,111.7,107.2,108.2,82.9,109.9,11.0,0.545,DOWN,1,FORM ISSUE,Uneven rise - avoid twisting torso
74066,7.4,7.6,104.1,113.1,108.6,108.1,83.1,123.8,12.7,0.542,DOWN,1,FORM ISSUE,Uneven rise - avoid twisting torso
74100,6.9,7.6,104.4,114.0,109.2,108.2,83.2,127.7,13.7,0.538,DOWN,1,FORM ISSUE,Uneven rise - avoid twisting torso
74133,6.8,7.5,104.4,113.2,108.8,108.2,83.5,128.4,12.5,0.532,DOWN,1,FORM ISSUE,Uneven rise - avoid twisting torso
74166,6.9,7.2,104.2,112.4,108.3,108.4,84.7,128.9,12.2,0.522,DOWN,1,FORM ISSUE,Uneven rise - avoid twisting torso
74200,7.4,7.1,103.7,111.1,107.4,108.5,85.0,125.5,14.4,0.512,DOWN,1,FORM ISSUE,Uneven rise - avoid twisting torso
74233,8.1,7.2,103.0,108.8,105.9,107.9,84.4,123.6,14.1,0.504,DOWN,1,FORM ISSUE,Uneven rise - avoid twisting torso
74266,,,,,,,,,,0.499,DOWN,1,LOW CONFIDENCE,Adjust camera view
74300,,,,,,,,,,0.495,DOWN,1,LOW CONFIDENCE,Adjust camera view
74333,,,,,,,,,,0.493,DOWN,1,LOW CONFIDENCE,Adjust camera view
74366,,,,,,,,,,0.491,DOWN,1,LOW CONFIDENCE,Adjust camera view
74400,,,,,,,,,,0.489,DOWN,1,LOW CONFIDENCE,Adjust camera view
74433,,,,,,,,,,0.486,DOWN,1,LOW CONFIDENCE,Adjust camera view
74466,,,,,,,,,,0.483,DOWN,1,LOW CONFIDENCE,Adjust camera view
74500,,,,,,,,,,0.48,DOWN,1,LOW CONFIDENCE,Adjust camera view
74533,,,,,,,,,,0.477,DOWN,1,LOW CONFIDENCE,Adjust camera view
74566,,,,,,,,,,0.472,DOWN,1,LOW CONFIDENCE,Adjust camera view
74600,,,,,,,,,,0.467,DOWN,1,LOW CONFIDENCE,Adjust camera view
74633,,,,,,,,,,0.461,DOWN,1,LOW CONFIDENCE,Adjust camera view
74666,,,,,,,,,,0.453,DOWN,1,LOW CONFIDENCE,Adjust camera view
74700,,,,,,,,,,0.446,DOWN,1,LOW CONFIDENCE,Adjust camera view
74733,,,,,,,,,,0.441,DOWN,1,LOW CONFIDENCE,Adjust camera view
74766,,,,,,,,,,0.438,DOWN,1,LOW CONFIDENCE,Adjust camera view
74800,,,,,,,,,,0.438,DOWN,1,LOW CONFIDENCE,Adjust camera view
74833,,,,,,,,,,0.44,DOWN,1,LOW CONFIDENCE,Adjust camera view
74866,,,,,,,,,,0.442,DOWN,1,LOW CONFIDENCE,Adjust camera view
74900,,,,,,,,,,0.444,DOWN,1,LOW CONFIDENCE,Adjust camera view
74933,,,,,,,,,,0.443,DOWN,1,LOW CONFIDENCE,Adjust camera view
74966,,,,,,,,,,0.44,DOWN,1,LOW CONFIDENCE,Adjust camera view
75000,,,,,,,,,,0.435,DOWN,1,LOW CONFIDENCE,Adjust camera view
75033,,,,,,,,,,0.428,DOWN,1,LOW CONFIDENCE,Adjust camera view
75066,,,,,,,,,,0.422,DOWN,1,LOW CONFIDENCE,Adjust camera view
75100,,,,,,,,,,0.417,DOWN,1,LOW CONFIDENCE,Adjust camera view
75133,,,,,,,,,,0.412,DOWN,1,LOW CONFIDENCE,Adjust camera view
75166,,,,,,,,,,0.408,DOWN,1,LOW CONFIDENCE,Adjust camera view
75200,,,,,,,,,,0.406,DOWN,1,LOW CONFIDENCE,Adjust camera view
75233,,,,,,,,,,0.405,DOWN,1,LOW CONFIDENCE,Adjust camera view
75266,,,,,,,,,,0.404,DOWN,1,LOW CONFIDENCE,Adjust camera view
75300,,,,,,,,,,0.401,DOWN,1,LOW CONFIDENCE,Adjust camera view
75333,,,,,,,,,,0.398,DOWN,1,LOW CONFIDENCE,Adjust camera view
75366,,,,,,,,,,0.396,DOWN,1,LOW CONFIDENCE,Adjust camera view
75400,,,,,,,,,,0.394,DOWN,1,LOW CONFIDENCE,Adjust camera view
75433,,,,,,,,,,0.392,DOWN,1,LOW CONFIDENCE,Adjust camera view
75466,,,,,,,,,,0.392,DOWN,1,LOW CONFIDENCE,Adjust camera view
75500,,,,,,,,,,0.393,DOWN,1,LOW CONFIDENCE,Adjust camera view
75533,,,,,,,,,,0.393,DOWN,1,LOW CONFIDENCE,Adjust camera view
75566,,,,,,,,,,0.394,DOWN,1,LOW CONFIDENCE,Adjust camera view
75600,,,,,,,,,,0.396,DOWN,1,LOW CONFIDENCE,Adjust camera view
75633,,,,,,,,,,0.398,DOWN,1,LOW CONFIDENCE,Adjust camera view
75666,,,,,,,,,,0.404,DOWN,1,LOW CONFIDENCE,Adjust camera view
75700,,,,,,,,,,0.411,DOWN,1,LOW CONFIDENCE,Adjust camera view
75733,,,,,,,,,,0.417,DOWN,1,LOW CONFIDENCE,Adjust camera view
75766,,,,,,,,,,0.421,DOWN,1,LOW CONFIDENCE,Adjust camera view
75800,,,,,,,,,,0.424,DOWN,1,LOW CONFIDENCE,Adjust camera view
75833,,,,,,,,,,0.426,DOWN,1,LOW CONFIDENCE,Adjust camera view
75866,,,,,,,,,,0.428,DOWN,1,LOW CONFIDENCE,Adjust camera view
75900,,,,,,,,,,0.434,DOWN,1,LOW CONFIDENCE,Adjust camera view
75933,,,,,,,,,,0.445,DOWN,1,LOW CONFIDENCE,Adjust camera view
75966,,,,,,,,,,0.462,DOWN,1,LOW CONFIDENCE,Adjust camera view
76000,,,,,,,,,,0.485,DOWN,1,LOW CONFIDENCE,Adjust camera view
76033,44.3,14.7,76.0,61.9,68.9,99.9,107.6,113.8,40.0,0.514,DOWN,1,FORM ISSUE,Uneven rise - avoid twisting torso
76066,45.4,22.4,71.5,57.3,64.4,91.0,107.7,112.0,40.0,0.538,DOWN,1,FORM ISSUE,Uneven rise - avoid twisting torso
76100,49.0,30.8,66.1,56.3,61.2,81.6,96.9,93.3,51.1,0.554,DOWN,1,FORM ISSUE,Uneven rise - avoid twisting torso
76133,48.4,39.0,65.0,54.5,59.8,72.0,87.8,98.0,49.1,0.565,DOWN,1,FORM ISSUE,Uneven rise - avoid twisting torso
76166,49.0,47.2,65.7,46.7,56.2,62.1,83.0,101.6,44.7,0.57,ASCENDING,1,FORM ISSUE,Uneven rise - avoid twisting torso
76200,51.7,48.7,59.2,45.8,52.5,58.8,77.7,73.9,53.8,0.563,ASCENDING,1,FORM ISSUE,Uneven rise - avoid twisting torso
76233,53.5,50.3,53.4,46.4,49.9,55.9,65.0,45.7,56.3,0.555,ASCENDING,1,FORM ISSUE,Uneven rise - avoid twisting torso
76266,54.0,51.3,53.1,46.8,49.9,53.7,67.7,61.7,51.1,0.546,ASCENDING,1,FORM ISSUE,Uneven rise - avoid twisting torso
76300,55.1,52.7,43.8,44.0,43.9,50.5,91.9,120.6,45.2,0.54,ASCENDING,1,FORM ISSUE,Uneven rise - avoid twisting torso
76333,55.6,54.0,42.1,38.8,40.5,47.3,117.8,131.0,40.1,0.534,ASCENDING,1,FORM ISSUE,Uneven rise - avoid twisting torso
76366,58.5,55.4,39.1,32.2,35.6,44.0,128.2,139.5,65.5,0.525,ASCENDING,1,FORM ISSUE,Uneven rise - avoid twisting torso
76400,60.1,56.7,34.9,34.1,34.5,40.9,123.5,137.3,41.6,0.517,ASCENDING,1,FORM ISSUE,Uneven rise - avoid twisting torso
76433,55.2,56.9,34.0,37.7,35.9,38.1,118.2,134.2,9.3,0.507,ASCENDING,1,FORM ISSUE,Uneven rise - avoid twisting torso
76466,,,,,,,,,,0.491,ASCENDING,1,LOW CONFIDENCE,Adjust camera view
76500,,,,,,,,,,0.474,ASCENDING,1,LOW CONFIDENCE,Adjust camera view
76533,,,,,,,,,,0.465,ASCENDING,1,LOW CONFIDENCE,Adjust camera view
76566,,,,,,,,,,0.453,ASCENDING,1,LOW CONFIDENCE,Adjust camera view
76600,,,,,,,,,,0.442,ASCENDING,1,LOW CONFIDENCE,Adjust camera view
76633,,,,,,,,,,0.431,ASCENDING,1,LOW CONFIDENCE,Adjust camera view
76666,,,,,,,,,,0.414,ASCENDING,1,LOW CONFIDENCE,Adjust camera view
76700,,,,,,,,,,0.392,ASCENDING,1,LOW CONFIDENCE,Adjust camera view
76733,,,,,,,,,,0.373,ASCENDING,1,LOW CONFIDENCE,Adjust camera view
76766,,,,,,,,,,0.354,ASCENDING,1,LOW CONFIDENCE,Adjust camera view
76800,,,,,,,,,,0.337,ASCENDING,1,LOW CONFIDENCE,Adjust camera view
76833,,,,,,,,,,0.33,ASCENDING,1,LOW CONFIDENCE,Adjust camera view
76866,,,,,,,,,,0.326,ASCENDING,1,LOW CONFIDENCE,Adjust camera view
76900,,,,,,,,,,0.335,ASCENDING,1,LOW CONFIDENCE,Adjust camera view
76933,,,,,,,,,,0.344,ASCENDING,1,LOW CONFIDENCE,Adjust camera view
76966,,,,,,,,,,0.364,ASCENDING,1,LOW CONFIDENCE,Adjust camera view
77000,,,,,,,,,,0.383,ASCENDING,1,LOW CONFIDENCE,Adjust camera view
77033,,,,,,,,,,0.409,ASCENDING,1,LOW CONFIDENCE,Adjust camera view
77066,,,,,,,,,,0.43,ASCENDING,1,LOW CONFIDENCE,Adjust camera view
77100,,,,,,,,,,0.46,ASCENDING,1,LOW CONFIDENCE,Adjust camera view
77133,,,,,,,,,,0.481,ASCENDING,1,LOW CONFIDENCE,Adjust camera view
77166,,,,,,,,,,0.496,ASCENDING,1,LOW CONFIDENCE,Adjust camera view
77200,22.6,50.4,95.2,93.2,94.2,48.1,79.9,105.8,14.8,0.505,ASCENDING,1,FORM ISSUE,Uneven rise - avoid twisting torso
77233,16.7,42.6,100.2,104.0,102.1,60.5,80.3,95.1,10.7,0.505,ASCENDING,1,FORM ISSUE,Uneven rise - avoid twisting torso
77266,,,,,,,,,,0.494,ASCENDING,1,LOW CONFIDENCE,Adjust camera view
77300,,,,,,,,,,0.481,ASCENDING,1,LOW CONFIDENCE,Adjust camera view
77333,,,,,,,,,,0.467,ASCENDING,1,LOW CONFIDENCE,Adjust camera view
77366,,,,,,,,,,0.451,ASCENDING,1,LOW CONFIDENCE,Adjust camera view
77400,,,,,,,,,,0.435,ASCENDING,1,LOW CONFIDENCE,Adjust camera view
77433,,,,,,,,,,0.421,ASCENDING,1,LOW CONFIDENCE,Adjust camera view
77466,,,,,,,,,,0.408,ASCENDING,1,LOW CONFIDENCE,Adjust camera view
77500,,,,,,,,,,0.397,ASCENDING,1,LOW CONFIDENCE,Adjust camera view
77533,,,,,,,,,,0.389,ASCENDING,1,LOW CONFIDENCE,Adjust camera view
77566,,,,,,,,,,0.381,ASCENDING,1,LOW CONFIDENCE,Adjust camera view
77600,,,,,,,,,,0.377,ASCENDING,1,LOW CONFIDENCE,Adjust camera view
77633,,,,,,,,,,0.376,ASCENDING,1,LOW CONFIDENCE,Adjust camera view
77666,,,,,,,,,,0.375,ASCENDING,1,LOW CONFIDENCE,Adjust camera view
77700,,,,,,,,,,0.375,ASCENDING,1,LOW CONFIDENCE,Adjust camera view
77733,,,,,,,,,,0.376,ASCENDING,1,LOW CONFIDENCE,Adjust camera view
77766,,,,,,,,,,0.375,ASCENDING,1,LOW CONFIDENCE,Adjust camera view
77800,,,,,,,,,,0.372,ASCENDING,1,LOW CONFIDENCE,Adjust camera view
77833,,,,,,,,,,0.373,ASCENDING,1,LOW CONFIDENCE,Adjust camera view
77866,,,,,,,,,,0.378,ASCENDING,1,LOW CONFIDENCE,Adjust camera view
77900,,,,,,,,,,0.389,ASCENDING,1,LOW CONFIDENCE,Adjust camera view
77933,,,,,,,,,,0.404,ASCENDING,1,LOW CONFIDENCE,Adjust camera view
77966,,,,,,,,,,0.428,ASCENDING,1,LOW CONFIDENCE,Adjust camera view
78000,,,,,,,,,,0.453,ASCENDING,1,LOW CONFIDENCE,Adjust camera view
78033,,,,,,,,,,0.475,ASCENDING,1,LOW CONFIDENCE,Adjust camera view
78066,,,,,,,,,,0.498,ASCENDING,1,LOW CONFIDENCE,Adjust camera view
78100,43.6,39.6,74.7,58.2,66.5,66.6,95.6,111.7,26.1,0.522,ASCENDING,1,FORM ISSUE,Uneven rise - avoid twisting torso
78133,44.1,36.4,69.9,62.1,66.0,72.9,92.5,111.6,24.0,0.538,ASCENDING,1,FORM ISSUE,Uneven rise - avoid twisting torso
78166,47.6,34.9,63.7,53.0,58.4,77.4,84.5,85.1,25.8,0.545,ASCENDING,1,FORM ISSUE,Uneven rise - avoid twisting torso
78200,49.7,40.4,61.5,52.3,56.9,70.0,82.6,119.7,27.8,0.552,ASCENDING,1,FORM ISSUE,Uneven rise - avoid twisting torso
78233,55.5,48.1,53.4,43.6,48.5,59.3,9.9,7.4,33.2,0.546,ASCENDING,1,FORM ISSUE,Don't pull neck - engage core
78266,57.8,50.9,47.8,40.2,44.0,54.8,6.0,8.9,36.1,0.527,ASCENDING,1,FORM ISSUE,Don't pull neck - engage core
78300,58.1,53.8,47.0,41.8,44.4,50.4,1.8,15.5,36.0,0.503,ASCENDING,1,FORM ISSUE,Uneven rise - avoid twisting torso
78333,,,,,,,,,,0.476,ASCENDING,1,LOW CONFIDENCE,Adjust camera view
78366,,,,,,,,,,0.442,ASCENDING,1,LOW CONFIDENCE,Adjust camera view
78400,,,,,,,,,,0.416,ASCENDING,1,LOW CONFIDENCE,Adjust camera view
78433,,,,,,,,,,0.393,ASCENDING,1,LOW CONFIDENCE,Adjust camera view
78466,,,,,,,,,,0.375,ASCENDING,1,LOW CONFIDENCE,Adjust camera view
78500,,,,,,,,,,0.359,ASCENDING,1,LOW CONFIDENCE,Adjust camera view
78533,,,,,,,,,,0.347,ASCENDING,1,LOW CONFIDENCE,Adjust camera view
78566,,,,,,,,,,0.332,ASCENDING,1,LOW CONFIDENCE,Adjust camera view
78600,,,,,,,,,,0.317,ASCENDING,1,LOW CONFIDENCE,Adjust camera view
78633,,,,,,,,,,0.303,ASCENDING,1,LOW CONFIDENCE,Adjust camera view
78666,,,,,,,,,,0.289,ASCENDING,1,LOW CONFIDENCE,Adjust camera view
78700,,,,,,,,,,0.273,ASCENDING,1,LOW CONFIDENCE,Adjust camera view
78733,,,,,,,,,,0.259,ASCENDING,1,LOW CONFIDENCE,Adjust camera view
78766,,,,,,,,,,0.247,ASCENDING,1,LOW CONFIDENCE,Adjust camera view
78800,,,,,,,,,,0.236,ASCENDING,1,LOW CONFIDENCE,Adjust camera view
78833,,,,,,,,,,0.227,ASCENDING,1,LOW CONFIDENCE,Adjust camera view
78866,,,,,,,,,,0.221,ASCENDING,1,LOW CONFIDENCE,Adjust camera view
78900,,,,,,,,,,0.216,ASCENDING,1,LOW CONFIDENCE,Adjust camera view
78933,,,,,,,,,,0.211,ASCENDING,1,LOW CONFIDENCE,Adjust camera view
78966,,,,,,,,,,0.208,ASCENDING,1,LOW CONFIDENCE,Adjust camera view
79000,,,,,,,,,,0.206,ASCENDING,1,LOW CONFIDENCE,Adjust camera view
79033,,,,,,,,,,0.205,ASCENDING,1,LOW CONFIDENCE,Adjust camera view
79066,,,,,,,,,,0.207,ASCENDING,1,LOW CONFIDENCE,Adjust camera view
79100,,,,,,,,,,0.224,ASCENDING,1,LOW CONFIDENCE,Adjust camera view
79133,,,,,,,,,,0.251,ASCENDING,1,LOW CONFIDENCE,Adjust camera view
79166,,,,,,,,,,0.285,ASCENDING,1,LOW CONFIDENCE,Adjust camera view
79200,,,,,,,,,,0.322,ASCENDING,1,LOW CONFIDENCE,Adjust camera view
79233,,,,,,,,,,0.36,ASCENDING,1,LOW CONFIDENCE,Adjust camera view
79266,,,,,,,,,,0.389,ASCENDING,1,LOW CONFIDENCE,Adjust camera view
79300,,,,,,,,,,0.415,ASCENDING,1,LOW CONFIDENCE,Adjust camera view
79333,,,,,,,,,,0.44,ASCENDING,1,LOW CONFIDENCE,Adjust camera view
79366,,,,,,,,,,0.467,ASCENDING,1,LOW CONFIDENCE,Adjust camera view
79400,,,,,,,,,,0.492,ASCENDING,1,LOW CONFIDENCE,Adjust camera view
79433,50.6,54.3,82.7,86.7,84.7,55.7,108.7,179.6,12.7,0.517,ASCENDING,1,FORM ISSUE,Uneven rise - avoid twisting torso
79466,47.6,53.9,63.6,86.6,75.1,59.3,115.2,176.6,8.9,0.537,ASCENDING,1,FORM ISSUE,Uneven rise - avoid twisting torso
79500,38.5,50.5,75.8,82.8,79.3,65.5,109.7,176.6,2.1,0.552,ASCENDING,1,FORM ISSUE,Uneven rise - avoid twisting torso
79533,38.4,46.6,79.5,83.2,81.3,73.0,117.4,173.9,0.1,0.564,ASCENDING,1,FORM ISSUE,Uneven rise - avoid twisting torso
79566,30.6,41.1,80.6,82.8,81.7,80.4,120.0,162.3,16.7,0.576,ASCENDING,1,FORM ISSUE,Uneven rise - avoid twisting torso
79600,23.1,35.6,91.6,89.9,90.7,81.6,126.5,176.9,46.1,0.584,ASCENDING,1,FORM ISSUE,Uneven rise - avoid twisting torso
79633,16.7,29.5,98.2,100.6,99.4,86.5,100.2,166.2,32.4,0.587,ASCENDING,1,FORM ISSUE,Uneven rise - avoid twisting torso
79666,11.7,24.1,104.0,106.8,105.4,91.7,84.8,126.9,29.9,0.585,ASCENDING,1,FORM ISSUE,Uneven rise - avoid twisting torso
79700,8.7,18.2,108.3,110.9,109.6,97.4,87.9,133.4,28.0,0.576,ASCENDING,1,FORM ISSUE,Uneven rise - avoid twisting torso
79733,9.3,13.9,108.8,110.0,109.4,102.9,89.7,129.0,17.9,0.562,ASCENDING,1,FORM ISSUE,Uneven rise - avoid twisting torso
79766,8.4,11.0,107.6,110.3,108.9,106.5,82.6,120.7,16.1,0.546,ASCENDING,1,FORM ISSUE,Uneven rise - avoid twisting torso
79800,9.0,9.4,108.2,109.7,108.9,108.4,82.1,109.9,17.0,0.531,DOWN,1,FORM ISSUE,Uneven rise - avoid twisting torso
79833,9.0,8.9,105.6,112.0,108.8,109.1,79.3,121.9,15.5,0.516,DOWN,1,FORM ISSUE,Uneven rise - avoid twisting torso
79866,10.4,9.2,104.3,110.4,107.3,108.7,75.8,111.8,9.1,0.502,DOWN,1,FORM ISSUE,Uneven rise - avoid twisting torso
79900,,,,,,,,,,0.492,DOWN,1,LOW CONFIDENCE,Adjust camera view
79933,,,,,,,,,,0.483,DOWN,1,LOW CONFIDENCE,Adjust camera view
79966,,,,,,,,,,0.475,DOWN,1,LOW CONFIDENCE,Adjust camera view
80000,,,,,,,,,,0.47,DOWN,1,LOW CONFIDENCE,Adjust camera view
80033,,,,,,,,,,0.464,DOWN,1,LOW CONFIDENCE,Adjust camera view
80066,,,,,,,,,,0.46,DOWN,1,LOW CONFIDENCE,Adjust camera view
80100,,,,,,,,,,0.458,DOWN,1,LOW CONFIDENCE,Adjust camera view
80133,,,,,,,,,,0.461,DOWN,1,LOW CONFIDENCE,Adjust camera view
80166,,,,,,,,,,0.47,DOWN,1,LOW CONFIDENCE,Adjust camera view
80200,,,,,,,,,,0.487,DOWN,1,LOW CONFIDENCE,Adjust camera view
80233,37.4,14.8,75.6,76.6,76.1,102.0,93.3,145.2,36.6,0.508,DOWN,1,FORM ISSUE,Uneven rise - avoid twisting torso
80266,38.2,20.8,74.8,76.3,75.5,95.3,91.8,136.0,42.5,0.527,DOWN,1,FORM ISSUE,Uneven rise - avoid twisting torso
80300,41.8,27.4,72.2,69.1,70.7,87.7,85.1,123.3,34.9,0.546,DOWN,1,FORM ISSUE,Uneven rise - avoid twisting torso
80333,40.9,33.7,71.4,71.7,71.6,80.2,75.5,88.0,34.5,0.557,DOWN,1,FORM ISSUE,Uneven rise - avoid twisting torso
80366,38.3,39.3,73.6,72.8,73.2,73.4,77.1,99.9,42.4,0.563,ASCENDING,1,FORM ISSUE,Uneven rise - avoid twisting torso
80400,33.9,38.6,74.0,78.7,76.3,73.5,71.1,65.9,32.6,0.565,ASCENDING,1,FORM ISSUE,Uneven rise - avoid twisting torso
80433,30.4,37.1,78.8,80.9,79.8,74.3,72.1,85.9,33.5,0.571,ASCENDING,1,FORM ISSUE,Uneven rise - avoid twisting torso
80466,29.0,34.5,83.5,73.7,78.6,75.9,87.0,123.7,30.4,0.576,ASCENDING,1,FORM ISSUE,Uneven rise - avoid twisting torso
80500,27.7,31.9,95.2,77.6,86.4,78.9,84.4,109.1,49.8,0.583,ASCENDING,1,FORM ISSUE,Uneven rise - avoid twisting torso
80533,26.5,29.5,94.1,78.3,86.2,81.5,79.4,102.1,43.6,0.59,ASCENDING,1,FORM ISSUE,Uneven rise - avoid twisting torso
80566,25.1,27.7,118.9,76.5,97.7,85.8,91.6,119.5,76.7,0.601,ASCENDING,1,FORM ISSUE,Uneven rise - avoid twisting torso
80600,26.4,27.0,124.3,70.0,97.1,89.2,99.0,123.2,73.7,0.615,ASCENDING,1,FORM ISSUE,Uneven rise - avoid twisting torso
80633,21.9,25.5,137.2,76.0,106.6,94.8,112.1,124.9,90.7,0.632,ASCENDING,1,FORM ISSUE,Uneven rise - avoid twisting torso
80666,24.8,24.9,115.7,62.3,89.0,95.3,102.6,116.3,81.3,0.647,ASCENDING,1,FORM ISSUE,Uneven rise - avoid twisting torso
80700,21.0,23.8,68.3,60.0,64.2,90.9,116.2,117.0,110.0,0.665,ASCENDING,1,FORM ISSUE,Uneven rise - avoid twisting torso
80733,21.7,23.2,121.9,52.1,87.0,88.8,113.7,122.0,109.8,0.675,ASCENDING,1,FORM ISSUE,Uneven rise - avoid twisting torso
80766,12.2,20.3,131.1,112.1,121.6,93.7,118.5,122.8,126.7,0.67,ASCENDING,1,FORM ISSUE,Uneven rise - avoid twisting torso
80800,7.5,17.4,111.8,116.5,114.2,95.2,115.3,120.6,120.2,0.654,ASCENDING,1,FORM ISSUE,Uneven rise - avoid twisting torso
80833,15.5,15.6,121.7,79.7,100.7,97.5,120.7,122.1,98.6,0.631,ASCENDING,1,FORM ISSUE,Uneven rise - avoid twisting torso
80866,22.5,15.9,88.7,101.6,95.1,103.7,118.3,115.4,124.4,0.597,ASCENDING,1,FORM ISSUE,Uneven rise - avoid twisting torso
80900,22.1,16.0,24.7,15.0,19.9,90.3,116.3,111.0,110.6,0.569,DOWN,1,FORM ISSUE,Uneven rise - avoid twisting torso
80933,8.5,15.2,109.7,36.6,73.2,80.6,116.1,112.3,119.2,0.544,DOWN,1,FORM ISSUE,Uneven rise - avoid twisting torso
80966,,,,,,,,,,0.424,DOWN,1,NO PERSON,Lie down in frame
81000,,,,,,,,,,0.406,DOWN,1,LOW CONFIDENCE,Adjust camera view
81033,,,,,,,,,,0.39,DOWN,1,LOW CONFIDENCE,Adjust camera view
81066,,,,,,,,,,0.364,DOWN,1,LOW CONFIDENCE,Adjust camera view
81100,,,,,,,,,,0.34,DOWN,1,LOW CONFIDENCE,Adjust camera view
81133,,,,,,,,,,0.411,DOWN,1,LOW CONFIDENCE,Adjust camera view
81166,,,,,,,,,,0.385,DOWN,1,LOW CONFIDENCE,Adjust camera view
81200,,,,,,,,,,0.362,DOWN,1,LOW CONFIDENCE,Adjust camera view
81233,,,,,,,,,,0.341,DOWN,1,LOW CONFIDENCE,Adjust camera view
81266,,,,,,,,,,0.323,DOWN,1,LOW CONFIDENCE,Adjust camera view
81300,,,,,,,,,,0.307,DOWN,1,LOW CONFIDENCE,Adjust camera view
81333,,,,,,,,,,0.292,DOWN,1,LOW CONFIDENCE,Adjust camera view
81366,,,,,,,,,,0.28,DOWN,1,LOW CONFIDENCE,Adjust camera view
81400,,,,,,,,,,0.268,DOWN,1,LOW CONFIDENCE,Adjust camera view
81433,,,,,,,,,,0.26,DOWN,1,LOW CONFIDENCE,Adjust camera view
81466,,,,,,,,,,0.251,DOWN,1,LOW CONFIDENCE,Adjust camera view
81500,,,,,,,,,,0.245,DOWN,1,LOW CONFIDENCE,Adjust camera view
81533,,,,,,,,,,0.238,DOWN,1,LOW CONFIDENCE,Adjust camera view
81566,,,,,,,,,,0.231,DOWN,1,LOW CONFIDENCE,Adjust camera view
81600,,,,,,,,,,0.223,DOWN,1,LOW CONFIDENCE,Adjust camera view
81633,,,,,,,,,,0.216,DOWN,1,LOW CONFIDENCE,Adjust camera view
81666,,,,,,,,,,0.209,DOWN,1,LOW CONFIDENCE,Adjust camera view
81700,,,,,,,,,,0.205,DOWN,1,LOW CONFIDENCE,Adjust camera view
81733,,,,,,,,,,0.202,DOWN,1,LOW CONFIDENCE,Adjust camera view
81766,,,,,,,,,,0.199,DOWN,1,LOW CONFIDENCE,Adjust camera view
81800,,,,,,,,,,0.197,DOWN,1,LOW CONFIDENCE,Adjust camera view
81833,,,,,,,,,,0.195,DOWN,1,LOW CONFIDENCE,Adjust camera view
81866,,,,,,,,,,0.191,DOWN,1,LOW CONFIDENCE,Adjust camera view
81900,,,,,,,,,,0.188,DOWN,1,LOW CONFIDENCE,Adjust camera view
81933,,,,,,,,,,0.185,DOWN,1,LOW CONFIDENCE,Adjust camera view
81966,,,,,,,,,,0.181,DOWN,1,LOW CONFIDENCE,Adjust camera view
82000,,,,,,,,,,0.178,DOWN,1,LOW CONFIDENCE,Adjust camera view
82033,,,,,,,,,,0.178,DOWN,1,LOW CONFIDENCE,Adjust camera view
82066,,,,,,,,,,0.178,DOWN,1,LOW CONFIDENCE,Adjust camera view
82100,,,,,,,,,,0.179,DOWN,1,LOW CONFIDENCE,Adjust camera view
82133,,,,,,,,,,0.18,DOWN,1,LOW CONFIDENCE,Adjust camera view
82166,,,,,,,,,,0.181,DOWN,1,LOW CONFIDENCE,Adjust camera view
82200,,,,,,,,,,0.179,DOWN,1,LOW CONFIDENCE,Adjust camera view
82233,,,,,,,,,,0.177,DOWN,1,LOW CONFIDENCE,Adjust camera view
82266,,,,,,,,,,0.175,DOWN,1,LOW CONFIDENCE,Adjust camera view
82300,,,,,,,,,,0.172,DOWN,1,LOW CONFIDENCE,Adjust camera view
82333,,,,,,,,,,0.169,DOWN,1,LOW CONFIDENCE,Adjust camera view
82366,,,,,,,,,,0.167,DOWN,1,LOW CONFIDENCE,Adjust camera view
82400,,,,,,,,,,0.164,DOWN,1,LOW CONFIDENCE,Adjust camera view
82433,,,,,,,,,,0.161,DOWN,1,LOW CONFIDENCE,Adjust camera view
82466,,,,,,,,,,0.159,DOWN,1,LOW CONFIDENCE,Adjust camera view
82500,,,,,,,,,,0.157,DOWN,1,LOW CONFIDENCE,Adjust camera view
82533,,,,,,,,,,0.157,DOWN,1,LOW CONFIDENCE,Adjust camera view
82566,,,,,,,,,,0.157,DOWN,1,LOW CONFIDENCE,Adjust camera view
82600,,,,,,,,,,0.161,DOWN,1,LOW CONFIDENCE,Adjust camera view
82633,,,,,,,,,,0.166,DOWN,1,LOW CONFIDENCE,Adjust camera view
82666,,,,,,,,,,0.174,DOWN,1,LOW CONFIDENCE,Adjust camera view
82700,,,,,,,,,,0.183,DOWN,1,LOW CONFIDENCE,Adjust camera view
82733,,,,,,,,,,0.197,DOWN,1,LOW CONFIDENCE,Adjust camera view
82766,,,,,,,,,,0.211,DOWN,1,LOW CONFIDENCE,Adjust camera view
82800,,,,,,,,,,0.23,DOWN,1,LOW CONFIDENCE,Adjust camera view
82833,,,,,,,,,,0.259,DOWN,1,LOW CONFIDENCE,Adjust camera view
82866,,,,,,,,,,0.298,DOWN,1,LOW CONFIDENCE,Adjust camera view
82900,,,,,,,,,,0.338,DOWN,1,LOW CONFIDENCE,Adjust camera view
82933,,,,,,,,,,0.386,DOWN,1,LOW CONFIDENCE,Adjust camera view
82966,,,,,,,,,,0.429,DOWN,1,LOW CONFIDENCE,Adjust camera view
83000,,,,,,,,,,0.469,DOWN,1,LOW CONFIDENCE,Adjust camera view
83033,85.3,30.8,61.0,25.4,43.2,66.4,162.0,178.7,50.0,0.504,DOWN,1,FORM ISSUE,Uneven rise - avoid twisting torso
83066,86.7,45.0,53.9,29.9,41.9,54.7,161.4,179.3,45.0,0.538,DOWN,1,FORM ISSUE,Uneven rise - avoid twisting torso
83100,86.9,57.9,85.0,31.3,58.2,47.3,161.2,178.9,44.1,0.568,DOWN,1,FORM ISSUE,Uneven rise - avoid twisting torso
83133,86.3,70.7,91.2,31.2,61.2,55.5,162.3,176.1,34.2,0.6,ASCENDING,1,FORM ISSUE,Uneven rise - avoid twisting torso
83166,87.1,86.5,30.9,29.2,30.1,46.9,154.9,169.4,38.5,0.624,ASCENDING,1,FORM ISSUE,Uneven rise - avoid twisting torso
83200,88.2,87.0,91.0,24.9,58.0,49.9,157.9,169.0,31.6,0.648,ASCENDING,1,FORM ISSUE,Uneven rise - avoid twisting torso
83233,89.4,87.6,50.0,24.9,37.4,49.0,153.5,166.6,34.3,0.669,ASCENDING,1,FORM ISSUE,Uneven rise - avoid twisting torso
83266,89.3,88.1,80.2,33.0,56.6,48.7,153.3,166.9,28.8,0.688,UP,1,FORM ISSUE,Uneven rise - avoid twisting torso
83300,88.4,88.5,72.7,26.9,49.8,46.4,149.2,163.6,32.2,0.707,UP,1,FORM ISSUE,Uneven rise - avoid twisting torso
83333,87.5,88.6,13.8,24.4,19.1,44.2,145.9,163.6,29.2,0.723,UP,1,FORM ISSUE,Uneven rise - avoid twisting torso
83366,87.3,88.4,69.3,21.2,45.2,41.6,149.8,164.5,29.2,0.739,UP,1,FORM ISSUE,Uneven rise - avoid twisting torso
83400,86.4,87.8,50.2,21.5,35.9,41.3,150.4,165.4,31.3,0.754,UP,1,FORM ISSUE,Uneven rise - avoid twisting torso
83433,85.5,87.0,37.7,21.9,29.8,36.0,150.9,164.8,33.5,0.766,UP,1,FORM ISSUE,Uneven rise - avoid twisting torso
83466,84.6,86.3,28.0,22.2,25.1,31.0,148.6,164.0,36.1,0.773,UP,1,FORM ISSUE,Uneven rise - avoid twisting torso
83500,84.4,85.6,3.0,24.2,13.6,29.9,149.2,163.4,37.8,0.783,UP,1,FORM ISSUE,Uneven rise - avoid twisting torso
83533,84.2,85.0,31.5,23.9,27.7,26.4,148.3,163.2,37.9,0.781,UP,1,FORM ISSUE,Uneven rise - avoid twisting torso
83566,84.2,84.6,8.4,23.7,16.1,22.5,148.4,163.5,37.1,0.776,UP,1,FORM ISSUE,Uneven rise - avoid twisting torso
83600,85.0,84.5,41.1,28.2,34.6,23.4,149.4,165.5,37.9,0.77,UP,1,FORM ISSUE,Uneven rise - avoid twisting torso
83633,84.2,84.4,30.7,26.7,28.7,24.1,149.5,165.0,42.3,0.763,UP,1,FORM ISSUE,Uneven rise - avoid twisting torso
83666,85.6,84.6,19.2,24.6,21.9,25.8,149.8,167.8,40.7,0.748,UP,1,FORM ISSUE,Uneven rise - avoid twisting torso
83700,88.0,85.4,22.7,27.3,25.0,25.3,152.5,173.8,37.1,0.738,UP,1,FORM ISSUE,Uneven rise - avoid twisting torso
83733,89.7,86.5,33.7,27.9,30.8,28.2,159.2,179.7,31.3,0.729,UP,1,FORM ISSUE,Uneven rise - avoid twisting torso
83766,89.4,87.4,27.8,30.2,29.0,27.1,162.2,179.4,30.5,0.721,UP,1,FORM ISSUE,Uneven rise - avoid twisting torso
83800,88.8,88.3,27.7,19.4,23.5,26.0,160.9,177.2,29.0,0.709,UP,1,FORM ISSUE,Uneven rise - avoid twisting torso
83833,88.9,89.0,38.0,18.1,28.1,27.3,161.7,177.1,28.5,0.699,UP,1,FORM ISSUE,Uneven rise - avoid twisting torso
83866,89.5,89.3,38.2,18.1,28.1,27.9,162.2,175.8,30.6,0.689,UP,1,FORM ISSUE,Uneven rise - avoid twisting torso
83900,90.0,89.3,38.2,19.3,28.7,27.5,158.1,173.1,35.8,0.683,UP,1,FORM ISSUE,Uneven rise - avoid twisting torso
83933,89.3,89.3,35.0,21.5,28.3,27.3,156.2,169.9,42.2,0.675,UP,1,FORM ISSUE,Uneven rise - avoid twisting torso
83966,87.9,89.1,34.7,26.8,30.8,28.8,152.8,169.8,56.6,0.67,UP,1,FORM ISSUE,Uneven rise - avoid twisting torso
84000,88.6,89.1,35.2,24.6,29.9,29.2,157.9,164.8,50.8,0.669,UP,1,FORM ISSUE,Uneven rise - avoid twisting torso
84033,88.8,88.9,34.3,25.1,29.7,29.5,159.1,164.7,41.9,0.669,UP,1,FORM ISSUE,Uneven rise - avoid twisting torso
84066,89.5,88.8,33.6,23.2,28.4,29.4,163.9,166.9,34.8,0.666,UP,1,FORM ISSUE,Uneven rise - avoid twisting torso
84100,89.1,88.8,36.3,23.5,29.9,29.7,164.5,167.7,32.6,0.664,UP,1,FORM ISSUE,Uneven rise - avoid twisting torso
84133,88.9,89.0,35.6,22.0,28.8,29.3,163.4,169.2,31.2,0.667,UP,1,FORM ISSUE,Uneven rise - avoid twisting torso
84166,90.0,89.3,33.8,17.7,25.8,28.5,164.2,171.3,26.4,0.67,UP,1,FORM ISSUE,Uneven rise - avoid twisting torso
84200,89.2,89.3,37.9,19.5,28.7,28.3,158.7,174.4,33.3,0.669,UP,1,FORM ISSUE,Uneven rise - avoid twisting torso
84233,89.0,89.2,35.5,20.1,27.8,28.2,156.7,175.0,38.3,0.666,UP,1,FORM ISSUE,Uneven rise - avoid twisting torso
84266,89.6,89.3,35.7,20.8,28.2,27.9,158.0,175.9,42.1,0.661,UP,1,FORM ISSUE,Uneven rise - avoid twisting torso
84300,87.9,89.1,33.0,12.6,22.8,26.7,160.2,175.4,35.5,0.648,UP,1,FORM ISSUE,Uneven rise - avoid twisting torso
84333,87.1,88.6,22.3,15.6,19.0,25.3,156.2,177.0,28.0,0.632,UP,1,FORM ISSUE,Uneven rise - avoid twisting torso
84366,88.7,88.5,48.8,13.3,31.0,25.8,161.9,177.0,29.9,0.627,UP,1,FORM ISSUE,Uneven rise - avoid twisting torso
84400,85.9,87.8,8.4,32.4,20.4,24.3,159.8,179.1,44.8,0.629,UP,1,FORM ISSUE,Uneven rise - avoid twisting torso
84433,82.8,86.5,2.2,36.5,19.4,22.5,158.0,172.0,42.7,0.637,UP,1,FORM ISSUE,Uneven rise - avoid twisting torso
84466,80.2,84.9,43.8,40.0,41.9,26.3,152.8,172.8,70.6,0.651,UP,1,FORM ISSUE,Uneven rise - avoid twisting torso
84500,79.6,83.4,43.6,37.2,40.4,30.6,151.9,172.1,77.9,0.665,UP,1,FORM ISSUE,Uneven rise - avoid twisting torso
84533,78.3,81.4,46.0,35.8,40.9,32.6,150.2,172.4,93.5,0.673,UP,1,FORM ISSUE,Uneven rise - avoid twisting torso
84566,76.1,79.4,49.4,32.7,41.0,36.7,144.4,171.4,73.0,0.682,UP,1,FORM ISSUE,Uneven rise - avoid twisting torso
84600,72.1,77.3,51.2,37.0,44.1,41.7,145.1,179.1,69.5,0.687,UP,1,FORM ISSUE,Uneven rise - avoid twisting torso
84633,70.6,75.3,53.4,40.8,47.1,42.7,140.3,178.4,80.7,0.698,UP,1,FORM ISSUE,Uneven rise - avoid twisting torso
84666,68.2,73.0,60.9,45.8,53.4,45.3,144.9,178.7,84.6,0.714,UP,1,FORM ISSUE,Uneven rise - avoid twisting torso
84700,67.9,71.0,70.1,47.6,58.8,48.9,139.9,175.5,95.9,0.733,UP,1,FORM ISSUE,Uneven rise - avoid twisting torso
84733,64.5,68.6,71.0,51.7,61.4,53.0,140.1,168.8,70.5,0.75,UP,1,FORM ISSUE,Uneven rise - avoid twisting torso
84766,59.9,66.2,71.4,55.3,63.4,56.8,134.9,164.4,30.9,0.767,UP,1,FORM ISSUE,Uneven rise - avoid twisting torso
84800,55.0,63.1,74.3,60.4,67.4,60.9,130.0,146.5,25.2,0.784,UP,1,FORM ISSUE,Uneven rise - avoid twisting torso
84833,47.0,58.9,79.2,65.8,72.5,64.7,128.8,148.0,28.7,0.799,UP,1,FORM ISSUE,Uneven rise - avoid twisting torso
84866,42.4,53.8,84.6,68.6,76.6,68.2,123.2,137.9,19.6,0.813,UP,1,FORM ISSUE,Uneven rise - avoid twisting torso
84900,35.2,47.9,88.7,78.3,83.5,72.7,119.9,139.7,12.1,0.825,UP,1,FORM ISSUE,Uneven rise - avoid twisting torso
84933,29.2,41.8,92.8,82.9,87.9,77.6,111.6,142.8,7.6,0.834,UP,1,FORM ISSUE,Uneven rise - avoid twisting torso
84966,23.5,35.5,97.9,89.4,93.6,82.8,120.4,143.5,3.4,0.841,DESCENDING,1,FORM ISSUE,Uneven rise - avoid twisting torso
85000,19.8,30.0,101.6,93.4,97.5,87.8,118.6,131.7,30.0,0.844,DESCENDING,1,FORM ISSUE,Uneven rise - avoid twisting torso
85033,19.7,25.5,99.4,94.5,96.9,91.9,119.8,139.7,6.6,0.844,DESCENDING,1,FORM ISSUE,Uneven rise - avoid twisting torso
85066,19.6,22.4,100.2,94.7,97.4,94.7,123.0,141.5,2.9,0.842,DESCENDING,1,FORM ISSUE,Uneven rise - avoid twisting torso
85100,19.0,20.3,100.0,94.7,97.4,96.6,121.6,138.8,3.4,0.842,DESCENDING,1,FORM ISSUE,Uneven rise - avoid twisting torso
85133,18.5,19.3,98.6,95.4,97.0,97.2,122.1,143.2,0.8,0.841,DESCENDING,1,FORM ISSUE,Uneven rise - avoid twisting torso
85166,17.8,18.9,95.5,95.6,95.5,96.9,121.8,140.6,1.7,0.843,DESCENDING,1,FORM ISSUE,Uneven rise - avoid twisting torso
85200,17.8,18.5,99.1,95.8,97.5,97.0,122.9,141.3,3.7,0.845,DESCENDING,1,FORM ISSUE,Uneven rise - avoid twisting torso
85233,17.0,18.0,101.3,97.0,99.1,97.3,121.7,143.4,3.5,0.845,DOWN,2,FORM ISSUE,Uneven rise - avoid twisting torso
85266,16.4,17.5,102.9,98.5,100.7,98.0,121.3,144.5,4.1,0.843,DOWN,2,FORM ISSUE,Uneven rise - avoid twisting torso
85300,16.3,17.1,103.0,98.7,100.8,98.7,120.0,146.8,4.6,0.837,DOWN,2,FORM ISSUE,Uneven rise - avoid twisting torso
85333,16.4,16.8,103.0,97.8,100.4,99.7,120.2,145.8,4.7,0.826,DOWN,2,FORM ISSUE,Uneven rise - avoid twisting torso
85366,16.3,16.5,103.2,98.5,100.9,100.4,116.9,144.8,5.5,0.816,DOWN,2,FORM ISSUE,Uneven rise - avoid twisting torso
85400,17.0,16.5,102.4,97.8,100.1,100.6,117.2,145.0,2.8,0.805,DOWN,2,FORM ISSUE,Uneven rise - avoid twisting torso
85433,17.3,16.6,102.7,97.1,99.9,100.4,117.5,145.4,3.5,0.795,DOWN,2,FORM ISSUE,Uneven rise - avoid twisting torso
85466,17.5,16.9,102.7,96.7,99.7,100.2,116.8,145.4,3.8,0.787,DOWN,2,FORM ISSUE,Uneven rise - avoid twisting torso
85500,17.0,17.0,102.3,97.5,99.9,100.1,117.2,147.6,1.6,0.781,DOWN,2,FORM ISSUE,Uneven rise - avoid twisting torso
85533,16.7,17.1,102.2,98.2,100.2,100.0,116.3,148.2,2.5,0.775,DOWN,2,FORM ISSUE,Uneven rise - avoid twisting torso
85566,16.7,17.0,101.7,98.6,100.2,100.0,118.4,149.2,0.9,0.772,DOWN,2,FORM ISSUE,Uneven rise - avoid twisting torso
85600,16.3,16.8,101.1,99.4,100.2,100.0,120.8,148.1,4.3,0.772,DOWN,2,FORM ISSUE,Uneven rise - avoid twisting torso
85633,15.9,16.5,101.3,100.2,100.7,100.3,119.8,147.6,5.4,0.773,DOWN,2,FORM ISSUE,Uneven rise - avoid twisting torso
85666,15.8,16.3,100.5,99.8,100.1,100.3,119.4,145.7,7.2,0.773,DOWN,2,FORM ISSUE,Uneven rise - avoid twisting torso
85700,15.6,16.1,101.6,100.1,100.9,100.4,119.9,140.6,3.6,0.771,DOWN,2,FORM ISSUE,Uneven rise - avoid twisting torso
85733,15.6,15.8,101.5,100.9,101.2,100.6,119.7,145.0,7.2,0.769,DOWN,2,FORM ISSUE,Uneven rise - avoid twisting torso
85766,17.6,16.1,99.3,97.6,98.5,100.3,111.6,138.2,4.3,0.768,DOWN,2,FORM ISSUE,Uneven rise - avoid twisting torso
85800,19.0,16.7,98.6,94.3,96.4,99.4,112.1,139.6,1.9,0.771,DOWN,2,FORM ISSUE,Uneven rise - avoid twisting torso
85833,19.8,17.5,88.5,92.8,90.7,97.5,117.3,135.4,4.5,0.779,DOWN,2,FORM ISSUE,Uneven rise - avoid twisting torso
85866,19.8,18.4,87.3,93.0,90.1,95.4,117.0,137.9,6.4,0.792,DOWN,2,FORM ISSUE,Uneven rise - avoid twisting torso
85900,19.5,19.1,95.4,93.8,94.6,94.1,117.7,137.1,8.2,0.808,DOWN,2,FORM ISSUE,Uneven rise - avoid twisting torso
85933,19.1,19.4,97.6,94.3,95.9,93.6,117.7,136.9,8.2,0.823,DOWN,2,FORM ISSUE,Uneven rise - avoid twisting torso
85966,18.3,19.3,101.1,95.2,98.2,93.9,117.8,138.3,6.7,0.835,DOWN,2,FORM ISSUE,Uneven rise - avoid twisting torso
86000,18.3,19.0,102.3,94.9,98.6,95.5,115.6,137.4,8.5,0.844,DOWN,2,FORM ISSUE,Uneven rise - avoid twisting torso
86033,18.8,18.8,101.7,93.6,97.6,97.0,118.5,141.5,10.5,0.849,DOWN,2,FORM ISSUE,Uneven rise - avoid twisting torso
86066,19.9,18.9,100.3,92.8,96.5,97.4,117.2,136.1,12.3,0.85,DOWN,2,FORM ISSUE,Uneven rise - avoid twisting torso
86100,19.6,19.0,100.4,94.4,97.4,97.7,108.1,130.7,6.6,0.844,DOWN,2,FORM ISSUE,Uneven rise - avoid twisting torso
86133,19.0,19.1,100.3,95.9,98.1,97.7,109.3,134.7,7.4,0.836,DOWN,2,FORM ISSUE,Uneven rise - avoid twisting torso
86166,19.5,19.3,100.2,95.1,97.7,97.5,110.2,136.5,7.9,0.824,DOWN,2,FORM ISSUE,Uneven rise - avoid twisting torso
86200,19.0,19.4,100.3,95.6,97.9,97.5,108.0,139.8,0.7,0.81,DOWN,2,FORM ISSUE,Uneven rise - avoid twisting torso
86233,18.7,19.1,99.7,96.9,98.3,97.9,107.5,138.9,5.0,0.797,DOWN,2,FORM ISSUE,Uneven rise - avoid twisting torso
86266,18.2,18.8,100.1,97.9,99.0,98.2,106.3,139.3,0.3,0.786,DOWN,2,FORM ISSUE,Uneven rise - avoid twisting torso
86300,17.1,18.5,99.9,100.4,100.1,98.6,108.9,151.3,4.0,0.777,DOWN,2,FORM ISSUE,Uneven rise - avoid twisting torso
86333,16.5,17.9,99.8,100.4,100.1,99.1,109.0,152.9,6.2,0.766,DOWN,2,FORM ISSUE,Uneven rise - avoid twisting torso
86366,16.6,17.4,99.9,100.1,100.0,99.5,109.4,150.1,7.6,0.755,DOWN,2,FORM ISSUE,Uneven rise - avoid twisting torso
86400,16.7,17.0,100.4,99.2,99.8,99.8,110.6,149.6,8.4,0.743,DOWN,2,FORM ISSUE,Uneven rise - avoid twisting torso
86433,16.9,16.8,100.3,99.0,99.7,99.9,109.8,149.6,11.1,0.733,DOWN,2,FORM ISSUE,Uneven rise - avoid twisting torso
86466,18.2,17.0,100.6,96.2,98.4,99.6,110.6,148.7,8.1,0.724,DOWN,2,FORM ISSUE,Uneven rise - avoid twisting torso
86500,18.1,17.3,100.7,95.9,98.3,99.2,112.2,149.0,8.5,0.717,DOWN,2,FORM ISSUE,Uneven rise - avoid twisting torso
86533,18.1,17.6,100.8,95.7,98.2,98.9,111.8,148.6,3.7,0.715,DOWN,2,FORM ISSUE,Uneven rise - avoid twisting torso
86566,16.8,17.6,101.3,97.8,99.6,98.8,110.9,147.7,10.0,0.709,DOWN,2,FORM ISSUE,Uneven rise - avoid twisting torso
86600,16.4,17.5,99.5,99.4,99.4,98.8,113.7,149.9,10.5,0.705,DOWN,2,FORM ISSUE,Uneven rise - avoid twisting torso
86633,16.1,17.1,100.5,100.0,100.2,99.2,113.8,150.3,11.0,0.695,DOWN,2,FORM ISSUE,Uneven rise - avoid twisting torso
86666,14.9,16.5,101.5,101.6,101.6,99.8,111.3,148.6,10.4,0.685,DOWN,2,FORM ISSUE,Uneven rise - avoid twisting torso
86700,14.7,15.8,101.7,101.9,101.8,100.5,111.7,148.0,11.4,0.677,DOWN,2,FORM ISSUE,Uneven rise - avoid twisting torso
86733,14.5,15.3,101.9,102.4,102.2,101.0,112.2,148.2,4.5,0.676,DOWN,2,FORM ISSUE,Uneven rise - avoid twisting torso
86766,14.3,14.9,102.0,102.7,102.3,101.6,112.5,149.2,3.7,0.674,DOWN,2,FORM ISSUE,Uneven rise - avoid twisting torso
86800,14.2,14.5,101.8,102.8,102.3,102.0,112.2,148.8,4.4,0.676,DOWN,2,FORM ISSUE,Uneven rise - avoid twisting torso
86833,14.4,14.4,101.7,102.7,102.2,102.2,114.2,149.6,9.6,0.682,DOWN,2,FORM ISSUE,Uneven rise - avoid twisting torso
86866,14.0,14.3,101.8,103.3,102.5,102.3,111.9,145.5,2.8,0.685,DOWN,2,FORM ISSUE,Uneven rise - avoid twisting torso
86900,14.0,14.2,101.8,103.2,102.5,102.4,114.5,146.2,3.4,0.687,DOWN,2,FORM ISSUE,Uneven rise - avoid twisting torso
86933,13.8,14.1,102.0,103.7,102.9,102.5,112.7,145.8,3.8,0.691,DOWN,2,FORM ISSUE,Uneven rise - avoid twisting torso
86966,13.9,14.0,102.1,103.9,103.0,102.6,113.4,145.9,0.8,0.695,DOWN,2,FORM ISSUE,Uneven rise - avoid twisting torso
87000,13.9,13.9,102.4,103.5,102.9,102.8,112.6,146.6,5.1,0.697,DOWN,2,FORM ISSUE,Uneven rise - avoid twisting torso
87033,13.9,13.9,102.3,103.4,102.9,102.8,112.7,146.6,2.2,0.7,DOWN,2,FORM ISSUE,Uneven rise - avoid twisting torso
87066,14.2,14.0,100.7,103.2,102.0,102.7,113.0,148.2,1.4,0.702,DOWN,2,FORM ISSUE,Uneven rise - avoid twisting torso
87100,14.4,14.1,100.6,102.5,101.6,102.5,113.6,148.9,1.1,0.703,DOWN,2,FORM ISSUE,Uneven rise - avoid twisting torso
87133,14.2,14.1,100.4,101.6,101.0,102.1,112.6,148.6,2.4,0.699,DOWN,2,FORM ISSUE,Uneven rise - avoid twisting torso
87166,14.6,14.3,100.1,100.4,100.3,101.5,112.6,150.8,7.7,0.696,DOWN,2,FORM ISSUE,Uneven rise - avoid twisting torso
87200,14.2,14.3,100.1,100.3,100.2,101.0,112.6,152.3,7.0,0.692,DOWN,2,FORM ISSUE,Uneven rise - avoid twisting torso
87233,14.3,14.3,100.1,99.3,99.7,100.6,111.3,151.3,3.2,0.688,DOWN,2,FORM ISSUE,Uneven rise - avoid twisting torso
87266,14.5,14.4,100.0,98.6,99.3,100.1,112.9,151.6,2.2,0.686,DOWN,2,FORM ISSUE,Uneven rise - avoid twisting torso
87300,14.4,14.4,100.3,98.9,99.6,99.8,111.5,150.9,3.5,0.688,DOWN,2,FORM ISSUE,Uneven rise - avoid twisting torso
87333,14.5,14.4,100.7,98.5,99.6,99.7,109.0,150.8,3.7,0.687,DOWN,2,FORM ISSUE,Uneven rise - avoid twisting torso
87366,14.7,14.5,101.7,98.2,100.0,99.6,113.2,150.3,6.2,0.684,DOWN,2,FORM ISSUE,Uneven rise - avoid twisting torso
87400,14.7,14.6,102.0,99.1,100.6,99.8,113.4,148.6,4.7,0.677,DOWN,2,FORM ISSUE,Uneven rise - avoid twisting torso
87433,14.6,14.6,102.5,99.4,100.9,100.1,113.6,150.1,2.4,0.668,DOWN,2,FORM ISSUE,Uneven rise - avoid twisting torso
87466,14.6,14.6,101.7,99.7,100.7,100.4,118.5,149.5,3.2,0.66,DOWN,2,FORM ISSUE,Uneven rise - avoid twisting torso
87500,14.1,14.6,102.3,100.3,101.3,100.7,116.0,149.2,2.0,0.651,DOWN,2,FORM ISSUE,Uneven rise - avoid twisting torso
87533,14.0,14.4,102.3,100.5,101.4,101.0,115.5,148.7,2.4,0.647,DOWN,2,FORM ISSUE,Uneven rise - avoid twisting torso
87566,13.9,14.3,102.4,100.5,101.5,101.2,115.7,149.3,3.8,0.645,DOWN,2,FORM ISSUE,Uneven rise - avoid twisting torso
87600,13.4,14.0,102.5,100.8,101.6,101.3,114.1,149.2,3.9,0.646,DOWN,2,FORM ISSUE,Uneven rise - avoid twisting torso
87633,13.2,13.7,102.3,101.6,102.0,101.6,114.0,146.7,0.5,0.644,DOWN,2,FORM ISSUE,Uneven rise - avoid twisting torso
87666,12.9,13.5,102.9,101.3,102.1,101.7,112.5,145.4,2.9,0.642,DOWN,2,FORM ISSUE,Uneven rise - avoid twisting torso
87700,13.0,13.3,103.6,101.1,102.4,101.9,113.9,145.6,0.6,0.637,DOWN,2,FORM ISSUE,Uneven rise - avoid twisting torso
87733,13.0,13.1,103.6,101.4,102.5,102.1,113.9,146.3,1.8,0.63,DOWN,2,FORM ISSUE,Uneven rise - avoid twisting torso
87766,13.0,13.0,103.6,101.8,102.7,102.3,113.1,145.2,1.9,0.623,DOWN,2,FORM ISSUE,Uneven rise - avoid twisting torso
87800,13.2,13.0,103.5,101.9,102.7,102.5,113.1,145.5,2.7,0.616,DOWN,2,FORM ISSUE,Uneven rise - avoid twisting torso
87833,12.8,13.0,104.0,102.4,103.2,102.7,113.7,144.8,2.5,0.611,DOWN,2,FORM ISSUE,Uneven rise - avoid twisting torso
87866,12.4,12.9,104.3,102.7,103.5,102.9,111.4,141.6,2.9,0.605,DOWN,2,FORM ISSUE,Uneven rise - avoid twisting torso
87900,12.5,12.8,104.3,102.4,103.3,103.1,108.7,142.5,3.5,0.598,DOWN,2,FORM ISSUE,Uneven rise - avoid twisting torso
87933,12.5,12.7,104.3,102.6,103.5,103.2,109.2,142.9,2.9,0.591,DOWN,2,FORM ISSUE,Uneven rise - avoid twisting torso
87966,12.5,12.5,104.3,102.8,103.6,103.4,109.6,143.6,1.6,0.582,DOWN,2,FORM ISSUE,Uneven rise - avoid twisting torso
88000,12.5,12.5,104.1,102.8,103.5,103.5,109.7,144.5,2.0,0.574,DOWN,2,FORM ISSUE,Uneven rise - avoid twisting torso
88033,12.5,12.5,104.5,102.9,103.7,103.5,111.0,144.0,0.2,0.568,DOWN,2,FORM ISSUE,Uneven rise - avoid twisting torso
88066,12.4,12.5,104.3,103.2,103.8,103.6,110.9,144.6,0.5,0.563,DOWN,2,FORM ISSUE,Uneven rise - avoid twisting torso
88100,12.4,12.5,104.9,103.2,104.1,103.7,112.5,145.1,0.2,0.558,DOWN,2,FORM ISSUE,Uneven rise - avoid twisting torso
88133,11.8,12.3,104.6,102.2,103.4,103.7,106.8,143.0,0.3,0.555,DOWN,2,FORM ISSUE,Uneven rise - avoid twisting torso
88166,12.0,12.2,104.7,102.3,103.5,103.7,110.6,143.0,0.4,0.552,DOWN,2,FORM ISSUE,Uneven rise - avoid twisting torso
88200,11.7,12.1,105.1,102.3,103.7,103.7,109.7,141.7,3.7,0.549,DOWN,2,FORM ISSUE,Uneven rise - avoid twisting torso
88233,11.8,11.9,104.8,103.3,104.1,103.8,105.9,140.8,1.6,0.546,DOWN,2,FORM ISSUE,Uneven rise - avoid twisting torso
88266,11.9,11.8,104.7,103.6,104.1,103.8,104.7,139.5,3.3,0.54,DOWN,2,FORM ISSUE,Uneven rise - avoid twisting torso
88300,12.1,11.9,103.7,103.3,103.5,103.8,99.5,139.0,5.0,0.533,DOWN,2,FORM ISSUE,Uneven rise - avoid twisting torso
88333,12.3,11.9,103.9,103.0,103.5,103.8,102.9,140.7,5.6,0.526,DOWN,2,FORM ISSUE,Uneven rise - avoid twisting torso
88366,12.4,12.1,104.0,102.7,103.4,103.7,102.6,139.7,7.9,0.516,DOWN,2,FORM ISSUE,Uneven rise - avoid twisting torso
88400,12.8,12.3,103.2,102.1,102.7,103.4,102.8,139.2,7.6,0.507,DOWN,2,FORM ISSUE,Uneven rise - avoid twisting torso
88433,,,,,,,,,,0.499,DOWN,2,LOW CONFIDENCE,Adjust camera view
88466,,,,,,,,,,0.489,DOWN,2,LOW CONFIDENCE,Adjust camera view
88500,,,,,,,,,,0.48,DOWN,2,LOW CONFIDENCE,Adjust camera view
88533,,,,,,,,,,0.471,DOWN,2,LOW CONFIDENCE,Adjust camera view
88566,,,,,,,,,,0.463,DOWN,2,LOW CONFIDENCE,Adjust camera view
88600,,,,,,,,,,0.457,DOWN,2,LOW CONFIDENCE,Adjust camera view
88633,,,,,,,,,,0.452,DOWN,2,LOW CONFIDENCE,Adjust camera view
88666,,,,,,,,,,0.448,DOWN,2,LOW CONFIDENCE,Adjust camera view
88700,,,,,,,,,,0.447,DOWN,2,LOW CONFIDENCE,Adjust camera view
88733,,,,,,,,,,0.446,DOWN,2,LOW CONFIDENCE,Adjust camera view
88766,,,,,,,,,,0.444,DOWN,2,LOW CONFIDENCE,Adjust camera view
88800,,,,,,,,,,0.445,DOWN,2,LOW CONFIDENCE,Adjust camera view
88833,,,,,,,,,,0.449,DOWN,2,LOW CONFIDENCE,Adjust camera view
88866,,,,,,,,,,0.458,DOWN,2,LOW CONFIDENCE,Adjust camera view
88900,,,,,,,,,,0.468,DOWN,2,LOW CONFIDENCE,Adjust camera view
88933,,,,,,,,,,0.48,DOWN,2,LOW CONFIDENCE,Adjust camera view
88966,,,,,,,,,,0.498,DOWN,2,LOW CONFIDENCE,Adjust camera view
89000,34.7,16.9,84.4,76.4,80.4,98.7,97.6,130.1,31.9,0.52,DOWN,2,FORM ISSUE,Uneven rise - avoid twisting torso
89033,35.0,21.4,81.6,75.6,78.6,93.7,101.3,131.5,37.0,0.541,DOWN,2,FORM ISSUE,Uneven rise - avoid twisting torso
89066,37.7,26.5,79.3,70.9,75.1,88.0,95.7,123.2,38.4,0.563,DOWN,2,FORM ISSUE,Uneven rise - avoid twisting torso
89100,40.8,32.2,78.7,67.5,73.1,82.0,97.2,136.7,44.0,0.588,DOWN,2,FORM ISSUE,Uneven rise - avoid twisting torso
89133,42.3,38.1,73.0,61.6,67.3,74.9,84.6,129.2,46.4,0.608,ASCENDING,2,FORM ISSUE,Uneven rise - avoid twisting torso
89166,45.6,40.3,83.9,56.2,70.1,72.8,85.4,122.9,36.3,0.623,ASCENDING,2,FORM ISSUE,Uneven rise - avoid twisting torso
89200,48.3,43.0,85.6,54.8,70.2,71.2,94.5,127.7,44.0,0.637,ASCENDING,2,FORM ISSUE,Uneven rise - avoid twisting torso
89233,51.0,45.6,75.3,57.5,66.4,69.4,98.9,149.5,53.0,0.648,ASCENDING,2,FORM ISSUE,Uneven rise - avoid twisting torso
89266,55.6,48.6,56.0,50.1,53.1,65.4,111.0,158.5,55.7,0.659,ASCENDING,2,FORM ISSUE,Uneven rise - avoid twisting torso
89300,59.0,51.9,51.2,48.8,50.0,62.0,126.3,173.1,55.9,0.667,ASCENDING,2,FORM ISSUE,Uneven rise - avoid twisting torso
89333,64.8,55.7,48.4,42.5,45.5,57.0,126.9,166.9,61.6,0.674,ASCENDING,2,FORM ISSUE,Uneven rise - avoid twisting torso
89366,67.8,59.6,46.3,42.1,44.2,51.8,122.0,163.6,68.1,0.674,ASCENDING,2,FORM ISSUE,Uneven rise - avoid twisting torso
89400,70.1,63.5,43.5,41.1,42.3,47.0,137.1,167.7,69.7,0.668,ASCENDING,2,FORM ISSUE,Uneven rise - avoid twisting torso
89433,73.8,67.1,40.1,37.8,39.0,44.2,130.1,175.6,63.5,0.655,ASCENDING,2,FORM ISSUE,Uneven rise - avoid twisting torso
89466,75.7,70.5,39.8,37.0,38.4,41.9,139.4,168.4,63.1,0.639,ASCENDING,2,FORM ISSUE,Uneven rise - avoid twisting torso
89500,79.0,73.3,37.8,31.7,34.7,39.7,147.6,179.4,45.5,0.618,UP,2,FORM ISSUE,Uneven rise - avoid twisting torso
89533,79.0,75.5,32.5,34.9,33.7,37.6,141.4,175.6,57.5,0.592,UP,2,FORM ISSUE,Uneven rise - avoid twisting torso
89566,81.6,77.8,22.7,25.3,24.0,34.0,149.2,176.3,41.6,0.571,UP,2,FORM ISSUE,Uneven rise - avoid twisting torso
89600,82.2,79.5,21.4,30.9,26.2,31.4,146.1,179.6,41.4,0.554,UP,2,FORM ISSUE,Uneven rise - avoid twisting torso
89633,83.6,81.1,27.8,29.1,28.5,29.4,148.3,161.8,54.5,0.537,UP,2,FORM ISSUE,Uneven rise - avoid twisting torso
89666,85.5,82.4,26.9,31.2,29.0,28.3,160.0,161.9,54.0,0.525,UP,2,FORM ISSUE,Uneven rise - avoid twisting torso
89700,87.3,84.1,24.2,29.9,27.0,26.9,157.5,158.6,51.3,0.516,UP,2,FORM ISSUE,Uneven rise - avoid twisting torso
89733,88.6,85.5,20.4,27.8,24.1,27.0,166.1,155.6,55.9,0.504,UP,2,FORM ISSUE,Uneven rise - avoid twisting torso
89766,,,,,,,,,,0.488,UP,2,LOW CONFIDENCE,Adjust camera view
89800,,,,,,,,,,0.479,UP,2,LOW CONFIDENCE,Adjust camera view
89833,,,,,,,,,,0.466,UP,2,LOW CONFIDENCE,Adjust camera view
89866,,,,,,,,,,0.453,UP,2,LOW CONFIDENCE,Adjust camera view
89900,,,,,,,,,,0.445,UP,2,LOW CONFIDENCE,Adjust camera view
89933,,,,,,,,,,0.437,UP,2,LOW CONFIDENCE,Adjust camera view
89966,,,,,,,,,,0.425,UP,2,LOW CONFIDENCE,Adjust camera view
90000,,,,,,,,,,0.413,UP,2,LOW CONFIDENCE,Adjust camera view
90033,,,,,,,,,,0.403,UP,2,LOW CONFIDENCE,Adjust camera view
90066,,,,,,,,,,0.394,UP,2,LOW CONFIDENCE,Adjust camera view
90100,,,,,,,,,,0.391,UP,2,LOW CONFIDENCE,Adjust camera view
90133,,,,,,,,,,0.391,UP,2,LOW CONFIDENCE,Adjust camera view
90166,,,,,,,,,,0.394,UP,2,LOW CONFIDENCE,Adjust camera view
90200,,,,,,,,,,0.395,UP,2,LOW CONFIDENCE,Adjust camera view
90233,,,,,,,,,,0.397,UP,2,LOW CONFIDENCE,Adjust camera view
90266,,,,,,,,,,0.392,UP,2,LOW CONFIDENCE,Adjust camera view
90300,,,,,,,,,,0.387,UP,2,LOW CONFIDENCE,Adjust camera view
90333,,,,,,,,,,0.385,UP,2,LOW CONFIDENCE,Adjust camera view
90366,,,,,,,,,,0.39,UP,2,LOW CONFIDENCE,Adjust camera view
90400,,,,,,,,,,0.402,UP,2,LOW CONFIDENCE,Adjust camera view
90433,,,,,,,,,,0.418,UP,2,LOW CONFIDENCE,Adjust camera view
90466,,,,,,,,,,0.441,UP,2,LOW CONFIDENCE,Adjust camera view
90500,,,,,,,,,,0.463,UP,2,LOW CONFIDENCE,Adjust camera view
90533,,,,,,,,,,0.489,UP,2,LOW CONFIDENCE,Adjust camera view
90566,75.8,84.2,54.0,39.5,46.7,31.1,143.9,158.2,67.3,0.514,UP,2,FORM ISSUE,Uneven rise - avoid twisting torso
90600,74.2,82.3,55.3,41.8,48.6,35.1,144.8,163.4,63.7,0.542,UP,2,FORM ISSUE,Uneven rise - avoid twisting torso
90633,73.9,80.0,54.8,40.6,47.7,38.8,144.4,162.0,46.8,0.568,UP,2,FORM ISSUE,Uneven rise - avoid twisting torso
90666,71.2,76.8,59.5,41.0,50.3,43.5,137.4,156.3,44.3,0.598,UP,2,FORM ISSUE,Uneven rise - avoid twisting torso
90700,67.8,72.6,63.2,46.5,54.9,49.6,133.2,150.6,56.3,0.626,UP,2,FORM ISSUE,Uneven rise - avoid twisting torso
90733,61.7,69.8,66.4,52.8,59.6,52.2,133.5,150.6,46.2,0.654,UP,2,FORM ISSUE,Uneven rise - avoid twisting torso
90766,56.7,66.3,71.7,55.0,63.4,55.2,129.2,140.3,26.2,0.681,UP,2,FORM ISSUE,Uneven rise - avoid twisting torso
90800,48.4,61.1,72.4,65.8,69.1,59.4,121.1,144.4,30.2,0.705,UP,2,FORM ISSUE,Uneven rise - avoid twisting torso
90833,43.0,55.5,77.6,71.3,74.5,64.3,108.5,139.8,45.1,0.727,UP,2,FORM ISSUE,Uneven rise - avoid twisting torso
90866,34.7,48.9,84.7,79.9,82.3,69.8,109.4,138.4,30.8,0.745,UP,2,FORM ISSUE,Uneven rise - avoid twisting torso
90900,30.7,42.7,87.8,83.9,85.8,75.0,107.8,142.4,18.2,0.76,UP,2,FORM ISSUE,Uneven rise - avoid twisting torso
90933,28.2,37.0,88.8,86.7,87.8,79.9,105.7,136.9,19.7,0.77,UP,2,FORM ISSUE,Uneven rise - avoid twisting torso
90966,27.7,32.8,91.2,85.5,88.4,83.7,107.3,132.2,14.7,0.775,DESCENDING,2,FORM ISSUE,Uneven rise - avoid twisting torso
91000,24.7,29.2,94.1,88.9,91.5,87.2,105.9,136.0,6.6,0.777,DESCENDING,2,FORM ISSUE,Uneven rise - avoid twisting torso
91033,23.6,27.0,95.0,90.3,92.7,89.2,105.9,132.6,5.4,0.777,DESCENDING,2,FORM ISSUE,Uneven rise - avoid twisting torso
91066,22.2,25.3,94.8,92.8,93.8,90.8,106.2,136.4,0.8,0.773,DESCENDING,2,FORM ISSUE,Uneven rise - avoid twisting torso
91100,21.1,23.8,95.3,94.0,94.6,92.2,102.3,132.4,2.9,0.767,DESCENDING,2,FORM ISSUE,Uneven rise - avoid twisting torso
91133,20.8,22.5,95.8,94.3,95.0,93.5,103.5,138.4,3.4,0.763,DESCENDING,2,FORM ISSUE,Uneven rise - avoid twisting torso
91166,19.9,21.5,95.8,96.1,96.0,94.4,103.7,142.1,2.2,0.757,DESCENDING,2,FORM ISSUE,Uneven rise - avoid twisting torso
91200,19.1,20.6,96.4,97.0,96.7,95.2,104.8,145.6,1.7,0.746,DESCENDING,2,FORM ISSUE,Uneven rise - avoid twisting torso
91233,18.6,19.9,97.3,98.0,97.6,96.0,106.5,142.9,4.5,0.736,DESCENDING,2,FORM ISSUE,Uneven rise - avoid twisting torso
91266,17.3,19.1,99.2,99.6,99.4,96.9,107.5,142.3,4.1,0.726,DESCENDING,2,FORM ISSUE,Uneven rise - avoid twisting torso
91300,16.3,18.3,99.7,100.6,100.1,98.0,111.5,143.3,4.4,0.714,DESCENDING,2,FORM ISSUE,Uneven rise - avoid twisting torso
91333,15.2,17.3,101.2,102.9,102.0,99.2,111.4,140.4,3.7,0.697,DOWN,3,FORM ISSUE,Uneven rise - avoid twisting torso
91366,14.8,16.4,102.9,102.7,102.8,100.4,112.1,142.8,5.4,0.682,DOWN,3,FORM ISSUE,Uneven rise - avoid twisting torso
91400,14.7,15.7,103.2,103.3,103.2,101.5,110.8,143.2,8.1,0.663,DOWN,3,FORM ISSUE,Uneven rise - avoid twisting torso
91433,15.0,15.2,103.9,103.5,103.7,102.4,114.7,142.0,6.9,0.642,DOWN,3,FORM ISSUE,Uneven rise - avoid twisting torso
91466,14.5,14.8,105.4,103.4,104.4,103.2,117.0,140.6,6.2,0.622,DOWN,3,FORM ISSUE,Uneven rise - avoid twisting torso
91500,14.0,14.6,105.5,104.1,104.8,103.8,116.3,139.4,6.0,0.606,DOWN,3,FORM ISSUE,Uneven rise - avoid twisting torso
91533,13.6,14.4,105.5,104.5,105.0,104.2,116.3,138.4,9.0,0.591,DOWN,3,FORM ISSUE,Uneven rise - avoid twisting torso
91566,13.5,14.1,104.5,105.1,104.8,104.5,113.2,137.4,10.4,0.582,DOWN,3,FORM ISSUE,Uneven rise - avoid twisting torso
91600,15.6,14.2,101.2,103.4,102.3,104.3,110.5,132.3,12.2,0.579,DOWN,3,FORM ISSUE,Uneven rise - avoid twisting torso
91633,16.8,14.7,99.7,101.6,100.6,103.5,108.5,121.7,7.3,0.577,DOWN,3,FORM ISSUE,Uneven rise - avoid twisting torso
91666,18.1,15.5,97.9,99.3,98.6,102.3,106.2,119.0,4.6,0.581,DOWN,3,FORM ISSUE,Uneven rise - avoid twisting torso
91700,20.0,16.8,94.6,97.0,95.8,100.4,104.1,114.0,3.2,0.59,DOWN,3,FORM ISSUE,Uneven rise - avoid twisting torso
91733,23.1,18.7,93.6,94.2,93.9,98.3,98.9,112.0,14.3,0.596,DOWN,3,FORM ISSUE,Uneven rise - avoid twisting torso
91766,25.7,20.8,90.9,91.6,91.3,96.0,95.5,116.0,21.2,0.6,DOWN,3,FORM ISSUE,Uneven rise - avoid twisting torso
91800,28.9,23.2,87.2,86.0,86.6,93.2,95.1,116.2,22.6,0.605,DOWN,3,FORM ISSUE,Uneven rise - avoid twisting torso
91833,31.7,25.9,84.5,82.4,83.5,90.2,95.0,121.4,28.1,0.61,DOWN,3,FORM ISSUE,Uneven rise - avoid twisting torso
91866,36.8,29.2,78.4,74.8,76.6,86.4,98.9,132.3,27.9,0.618,ASCENDING,3,FORM ISSUE,Uneven rise - avoid twisting torso
91900,41.0,32.8,76.4,68.2,72.3,82.1,102.8,133.7,35.0,0.634,ASCENDING,3,FORM ISSUE,Uneven rise - avoid twisting torso
91933,41.9,36.1,78.9,66.9,72.9,78.4,100.4,130.1,32.6,0.653,ASCENDING,3,FORM ISSUE,Uneven rise - avoid twisting torso
91966,43.9,39.1,78.8,64.9,71.9,75.4,98.5,129.5,40.9,0.674,ASCENDING,3,FORM ISSUE,Uneven rise - avoid twisting torso
92000,47.0,42.1,81.6,61.9,71.7,73.1,98.6,124.7,35.1,0.696,ASCENDING,3,FORM ISSUE,Uneven rise - avoid twisting torso
92033,51.5,45.1,77.0,55.1,66.0,71.0,101.9,135.2,42.8,0.717,ASCENDING,3,FORM ISSUE,Uneven rise - avoid twisting torso
92066,51.7,47.2,67.6,54.9,61.2,68.8,108.4,131.8,46.2,0.733,ASCENDING,3,FORM ISSUE,Uneven rise - avoid twisting torso
92100,53.9,49.6,68.0,53.9,61.0,66.4,102.2,131.7,50.7,0.743,ASCENDING,3,FORM ISSUE,Uneven rise - avoid twisting torso
92133,55.5,51.9,66.5,51.7,59.1,63.8,106.7,131.9,50.9,0.752,ASCENDING,3,FORM ISSUE,Uneven rise - avoid twisting torso
92166,59.4,54.4,55.9,49.0,52.4,60.0,112.0,148.8,56.2,0.755,ASCENDING,3,FORM ISSUE,Uneven rise - avoid twisting torso
92200,61.7,56.5,56.6,48.8,52.7,57.3,106.0,143.5,56.8,0.75,ASCENDING,3,FORM ISSUE,Uneven rise - avoid twisting torso
92233,66.2,59.4,53.0,44.1,48.5,54.7,107.2,147.1,61.1,0.743,ASCENDING,3,FORM ISSUE,Uneven rise - avoid twisting torso
92266,69.0,62.4,49.7,39.0,44.4,51.4,115.9,157.2,70.2,0.736,ASCENDING,3,FORM ISSUE,Uneven rise - avoid twisting torso
92300,70.9,65.5,44.5,39.5,42.0,48.0,119.1,165.0,67.2,0.721,ASCENDING,3,FORM ISSUE,Uneven rise - avoid twisting torso
92333,74.2,68.4,41.3,37.9,39.6,45.4,125.5,170.7,68.0,0.701,ASCENDING,3,FORM ISSUE,Uneven rise - avoid twisting torso
92366,78.1,71.7,32.0,29.0,30.5,41.0,142.4,175.1,54.6,0.682,UP,3,FORM ISSUE,Uneven rise - avoid twisting torso
92400,79.5,74.3,31.5,33.0,32.3,37.8,143.8,167.1,66.2,0.66,UP,3,FORM ISSUE,Uneven rise - avoid twisting torso
92433,82.2,77.0,29.5,27.2,28.3,34.5,149.0,174.6,61.8,0.634,UP,3,FORM ISSUE,Uneven rise - avoid twisting torso
92466,84.1,79.6,23.6,24.3,23.9,30.9,148.2,178.7,48.8,0.609,UP,3,FORM ISSUE,Uneven rise - avoid twisting torso
92500,85.0,81.8,23.4,27.5,25.4,28.1,145.3,179.5,47.0,0.586,UP,3,FORM ISSUE,Uneven rise - avoid twisting torso
92533,86.6,83.5,31.2,29.6,30.4,28.1,143.2,178.5,54.6,0.559,UP,3,FORM ISSUE,Uneven rise - avoid twisting torso
92566,88.2,85.2,24.6,23.9,24.2,26.5,157.5,171.2,55.0,0.534,UP,3,FORM ISSUE,Uneven rise - avoid twisting torso
92600,89.3,86.6,17.1,23.2,20.2,24.8,155.4,172.3,54.9,0.511,UP,3,FORM ISSUE,Uneven rise - avoid twisting torso
92633,,,,,,,,,,0.491,UP,3,LOW CONFIDENCE,Adjust camera view
92666,,,,,,,,,,0.473,UP,3,LOW CONFIDENCE,Adjust camera view
92700,,,,,,,,,,0.457,UP,3,LOW CONFIDENCE,Adjust camera view
92733,,,,,,,,,,0.44,UP,3,LOW CONFIDENCE,Adjust camera view
92766,,,,,,,,,,0.426,UP,3,LOW CONFIDENCE,Adjust camera view
92800,,,,,,,,,,0.41,UP,3,LOW CONFIDENCE,Adjust camera view
92833,,,,,,,,,,0.398,UP,3,LOW CONFIDENCE,Adjust camera view
92866,,,,,,,,,,0.389,UP,3,LOW CONFIDENCE,Adjust camera view
92900,,,,,,,,,,0.387,UP,3,LOW CONFIDENCE,Adjust camera view
92933,,,,,,,,,,0.39,UP,3,LOW CONFIDENCE,Adjust camera view
92966,,,,,,,,,,0.396,UP,3,LOW CONFIDENCE,Adjust camera view
93000,,,,,,,,,,0.408,UP,3,LOW CONFIDENCE,Adjust camera view
93033,,,,,,,,,,0.421,UP,3,LOW CONFIDENCE,Adjust camera view
93066,,,,,,,,,,0.436,UP,3,LOW CONFIDENCE,Adjust camera view
93100,,,,,,,,,,0.451,UP,3,LOW CONFIDENCE,Adjust camera view
93133,,,,,,,,,,0.465,UP,3,LOW CONFIDENCE,Adjust camera view
93166,,,,,,,,,,0.479,UP,3,LOW CONFIDENCE,Adjust camera view
93200,,,,,,,,,,0.495,UP,3,LOW CONFIDENCE,Adjust camera view
93233,84.6,86.7,40.4,39.2,39.8,28.0,119.7,118.8,67.7,0.501,UP,3,FORM ISSUE,Uneven rise - avoid twisting torso
93266,82.5,86.2,42.8,38.8,40.8,31.1,132.6,162.1,73.0,0.505,UP,3,FORM ISSUE,Uneven rise - avoid twisting torso
93300,80.2,84.9,48.2,37.0,42.6,33.5,142.4,179.3,67.5,0.511,UP,3,FORM ISSUE,Uneven rise - avoid twisting torso
93333,77.6,82.8,52.0,38.6,45.3,37.7,137.2,173.0,74.4,0.513,UP,3,FORM ISSUE,Uneven rise - avoid twisting torso
93366,75.2,80.0,60.4,42.1,51.2,44.0,130.3,166.4,71.7,0.515,UP,3,FORM ISSUE,Uneven rise - avoid twisting torso
93400,74.0,77.9,57.0,41.7,49.3,45.9,138.4,161.8,59.6,0.528,UP,3,FORM ISSUE,Uneven rise - avoid twisting torso
93433,70.1,75.4,60.9,45.4,53.1,48.3,133.5,156.8,63.7,0.547,UP,3,FORM ISSUE,Uneven rise - avoid twisting torso
93466,66.7,72.7,61.9,47.9,54.9,50.8,132.5,150.8,71.1,0.57,UP,3,FORM ISSUE,Uneven rise - avoid twisting torso
93500,64.6,70.1,67.0,50.6,58.8,53.5,130.6,148.1,69.4,0.595,UP,3,FORM ISSUE,Uneven rise - avoid twisting torso
93533,59.3,67.0,71.7,52.4,62.1,55.6,130.5,148.5,47.2,0.624,UP,3,FORM ISSUE,Uneven rise - avoid twisting torso
93566,56.0,63.4,69.8,56.0,62.9,58.4,130.5,147.6,54.0,0.65,UP,3,FORM ISSUE,Uneven rise - avoid twisting torso
93600,49.9,59.3,74.0,62.3,68.1,61.4,122.6,139.0,44.2,0.676,UP,3,FORM ISSUE,Uneven rise - avoid twisting torso
93633,42.2,54.4,79.0,74.4,76.7,65.7,118.5,145.8,41.6,0.699,UP,3,FORM ISSUE,Uneven rise - avoid twisting torso
93666,35.0,48.5,85.9,82.0,84.0,70.8,113.4,131.6,28.7,0.72,UP,3,FORM ISSUE,Uneven rise - avoid twisting torso
93700,32.2,43.1,87.2,87.3,87.2,75.8,109.0,139.7,26.7,0.735,UP,3,FORM ISSUE,Uneven rise - avoid twisting torso
93733,29.6,37.8,91.1,87.5,89.3,81.1,109.2,133.6,20.1,0.747,DESCENDING,3,FORM ISSUE,Uneven rise - avoid twisting torso
93766,27.8,33.4,90.5,89.1,89.8,85.4,109.1,132.0,12.2,0.757,DESCENDING,3,FORM ISSUE,Uneven rise - avoid twisting torso
93800,27.0,30.3,89.3,90.8,90.1,88.1,111.6,144.6,15.3,0.764,DESCENDING,3,FORM ISSUE,Uneven rise - avoid twisting torso
93833,24.4,28.2,91.6,93.7,92.7,89.8,111.1,140.4,7.2,0.768,DESCENDING,3,FORM ISSUE,Uneven rise - avoid twisting torso
93866,24.1,26.6,93.3,92.8,93.1,91.0,111.2,146.2,3.7,0.772,DESCENDING,3,FORM ISSUE,Uneven rise - avoid twisting torso
93900,23.5,25.4,93.6,93.6,93.6,91.8,114.3,149.5,4.1,0.771,DESCENDING,3,FORM ISSUE,Uneven rise - avoid twisting torso
93933,22.7,24.4,94.5,95.2,94.9,92.8,118.2,151.6,5.1,0.769,DESCENDING,3,FORM ISSUE,Uneven rise - avoid twisting torso
93966,21.6,23.3,98.3,96.1,97.2,94.3,117.9,147.5,8.7,0.764,DESCENDING,3,FORM ISSUE,Uneven rise - avoid twisting torso
94000,20.7,22.5,98.0,97.0,97.5,95.2,121.3,149.1,12.6,0.76,DESCENDING,3,FORM ISSUE,Uneven rise - avoid twisting torso
94033,19.8,21.6,99.0,98.1,98.5,96.3,124.6,147.7,13.4,0.756,DESCENDING,3,FORM ISSUE,Uneven rise - avoid twisting torso
94066,18.1,20.6,101.5,99.9,100.7,97.8,124.2,144.2,11.6,0.75,DESCENDING,3,FORM ISSUE,Uneven rise - avoid twisting torso
94100,17.1,19.4,101.5,102.3,101.9,99.2,123.0,144.6,5.5,0.742,DESCENDING,3,FORM ISSUE,Uneven rise - avoid twisting torso
94133,16.5,18.4,102.6,102.2,102.4,100.2,122.7,144.8,3.7,0.735,DESCENDING,3,FORM ISSUE,Uneven rise - avoid twisting torso
94166,14.9,17.3,104.5,106.0,105.3,101.8,122.7,147.8,10.3,0.726,DESCENDING,3,FORM ISSUE,Uneven rise - avoid twisting torso
94200,14.3,16.2,105.9,106.3,106.1,103.3,122.6,144.0,8.4,0.72,DOWN,4,FORM ISSUE,Uneven rise - avoid twisting torso
94233,14.0,15.4,105.3,107.6,106.4,104.4,122.3,143.1,8.2,0.717,DOWN,4,FORM ISSUE,Uneven rise - avoid twisting torso
94266,13.8,14.7,105.9,108.5,107.2,105.5,121.4,143.1,10.8,0.717,DOWN,4,FORM ISSUE,Uneven rise - avoid twisting torso
94300,14.1,14.2,104.8,107.1,105.9,106.2,125.4,146.8,15.1,0.719,DOWN,4,FORM ISSUE,Uneven rise - avoid twisting torso
94333,14.6,14.2,104.6,106.4,105.5,106.2,124.9,144.6,14.3,0.722,DOWN,4,FORM ISSUE,Uneven rise - avoid twisting torso
94366,15.7,14.5,102.6,105.1,103.9,105.8,119.5,132.8,10.8,0.725,DOWN,4,FORM ISSUE,Uneven rise - avoid twisting torso
94400,17.7,15.2,100.5,102.4,101.5,104.8,106.0,114.5,1.9,0.721,DOWN,4,FORM ISSUE,Uneven rise - avoid twisting torso
94433,19.4,16.3,98.7,100.0,99.4,103.2,99.9,103.0,7.1,0.714,DOWN,4,FORM ISSUE,Uneven rise - avoid twisting torso
94466,21.0,17.7,96.4,97.6,97.0,101.4,98.0,113.6,16.5,0.705,DOWN,4,FORM ISSUE,Uneven rise - avoid twisting torso
94500,24.6,19.7,92.7,94.3,93.5,99.0,98.6,122.4,25.1,0.698,DOWN,4,FORM ISSUE,Uneven rise - avoid twisting torso
94533,28.3,22.2,86.7,92.6,89.6,96.2,97.8,137.9,30.2,0.69,DOWN,4,FORM ISSUE,Uneven rise - avoid twisting torso
94566,32.0,25.1,84.0,86.7,85.3,93.0,95.4,135.0,31.4,0.691,DOWN,4,FORM ISSUE,Uneven rise - avoid twisting torso
94600,35.4,28.3,85.8,80.2,83.0,89.7,99.1,131.8,26.0,0.701,DOWN,4,FORM ISSUE,Uneven rise - avoid twisting torso
94633,37.4,31.6,88.4,75.9,82.1,86.7,96.3,119.5,39.9,0.713,ASCENDING,4,FORM ISSUE,Uneven rise - avoid twisting torso
94666,38.6,34.4,80.0,77.4,78.7,83.8,101.8,134.7,41.3,0.727,ASCENDING,4,FORM ISSUE,Uneven rise - avoid twisting torso
94700,40.4,36.8,79.1,76.2,77.6,81.4,104.4,144.8,41.7,0.745,ASCENDING,4,FORM ISSUE,Uneven rise - avoid twisting torso
94733,42.7,38.9,84.7,68.3,76.5,79.6,103.1,137.5,43.8,0.762,ASCENDING,4,FORM ISSUE,Uneven rise - avoid twisting torso
94766,42.3,40.3,82.9,66.7,74.8,78.0,92.7,121.3,47.9,0.774,ASCENDING,4,FORM ISSUE,Uneven rise - avoid twisting torso
94800,46.3,42.0,77.9,67.1,72.5,76.0,98.1,132.7,50.2,0.786,ASCENDING,4,FORM ISSUE,Uneven rise - avoid twisting torso
94833,50.1,44.3,75.2,60.3,67.8,73.8,94.7,131.8,53.7,0.795,ASCENDING,4,FORM ISSUE,Uneven rise - avoid twisting torso
94866,52.9,46.9,66.3,57.7,62.0,70.7,103.3,145.4,56.8,0.798,ASCENDING,4,FORM ISSUE,Uneven rise - avoid twisting torso
94900,57.4,49.8,57.9,51.9,54.9,66.4,115.4,162.6,58.1,0.795,ASCENDING,4,FORM ISSUE,Uneven rise - avoid twisting torso
94933,61.7,53.7,53.1,48.8,51.0,61.6,112.9,164.2,58.5,0.79,ASCENDING,4,FORM ISSUE,Uneven rise - avoid twisting torso
94966,64.9,57.4,50.2,48.6,49.4,57.0,114.5,175.6,63.6,0.783,ASCENDING,4,FORM ISSUE,Uneven rise - avoid twisting torso
95000,68.5,61.1,48.0,43.9,45.9,52.6,117.5,168.3,66.6,0.771,ASCENDING,4,FORM ISSUE,Uneven rise - avoid twisting torso
95033,73.2,65.1,44.3,39.1,41.7,48.6,126.7,172.8,62.9,0.758,ASCENDING,4,FORM ISSUE,Uneven rise - avoid twisting torso
95066,75.7,68.8,43.1,38.0,40.6,45.7,140.5,174.0,50.7,0.747,ASCENDING,4,FORM ISSUE,Uneven rise - avoid twisting torso
95100,78.6,72.2,38.7,34.9,36.8,42.9,144.5,174.7,52.8,0.736,UP,4,FORM ISSUE,Uneven rise - avoid twisting torso
95133,80.5,75.3,36.2,33.3,34.8,39.9,145.9,174.6,38.7,0.725,UP,4,FORM ISSUE,Uneven rise - avoid twisting torso
95166,82.2,78.1,33.6,26.3,29.9,36.8,147.2,174.5,36.1,0.714,UP,4,FORM ISSUE,Uneven rise - avoid twisting torso
95200,82.8,80.0,29.1,29.2,29.2,34.2,154.7,176.6,51.9,0.699,UP,4,FORM ISSUE,Uneven rise - avoid twisting torso
95233,86.5,82.1,22.4,26.7,24.6,31.0,152.1,172.2,56.8,0.68,UP,4,FORM ISSUE,Uneven rise - avoid twisting torso
95266,86.6,83.7,16.7,31.2,23.9,28.5,155.8,165.5,62.1,0.655,UP,4,FORM ISSUE,Uneven rise - avoid twisting torso
95300,87.6,85.2,14.8,32.3,23.6,26.2,157.4,159.9,63.5,0.627,UP,4,FORM ISSUE,Uneven rise - avoid twisting torso
95333,89.7,86.7,12.8,24.4,18.6,24.0,160.7,170.7,59.4,0.599,UP,4,FORM ISSUE,Uneven rise - avoid twisting torso
95366,89.8,88.0,13.5,27.3,20.4,22.2,152.5,176.1,53.5,0.575,UP,4,FORM ISSUE,Uneven rise - avoid twisting torso
95400,89.9,88.7,22.0,30.8,26.4,22.6,144.4,170.2,56.0,0.55,UP,4,FORM ISSUE,Uneven rise - avoid twisting torso
95433,87.8,89.0,19.3,27.4,23.3,22.5,151.0,179.9,69.9,0.528,UP,4,FORM ISSUE,Uneven rise - avoid twisting torso
95466,85.5,88.5,16.3,27.6,22.0,22.1,133.2,177.4,72.9,0.507,UP,4,FORM ISSUE,Uneven rise - avoid twisting torso
95500,,,,,,,,,,0.484,UP,4,LOW CONFIDENCE,Adjust camera view
95533,,,,,,,,,,0.462,UP,4,LOW CONFIDENCE,Adjust camera view
95566,,,,,,,,,,0.442,UP,4,LOW CONFIDENCE,Adjust camera view
95600,,,,,,,,,,0.419,UP,4,LOW CONFIDENCE,Adjust camera view
95633,,,,,,,,,,0.398,UP,4,LOW CONFIDENCE,Adjust camera view
95666,,,,,,,,,,0.378,UP,4,LOW CONFIDENCE,Adjust camera view
95700,,,,,,,,,,0.361,UP,4,LOW CONFIDENCE,Adjust camera view
95733,,,,,,,,,,0.348,UP,4,LOW CONFIDENCE,Adjust camera view
95766,,,,,,,,,,0.342,UP,4,LOW CONFIDENCE,Adjust camera view
95800,,,,,,,,,,0.343,UP,4,LOW CONFIDENCE,Adjust camera view
95833,,,,,,,,,,0.353,UP,4,LOW CONFIDENCE,Adjust camera view
95866,,,,,,,,,,0.373,UP,4,LOW CONFIDENCE,Adjust camera view
95900,,,,,,,,,,0.402,UP,4,LOW CONFIDENCE,Adjust camera view
95933,,,,,,,,,,0.428,UP,4,LOW CONFIDENCE,Adjust camera view
95966,,,,,,,,,,0.45,UP,4,LOW CONFIDENCE,Adjust camera view
96000,,,,,,,,,,0.462,UP,4,LOW CONFIDENCE,Adjust camera view
96033,,,,,,,,,,0.464,UP,4,LOW CONFIDENCE,Adjust camera view
96066,,,,,,,,,,0.455,UP,4,LOW CONFIDENCE,Adjust camera view
96100,,,,,,,,,,0.447,UP,4,LOW CONFIDENCE,Adjust camera view
96133,,,,,,,,,,0.438,UP,4,LOW CONFIDENCE,Adjust camera view
96166,,,,,,,,,,0.437,UP,4,LOW CONFIDENCE,Adjust camera view
96200,,,,,,,,,,0.444,UP,4,LOW CONFIDENCE,Adjust camera view
96233,,,,,,,,,,0.456,UP,4,LOW CONFIDENCE,Adjust camera view
96266,,,,,,,,,,0.475,UP,4,LOW CONFIDENCE,Adjust camera view
96300,86.1,87.8,38.7,19.7,29.2,24.3,155.5,175.2,11.6,0.5,UP,4,FORM ISSUE,Uneven rise - avoid twisting torso
96333,84.7,86.8,38.8,22.4,30.6,26.3,151.5,176.7,17.6,0.525,UP,4,FORM ISSUE,Uneven rise - avoid twisting torso
96366,83.2,85.5,39.5,24.2,31.8,27.4,151.1,175.2,21.0,0.548,UP,4,FORM ISSUE,Uneven rise - avoid twisting torso
96400,82.8,84.5,39.9,23.3,31.6,29.0,149.1,175.4,11.3,0.568,UP,4,FORM ISSUE,Uneven rise - avoid twisting torso
96433,82.8,83.9,35.9,20.9,28.4,30.3,148.1,176.6,3.0,0.584,UP,4,FORM ISSUE,Uneven rise - avoid twisting torso
96466,82.5,83.2,35.6,20.2,27.9,30.1,151.6,177.4,1.7,0.597,UP,4,FORM ISSUE,Uneven rise - avoid twisting torso
96500,83.2,82.9,32.8,17.1,25.0,28.9,156.6,179.8,1.0,0.608,UP,4,FORM ISSUE,Uneven rise - avoid twisting torso
96533,83.9,83.0,26.4,16.4,21.4,26.9,165.5,179.3,8.7,0.617,UP,4,FORM ISSUE,Uneven rise - avoid twisting torso
96566,86.2,83.7,24.0,17.5,20.7,24.7,171.3,175.4,23.3,0.615,UP,4,FORM ISSUE,Uneven rise - avoid twisting torso
96600,86.2,84.4,27.4,16.4,21.9,23.4,175.6,177.7,20.7,0.617,UP,4,FORM ISSUE,Uneven rise - avoid twisting torso
96633,88.2,85.6,28.6,18.3,23.4,22.5,170.9,179.0,22.1,0.619,UP,4,FORM ISSUE,Uneven rise - avoid twisting torso
96666,89.0,86.7,22.4,9.9,16.1,20.7,177.7,177.6,25.8,0.619,UP,4,FORM ISSUE,Uneven rise - avoid twisting torso
96700,86.8,87.3,48.1,49.5,48.8,26.2,175.6,177.4,37.0,0.618,UP,4,FORM ISSUE,Uneven rise - avoid twisting torso
96733,85.7,87.2,17.9,41.9,29.9,28.0,163.7,176.9,38.0,0.628,UP,4,FORM ISSUE,Uneven rise - avoid twisting torso
96766,85.7,87.1,30.0,39.2,34.6,30.6,147.8,157.7,36.3,0.637,UP,4,FORM ISSUE,Uneven rise - avoid twisting torso
96800,83.5,86.2,30.8,41.8,36.3,33.1,145.5,171.0,38.6,0.646,UP,4,FORM ISSUE,Uneven rise - avoid twisting torso
96833,82.6,84.9,33.2,38.4,35.8,37.1,153.0,171.7,37.6,0.656,UP,4,FORM ISSUE,Uneven rise - avoid twisting torso
96866,81.9,83.9,29.5,31.9,30.7,33.5,156.4,172.3,36.0,0.67,UP,4,FORM ISSUE,Uneven rise - avoid twisting torso
96900,83.1,83.4,27.2,39.0,33.1,34.1,152.7,174.5,32.2,0.68,UP,4,FORM ISSUE,Uneven rise - avoid twisting torso
96933,83.7,83.0,20.8,41.2,31.0,33.4,152.9,175.7,31.8,0.683,UP,4,FORM ISSUE,Uneven rise - avoid twisting torso
96966,84.2,83.1,21.3,41.8,31.6,32.4,150.8,178.9,35.7,0.683,UP,4,FORM ISSUE,Uneven rise - avoid twisting torso
97000,85.0,83.6,23.5,41.7,32.6,31.8,148.7,178.7,37.5,0.682,UP,4,FORM ISSUE,Uneven rise - avoid twisting torso
97033,85.8,84.4,24.4,42.5,33.4,32.3,147.3,177.9,42.1,0.678,UP,4,FORM ISSUE,Uneven rise - avoid twisting torso
97066,87.1,85.2,25.3,38.3,31.8,32.1,148.3,173.1,46.5,0.674,UP,4,FORM ISSUE,Uneven rise - avoid twisting torso
97100,89.6,86.4,22.4,47.1,34.7,32.8,149.1,171.6,45.0,0.67,UP,4,FORM ISSUE,Uneven rise - avoid twisting torso
97133,89.3,87.4,28.8,52.5,40.7,34.6,149.7,167.8,47.7,0.666,UP,4,FORM ISSUE,Uneven rise - avoid twisting torso
97166,88.3,88.0,35.7,64.1,49.9,38.1,148.1,164.3,50.3,0.659,UP,4,FORM ISSUE,Uneven rise - avoid twisting torso
97200,85.9,88.1,37.5,60.5,49.0,41.2,150.2,163.6,48.8,0.648,UP,4,FORM ISSUE,Uneven rise - avoid twisting torso
97233,85.9,87.8,46.9,59.6,53.3,45.5,149.2,163.1,54.2,0.633,UP,4,FORM ISSUE,Uneven rise - avoid twisting torso
97266,84.3,86.8,58.8,67.6,63.2,51.2,148.4,162.2,54.7,0.613,UP,4,FORM ISSUE,Uneven rise - avoid twisting torso
97300,85.3,86.0,79.7,80.6,80.1,59.1,146.7,162.3,59.3,0.586,UP,4,FORM ISSUE,Uneven rise - avoid twisting torso
97333,85.8,85.4,109.5,71.3,90.4,67.2,152.5,165.4,61.1,0.553,UP,4,FORM ISSUE,Uneven rise - avoid twisting torso
97366,85.5,85.4,118.0,115.7,116.8,80.8,152.8,163.8,63.2,0.516,UP,4,FORM ISSUE,Uneven rise - avoid twisting torso
97400,,,,,,,,,,0.481,UP,4,LOW CONFIDENCE,Adjust camera view
97433,,,,,,,,,,0.445,UP,4,LOW CONFIDENCE,Adjust camera view
97466,,,,,,,,,,0.412,UP,4,LOW CONFIDENCE,Adjust camera view
97500,,,,,,,,,,0.384,UP,4,LOW CONFIDENCE,Adjust camera view
