timestamp,knee_angle,hip_angle,visibility,label
42633,177.1,168.8,0.536,unlabeled
42666,176.0,165.4,0.573,unlabeled
42700,174.4,164.0,0.602,unlabeled
42733,173.7,164.0,0.634,unlabeled
42766,174.6,164.8,0.66,unlabeled
42800,174.6,163.8,0.681,unlabeled
42833,173.6,163.9,0.703,unlabeled
42866,179.6,176.2,0.696,unlabeled
42900,179.8,166.9,0.712,unlabeled
42933,178.8,175.6,0.689,unlabeled
42966,179.4,169.5,0.697,unlabeled
43000,179.9,174.5,0.707,unlabeled
43033,177.4,177.3,0.715,unlabeled
43066,176.8,172.6,0.71,unlabeled
43100,175.3,173.2,0.706,unlabeled
43133,178.7,175.3,0.703,unlabeled
43166,175.1,172.4,0.701,unlabeled
43200,176.7,173.9,0.703,unlabeled
43233,176.0,173.0,0.712,unlabeled
43266,177.6,174.7,0.719,unlabeled
43300,178.0,174.6,0.717,unlabeled
43333,178.1,175.4,0.699,unlabeled
43366,178.9,175.0,0.69,unlabeled
43400,176.8,173.2,0.682,unlabeled
43433,177.4,171.8,0.683,unlabeled
43466,177.6,173.0,0.697,unlabeled
43500,177.4,173.6,0.709,unlabeled
43533,176.7,172.7,0.713,unlabeled
43566,176.5,172.9,0.723,unlabeled
43600,178.0,171.7,0.734,unlabeled
43633,178.4,170.7,0.745,unlabeled
43666,177.5,170.7,0.748,unlabeled
43700,178.9,170.8,0.75,unlabeled
43733,179.7,170.1,0.75,unlabeled
43766,178.4,167.9,0.755,unlabeled
43800,177.6,166.2,0.75,unlabeled
43833,179.5,170.1,0.743,unlabeled
43866,179.4,173.3,0.734,unlabeled
43900,179.9,173.7,0.729,unlabeled
43933,179.9,173.4,0.726,unlabeled
43966,179.5,173.6,0.716,unlabeled
44000,179.4,170.4,0.693,unlabeled
44033,179.7,176.1,0.687,unlabeled
44066,168.8,160.5,0.674,unlabeled
44100,172.7,165.1,0.653,unlabeled
44133,172.6,166.7,0.631,unlabeled
44166,168.8,163.4,0.608,unlabeled
44200,167.0,163.7,0.585,unlabeled
44233,179.5,177.2,0.562,unlabeled
44266,174.0,173.5,0.548,unlabeled
44300,174.0,172.3,0.536,unlabeled
44333,179.3,173.1,0.529,unlabeled
44366,176.2,171.6,0.508,unlabeled
49100,173.8,164.1,0.529,unlabeled
49133,171.6,161.8,0.559,unlabeled
49166,180.0,173.6,0.577,unlabeled
49200,176.7,169.2,0.591,unlabeled
49233,179.7,169.4,0.599,unlabeled
49266,178.5,168.6,0.618,unlabeled
49300,178.4,170.6,0.633,unlabeled
49333,176.2,171.1,0.659,unlabeled
49366,178.0,173.8,0.67,unlabeled
49400,177.2,173.3,0.676,unlabeled
49433,178.9,173.7,0.686,unlabeled
49466,178.8,173.9,0.695,unlabeled
49500,177.9,173.6,0.696,unlabeled
49533,176.8,171.4,0.713,unlabeled
49566,177.7,170.2,0.724,unlabeled
49600,177.1,169.1,0.737,unlabeled
49633,178.0,175.9,0.743,unlabeled
49666,172.7,174.6,0.729,unlabeled
49700,173.7,167.6,0.738,unlabeled
49733,174.9,162.5,0.752,unlabeled
49766,178.5,171.6,0.749,unlabeled
49800,179.5,167.3,0.758,unlabeled
49833,178.6,168.8,0.754,unlabeled
49866,178.2,178.6,0.758,unlabeled
49900,175.7,172.1,0.757,unlabeled
49933,178.2,172.6,0.753,unlabeled
49966,176.6,169.0,0.749,unlabeled
50000,177.3,172.2,0.74,unlabeled
50033,178.3,171.8,0.739,unlabeled
50066,178.8,174.5,0.749,unlabeled
50100,179.0,174.4,0.755,unlabeled
50133,178.7,174.0,0.767,unlabeled
50166,177.4,173.0,0.777,unlabeled
50200,176.7,172.2,0.783,unlabeled
50233,177.7,174.2,0.793,unlabeled
50266,177.3,174.6,0.798,unlabeled
50300,176.7,173.9,0.795,unlabeled
50333,176.5,174.3,0.796,unlabeled
50366,176.7,174.6,0.795,unlabeled
50400,176.5,175.1,0.797,unlabeled
50433,176.3,176.2,0.802,unlabeled
50466,175.4,176.6,0.81,unlabeled
50500,175.0,175.7,0.812,unlabeled
50533,173.4,172.7,0.809,unlabeled
50566,172.4,170.1,0.817,unlabeled
50600,173.2,170.1,0.827,unlabeled
50633,174.8,170.5,0.834,unlabeled
50666,176.8,170.6,0.842,unlabeled
50700,177.0,170.3,0.843,unlabeled
50733,177.8,171.7,0.845,unlabeled
50766,178.5,172.2,0.854,unlabeled
50800,179.7,174.2,0.857,unlabeled
50833,178.9,176.0,0.861,unlabeled
50866,179.7,176.4,0.862,unlabeled
50900,179.9,175.0,0.868,unlabeled
50933,178.8,174.4,0.874,unlabeled
50966,178.3,174.0,0.876,unlabeled
51000,177.0,174.5,0.868,unlabeled
51033,176.9,174.6,0.854,unlabeled
51066,177.4,172.8,0.851,unlabeled
51100,177.7,170.0,0.848,unlabeled
51133,177.4,168.3,0.851,unlabeled
51166,175.7,166.5,0.854,unlabeled
51200,171.1,163.6,0.859,unlabeled
51233,165.7,159.8,0.853,unlabeled
51266,156.1,156.6,0.845,unlabeled
51300,156.2,156.2,0.835,unlabeled
51333,146.8,154.6,0.825,unlabeled
51366,130.4,146.7,0.802,unlabeled
51400,115.5,114.9,0.782,unlabeled
51433,78.9,110.2,0.769,unlabeled
51466,58.0,82.2,0.75,unlabeled
51500,34.8,51.9,0.722,unlabeled
51533,49.1,30.3,0.71,unlabeled
51566,31.7,23.7,0.689,unlabeled
51600,1.2,21.9,0.674,unlabeled
51633,1.1,25.6,0.663,unlabeled
51666,17.6,41.2,0.66,unlabeled
51700,57.1,70.6,0.656,unlabeled
51733,124.1,125.9,0.67,unlabeled
51766,142.4,144.1,0.687,unlabeled
51800,150.2,152.1,0.709,unlabeled
51833,157.9,158.0,0.725,unlabeled
51866,164.1,161.6,0.741,unlabeled
51900,169.6,165.7,0.751,unlabeled
51933,172.3,167.6,0.764,unlabeled
51966,173.2,168.2,0.776,unlabeled
52000,174.1,169.7,0.781,unlabeled
52033,175.4,170.2,0.779,unlabeled
52066,176.4,170.9,0.774,unlabeled
52100,176.3,171.5,0.761,unlabeled
52133,177.0,171.7,0.743,unlabeled
52166,177.7,171.2,0.725,unlabeled
52200,179.3,172.8,0.727,unlabeled
52233,179.7,173.3,0.724,unlabeled
52266,179.8,174.0,0.734,unlabeled
52300,179.5,173.3,0.72,unlabeled
52333,176.9,171.6,0.72,unlabeled
52366,174.6,170.5,0.728,unlabeled
52400,171.9,169.0,0.73,unlabeled
52433,170.8,167.8,0.731,unlabeled
52466,163.7,163.4,0.742,unlabeled
52500,153.4,158.0,0.744,unlabeled
52533,142.3,151.0,0.722,unlabeled
52566,175.8,179.8,0.677,unlabeled
52600,98.9,119.9,0.626,unlabeled
52633,55.6,91.8,0.588,unlabeled
52666,47.3,72.6,0.561,unlabeled
52700,30.1,49.4,0.533,unlabeled
52733,45.3,67.9,0.501,unlabeled
52900,134.0,137.1,0.51,unlabeled
52933,142.7,145.8,0.534,unlabeled
52966,154.8,153.2,0.568,unlabeled
53000,160.2,159.0,0.592,unlabeled
53033,162.7,162.3,0.618,unlabeled
53066,168.1,166.1,0.641,unlabeled
53100,174.2,166.2,0.661,unlabeled
53133,179.0,169.1,0.669,unlabeled
53166,178.1,170.7,0.667,unlabeled
53200,177.2,170.4,0.656,unlabeled
53233,178.9,171.3,0.66,unlabeled
53266,177.7,170.6,0.656,unlabeled
53300,177.6,171.2,0.647,unlabeled
53333,179.1,171.8,0.647,unlabeled
53366,178.9,171.3,0.668,unlabeled
53400,176.1,170.3,0.681,unlabeled
53433,172.6,168.8,0.687,unlabeled
53466,171.0,168.2,0.695,unlabeled
53500,169.8,166.5,0.703,unlabeled
53533,168.6,165.4,0.702,unlabeled
53566,160.3,161.1,0.703,unlabeled
53600,151.5,155.0,0.708,unlabeled
53633,143.2,160.9,0.699,unlabeled
53666,117.3,137.1,0.665,unlabeled
53700,58.3,98.5,0.63,unlabeled
53733,47.2,78.0,0.599,unlabeled
53766,26.5,36.2,0.577,unlabeled
53800,25.7,28.4,0.553,unlabeled
53833,44.7,66.9,0.551,unlabeled
53866,68.7,91.0,0.549,unlabeled
53900,110.5,125.6,0.555,unlabeled
53933,126.3,137.4,0.575,unlabeled
53966,138.9,147.2,0.608,unlabeled
54000,144.6,149.1,0.634,unlabeled
54033,160.5,159.9,0.649,unlabeled
54066,165.6,163.3,0.663,unlabeled
54100,174.4,168.6,0.683,unlabeled
54133,177.6,170.2,0.695,unlabeled
54166,179.4,172.4,0.702,unlabeled
54200,179.2,173.1,0.706,unlabeled
54233,177.2,173.2,0.72,unlabeled
54266,178.4,173.1,0.73,unlabeled
54300,179.3,172.5,0.735,unlabeled
54333,178.6,172.3,0.747,unlabeled
54366,174.6,172.5,0.761,unlabeled
54400,172.0,171.9,0.775,unlabeled
54433,170.6,174.1,0.762,unlabeled
54466,167.9,174.9,0.77,unlabeled
54500,171.3,179.5,0.78,unlabeled
54533,167.4,177.5,0.792,unlabeled
54566,162.7,177.3,0.794,unlabeled
54600,165.3,175.3,0.801,unlabeled
54633,167.5,176.4,0.809,unlabeled
54666,166.8,175.4,0.796,unlabeled
54700,164.7,174.9,0.804,unlabeled
54733,164.0,174.0,0.815,unlabeled
54766,158.6,171.9,0.824,unlabeled
54800,156.0,167.8,0.838,unlabeled
54833,154.0,165.3,0.849,unlabeled
54866,154.7,164.9,0.858,unlabeled
54900,155.5,164.2,0.863,unlabeled
54933,147.3,158.3,0.87,unlabeled
54966,148.3,155.6,0.875,unlabeled
55000,129.3,153.0,0.878,unlabeled
55033,140.8,151.4,0.88,unlabeled
55066,129.0,146.9,0.878,unlabeled
55100,116.7,141.4,0.857,unlabeled
55133,115.7,127.9,0.815,unlabeled
55166,92.6,114.9,0.784,unlabeled
55200,95.7,103.6,0.758,unlabeled
55233,93.8,100.9,0.735,unlabeled
55266,89.9,99.9,0.725,unlabeled
55300,78.2,84.0,0.684,unlabeled
55333,66.0,65.0,0.649,unlabeled
55366,121.4,45.3,0.64,unlabeled
55400,161.6,43.6,0.663,unlabeled
55433,125.4,48.4,0.615,unlabeled
55466,63.3,49.6,0.577,unlabeled
55500,95.5,80.1,0.55,unlabeled
55533,90.9,89.9,0.554,unlabeled
55566,80.3,94.7,0.545,unlabeled
55600,100.5,101.9,0.541,unlabeled
55633,110.5,111.1,0.561,unlabeled
55666,114.9,119.4,0.576,unlabeled
55700,97.5,130.1,0.581,unlabeled
55733,104.8,135.7,0.599,unlabeled
55766,132.9,144.4,0.627,unlabeled
55800,144.4,152.4,0.657,unlabeled
55833,152.3,158.6,0.683,unlabeled
55866,161.0,162.5,0.706,unlabeled
55900,163.4,167.1,0.726,unlabeled
55933,165.0,170.7,0.749,unlabeled
55966,168.0,171.8,0.768,unlabeled
56000,166.9,171.6,0.787,unlabeled
56033,168.7,172.7,0.806,unlabeled
56066,168.6,170.1,0.821,unlabeled
56100,164.3,169.5,0.835,unlabeled
56133,151.4,164.1,0.84,unlabeled
56166,136.0,153.6,0.841,unlabeled
56200,126.1,147.1,0.828,unlabeled
56233,111.8,126.7,0.79,unlabeled
56266,100.3,113.3,0.76,unlabeled
56300,94.1,108.9,0.72,unlabeled
56333,91.4,97.9,0.683,unlabeled
56366,123.7,112.7,0.629,unlabeled
56400,84.6,78.7,0.592,unlabeled
56433,62.6,54.6,0.557,unlabeled
56466,159.7,38.7,0.587,unlabeled
56500,137.5,42.2,0.575,unlabeled
56533,71.3,63.9,0.542,unlabeled
56566,89.2,81.0,0.52,unlabeled
56700,101.5,105.2,0.504,unlabeled
56733,91.4,127.5,0.522,unlabeled
56766,90.8,131.1,0.528,unlabeled
56800,88.1,136.3,0.554,unlabeled
56833,126.8,144.0,0.59,unlabeled
56866,144.8,153.3,0.624,unlabeled
56900,156.6,162.5,0.649,unlabeled
56933,160.2,167.5,0.66,unlabeled
56966,168.1,173.9,0.669,unlabeled
57000,174.0,176.2,0.68,unlabeled
57033,175.3,178.4,0.698,unlabeled
57066,174.4,178.7,0.714,unlabeled
57100,175.1,179.0,0.714,unlabeled
57133,157.6,172.7,0.717,unlabeled
57166,152.1,168.7,0.727,unlabeled
57200,167.6,175.1,0.728,unlabeled
57233,168.0,176.6,0.721,unlabeled
57266,169.2,179.7,0.675,unlabeled
57300,176.3,178.5,0.643,unlabeled
57333,176.5,180.0,0.618,unlabeled
57366,179.6,178.0,0.594,unlabeled
57400,169.5,171.8,0.585,unlabeled
57433,175.8,175.0,0.591,unlabeled
57466,172.3,175.5,0.541,unlabeled
69166,177.6,172.1,0.51,unlabeled
69200,177.1,167.2,0.538,unlabeled
69233,174.0,173.1,0.554,unlabeled
69266,179.6,179.2,0.569,unlabeled
69300,179.7,175.0,0.593,unlabeled
69333,179.6,177.4,0.598,unlabeled
69366,160.0,167.0,0.585,unlabeled
69400,174.4,176.7,0.604,unlabeled
69433,179.1,175.6,0.632,unlabeled
69466,178.1,173.0,0.663,unlabeled
69500,176.8,174.0,0.683,unlabeled
69533,178.0,171.5,0.692,unlabeled
69566,178.8,173.5,0.704,unlabeled
69600,178.8,173.0,0.717,unlabeled
69633,178.8,168.9,0.728,unlabeled
69666,176.2,167.6,0.738,unlabeled
69700,178.2,165.6,0.753,unlabeled
69733,178.2,166.3,0.77,unlabeled
69766,175.9,166.1,0.781,unlabeled
69800,176.0,167.1,0.798,unlabeled
69833,175.6,169.1,0.807,unlabeled
69866,177.5,167.5,0.778,unlabeled
69900,175.2,166.3,0.777,unlabeled
69933,164.5,160.4,0.772,unlabeled
69966,161.1,175.0,0.727,unlabeled
70000,166.5,170.8,0.74,unlabeled
70100,91.6,95.5,0.702,unlabeled
70133,45.9,65.5,0.673,unlabeled
70166,79.1,101.8,0.647,unlabeled
70200,116.2,132.4,0.636,unlabeled
70233,131.7,141.8,0.654,unlabeled
70266,148.6,149.1,0.665,unlabeled
70300,166.8,150.9,0.662,unlabeled
70333,178.9,177.8,0.671,unlabeled
70366,176.1,175.5,0.649,unlabeled
70400,174.0,174.6,0.63,unlabeled
70433,178.0,172.9,0.61,unlabeled
70466,178.4,170.1,0.596,unlabeled
70500,179.7,169.3,0.581,unlabeled
70533,178.9,169.4,0.559,unlabeled
70566,176.0,167.1,0.554,unlabeled
70600,170.2,165.9,0.573,unlabeled
70766,58.7,78.5,0.554,unlabeled
70800,59.8,83.6,0.53,unlabeled
70833,100.5,113.2,0.518,unlabeled
70866,127.5,134.2,0.502,unlabeled
70900,132.4,144.1,0.54,unlabeled
70933,157.9,157.2,0.553,unlabeled
70966,164.9,162.3,0.57,unlabeled
71000,179.1,172.7,0.573,unlabeled
71033,170.3,180.0,0.591,unlabeled
71066,172.1,178.6,0.611,unlabeled
71100,171.3,178.9,0.621,unlabeled
71133,171.9,177.6,0.623,unlabeled
71166,171.1,177.0,0.642,unlabeled
71200,172.3,167.6,0.652,unlabeled
71233,179.9,173.1,0.659,unlabeled
71366,64.1,78.1,0.645,unlabeled
71400,57.7,73.1,0.64,unlabeled
71433,96.9,103.1,0.613,unlabeled
71466,116.2,122.8,0.601,unlabeled
71500,133.3,138.2,0.621,unlabeled
71533,150.8,151.8,0.643,unlabeled
71566,177.4,176.8,0.664,unlabeled
71600,177.3,176.6,0.676,unlabeled
71633,179.8,175.0,0.67,unlabeled
71666,179.3,172.4,0.67,unlabeled
71700,179.6,171.6,0.661,unlabeled
71733,178.9,169.8,0.664,unlabeled
71766,178.8,169.6,0.678,unlabeled
71800,178.5,170.1,0.672,unlabeled
71833,175.6,168.0,0.681,unlabeled
71866,172.5,166.0,0.699,unlabeled
71900,166.9,165.1,0.701,unlabeled
71933,178.8,174.0,0.64,unlabeled
71966,165.9,167.9,0.589,unlabeled
72000,74.1,115.7,0.571,unlabeled
72033,72.3,94.9,0.541,unlabeled
72066,94.1,113.6,0.509,unlabeled
72300,174.7,166.7,0.504,unlabeled
72333,175.8,167.3,0.511,unlabeled
72366,176.5,167.2,0.514,unlabeled
72400,176.7,166.8,0.516,unlabeled
72433,178.0,167.1,0.521,unlabeled
72466,174.6,165.1,0.524,unlabeled
72500,168.9,168.7,0.537,unlabeled
72533,164.1,162.2,0.569,unlabeled
72700,58.5,98.3,0.563,unlabeled
72733,132.1,150.9,0.51,unlabeled
72766,147.7,144.2,0.534,unlabeled
72800,152.8,148.0,0.555,unlabeled
72833,165.8,165.8,0.562,unlabeled
72866,174.4,169.6,0.578,unlabeled
72900,178.8,171.0,0.566,unlabeled
72933,179.8,168.7,0.562,unlabeled
72966,178.3,167.5,0.554,unlabeled
73000,179.3,169.2,0.55,unlabeled
73033,178.8,169.8,0.558,unlabeled
73066,179.2,169.6,0.575,unlabeled
73100,177.1,169.7,0.571,unlabeled
73133,176.8,175.3,0.583,unlabeled
73166,164.7,166.1,0.577,unlabeled
73200,161.7,163.2,0.589,unlabeled
73233,168.5,169.5,0.536,unlabeled
73733,172.5,165.6,0.503,unlabeled
73766,166.8,161.1,0.531,unlabeled
73800,163.8,159.7,0.533,unlabeled
74133,176.1,173.8,0.542,unlabeled
74166,178.0,169.4,0.536,unlabeled
74200,176.6,167.5,0.527,unlabeled
74233,176.8,168.9,0.524,unlabeled
74266,179.5,167.9,0.518,unlabeled
74300,172.3,164.2,0.518,unlabeled
74333,171.6,164.6,0.53,unlabeled
74366,167.4,159.4,0.569,unlabeled
74400,159.5,160.1,0.582,unlabeled
74433,172.3,170.2,0.557,unlabeled
74666,101.7,108.2,0.55,unlabeled
74700,73.1,69.8,0.532,unlabeled
74733,70.6,68.7,0.531,unlabeled
74766,58.7,64.1,0.528,unlabeled
74800,78.6,72.9,0.53,unlabeled
74833,71.2,68.7,0.534,unlabeled
74866,70.9,81.1,0.534,unlabeled
74900,109.2,116.0,0.545,unlabeled
74933,100.4,109.2,0.538,unlabeled
74966,66.5,81.4,0.525,unlabeled
75000,58.9,90.1,0.511,unlabeled
75500,178.1,168.8,0.507,unlabeled
75533,175.4,167.3,0.525,unlabeled
75566,159.9,156.5,0.54,unlabeled
75600,160.7,165.8,0.574,unlabeled
75733,38.8,81.2,0.559,unlabeled
75766,44.2,88.5,0.526,unlabeled
76000,178.6,166.2,0.502,unlabeled
76033,176.7,164.8,0.51,unlabeled
76066,174.9,166.2,0.527,unlabeled
76100,174.5,167.2,0.529,unlabeled
76133,174.7,167.3,0.542,unlabeled
76166,175.1,166.2,0.566,unlabeled
76200,166.2,161.1,0.596,unlabeled
76566,178.0,165.8,0.626,unlabeled
76600,175.6,165.6,0.625,unlabeled
76633,175.7,166.6,0.632,unlabeled
76666,178.0,168.2,0.645,unlabeled
76700,177.4,168.4,0.651,unlabeled
76733,176.2,168.1,0.656,unlabeled
76766,178.1,168.6,0.654,unlabeled
76800,173.7,165.0,0.664,unlabeled
76833,179.0,163.5,0.676,unlabeled
77200,178.7,172.6,0.694,unlabeled
77233,179.0,169.5,0.696,unlabeled
77266,177.2,167.9,0.697,unlabeled
77300,177.4,167.6,0.702,unlabeled
77333,176.5,166.6,0.71,unlabeled
77366,174.6,165.1,0.731,unlabeled
77400,167.9,159.8,0.748,unlabeled
77433,158.1,156.8,0.74,unlabeled
77466,150.2,165.3,0.702,unlabeled
77500,171.6,177.8,0.638,unlabeled
77800,179.4,168.2,0.651,unlabeled
77833,175.2,167.0,0.647,unlabeled
77866,176.2,167.0,0.656,unlabeled
77900,175.4,166.9,0.669,unlabeled
77933,176.5,166.9,0.683,unlabeled
77966,174.7,166.5,0.689,unlabeled
78000,174.0,165.6,0.708,unlabeled
78033,167.5,161.4,0.718,unlabeled
78366,177.2,162.4,0.735,unlabeled
78400,175.4,163.8,0.721,unlabeled
78433,175.6,166.4,0.724,unlabeled
78466,177.8,169.0,0.729,unlabeled
78500,178.2,169.4,0.719,unlabeled
78533,179.7,170.6,0.698,unlabeled
78566,179.9,171.1,0.686,unlabeled
78600,178.3,167.8,0.691,unlabeled
78633,168.1,162.1,0.711,unlabeled
78800,71.7,97.8,0.678,unlabeled
78833,109.4,115.4,0.654,unlabeled
78866,101.4,132.1,0.612,unlabeled
79000,177.6,171.8,0.637,unlabeled
79033,177.1,166.4,0.656,unlabeled
79066,178.2,166.4,0.667,unlabeled
79100,176.8,166.6,0.681,unlabeled
79133,178.1,167.2,0.696,unlabeled
79166,174.4,164.6,0.704,unlabeled
79200,170.7,171.7,0.707,unlabeled
79233,162.2,160.5,0.704,unlabeled
79266,153.0,155.9,0.656,unlabeled
79300,147.7,149.7,0.618,unlabeled
79333,160.9,160.1,0.564,unlabeled
79366,77.6,95.2,0.542,unlabeled
79400,89.5,90.3,0.508,unlabeled
79433,117.0,114.9,0.512,unlabeled
79533,162.9,155.3,0.516,unlabeled
79566,174.8,173.1,0.539,unlabeled
79600,178.7,169.5,0.557,unlabeled
79633,179.7,178.2,0.583,unlabeled
79666,165.0,164.5,0.581,unlabeled
79700,174.3,172.2,0.597,unlabeled
79733,179.4,167.2,0.604,unlabeled
79766,178.8,165.9,0.614,unlabeled
79800,175.6,164.5,0.632,unlabeled
79833,173.3,162.5,0.644,unlabeled
79866,166.8,158.4,0.664,unlabeled
79900,157.0,160.7,0.685,unlabeled
80033,76.9,98.5,0.658,unlabeled
80066,84.9,93.7,0.638,unlabeled
80100,139.0,123.2,0.609,unlabeled
80133,160.7,134.4,0.57,unlabeled
80166,166.5,155.7,0.555,unlabeled
80266,168.3,159.3,0.557,unlabeled
80300,179.6,168.6,0.555,unlabeled
80333,177.5,166.8,0.569,unlabeled
80366,179.0,170.3,0.554,unlabeled
80400,179.0,169.1,0.555,unlabeled
80433,179.9,168.9,0.554,unlabeled
80466,176.8,166.3,0.576,unlabeled
80500,165.3,164.4,0.586,unlabeled
80533,163.2,161.6,0.601,unlabeled
80566,175.9,172.9,0.583,unlabeled
80666,139.1,111.5,0.542,unlabeled
80700,68.7,93.9,0.555,unlabeled
80733,154.3,124.4,0.515,unlabeled
80866,178.4,173.5,0.555,unlabeled
80900,176.5,168.8,0.578,unlabeled
80933,178.9,167.2,0.596,unlabeled
80966,176.9,166.7,0.596,unlabeled
81000,175.4,167.3,0.587,unlabeled
81033,175.7,168.1,0.583,unlabeled
81066,173.7,166.3,0.603,unlabeled
81100,166.6,162.9,0.614,unlabeled
81133,170.1,171.6,0.603,unlabeled
81166,179.8,164.4,0.579,unlabeled
81266,33.8,83.1,0.572,unlabeled
81300,108.3,105.7,0.586,unlabeled
81466,176.2,163.9,0.589,unlabeled
81500,176.1,165.3,0.571,unlabeled
81533,177.6,167.2,0.57,unlabeled
81566,178.8,168.6,0.576,unlabeled
81600,177.4,168.0,0.589,unlabeled
81633,177.7,167.8,0.609,unlabeled
6700,175.5,175.7,0.505,unlabeled
6733,177.6,177.8,0.519,unlabeled
6766,177.7,177.4,0.523,unlabeled
6800,177.2,176.7,0.526,unlabeled
6833,177.5,176.7,0.528,unlabeled
6866,175.8,176.8,0.538,unlabeled
6900,174.3,176.4,0.533,unlabeled
6933,174.7,176.4,0.538,unlabeled
6966,175.3,176.5,0.546,unlabeled
7000,175.4,176.3,0.565,unlabeled
7033,175.7,176.1,0.58,unlabeled
7066,174.8,176.4,0.584,unlabeled
7100,174.5,175.5,0.58,unlabeled
7133,175.1,175.2,0.591,unlabeled
7166,176.4,175.5,0.606,unlabeled
7200,178.5,177.1,0.605,unlabeled
7233,176.8,177.3,0.586,unlabeled
7266,177.2,177.6,0.59,unlabeled
7300,176.3,177.6,0.599,unlabeled
7333,175.6,176.4,0.598,unlabeled
7366,174.7,175.5,0.625,unlabeled
7400,174.4,175.5,0.647,unlabeled
7433,176.0,174.4,0.674,unlabeled
7466,172.4,170.5,0.693,unlabeled
7500,174.8,172.8,0.715,unlabeled
7533,175.5,174.8,0.736,unlabeled
7566,175.5,174.3,0.757,unlabeled
7600,176.5,174.9,0.776,unlabeled
7633,178.0,174.7,0.792,unlabeled
7666,178.6,174.7,0.81,unlabeled
7700,179.4,173.7,0.825,unlabeled
7733,179.5,173.7,0.838,unlabeled
7766,179.9,171.8,0.849,unlabeled
7800,179.4,172.7,0.858,unlabeled
7833,178.9,171.7,0.865,unlabeled
7866,177.2,171.5,0.87,unlabeled
7900,176.5,171.2,0.879,unlabeled
7933,176.7,170.9,0.883,unlabeled
7966,176.6,170.8,0.89,unlabeled
8000,176.2,170.6,0.891,unlabeled
8033,175.5,170.4,0.893,unlabeled
8066,175.1,170.4,0.897,unlabeled
8100,174.4,170.1,0.897,unlabeled
8133,173.7,170.3,0.901,unlabeled
8166,172.8,170.5,0.906,unlabeled
8200,173.1,170.3,0.912,unlabeled
8233,172.6,171.2,0.915,unlabeled
8266,174.3,171.5,0.919,unlabeled
8300,175.4,172.0,0.922,unlabeled
8333,177.1,171.9,0.923,unlabeled
8366,176.3,171.7,0.926,unlabeled
8400,176.1,171.8,0.928,unlabeled
8433,177.6,171.9,0.93,unlabeled
8466,177.2,172.1,0.93,unlabeled
8500,177.5,172.1,0.931,unlabeled
8533,178.4,172.7,0.932,unlabeled
8566,179.3,172.3,0.933,unlabeled
8600,179.1,172.0,0.936,unlabeled
8633,179.1,172.2,0.936,unlabeled
8666,179.3,172.0,0.936,unlabeled
8700,179.4,172.2,0.935,unlabeled
8733,179.1,172.3,0.935,unlabeled
8766,178.8,172.5,0.937,unlabeled
8800,178.7,172.8,0.939,unlabeled
8833,177.8,172.2,0.94,unlabeled
8866,176.7,171.6,0.94,unlabeled
8900,173.9,169.8,0.94,unlabeled
8933,167.9,166.3,0.938,unlabeled
8966,163.9,163.5,0.938,unlabeled
9000,163.3,162.6,0.935,unlabeled
9033,165.3,162.2,0.933,unlabeled
9066,167.2,163.0,0.931,unlabeled
9100,168.2,162.8,0.933,unlabeled
9133,167.7,162.3,0.93,unlabeled
9166,167.0,161.3,0.927,unlabeled
9200,167.1,160.8,0.922,unlabeled
9233,166.2,159.6,0.919,unlabeled
9266,162.6,156.4,0.902,unlabeled
9300,161.6,154.7,0.889,unlabeled
9333,160.5,152.6,0.867,unlabeled
9366,158.3,151.9,0.825,unlabeled
9400,166.1,160.8,0.76,unlabeled
9433,163.9,162.6,0.688,unlabeled
9466,166.5,168.4,0.621,unlabeled
9500,151.8,169.0,0.561,unlabeled
9533,109.7,171.2,0.508,unlabeled
10400,168.2,166.5,0.508,unlabeled
10433,170.8,167.6,0.55,unlabeled
10466,174.1,169.6,0.589,unlabeled
10500,173.7,169.3,0.615,unlabeled
10533,175.3,170.5,0.65,unlabeled
10566,176.1,171.1,0.678,unlabeled
10600,175.6,171.8,0.7,unlabeled
10633,175.7,171.9,0.718,unlabeled
10666,176.2,172.4,0.736,unlabeled
10700,176.4,173.0,0.744,unlabeled
10733,177.0,173.3,0.748,unlabeled
10766,178.4,172.9,0.756,unlabeled
10800,177.9,173.2,0.756,unlabeled
10833,176.7,173.5,0.75,unlabeled
10866,177.0,173.6,0.75,unlabeled
10900,177.9,173.9,0.762,unlabeled
10933,177.1,174.3,0.774,unlabeled
10966,176.0,173.7,0.791,unlabeled
11000,174.8,173.2,0.8,unlabeled
11033,172.4,171.5,0.811,unlabeled
11066,172.4,171.2,0.82,unlabeled
11100,171.3,170.0,0.829,unlabeled
11133,169.3,168.5,0.834,unlabeled
11166,167.7,166.7,0.821,unlabeled
11200,163.5,164.0,0.812,unlabeled
11233,162.7,162.7,0.801,unlabeled
11266,160.6,159.9,0.767,unlabeled
11300,160.1,157.4,0.738,unlabeled
11333,153.1,155.5,0.678,unlabeled
11366,157.9,160.4,0.615,unlabeled
11400,162.8,162.2,0.556,unlabeled
11433,170.3,165.8,0.509,unlabeled
12300,176.4,169.5,0.529,unlabeled
12333,177.6,170.3,0.568,unlabeled
12366,178.0,171.0,0.604,unlabeled
12400,178.5,171.9,0.63,unlabeled
12433,178.4,172.5,0.659,unlabeled
12466,177.5,173.1,0.685,unlabeled
12500,178.1,173.6,0.712,unlabeled
12533,178.3,174.1,0.732,unlabeled
12566,178.4,174.2,0.754,unlabeled
12600,178.7,173.2,0.77,unlabeled
12633,177.8,172.3,0.77,unlabeled
12666,177.9,173.0,0.786,unlabeled
12700,178.4,173.9,0.8,unlabeled
12733,177.9,174.1,0.812,unlabeled
12766,178.0,174.1,0.819,unlabeled
12800,176.9,173.5,0.829,unlabeled
12833,175.5,172.9,0.838,unlabeled
12866,175.9,172.5,0.846,unlabeled
12900,175.4,172.4,0.851,unlabeled
12933,174.1,171.6,0.861,unlabeled
12966,174.4,171.2,0.863,unlabeled
13000,172.9,170.1,0.866,unlabeled
13033,167.7,168.2,0.86,unlabeled
13066,167.9,166.5,0.84,unlabeled
13100,168.5,165.2,0.818,unlabeled
13133,166.8,162.6,0.785,unlabeled
13166,167.7,160.7,0.744,unlabeled
13200,169.6,161.0,0.689,unlabeled
13233,170.3,165.3,0.626,unlabeled
13266,167.5,166.8,0.57,unlabeled
13300,156.2,164.5,0.517,unlabeled
14266,179.8,174.5,0.539,unlabeled
14300,178.6,173.4,0.577,unlabeled
14333,178.9,173.5,0.611,unlabeled
14366,178.5,173.3,0.638,unlabeled
14400,177.5,173.7,0.667,unlabeled
14433,176.9,173.8,0.688,unlabeled
14466,175.9,173.9,0.709,unlabeled
14500,173.0,174.1,0.725,unlabeled
14533,173.3,174.1,0.742,unlabeled
14566,171.9,173.7,0.752,unlabeled
14600,171.9,174.0,0.764,unlabeled
14633,172.2,174.7,0.75,unlabeled
14666,172.8,174.4,0.762,unlabeled
14700,171.0,174.7,0.768,unlabeled
14733,172.0,174.7,0.758,unlabeled
14766,173.5,174.7,0.751,unlabeled
14800,173.9,174.3,0.718,unlabeled
14833,175.9,176.6,0.71,unlabeled
14866,175.5,175.4,0.705,unlabeled
14900,173.2,174.4,0.695,unlabeled
14933,172.1,173.1,0.685,unlabeled
14966,173.9,174.7,0.699,unlabeled
15000,173.9,174.5,0.709,unlabeled
15033,174.3,174.4,0.714,unlabeled
15066,174.1,174.9,0.727,unlabeled
15100,175.8,174.8,0.741,unlabeled
15133,175.7,175.2,0.733,unlabeled
15166,176.7,176.3,0.737,unlabeled
15200,176.3,175.8,0.733,unlabeled
15233,177.9,175.5,0.735,unlabeled
15266,177.7,175.9,0.72,unlabeled
8433,151.1,168.9,147.5,179.8,13.2,0.53,UP
8466,167.3,176.6,153.9,178.1,13.6,0.501,UP
20566,155.8,174.7,161.8,174.0,9.3,0.5,UP
20600,158.2,174.9,161.5,173.7,9.5,0.538,UP
20633,151.0,174.8,161.1,173.2,9.3,0.565,UP
20666,160.3,166.9,159.0,169.3,9.8,0.585,UP
20700,162.7,172.9,160.4,168.9,10.0,0.621,UP
20733,172.1,171.6,160.7,169.4,10.3,0.645,UP
20766,166.8,164.9,158.9,167.2,11.1,0.671,UP
20800,172.1,163.2,159.6,166.3,10.8,0.696,UP
20833,173.0,164.1,159.5,166.5,10.8,0.714,UP
20866,173.5,167.8,159.6,166.6,11.0,0.736,UP
20900,173.6,169.2,159.5,167.1,11.1,0.754,UP
20933,173.2,172.6,160.1,167.3,11.1,0.775,UP
20966,169.7,175.7,159.9,167.8,11.1,0.795,UP
21000,169.6,177.4,158.8,167.9,11.0,0.812,UP
21033,172.1,178.8,159.2,167.2,10.4,0.824,UP
21066,170.2,179.7,160.1,167.9,10.3,0.836,UP
21100,170.9,179.4,160.1,166.5,10.1,0.848,UP
21133,172.0,179.1,160.6,167.1,9.9,0.856,UP
21166,171.0,179.1,161.8,166.6,9.1,0.867,UP
21200,168.5,179.1,162.7,166.5,8.8,0.877,UP
21233,167.8,179.5,162.9,166.6,8.9,0.885,UP
21266,173.5,179.2,163.1,166.6,8.9,0.895,UP
21300,172.9,179.2,162.4,167.2,9.0,0.902,UP
21333,175.4,179.6,163.0,167.3,8.8,0.909,UP
21366,175.0,178.1,162.7,168.0,9.0,0.915,UP
21400,176.6,177.0,163.0,168.3,9.0,0.921,UP
21433,176.8,177.5,161.8,169.4,9.5,0.927,UP
21466,173.2,176.3,161.4,170.3,9.5,0.933,UP
21500,174.8,175.5,161.6,170.4,9.6,0.937,UP
21533,171.1,176.1,161.8,170.5,9.7,0.941,UP
21566,169.4,175.3,161.4,170.5,9.6,0.939,UP
21600,170.5,175.9,162.3,170.4,9.1,0.937,UP
21633,169.1,176.1,162.2,170.6,9.2,0.936,UP
21666,172.9,174.7,162.2,170.5,8.8,0.932,UP
21700,172.6,174.9,162.0,170.2,8.1,0.928,UP
21733,171.3,174.7,161.6,170.5,8.2,0.933,UP
21766,172.0,175.1,163.3,171.2,7.8,0.936,UP
21800,173.7,173.9,163.4,171.4,7.7,0.931,UP
21833,173.6,172.4,163.2,171.1,7.2,0.924,UP
21866,173.9,172.3,163.4,171.3,7.0,0.918,UP
21900,172.9,173.4,163.1,170.5,6.6,0.915,UP
21933,174.2,173.1,164.4,169.7,5.9,0.912,UP
21966,175.0,174.3,165.2,169.4,4.8,0.907,UP
22000,174.6,176.2,165.8,169.5,3.9,0.899,UP
22033,174.0,178.2,167.6,169.0,2.5,0.897,UP
22066,174.7,179.8,169.2,169.5,1.5,0.89,UP
22100,175.4,179.4,171.0,169.4,1.0,0.88,UP
22133,174.1,179.6,170.9,169.7,0.3,0.862,UP
22166,174.1,179.2,171.6,170.0,0.5,0.847,UP
22200,174.4,179.2,171.7,170.7,0.4,0.839,UP
22233,174.5,178.9,172.5,170.9,1.0,0.832,UP
22266,174.9,179.9,173.1,171.1,1.2,0.835,UP
22300,172.7,179.9,172.6,171.6,1.2,0.832,UP
22333,175.2,179.5,172.0,171.5,1.2,0.817,UP
22366,174.4,178.9,171.1,171.0,1.4,0.814,UP
22400,174.6,178.9,171.3,170.5,1.5,0.817,UP
22433,176.1,178.4,171.2,170.2,1.5,0.821,UP
22466,176.1,177.3,171.2,169.9,1.6,0.83,UP
22500,174.9,176.7,171.4,168.9,1.8,0.835,UP
22533,173.7,176.9,171.6,168.1,2.2,0.846,UP
22566,173.0,177.1,171.7,167.9,2.2,0.854,UP
22600,172.4,177.5,172.1,168.1,2.3,0.86,UP
22633,171.4,177.4,172.6,169.2,1.7,0.857,UP
22666,172.6,178.2,172.9,170.0,1.2,0.859,UP
22700,169.9,178.6,173.1,171.2,0.5,0.865,UP
22733,172.0,178.1,173.5,172.5,0.1,0.868,UP
22766,172.9,178.6,173.3,172.8,0.9,0.873,UP
22800,173.6,177.2,173.4,172.6,1.1,0.877,UP
22833,174.7,177.4,173.6,172.9,1.6,0.882,UP
22866,174.7,176.6,174.2,173.2,2.0,0.885,UP
22900,174.7,175.9,174.5,172.9,2.5,0.888,UP
22933,174.6,175.9,174.3,173.0,2.8,0.892,UP
22966,174.9,175.8,174.5,173.5,3.2,0.894,UP
23000,175.5,175.2,174.4,173.0,3.2,0.897,UP
23033,178.0,175.4,174.1,173.4,3.5,0.898,UP
23066,178.3,175.1,174.3,173.3,3.6,0.898,UP
23100,177.7,174.0,173.7,172.5,3.3,0.899,UP
23133,177.5,174.7,174.0,172.6,3.2,0.9,UP
23166,177.6,174.9,174.4,172.5,3.2,0.898,UP
23200,177.9,176.1,174.5,172.9,3.1,0.892,UP
23233,177.9,176.5,174.5,173.0,2.9,0.89,UP
23266,176.9,176.5,174.9,173.0,2.8,0.886,UP
23300,176.0,176.8,175.2,172.6,2.4,0.881,UP
23333,176.3,177.3,175.5,172.4,2.3,0.882,UP
23366,177.3,177.7,175.4,172.0,2.2,0.882,UP
23400,178.9,177.8,175.6,172.2,2.3,0.879,UP
23433,179.3,177.6,175.2,171.5,1.8,0.876,UP
23466,179.0,178.2,175.6,170.8,1.0,0.865,UP
23500,178.4,178.5,175.3,170.7,0.6,0.859,UP
23533,175.9,178.6,173.3,170.8,0.5,0.862,UP
23566,175.1,179.0,172.4,171.0,0.3,0.863,UP
23600,174.5,178.6,171.0,171.3,0.5,0.868,UP
23633,174.2,179.7,170.1,172.3,0.8,0.866,UP
23666,171.9,179.7,169.1,171.9,0.7,0.863,UP
23700,173.8,179.9,168.5,171.8,0.8,0.863,UP
23733,172.7,178.8,167.4,172.1,1.1,0.857,UP
23766,175.3,179.2,166.8,171.6,0.9,0.858,UP
23800,171.2,179.3,164.9,171.4,1.0,0.857,UP
23833,166.8,179.7,161.9,170.9,1.1,0.842,UP
23866,165.9,179.5,158.3,171.0,2.0,0.834,UP
23900,160.0,179.4,152.4,171.6,2.7,0.807,UP
23933,159.1,179.7,150.1,171.8,3.6,0.774,UP
23966,162.6,179.1,148.4,172.5,4.3,0.722,UP
24000,159.9,177.7,145.3,174.1,4.7,0.682,UP
24033,156.8,173.7,141.9,174.2,5.5,0.634,UP
24066,154.8,173.7,136.4,174.9,6.9,0.583,UP
24100,129.7,164.6,123.5,175.5,6.6,0.535,UP
25300,175.4,177.0,168.9,170.2,1.6,0.517,UP
25333,176.8,175.0,169.8,169.6,1.5,0.554,UP
25366,176.0,173.7,170.3,169.5,1.4,0.588,UP
25400,176.5,174.2,170.5,170.1,1.6,0.61,UP
25433,176.6,175.9,170.7,171.4,1.5,0.63,UP
25466,175.8,176.4,171.0,171.8,1.7,0.645,UP
25500,176.5,176.5,171.3,172.0,1.7,0.662,UP
25533,176.6,176.6,171.1,172.0,1.8,0.676,UP
25566,176.6,176.6,170.9,172.3,2.0,0.691,UP
25600,176.7,177.6,171.1,172.3,1.8,0.698,UP
25633,175.9,178.1,171.0,172.5,2.0,0.717,UP
25666,176.2,177.8,171.2,172.6,2.1,0.72,UP
25700,177.3,178.1,171.1,172.4,1.9,0.723,UP
25733,177.4,178.0,170.7,172.5,2.0,0.723,UP
25766,176.7,178.2,170.6,172.4,2.0,0.729,UP
25800,175.0,178.1,170.9,172.3,2.0,0.74,UP
25833,175.1,178.6,171.2,172.3,1.7,0.742,UP
25866,174.7,178.7,171.0,172.4,1.8,0.756,UP
25900,173.9,178.0,171.0,172.2,1.8,0.759,UP
25933,173.9,177.6,170.9,172.0,1.9,0.763,UP
25966,173.9,177.6,171.0,172.2,1.9,0.773,UP
26000,173.3,177.3,171.1,172.0,1.9,0.775,UP
26033,173.8,177.4,171.4,172.1,1.8,0.775,UP
26066,173.7,177.0,171.4,172.1,1.8,0.784,UP
26100,174.6,176.5,171.4,172.2,1.8,0.792,UP
26133,174.2,176.5,171.4,172.3,1.8,0.798,UP
26166,174.4,176.6,171.3,172.3,1.9,0.802,UP
26200,174.0,176.8,171.4,172.7,2.0,0.806,UP
26233,176.6,176.2,171.1,172.8,2.2,0.811,UP
26266,176.6,176.6,170.8,172.7,2.1,0.805,UP
26300,176.5,177.2,170.7,172.8,2.2,0.802,UP
26333,176.2,176.9,170.3,172.4,2.2,0.806,UP
26366,174.9,177.8,169.2,171.8,2.2,0.809,UP
26400,174.1,178.7,167.8,171.5,2.1,0.812,UP
26433,172.2,179.5,165.7,171.3,2.1,0.813,UP
26466,168.8,178.9,163.3,170.5,2.0,0.811,UP
26500,165.8,179.6,161.1,169.8,1.9,0.811,UP
26533,165.8,179.2,157.5,169.6,2.2,0.793,UP
26566,166.3,179.4,154.9,169.9,2.3,0.778,UP
26600,165.7,179.5,153.4,169.3,2.4,0.735,UP
26633,164.0,175.3,151.0,168.9,2.6,0.684,UP
26666,153.5,175.6,141.1,169.2,3.2,0.646,UP
26700,142.7,175.2,133.8,169.3,3.9,0.603,UP
26733,118.4,172.9,134.7,179.0,4.0,0.55,UP
26766,108.3,166.2,125.2,173.2,4.1,0.502,UP
28566,172.2,174.5,160.6,168.5,1.1,0.527,UP
28600,172.5,173.8,162.2,170.2,1.2,0.558,UP
28633,176.8,176.1,164.9,171.7,1.1,0.581,UP
28666,179.4,176.3,167.8,171.5,0.9,0.609,UP
28700,178.9,176.7,169.2,171.3,0.4,0.637,UP
28733,176.2,176.3,169.9,170.9,0.3,0.663,UP
28766,175.8,176.4,170.8,170.5,0.0,0.687,UP
28800,176.5,175.3,171.7,170.3,0.2,0.709,UP
28833,176.3,173.6,172.8,170.6,0.3,0.728,UP
28866,177.8,174.7,173.1,170.4,0.5,0.74,UP
28900,177.6,175.2,172.5,170.9,0.3,0.758,UP
28933,178.3,173.1,172.8,171.2,0.4,0.771,UP
28966,178.6,173.7,173.0,171.2,0.3,0.783,UP
29000,177.9,175.7,172.8,172.2,0.2,0.788,UP
29033,177.9,176.2,172.6,172.7,0.1,0.796,UP
29066,177.0,176.4,172.6,172.5,0.4,0.804,UP
29100,177.2,176.4,172.6,172.5,0.4,0.817,UP
29133,177.2,177.8,172.8,172.2,0.6,0.828,UP
29166,176.9,178.4,172.7,171.9,0.7,0.831,UP
29200,178.9,179.0,172.7,171.9,0.9,0.834,UP
29233,177.8,178.9,171.8,171.6,0.9,0.838,UP
29266,177.7,179.4,172.3,171.1,1.4,0.842,UP
29300,178.4,179.9,172.9,171.5,1.8,0.847,UP
29333,177.4,180.0,171.9,171.6,1.9,0.847,UP
29366,176.8,179.9,171.3,171.8,1.9,0.837,UP
29400,176.5,179.5,170.7,173.0,1.6,0.828,UP
29433,176.4,179.6,170.0,174.5,1.3,0.818,UP
29466,177.4,179.4,170.7,174.6,1.4,0.807,UP
29500,178.5,179.0,171.1,174.8,1.5,0.806,UP
29533,178.6,178.9,171.0,175.0,1.4,0.804,UP
29566,177.4,179.7,170.6,174.2,1.8,0.801,UP
29600,176.7,179.2,170.2,174.4,1.8,0.801,UP
29633,176.2,179.5,170.0,173.7,2.2,0.793,UP
29666,176.0,179.9,169.6,174.1,2.1,0.792,UP
29700,174.6,179.7,169.5,173.9,2.2,0.789,UP
29733,174.5,179.6,169.8,173.9,2.3,0.79,UP
29766,175.3,179.6,171.0,174.2,2.3,0.79,UP
29800,174.7,179.8,172.0,173.9,2.4,0.778,UP
29833,174.3,178.6,173.4,173.9,2.6,0.781,UP
29866,173.2,179.1,174.0,173.8,2.6,0.769,UP
29900,173.3,178.2,175.6,173.0,3.0,0.754,UP
29933,174.9,178.0,176.9,172.5,3.3,0.749,UP
29966,173.6,177.6,178.1,171.7,3.6,0.722,UP
30000,174.0,178.5,179.6,171.5,3.7,0.692,UP
30033,176.1,178.0,179.4,171.5,3.6,0.675,UP
30066,176.0,178.8,179.7,172.4,2.7,0.637,UP
30100,175.1,177.9,179.3,172.7,2.1,0.628,UP
30133,174.1,178.2,178.2,173.0,1.6,0.602,UP
30166,176.3,178.2,177.2,173.9,0.8,0.59,UP
30200,176.4,178.3,176.9,175.2,0.0,0.595,UP
30233,178.2,176.4,176.3,175.5,0.8,0.601,UP
30266,176.7,176.4,174.6,176.4,1.7,0.617,UP
30300,177.1,176.8,174.8,177.9,2.6,0.621,UP
30333,178.8,175.3,174.1,177.5,2.9,0.614,UP
30366,179.9,176.3,173.0,177.8,3.4,0.592,UP
30400,179.8,175.9,172.2,178.0,3.7,0.594,UP
54500,178.4,176.5,170.1,175.7,5.5,0.511,BOTTOM
55100,177.5,177.2,172.8,179.3,2.7,0.52,BOTTOM
55133,178.9,176.9,172.6,179.9,3.3,0.544,BOTTOM
55166,178.0,176.0,172.8,179.7,3.0,0.558,BOTTOM
55200,177.0,174.7,172.0,179.2,3.0,0.571,BOTTOM
55233,176.4,173.0,172.0,178.0,2.6,0.589,BOTTOM
55266,177.9,174.1,171.5,178.2,3.3,0.577,BOTTOM
55300,174.6,175.1,170.6,179.7,3.7,0.592,BOTTOM
55333,173.2,177.2,168.1,179.8,4.4,0.582,BOTTOM
55366,172.2,175.7,167.2,179.8,5.0,0.571,BOTTOM
55400,171.0,166.0,163.4,175.0,4.0,0.562,BOTTOM
55433,165.2,173.6,164.1,178.9,4.0,0.567,BOTTOM
55466,168.5,166.1,165.2,179.6,5.1,0.573,BOTTOM
55500,160.5,159.6,161.3,177.1,5.9,0.569,BOTTOM
55533,169.7,170.6,167.7,177.5,3.7,0.578,BOTTOM
55566,178.6,171.5,172.6,177.5,2.6,0.592,BOTTOM
55600,174.2,172.7,170.4,177.7,3.1,0.618,BOTTOM
55633,173.5,172.7,170.3,177.2,3.5,0.643,BOTTOM
55666,175.3,173.2,170.1,176.8,3.7,0.666,BOTTOM
55700,176.7,170.3,168.8,177.4,4.4,0.69,BOTTOM
55733,176.7,170.8,169.3,176.9,4.3,0.71,BOTTOM
55766,175.9,171.3,169.7,176.8,3.9,0.725,BOTTOM
55800,176.1,171.0,169.5,176.8,3.8,0.736,BOTTOM
55833,175.9,171.3,169.6,176.9,3.5,0.742,BOTTOM
55866,176.7,171.4,169.4,177.0,3.6,0.751,BOTTOM
55900,176.3,170.9,169.1,176.8,3.5,0.758,BOTTOM
55933,176.1,171.2,168.9,176.9,3.4,0.765,BOTTOM
55966,176.3,171.4,169.1,177.1,3.4,0.769,BOTTOM
56000,176.2,171.9,169.0,177.3,3.4,0.77,BOTTOM
56033,175.9,174.2,168.7,177.5,3.4,0.775,BOTTOM
56066,176.0,175.5,168.7,177.8,3.3,0.77,BOTTOM
56100,175.6,175.4,168.6,177.9,3.2,0.772,BOTTOM
56133,175.6,176.3,168.7,178.0,3.1,0.769,BOTTOM
56166,175.5,179.3,168.8,177.9,3.0,0.773,BOTTOM
56200,175.7,178.5,168.7,178.0,3.0,0.775,BOTTOM
56233,175.8,179.9,169.1,177.9,2.8,0.774,BOTTOM
56266,178.7,179.8,170.6,177.9,2.6,0.768,BOTTOM
56300,178.0,179.4,170.4,178.0,2.6,0.769,BOTTOM
56333,178.1,179.0,170.2,178.3,2.8,0.754,BOTTOM
56366,177.6,178.0,169.7,178.0,3.0,0.742,BOTTOM
56400,175.2,179.7,169.6,177.0,3.2,0.716,BOTTOM
56433,179.7,179.8,170.9,176.9,3.8,0.691,BOTTOM
56466,176.2,174.5,169.5,175.2,4.1,0.673,BOTTOM
56500,175.5,173.1,169.0,174.4,4.7,0.655,BOTTOM
56533,178.4,176.1,170.5,177.3,5.1,0.634,BOTTOM
56566,177.4,176.7,168.8,178.6,5.3,0.635,BOTTOM
56600,178.9,176.6,170.1,178.2,5.5,0.625,BOTTOM
56633,177.4,176.4,170.7,178.3,5.6,0.616,BOTTOM
56666,178.3,178.6,170.5,178.9,5.8,0.6,BOTTOM
56700,178.9,177.6,170.7,178.3,5.8,0.582,BOTTOM
56733,178.9,178.4,170.8,178.7,5.9,0.557,BOTTOM
56766,179.5,178.3,170.3,179.2,6.0,0.543,BOTTOM
56800,180.0,178.4,170.3,179.1,6.0,0.525,BOTTOM
56833,179.5,178.0,170.4,179.0,5.9,0.514,BOTTOM
56866,179.0,178.1,170.5,179.0,5.9,0.512,BOTTOM
56900,178.9,178.1,170.5,178.9,5.9,0.516,BOTTOM
56933,175.0,176.9,168.3,178.9,5.5,0.508,BOTTOM
58466,177.7,174.7,174.4,174.6,3.6,0.508,BOTTOM
58500,177.8,174.4,174.2,174.4,3.5,0.543,BOTTOM
58533,177.0,173.9,174.4,174.2,3.3,0.574,BOTTOM
58566,177.7,174.4,174.3,174.2,3.2,0.599,BOTTOM
58600,177.4,174.2,174.2,174.3,3.2,0.622,BOTTOM
58633,176.8,173.7,174.2,174.2,3.1,0.646,BOTTOM
58666,177.6,173.5,174.4,173.8,2.7,0.667,BOTTOM
58700,177.1,173.8,174.2,173.8,2.5,0.683,BOTTOM
58733,176.9,173.5,173.6,173.6,2.4,0.7,BOTTOM
58766,177.4,172.6,173.7,172.9,2.1,0.713,BOTTOM
58800,177.9,172.7,173.7,173.2,1.9,0.718,BOTTOM
58833,177.7,173.4,173.7,173.4,1.6,0.727,BOTTOM
58866,177.5,174.4,173.8,173.6,1.1,0.738,BOTTOM
58900,177.7,175.4,173.9,174.0,0.9,0.742,BOTTOM
58933,178.2,176.1,174.0,174.4,0.7,0.747,BOTTOM
58966,178.0,177.8,174.0,174.6,0.4,0.757,BOTTOM
59000,178.1,177.0,173.7,173.5,0.1,0.758,BOTTOM
59033,178.7,177.3,173.9,172.5,0.4,0.767,BOTTOM
59066,178.1,177.7,173.2,172.5,0.5,0.762,BOTTOM
59100,177.1,178.0,172.6,172.4,0.7,0.761,BOTTOM
59133,176.4,178.5,171.8,172.2,0.8,0.758,BOTTOM
59166,176.6,178.7,172.2,171.3,1.2,0.769,BOTTOM
59200,176.9,179.7,172.6,171.5,1.4,0.78,BOTTOM
59233,177.0,179.6,172.3,171.7,1.3,0.79,BOTTOM
59266,176.3,179.8,171.8,171.6,1.5,0.8,BOTTOM
59300,175.5,179.7,170.8,171.9,1.3,0.804,BOTTOM
59333,176.8,179.9,170.9,171.8,1.3,0.798,BOTTOM
59366,176.5,178.8,171.1,171.8,1.4,0.799,BOTTOM
59400,174.0,178.9,171.9,171.7,1.7,0.808,BOTTOM
59433,173.1,178.3,171.6,172.0,1.5,0.814,BOTTOM
59466,173.2,178.4,171.6,172.1,1.5,0.814,BOTTOM
59500,173.4,178.5,171.4,172.3,1.4,0.811,BOTTOM
59533,173.6,177.3,171.1,171.3,1.3,0.818,BOTTOM
59566,175.7,176.9,170.9,170.8,1.3,0.817,BOTTOM
59600,178.2,179.5,169.8,170.8,1.1,0.811,BOTTOM
59633,177.2,179.6,167.9,170.5,0.9,0.794,BOTTOM
59666,175.6,179.2,166.7,169.5,0.8,0.771,BOTTOM
59700,172.9,177.7,165.1,168.2,0.8,0.733,BOTTOM
59733,168.2,173.2,163.2,165.0,0.7,0.716,BOTTOM
59766,159.3,167.3,160.5,165.9,0.3,0.69,BOTTOM
59800,152.0,119.5,156.1,156.1,1.3,0.651,BOTTOM
59833,143.2,128.6,158.7,153.5,1.5,0.597,BOTTOM
59866,158.2,166.8,162.4,172.8,1.3,0.543,BOTTOM
132700,177.0,176.7,170.4,174.5,2.7,0.523,DOWN
132733,177.4,176.5,169.2,174.4,3.1,0.56,DOWN
132766,177.3,177.9,168.7,174.7,3.5,0.595,DOWN
132800,177.3,178.5,168.7,174.9,3.6,0.626,DOWN
132833,177.4,178.5,168.5,174.9,3.9,0.657,DOWN
132866,178.2,178.3,168.7,174.7,3.8,0.682,DOWN
132900,178.3,178.4,168.9,174.8,3.8,0.706,DOWN
132933,178.5,178.3,168.7,174.8,3.9,0.728,DOWN
132966,178.0,178.3,168.7,174.8,3.9,0.749,DOWN
133000,178.1,178.5,168.7,174.9,3.9,0.766,DOWN
133033,178.1,178.6,168.8,174.9,3.8,0.781,DOWN
133066,178.1,180.0,168.5,175.0,3.9,0.795,DOWN
133100,177.8,179.7,168.6,174.4,3.6,0.806,DOWN
133133,178.5,179.5,169.0,174.0,3.4,0.819,DOWN
133166,179.0,178.5,169.3,173.6,3.2,0.828,DOWN
133200,180.0,178.6,170.4,172.9,2.6,0.837,DOWN
133233,179.4,179.7,171.0,172.3,2.1,0.842,DOWN
133266,179.9,179.7,171.7,171.4,1.6,0.849,DOWN
133300,179.2,179.7,171.4,171.6,1.4,0.853,DOWN
133333,179.6,179.8,171.3,172.1,1.4,0.854,DOWN
133366,179.1,178.8,170.9,172.3,1.3,0.856,DOWN
133400,179.1,178.7,170.9,173.2,1.4,0.848,DOWN
133433,179.0,178.4,170.6,172.4,1.0,0.85,DOWN
133466,178.4,179.0,169.5,171.4,1.0,0.851,DOWN
133500,176.8,177.9,167.8,170.9,1.1,0.856,DOWN
133533,173.7,175.6,165.3,167.2,1.4,0.855,DOWN
133566,171.2,175.5,163.4,166.7,1.7,0.856,DOWN
133600,168.3,167.8,159.7,160.2,2.1,0.862,DOWN
133633,164.1,165.8,157.4,158.7,2.2,0.854,DOWN
133666,159.2,167.1,155.2,159.3,2.5,0.85,DOWN
133700,149.7,167.9,155.3,159.1,2.9,0.835,DOWN
133733,146.6,157.7,153.2,155.3,2.6,0.799,DOWN
133766,146.7,144.2,151.5,155.5,2.2,0.754,DOWN
133800,149.0,152.8,153.6,155.9,1.3,0.729,DOWN
133833,88.0,139.3,140.3,150.2,0.8,0.668,DOWN
133866,110.5,115.7,135.2,146.7,0.6,0.615,DOWN
133900,112.8,123.0,135.1,154.2,0.7,0.567,DOWN
133933,149.4,126.2,148.9,154.5,0.9,0.518,DOWN
135033,174.8,179.2,169.5,172.9,0.2,0.505,DOWN
135066,174.4,179.5,171.8,173.6,0.0,0.537,DOWN
135100,174.6,179.6,173.0,173.8,0.9,0.545,DOWN
135133,176.0,179.7,173.8,174.9,0.8,0.552,DOWN
135166,175.4,178.6,173.3,176.0,0.6,0.547,DOWN
135200,176.0,180.0,172.0,176.9,0.3,0.566,DOWN
135233,174.3,179.0,170.3,177.9,0.4,0.594,DOWN
135266,175.8,179.2,170.5,177.1,0.5,0.625,DOWN
135300,179.0,179.4,170.4,178.9,0.2,0.654,DOWN
135333,177.1,178.9,168.6,178.6,0.2,0.675,DOWN
135366,176.7,177.8,168.8,178.9,0.4,0.697,DOWN
135400,177.2,177.3,168.7,178.5,0.8,0.713,DOWN
135433,176.7,175.3,169.9,177.0,1.9,0.728,DOWN
135466,177.4,175.0,170.2,176.3,2.0,0.743,DOWN
135500,177.5,174.2,170.1,175.8,2.1,0.754,DOWN
135533,176.3,175.1,169.5,176.8,2.1,0.766,DOWN
135566,176.7,176.0,169.7,177.2,2.2,0.772,DOWN
135600,176.5,175.7,169.4,177.5,2.3,0.776,DOWN
135633,176.3,174.1,168.9,177.7,2.2,0.785,DOWN
135666,175.8,174.0,169.4,177.5,2.7,0.79,DOWN
135700,173.9,173.9,169.9,176.4,3.0,0.794,DOWN
135733,174.2,175.0,169.9,176.4,3.2,0.798,DOWN
135766,174.0,174.6,170.1,176.1,3.6,0.799,DOWN
135800,173.9,175.1,168.8,177.2,3.1,0.807,DOWN
135833,174.0,176.5,169.3,177.3,3.5,0.796,DOWN
135866,174.7,177.8,169.8,177.3,3.7,0.789,DOWN
135900,175.2,178.2,169.7,177.9,3.5,0.796,DOWN
135933,175.0,177.5,169.6,177.9,3.2,0.803,DOWN
135966,174.5,176.0,168.8,178.6,2.7,0.811,DOWN
136000,176.3,175.7,167.3,179.3,1.8,0.821,DOWN
136033,174.1,172.6,165.9,178.4,1.3,0.825,DOWN
136066,173.7,173.8,165.1,178.3,1.0,0.827,DOWN
136100,173.5,171.5,165.3,176.8,0.7,0.83,DOWN
136133,174.6,175.2,165.5,177.7,0.6,0.824,DOWN
136166,175.1,175.0,165.6,177.8,0.3,0.816,DOWN
136200,174.3,175.8,165.6,178.3,0.3,0.812,DOWN
136233,175.3,176.2,166.5,178.2,0.3,0.807,DOWN
136266,175.2,176.5,166.2,178.7,0.0,0.798,DOWN
136300,174.4,175.7,165.9,178.5,0.3,0.794,DOWN
136333,173.6,175.7,165.7,178.6,0.4,0.788,DOWN
136366,172.8,178.3,165.2,178.5,0.7,0.785,DOWN
136400,172.4,178.6,165.5,178.6,1.0,0.776,DOWN
136433,172.3,177.9,165.1,180.0,1.8,0.779,DOWN
136466,173.8,178.8,167.9,179.6,1.4,0.786,DOWN
136500,172.1,175.0,168.3,178.8,0.9,0.791,DOWN
136533,173.0,174.2,169.1,178.3,0.6,0.79,DOWN
136566,174.3,173.6,169.2,178.4,0.7,0.783,DOWN
136600,174.1,174.8,169.8,178.2,0.6,0.757,DOWN
136633,175.4,174.6,171.3,177.4,0.5,0.732,DOWN
136666,175.9,175.1,172.5,176.7,0.6,0.714,DOWN
136700,175.3,175.5,172.8,176.5,0.9,0.7,DOWN
136733,176.7,175.8,173.6,176.0,1.2,0.687,DOWN
136766,177.5,176.9,172.9,176.5,2.1,0.683,DOWN
136800,178.4,176.3,173.2,176.1,2.0,0.692,DOWN
136833,177.2,176.5,173.0,176.1,2.5,0.697,DOWN
136866,177.1,176.2,172.7,175.9,2.7,0.704,DOWN
136900,178.1,176.6,172.7,175.1,2.7,0.704,DOWN
136933,178.0,177.3,171.7,175.1,3.3,0.711,DOWN
136966,176.8,177.0,171.2,175.5,3.6,0.719,DOWN
137000,176.0,177.1,170.6,176.7,4.4,0.722,DOWN
137033,177.9,177.2,170.6,176.6,4.4,0.733,DOWN
137066,176.6,178.8,169.9,177.1,4.8,0.733,DOWN
137100,177.0,178.2,169.9,177.6,5.1,0.749,DOWN
137133,177.5,178.0,169.2,177.8,5.7,0.752,DOWN
137166,174.9,178.9,169.6,177.0,5.4,0.747,DOWN
137200,175.7,174.8,170.8,173.7,5.0,0.739,DOWN
137233,175.3,173.7,170.9,172.4,4.3,0.736,DOWN
137266,167.8,167.5,168.5,165.9,2.6,0.72,DOWN
137300,79.4,137.5,112.2,147.1,1.1,0.722,DOWN
137333,107.0,147.4,123.6,150.5,0.4,0.704,DOWN
137366,163.9,148.4,166.5,153.0,0.7,0.692,DOWN
137400,152.3,154.5,160.0,159.7,2.6,0.674,DOWN
14466,174.7,175.9,175.3,175.3,172.6,168.1,170.4,170.4,0.4,0.506,UP,0
14500,175.8,175.0,175.4,175.3,172.2,167.8,170.0,170.2,0.3,0.508,UP,0
14533,174.8,176.3,175.5,175.4,172.3,169.5,170.9,170.4,0.2,0.515,UP,0
14566,176.4,177.0,176.7,175.7,173.4,170.0,171.7,170.7,0.4,0.513,UP,0
14600,177.1,177.1,177.1,176.0,175.9,170.2,173.0,171.2,1.7,0.506,UP,0
16133,177.7,176.6,177.2,176.4,168.9,173.0,170.9,171.3,3.0,0.508,UP,0
16166,179.4,179.8,179.6,177.2,172.3,172.0,172.2,171.7,1.7,0.52,UP,0
16200,177.8,179.4,178.6,177.8,170.4,171.6,171.0,171.8,1.8,0.521,UP,0
16233,177.8,175.3,176.5,177.8,167.8,168.3,168.1,171.0,1.8,0.528,UP,0
16266,178.9,175.3,177.1,177.8,170.3,168.5,169.4,170.3,1.2,0.518,UP,0
16300,178.7,176.0,177.4,177.8,170.4,168.8,169.6,170.0,1.0,0.519,UP,0
16333,179.1,177.4,178.3,177.6,170.7,169.0,169.9,169.6,1.0,0.522,UP,0
16366,178.6,178.4,178.5,177.6,170.4,169.2,169.8,169.3,1.2,0.526,UP,0
16400,179.1,178.1,178.6,178.0,171.6,168.6,170.1,169.7,1.1,0.53,UP,0
16433,179.0,177.8,178.4,178.2,171.2,169.1,170.2,169.9,1.3,0.527,UP,0
16466,179.5,177.9,178.7,178.5,172.0,168.8,170.4,170.1,1.3,0.529,UP,0
16500,179.8,177.7,178.7,178.6,172.2,168.8,170.5,170.2,1.5,0.533,UP,0
16533,180.0,177.9,178.9,178.7,172.8,168.6,170.7,170.4,1.4,0.535,UP,0
16566,179.8,178.1,179.0,178.7,172.3,169.1,170.7,170.5,1.4,0.536,UP,0
16600,179.8,177.6,178.7,178.8,172.7,169.1,170.9,170.6,1.4,0.526,UP,0
16633,179.9,177.7,178.8,178.8,172.6,169.4,171.0,170.8,1.6,0.524,UP,0
16666,179.8,177.8,178.8,178.8,172.6,169.6,171.1,170.9,1.6,0.522,UP,0
16700,179.9,177.7,178.8,178.8,172.7,169.9,171.3,171.0,1.5,0.516,UP,0
16733,180.0,177.8,178.9,178.8,172.7,170.0,171.3,171.1,1.4,0.51,UP,0
16766,179.9,177.7,178.8,178.8,173.0,170.3,171.6,171.3,1.5,0.506,UP,0
16800,179.8,177.8,178.8,178.8,173.0,170.0,171.5,171.4,1.5,0.503,UP,0
16966,177.7,178.2,177.9,178.6,171.0,169.9,170.5,171.2,1.5,0.5,UP,0
17033,175.1,178.4,176.7,178.2,169.6,170.3,169.9,171.0,2.1,0.502,UP,0
17133,176.9,179.7,178.3,178.1,171.9,169.8,170.8,170.9,1.4,0.501,UP,0
17266,179.5,179.9,179.7,178.3,171.8,168.8,170.3,170.6,1.1,0.522,UP,0
17300,179.5,179.6,179.5,178.4,171.6,168.8,170.2,170.4,1.1,0.521,UP,0
17333,179.3,179.8,179.5,178.8,172.4,168.7,170.6,170.4,0.9,0.51,UP,0
17366,179.0,180.0,179.5,179.3,172.8,168.3,170.5,170.5,0.6,0.52,UP,0
17400,178.4,179.3,178.8,179.4,172.4,167.8,170.1,170.3,0.7,0.544,UP,0
17433,178.8,179.1,179.0,179.3,172.7,167.6,170.1,170.3,0.8,0.556,UP,0
17466,178.4,179.8,179.1,179.2,173.0,166.8,169.9,170.2,0.9,0.567,UP,0
17500,177.7,178.9,178.3,178.9,172.9,166.1,169.5,170.0,1.0,0.587,UP,0
17533,177.4,177.1,177.2,178.5,173.1,165.7,169.4,169.8,1.1,0.584,UP,0
17566,177.0,177.1,177.1,178.1,172.9,165.6,169.2,169.6,1.2,0.584,UP,0
17600,176.7,175.4,176.1,177.6,173.0,165.4,169.2,169.4,1.3,0.581,UP,0
17633,177.0,175.9,176.4,177.0,172.9,165.7,169.3,169.3,1.2,0.578,UP,0
17666,174.3,176.3,175.3,176.4,170.9,165.4,168.1,169.0,1.6,0.588,UP,0
17700,174.4,176.2,175.3,176.0,171.1,165.3,168.2,168.8,1.4,0.585,UP,0
17733,174.1,175.6,174.8,175.6,170.8,165.0,167.9,168.5,1.1,0.584,UP,0
17766,174.0,176.2,175.1,175.4,171.2,164.8,168.0,168.3,0.5,0.583,UP,0
17800,173.1,177.4,175.2,175.2,169.9,166.3,168.1,168.1,0.9,0.589,UP,0
17833,173.3,177.7,175.5,175.2,170.1,168.1,169.1,168.3,0.9,0.593,UP,0
17866,172.9,177.0,174.9,175.1,169.1,169.5,169.3,168.5,1.1,0.588,UP,0
17900,174.8,178.0,176.4,175.4,169.9,170.7,170.3,169.0,1.0,0.581,UP,0
17933,177.3,178.0,177.6,175.9,170.1,171.7,170.9,169.5,1.5,0.573,UP,0
17966,178.3,179.0,178.6,176.6,170.9,172.5,171.7,170.3,1.1,0.575,UP,0
18000,178.4,179.9,179.1,177.3,170.7,173.5,172.1,170.9,1.0,0.574,UP,0
18033,178.8,179.7,179.2,178.2,170.2,174.0,172.1,171.4,0.8,0.57,UP,0
18066,179.8,179.0,179.4,178.8,171.1,174.8,173.0,172.0,1.2,0.553,UP,0
18100,178.6,179.7,179.1,179.1,170.8,175.5,173.2,172.4,1.1,0.547,UP,0
18133,178.4,179.9,179.2,179.2,171.0,174.4,172.7,172.6,0.2,0.542,UP,0
18166,178.2,178.4,178.3,179.0,172.0,173.6,172.8,172.8,0.1,0.529,UP,0
18200,178.3,177.4,177.9,178.8,172.8,172.6,172.7,172.9,0.4,0.507,UP,0
18233,179.0,178.0,178.5,178.6,172.0,172.7,172.3,172.7,0.3,0.505,UP,0
18733,177.8,178.6,178.2,178.4,171.4,170.8,171.1,172.3,2.4,0.501,UP,0
18800,178.1,178.5,178.3,178.2,171.9,171.2,171.5,172.1,2.1,0.5,UP,0
18833,178.1,179.2,178.7,178.3,171.8,171.5,171.6,171.9,1.8,0.503,UP,0
18866,177.7,178.9,178.3,178.4,171.7,171.1,171.4,171.6,1.8,0.503,UP,0
18900,178.0,179.8,178.9,178.5,171.6,171.6,171.6,171.5,1.7,0.51,UP,0
18933,178.2,179.7,179.0,178.6,171.6,171.4,171.5,171.5,1.7,0.509,UP,0
19266,178.0,179.7,178.9,178.7,170.8,173.3,172.0,171.6,0.5,0.506,UP,0
19300,178.5,178.8,178.7,178.7,170.9,173.0,171.9,171.7,0.3,0.513,UP,0
19333,177.1,178.0,177.5,178.6,170.2,172.6,171.4,171.7,0.1,0.517,UP,0
19366,176.8,177.8,177.3,178.3,169.8,173.0,171.4,171.6,0.3,0.513,UP,0
19400,176.6,177.9,177.2,177.9,169.8,172.8,171.3,171.6,0.4,0.516,UP,0
19433,175.3,178.1,176.7,177.5,169.4,173.1,171.3,171.5,0.6,0.523,UP,0
19466,174.8,177.9,176.3,177.0,168.7,173.4,171.1,171.3,0.8,0.527,UP,0
19500,174.6,177.8,176.2,176.8,168.6,173.4,171.0,171.2,0.8,0.532,UP,0
19533,175.0,178.2,176.6,176.6,168.9,173.5,171.2,171.2,0.8,0.531,UP,0
19566,175.2,178.9,177.0,176.6,168.9,173.6,171.3,171.2,0.8,0.537,UP,0
19600,175.3,179.0,177.1,176.7,169.1,173.7,171.4,171.2,0.9,0.54,UP,0
19633,175.1,178.6,176.8,176.8,168.9,173.4,171.2,171.2,0.8,0.544,UP,0
19666,175.6,178.4,177.0,176.9,169.0,173.2,171.1,171.2,0.7,0.557,UP,0
19700,176.1,178.3,177.2,177.1,168.0,173.0,170.5,171.1,1.3,0.563,UP,0
19733,174.4,178.2,176.3,176.9,167.6,173.0,170.3,170.9,1.1,0.574,UP,0
19766,174.0,178.3,176.1,176.7,167.4,173.0,170.2,170.7,1.1,0.587,UP,0
19800,173.1,178.1,175.6,176.4,167.2,172.8,170.0,170.4,1.0,0.595,UP,0
19833,172.2,178.1,175.2,176.1,167.4,172.8,170.1,170.2,0.8,0.6,UP,0
19866,172.4,178.5,175.4,175.7,167.9,172.5,170.2,170.2,0.5,0.616,UP,0
19900,171.9,179.0,175.4,175.5,168.3,172.6,170.4,170.2,0.2,0.625,UP,0
19933,173.3,178.2,175.7,175.5,168.4,172.9,170.6,170.3,0.1,0.631,UP,0
19966,172.7,178.2,175.5,175.4,168.4,172.7,170.6,170.4,0.2,0.635,UP,0
20000,173.0,178.3,175.7,175.5,168.9,172.7,170.8,170.5,0.4,0.642,UP,0
20033,174.7,179.3,177.0,175.9,169.8,172.4,171.1,170.7,0.5,0.64,UP,0
20066,175.3,179.7,177.5,176.3,170.7,172.2,171.4,170.9,0.7,0.634,UP,0
20100,175.5,179.2,177.3,176.6,171.3,171.9,171.6,171.1,1.0,0.627,UP,0
20133,175.8,178.5,177.1,176.9,171.9,171.4,171.6,171.3,1.4,0.626,UP,0
20166,176.6,178.5,177.6,177.3,171.9,171.3,171.6,171.5,1.6,0.62,UP,0
20200,177.1,178.4,177.8,177.5,172.2,171.4,171.8,171.6,1.6,0.609,UP,0
20233,177.3,178.2,177.7,177.5,172.2,171.3,171.7,171.7,1.7,0.597,UP,0
20266,177.1,178.6,177.9,177.6,172.3,171.2,171.8,171.7,1.8,0.582,UP,0
20300,176.9,178.5,177.7,177.7,172.4,171.1,171.8,171.7,1.9,0.559,UP,0
20333,177.2,177.4,177.3,177.7,172.4,171.1,171.8,171.8,1.9,0.539,UP,0
20366,177.2,177.3,177.3,177.6,172.6,171.0,171.8,171.8,2.0,0.524,UP,0
20400,177.5,177.3,177.4,177.5,172.7,171.0,171.8,171.8,1.9,0.514,UP,0
20433,177.7,176.7,177.2,177.4,172.9,170.9,171.9,171.8,2.0,0.504,UP,0
20800,178.3,179.9,179.1,177.7,166.3,167.8,167.1,170.9,2.5,0.509,UP,0
20833,179.4,180.0,179.7,178.1,166.1,167.1,166.6,169.8,2.5,0.529,UP,0
20866,178.2,179.9,179.1,178.5,165.0,166.4,165.7,168.6,2.6,0.549,UP,0
20900,173.4,179.8,176.6,178.3,162.5,165.8,164.2,167.1,2.5,0.573,UP,0
20933,171.7,177.2,174.5,177.8,161.2,164.5,162.8,165.3,2.5,0.601,UP,0
20966,172.2,160.7,166.4,175.3,161.6,159.5,160.6,164.0,2.1,0.602,UP,0
21000,164.2,159.0,161.6,171.6,158.7,158.3,158.5,162.4,2.2,0.601,UP,0
21033,163.8,159.0,161.4,168.1,157.2,156.8,157.0,160.6,2.7,0.602,UP,0
21066,165.5,159.4,162.4,165.3,158.9,154.9,156.9,159.2,3.1,0.603,UP,0
21100,162.3,160.0,161.1,162.6,156.5,153.3,154.9,157.6,3.3,0.6,UP,0
21133,165.8,160.9,163.4,162.0,156.5,152.9,154.7,156.4,3.5,0.585,UP,0
21166,164.0,159.8,161.9,162.0,157.4,153.1,155.3,155.8,3.6,0.576,UP,0
21200,161.7,160.7,161.2,162.0,157.2,155.0,156.1,155.6,3.7,0.568,UP,0
21233,165.6,158.9,162.2,162.0,159.9,152.4,156.2,155.4,3.8,0.554,UP,0
21266,143.4,156.1,149.8,159.7,161.9,150.3,156.1,155.7,4.1,0.529,UP,0
21300,124.3,152.5,138.4,154.7,164.0,150.4,157.2,156.2,4.3,0.505,UP,0
22866,176.9,176.1,176.5,157.6,171.7,168.9,170.3,159.2,3.9,0.505,UP,0
22900,176.3,177.3,176.8,160.7,170.4,170.6,170.5,162.1,3.3,0.502,UP,0
22933,175.4,178.4,176.9,163.7,169.8,171.4,170.6,164.9,3.3,0.509,UP,0
22966,175.4,178.3,176.9,169.1,169.9,171.6,170.8,167.9,3.4,0.515,UP,0
23000,175.2,178.4,176.8,176.8,169.2,172.0,170.6,170.5,3.2,0.51,UP,0
23033,176.4,178.2,177.3,176.9,168.5,173.3,170.9,170.7,2.7,0.512,UP,0
0,,,,,,,,,,0.077,UP,0
33,,,,,,,,,,0.076,UP,0
66,,,,,,,,,,0.081,UP,0
100,,,,,,,,,,0.087,UP,0
133,,,,,,,,,,0.092,UP,0
166,,,,,,,,,,0.104,UP,0
200,,,,,,,,,,0.118,UP,0
233,,,,,,,,,,0.131,UP,0
266,,,,,,,,,,0.143,UP,0
300,,,,,,,,,,0.155,UP,0
333,,,,,,,,,,0.159,UP,0
366,,,,,,,,,,0.16,UP,0
400,,,,,,,,,,0.158,UP,0
433,,,,,,,,,,0.155,UP,0
466,,,,,,,,,,0.152,UP,0
500,,,,,,,,,,0.153,UP,0
533,,,,,,,,,,0.156,UP,0
566,,,,,,,,,,0.156,UP,0
600,,,,,,,,,,0.155,UP,0
633,,,,,,,,,,0.152,UP,0
666,,,,,,,,,,0.147,UP,0
700,,,,,,,,,,0.144,UP,0
733,,,,,,,,,,0.141,UP,0
766,,,,,,,,,,0.142,UP,0
800,,,,,,,,,,0.146,UP,0
833,,,,,,,,,,0.154,UP,0
866,,,,,,,,,,0.161,UP,0
900,,,,,,,,,,0.17,UP,0
933,,,,,,,,,,0.177,UP,0
966,,,,,,,,,,0.183,UP,0
1000,,,,,,,,,,0.186,UP,0
1033,,,,,,,,,,0.187,UP,0
1066,,,,,,,,,,0.189,UP,0
1100,,,,,,,,,,0.192,UP,0
1133,,,,,,,,,,0.191,UP,0
1166,,,,,,,,,,0.188,UP,0
1200,,,,,,,,,,0.185,UP,0
1233,,,,,,,,,,0.18,UP,0
1266,,,,,,,,,,0.177,UP,0
1300,,,,,,,,,,0.174,UP,0
1333,,,,,,,,,,0.173,UP,0
1366,,,,,,,,,,0.173,UP,0
1400,,,,,,,,,,0.175,UP,0
1433,,,,,,,,,,0.175,UP,0
1466,,,,,,,,,,0.178,UP,0
1500,,,,,,,,,,0.179,UP,0
1533,,,,,,,,,,0.181,UP,0
1566,,,,,,,,,,0.182,UP,0
1600,,,,,,,,,,0.184,UP,0
1633,,,,,,,,,,0.187,UP,0
1666,,,,,,,,,,0.197,UP,0
1700,,,,,,,,,,0.204,UP,0
1733,,,,,,,,,,0.21,UP,0
1766,,,,,,,,,,0.218,UP,0
1800,,,,,,,,,,0.227,UP,0
1833,,,,,,,,,,0.235,UP,0
1866,,,,,,,,,,0.246,UP,0
1900,,,,,,,,,,0.259,UP,0
1933,,,,,,,,,,0.271,UP,0
1966,,,,,,,,,,0.277,UP,0
2000,,,,,,,,,,0.279,UP,0
2033,,,,,,,,,,0.281,UP,0
2066,,,,,,,,,,0.278,UP,0
2100,,,,,,,,,,0.272,UP,0
2133,,,,,,,,,,0.266,UP,0
2166,,,,,,,,,,0.259,UP,0
2200,,,,,,,,,,0.202,UP,0
2233,,,,,,,,,,0.191,UP,0
2266,,,,,,,,,,0.178,UP,0
2300,,,,,,,,,,0.165,UP,0
2333,,,,,,,,,,0.149,UP,0
2366,,,,,,,,,,0.178,UP,0
2400,,,,,,,,,,0.161,UP,0
2433,,,,,,,,,,0.146,UP,0
2466,,,,,,,,,,0.133,UP,0
2500,,,,,,,,,,0.121,UP,0
2533,,,,,,,,,,0.111,UP,0
2566,,,,,,,,,,0.102,UP,0
2600,,,,,,,,,,0.094,UP,0
2633,,,,,,,,,,0.086,UP,0
2666,,,,,,,,,,0.079,UP,0
2700,,,,,,,,,,0.073,UP,0
2733,,,,,,,,,,0.067,UP,0
2766,,,,,,,,,,0.063,UP,0
2800,,,,,,,,,,0.058,UP,0
2833,,,,,,,,,,0.054,UP,0
2866,,,,,,,,,,0.051,UP,0
2900,,,,,,,,,,0.047,UP,0
2933,,,,,,,,,,0.043,UP,0
2966,,,,,,,,,,0.039,UP,0
3000,,,,,,,,,,0.036,UP,0
3033,,,,,,,,,,0.033,UP,0
3066,,,,,,,,,,0.03,UP,0
3100,,,,,,,,,,0.028,UP,0
3133,,,,,,,,,,0.026,UP,0
3166,,,,,,,,,,0.024,UP,0
3200,,,,,,,,,,0.022,UP,0
3233,,,,,,,,,,0.021,UP,0
3266,,,,,,,,,,0.019,UP,0
3300,,,,,,,,,,0.018,UP,0
3333,,,,,,,,,,0.017,UP,0
3366,,,,,,,,,,0.016,UP,0
3400,,,,,,,,,,0.015,UP,0
3433,,,,,,,,,,0.014,UP,0
3466,,,,,,,,,,0.013,UP,0
3500,,,,,,,,,,0.013,UP,0
3533,,,,,,,,,,0.012,UP,0
3566,,,,,,,,,,0.012,UP,0
3600,,,,,,,,,,0.011,UP,0
3633,,,,,,,,,,0.011,UP,0
3666,,,,,,,,,,0.01,UP,0
3700,,,,,,,,,,0.01,UP,0
3733,,,,,,,,,,0.01,UP,0
3766,,,,,,,,,,0.009,UP,0
3800,,,,,,,,,,0.009,UP,0
3833,,,,,,,,,,0.009,UP,0
3866,,,,,,,,,,0.009,UP,0
3900,,,,,,,,,,0.009,UP,0
3933,,,,,,,,,,0.009,UP,0
3966,,,,,,,,,,0.009,UP,0
4000,,,,,,,,,,0.009,UP,0
4033,,,,,,,,,,0.009,UP,0
4066,,,,,,,,,,0.009,UP,0
4100,,,,,,,,,,0.009,UP,0
4133,,,,,,,,,,0.009,UP,0
4166,,,,,,,,,,0.009,UP,0
4200,,,,,,,,,,0.009,UP,0
4233,,,,,,,,,,0.008,UP,0
4266,,,,,,,,,,0.008,UP,0
4300,,,,,,,,,,0.008,UP,0
4333,,,,,,,,,,0.008,UP,0
4366,,,,,,,,,,0.008,UP,0
4400,,,,,,,,,,0.007,UP,0
4433,,,,,,,,,,0.007,UP,0
4466,,,,,,,,,,0.007,UP,0
4500,,,,,,,,,,0.007,UP,0
4533,,,,,,,,,,0.006,UP,0
4566,,,,,,,,,,0.006,UP,0
4600,,,,,,,,,,0.006,UP,0
4633,,,,,,,,,,0.006,UP,0
4666,,,,,,,,,,0.006,UP,0
4700,,,,,,,,,,0.006,UP,0
4733,,,,,,,,,,0.006,UP,0
4766,,,,,,,,,,0.006,UP,0
4800,,,,,,,,,,0.006,UP,0
4833,,,,,,,,,,0.006,UP,0
4866,,,,,,,,,,0.006,UP,0
4900,,,,,,,,,,0.006,UP,0
4933,,,,,,,,,,0.006,UP,0
4966,,,,,,,,,,0.006,UP,0
5000,,,,,,,,,,0.006,UP,0
5033,,,,,,,,,,0.006,UP,0
5066,,,,,,,,,,0.006,UP,0
5100,,,,,,,,,,0.006,UP,0
5133,,,,,,,,,,0.006,UP,0
5166,,,,,,,,,,0.006,UP,0
5200,,,,,,,,,,0.006,UP,0
5233,,,,,,,,,,0.006,UP,0
5266,,,,,,,,,,0.006,UP,0
5300,,,,,,,,,,0.006,UP,0
5333,,,,,,,,,,0.006,UP,0
5366,,,,,,,,,,0.006,UP,0
5400,,,,,,,,,,0.006,UP,0
5433,,,,,,,,,,0.006,UP,0
5466,,,,,,,,,,0.006,UP,0
5500,,,,,,,,,,0.006,UP,0
5533,,,,,,,,,,0.005,UP,0
5566,,,,,,,,,,0.005,UP,0
5600,,,,,,,,,,0.005,UP,0
5633,,,,,,,,,,0.005,UP,0
5666,,,,,,,,,,0.005,UP,0
5700,,,,,,,,,,0.006,UP,0
5733,,,,,,,,,,0.006,UP,0
5766,,,,,,,,,,0.006,UP,0
5800,,,,,,,,,,0.006,UP,0
5833,,,,,,,,,,0.006,UP,0
5866,,,,,,,,,,0.006,UP,0
5900,,,,,,,,,,0.007,UP,0
5933,,,,,,,,,,0.007,UP,0
5966,,,,,,,,,,0.007,UP,0
6000,,,,,,,,,,0.007,UP,0
6033,,,,,,,,,,0.008,UP,0
6066,,,,,,,,,,0.008,UP,0
6100,,,,,,,,,,0.008,UP,0
6133,,,,,,,,,,0.008,UP,0
6166,,,,,,,,,,0.008,UP,0
6200,,,,,,,,,,0.008,UP,0
6233,,,,,,,,,,0.008,UP,0
6266,,,,,,,,,,0.008,UP,0
6300,,,,,,,,,,0.008,UP,0
6333,,,,,,,,,,0.008,UP,0
6366,,,,,,,,,,0.008,UP,0
6400,,,,,,,,,,0.008,UP,0
6433,,,,,,,,,,0.008,UP,0
6466,,,,,,,,,,0.008,UP,0
6500,,,,,,,,,,0.008,UP,0
6533,,,,,,,,,,0.008,UP,0
6566,,,,,,,,,,0.008,UP,0
6600,,,,,,,,,,0.008,UP,0
6633,,,,,,,,,,0.008,UP,0
6666,,,,,,,,,,0.007,UP,0
6700,,,,,,,,,,0.007,UP,0
6733,,,,,,,,,,0.007,UP,0
6766,,,,,,,,,,0.008,UP,0
6800,,,,,,,,,,0.008,UP,0
6833,,,,,,,,,,0.008,UP,0
6866,,,,,,,,,,0.008,UP,0
6900,,,,,,,,,,0.008,UP,0
6933,,,,,,,,,,0.008,UP,0
6966,,,,,,,,,,0.008,UP,0
7000,,,,,,,,,,0.008,UP,0
7033,,,,,,,,,,0.008,UP,0
7066,,,,,,,,,,0.008,UP,0
7100,,,,,,,,,,0.008,UP,0
7133,,,,,,,,,,0.008,UP,0
7166,,,,,,,,,,0.008,UP,0
7200,,,,,,,,,,0.008,UP,0
7233,,,,,,,,,,0.008,UP,0
7266,,,,,,,,,,0.008,UP,0
7300,,,,,,,,,,0.007,UP,0
7333,,,,,,,,,,0.007,UP,0
7366,,,,,,,,,,0.007,UP,0
7400,,,,,,,,,,0.007,UP,0
7433,,,,,,,,,,0.007,UP,0
7466,,,,,,,,,,0.007,UP,0
7500,,,,,,,,,,0.007,UP,0
7533,,,,,,,,,,0.007,UP,0
7566,,,,,,,,,,0.007,UP,0
7600,,,,,,,,,,0.008,UP,0
7633,,,,,,,,,,0.008,UP,0
7666,,,,,,,,,,0.008,UP,0
7700,,,,,,,,,,0.008,UP,0
7733,,,,,,,,,,0.008,UP,0
7766,,,,,,,,,,0.008,UP,0
7800,,,,,,,,,,0.008,UP,0
7833,,,,,,,,,,0.008,UP,0
7866,,,,,,,,,,0.008,UP,0
7900,,,,,,,,,,0.008,UP,0
7933,,,,,,,,,,0.008,UP,0
7966,,,,,,,,,,0.008,UP,0
8000,,,,,,,,,,0.007,UP,0
8033,,,,,,,,,,0.007,UP,0
8066,,,,,,,,,,0.007,UP,0
8100,,,,,,,,,,0.007,UP,0
8133,,,,,,,,,,0.007,UP,0
8166,,,,,,,,,,0.008,UP,0
8200,,,,,,,,,,0.008,UP,0
8233,,,,,,,,,,0.008,UP,0
8266,,,,,,,,,,0.008,UP,0
8300,,,,,,,,,,0.008,UP,0
8333,,,,,,,,,,0.008,UP,0
8366,,,,,,,,,,0.008,UP,0
8400,,,,,,,,,,0.008,UP,0
8433,,,,,,,,,,0.008,UP,0
8466,,,,,,,,,,0.008,UP,0
8500,,,,,,,,,,0.008,UP,0
8533,,,,,,,,,,0.008,UP,0
8566,,,,,,,,,,0.008,UP,0
8600,,,,,,,,,,0.008,UP,0
8633,,,,,,,,,,0.007,UP,0
8666,,,,,,,,,,0.007,UP,0
8700,,,,,,,,,,0.007,UP,0
8733,,,,,,,,,,0.007,UP,0
8766,,,,,,,,,,0.007,UP,0
8800,,,,,,,,,,0.007,UP,0
8833,,,,,,,,,,0.007,UP,0
8866,,,,,,,,,,0.007,UP,0
8900,,,,,,,,,,0.007,UP,0
8933,,,,,,,,,,0.007,UP,0
8966,,,,,,,,,,0.007,UP,0
9000,,,,,,,,,,0.006,UP,0
9033,,,,,,,,,,0.006,UP,0
9066,,,,,,,,,,0.006,UP,0
9100,,,,,,,,,,0.006,UP,0
9133,,,,,,,,,,0.006,UP,0
9166,,,,,,,,,,0.006,UP,0
9200,,,,,,,,,,0.006,UP,0
9233,,,,,,,,,,0.006,UP,0
9266,,,,,,,,,,0.006,UP,0
9300,,,,,,,,,,0.006,UP,0
9333,,,,,,,,,,0.006,UP,0
9366,,,,,,,,,,0.006,UP,0
9400,,,,,,,,,,0.006,UP,0
9433,,,,,,,,,,0.006,UP,0
9466,,,,,,,,,,0.006,UP,0
9500,,,,,,,,,,0.006,UP,0
9533,,,,,,,,,,0.006,UP,0
9566,,,,,,,,,,0.006,UP,0
9600,,,,,,,,,,0.006,UP,0
9633,,,,,,,,,,0.006,UP,0
9666,,,,,,,,,,0.006,UP,0
9700,,,,,,,,,,0.006,UP,0
9733,,,,,,,,,,0.006,UP,0
9766,,,,,,,,,,0.006,UP,0
9800,,,,,,,,,,0.006,UP,0
9833,,,,,,,,,,0.006,UP,0
9866,,,,,,,,,,0.006,UP,0
9900,,,,,,,,,,0.006,UP,0
9933,,,,,,,,,,0.006,UP,0
9966,,,,,,,,,,0.006,UP,0
10000,,,,,,,,,,0.006,UP,0
10033,,,,,,,,,,0.006,UP,0
10066,,,,,,,,,,0.006,UP,0
10100,,,,,,,,,,0.006,UP,0
10133,,,,,,,,,,0.006,UP,0
10166,,,,,,,,,,0.005,UP,0
10200,,,,,,,,,,0.005,UP,0
10233,,,,,,,,,,0.005,UP,0
10266,,,,,,,,,,0.005,UP,0
10300,,,,,,,,,,0.005,UP,0
10333,,,,,,,,,,0.005,UP,0
10366,,,,,,,,,,0.005,UP,0
10400,,,,,,,,,,0.005,UP,0
10433,,,,,,,,,,0.005,UP,0
10466,,,,,,,,,,0.005,UP,0
10500,,,,,,,,,,0.005,UP,0
10533,,,,,,,,,,0.005,UP,0
10566,,,,,,,,,,0.005,UP,0
10600,,,,,,,,,,0.005,UP,0
10633,,,,,,,,,,0.005,UP,0
10666,,,,,,,,,,0.005,UP,0
10700,,,,,,,,,,0.005,UP,0
10733,,,,,,,,,,0.005,UP,0
10766,,,,,,,,,,0.005,UP,0
10800,,,,,,,,,,0.005,UP,0
10833,,,,,,,,,,0.005,UP,0
10866,,,,,,,,,,0.005,UP,0
10900,,,,,,,,,,0.005,UP,0
10933,,,,,,,,,,0.005,UP,0
10966,,,,,,,,,,0.005,UP,0
11000,,,,,,,,,,0.005,UP,0
11033,,,,,,,,,,0.005,UP,0
11066,,,,,,,,,,0.005,UP,0
11100,,,,,,,,,,0.005,UP,0
11133,,,,,,,,,,0.005,UP,0
11166,,,,,,,,,,0.005,UP,0
11200,,,,,,,,,,0.005,UP,0
11233,,,,,,,,,,0.005,UP,0
11266,,,,,,,,,,0.005,UP,0
11300,,,,,,,,,,0.005,UP,0
11333,,,,,,,,,,0.005,UP,0
11366,,,,,,,,,,0.005,UP,0
11400,,,,,,,,,,0.005,UP,0
11433,,,,,,,,,,0.005,UP,0
11466,,,,,,,,,,0.005,UP,0
11500,,,,,,,,,,0.005,UP,0
11533,,,,,,,,,,0.005,UP,0
11566,,,,,,,,,,0.005,UP,0
11600,,,,,,,,,,0.005,UP,0
11633,,,,,,,,,,0.005,UP,0
11666,,,,,,,,,,0.005,UP,0
11700,,,,,,,,,,0.005,UP,0
11733,,,,,,,,,,0.005,UP,0
11766,,,,,,,,,,0.005,UP,0
11800,,,,,,,,,,0.005,UP,0
11833,,,,,,,,,,0.005,UP,0
11866,,,,,,,,,,0.005,UP,0
11900,,,,,,,,,,0.005,UP,0
11933,,,,,,,,,,0.005,UP,0
11966,,,,,,,,,,0.005,UP,0
12000,,,,,,,,,,0.005,UP,0
12033,,,,,,,,,,0.005,UP,0
12066,,,,,,,,,,0.005,UP,0
12100,,,,,,,,,,0.006,UP,0
12133,,,,,,,,,,0.005,UP,0
12166,,,,,,,,,,0.005,UP,0
12200,,,,,,,,,,0.005,UP,0
12233,,,,,,,,,,0.005,UP,0
12266,,,,,,,,,,0.005,UP,0
12300,,,,,,,,,,0.005,UP,0
12333,,,,,,,,,,0.005,UP,0
12366,,,,,,,,,,0.005,UP,0
12400,,,,,,,,,,0.006,UP,0
12433,,,,,,,,,,0.006,UP,0
12466,,,,,,,,,,0.006,UP,0
12500,,,,,,,,,,0.006,UP,0
12533,,,,,,,,,,0.006,UP,0
12566,,,,,,,,,,0.006,UP,0
12600,,,,,,,,,,0.006,UP,0
12633,,,,,,,,,,0.006,UP,0
12666,,,,,,,,,,0.006,UP,0
12700,,,,,,,,,,0.006,UP,0
12733,,,,,,,,,,0.006,UP,0
12766,,,,,,,,,,0.005,UP,0
12800,,,,,,,,,,0.005,UP,0
12833,,,,,,,,,,0.005,UP,0
12866,,,,,,,,,,0.005,UP,0
12900,,,,,,,,,,0.005,UP,0
12933,,,,,,,,,,0.005,UP,0
12966,,,,,,,,,,0.005,UP,0
13000,,,,,,,,,,0.005,UP,0
13033,,,,,,,,,,0.005,UP,0
13066,,,,,,,,,,0.005,UP,0
13100,,,,,,,,,,0.005,UP,0
13133,,,,,,,,,,0.006,UP,0
13166,,,,,,,,,,0.006,UP,0
13200,,,,,,,,,,0.006,UP,0
13233,,,,,,,,,,0.006,UP,0
13266,,,,,,,,,,0.006,UP,0
13300,,,,,,,,,,0.006,UP,0
13333,,,,,,,,,,0.006,UP,0
13366,,,,,,,,,,0.007,UP,0
13400,,,,,,,,,,0.007,UP,0
13433,,,,,,,,,,0.007,UP,0
13466,,,,,,,,,,0.007,UP,0
13500,,,,,,,,,,0.007,UP,0
13533,,,,,,,,,,0.007,UP,0
13566,,,,,,,,,,0.006,UP,0
13600,,,,,,,,,,0.006,UP,0
13633,,,,,,,,,,0.006,UP,0
13666,,,,,,,,,,0.006,UP,0
13700,,,,,,,,,,0.005,UP,0
13733,,,,,,,,,,0.005,UP,0
13766,,,,,,,,,,0.005,UP,0
13800,,,,,,,,,,0.005,UP,0
13833,,,,,,,,,,0.005,UP,0
13866,,,,,,,,,,0.005,UP,0
13900,,,,,,,,,,0.005,UP,0
13933,,,,,,,,,,0.004,UP,0
13966,,,,,,,,,,0.004,UP,0
14000,,,,,,,,,,0.004,UP,0
14033,,,,,,,,,,0.004,UP,0
14066,,,,,,,,,,0.004,UP,0
14100,,,,,,,,,,0.004,UP,0
14133,,,,,,,,,,0.004,UP,0
14166,,,,,,,,,,0.004,UP,0
14200,,,,,,,,,,0.004,UP,0
14233,,,,,,,,,,0.004,UP,0
14266,,,,,,,,,,0.004,UP,0
14300,,,,,,,,,,0.004,UP,0
14333,,,,,,,,,,0.004,UP,0
14366,,,,,,,,,,0.003,UP,0
14400,,,,,,,,,,0.003,UP,0
14433,,,,,,,,,,0.003,UP,0
14466,,,,,,,,,,0.003,UP,0
14500,,,,,,,,,,0.003,UP,0
14533,,,,,,,,,,0.003,UP,0
14566,,,,,,,,,,0.003,UP,0
14600,,,,,,,,,,0.003,UP,0
14633,,,,,,,,,,0.003,UP,0
14666,,,,,,,,,,0.003,UP,0
14700,,,,,,,,,,0.003,UP,0
14733,,,,,,,,,,0.003,UP,0
14766,,,,,,,,,,0.003,UP,0
14800,,,,,,,,,,0.003,UP,0
14833,,,,,,,,,,0.003,UP,0
14866,,,,,,,,,,0.003,UP,0
14900,,,,,,,,,,0.003,UP,0
14933,,,,,,,,,,0.003,UP,0
14966,,,,,,,,,,0.003,UP,0
15000,,,,,,,,,,0.003,UP,0
15033,,,,,,,,,,0.002,UP,0
15066,,,,,,,,,,0.002,UP,0
15100,,,,,,,,,,0.002,UP,0
15133,,,,,,,,,,0.002,UP,0
15166,,,,,,,,,,0.002,UP,0
15200,,,,,,,,,,0.002,UP,0
15233,,,,,,,,,,0.002,UP,0
15266,,,,,,,,,,0.002,UP,0
15300,,,,,,,,,,0.002,UP,0
15333,,,,,,,,,,0.002,UP,0
15366,,,,,,,,,,0.002,UP,0
15400,,,,,,,,,,0.002,UP,0
15433,,,,,,,,,,0.002,UP,0
15466,,,,,,,,,,0.002,UP,0
15500,,,,,,,,,,0.002,UP,0
15533,,,,,,,,,,0.002,UP,0
15566,,,,,,,,,,0.002,UP,0
15600,,,,,,,,,,0.002,UP,0
15633,,,,,,,,,,0.002,UP,0
15666,,,,,,,,,,0.002,UP,0
15700,,,,,,,,,,0.002,UP,0
15733,,,,,,,,,,0.002,UP,0
15766,,,,,,,,,,0.002,UP,0
15800,,,,,,,,,,0.002,UP,0
15833,,,,,,,,,,0.002,UP,0
15866,,,,,,,,,,0.002,UP,0
15900,,,,,,,,,,0.002,UP,0
15933,,,,,,,,,,0.002,UP,0
15966,,,,,,,,,,0.002,UP,0
0,,,,,,,,,,0.0,UP,0
33,,,,,,,,,,0.0,UP,0
66,,,,,,,,,,0.0,UP,0
100,,,,,,,,,,0.0,UP,0
133,,,,,,,,,,0.0,UP,0
166,,,,,,,,,,0.0,UP,0
200,,,,,,,,,,0.0,UP,0
233,,,,,,,,,,0.0,UP,0
266,,,,,,,,,,0.0,UP,0
300,,,,,,,,,,0.0,UP,0
333,,,,,,,,,,0.0,UP,0
366,,,,,,,,,,0.0,UP,0
400,,,,,,,,,,0.0,UP,0
433,,,,,,,,,,0.0,UP,0
466,,,,,,,,,,0.0,UP,0
500,,,,,,,,,,0.0,UP,0
533,,,,,,,,,,0.0,UP,0
566,,,,,,,,,,0.0,UP,0
600,,,,,,,,,,0.0,UP,0
633,,,,,,,,,,0.0,UP,0
666,,,,,,,,,,0.0,UP,0
700,,,,,,,,,,0.0,UP,0
733,,,,,,,,,,0.0,UP,0
766,,,,,,,,,,0.0,UP,0
800,,,,,,,,,,0.0,UP,0
833,,,,,,,,,,0.0,UP,0
866,,,,,,,,,,0.0,UP,0
900,,,,,,,,,,0.0,UP,0
933,,,,,,,,,,0.0,UP,0
966,,,,,,,,,,0.0,UP,0
1000,,,,,,,,,,0.0,UP,0
1033,,,,,,,,,,0.0,UP,0
1066,,,,,,,,,,0.0,UP,0
1100,,,,,,,,,,0.0,UP,0
1133,,,,,,,,,,0.0,UP,0
1166,,,,,,,,,,0.0,UP,0
1200,,,,,,,,,,0.01,UP,0
1233,,,,,,,,,,0.019,UP,0
1266,,,,,,,,,,0.029,UP,0
1300,,,,,,,,,,0.04,UP,0
1333,,,,,,,,,,0.051,UP,0
1366,,,,,,,,,,0.053,UP,0
1400,,,,,,,,,,0.056,UP,0
1433,,,,,,,,,,0.045,UP,0
1466,,,,,,,,,,0.034,UP,0
1500,,,,,,,,,,0.024,UP,0
1533,,,,,,,,,,0.012,UP,0
1566,,,,,,,,,,0.0,UP,0
1600,,,,,,,,,,0.0,UP,0
1633,,,,,,,,,,0.0,UP,0
1666,,,,,,,,,,0.0,UP,0
1700,,,,,,,,,,0.0,UP,0
1733,,,,,,,,,,0.0,UP,0
1766,,,,,,,,,,0.0,UP,0
1800,,,,,,,,,,0.0,UP,0
1833,,,,,,,,,,0.0,UP,0
1866,,,,,,,,,,0.02,UP,0
1900,,,,,,,,,,0.053,UP,0
1933,,,,,,,,,,0.098,UP,0
1966,,,,,,,,,,0.149,UP,0
2000,,,,,,,,,,0.206,UP,0
2033,,,,,,,,,,0.247,UP,0
2066,,,,,,,,,,0.276,UP,0
2100,,,,,,,,,,0.3,UP,0
2133,,,,,,,,,,0.321,UP,0
2166,,,,,,,,,,0.342,UP,0
2200,,,,,,,,,,0.361,UP,0
2233,,,,,,,,,,0.382,UP,0
2266,,,,,,,,,,0.401,UP,0
2300,,,,,,,,,,0.418,UP,0
2333,,,,,,,,,,0.43,UP,0
2366,,,,,,,,,,0.44,UP,0
2400,,,,,,,,,,0.446,UP,0
2433,,,,,,,,,,0.452,UP,0
2466,,,,,,,,,,0.459,UP,0
2500,,,,,,,,,,0.464,UP,0
2533,,,,,,,,,,0.471,UP,0
2566,,,,,,,,,,0.479,UP,0
2600,,,,,,,,,,0.385,UP,0
2633,,,,,,,,,,0.29,UP,0
2666,,,,,,,,,,0.289,UP,0
2700,,,,,,,,,,0.281,UP,0
2733,,,,,,,,,,0.273,UP,0
2766,,,,,,,,,,0.364,UP,0
2800,,,,,,,,,,0.453,UP,0
2833,,,,,,,,,,0.447,UP,0
2866,,,,,,,,,,0.448,UP,0
2900,,,,,,,,,,0.449,UP,0
2933,,,,,,,,,,0.449,UP,0
2966,,,,,,,,,,0.451,UP,0
3000,,,,,,,,,,0.458,UP,0
3033,,,,,,,,,,0.463,UP,0
3066,,,,,,,,,,0.467,UP,0
3100,,,,,,,,,,0.474,UP,0
3133,,,,,,,,,,0.48,UP,0
3166,,,,,,,,,,0.483,UP,0
3200,,,,,,,,,,0.487,UP,0
3233,,,,,,,,,,0.491,UP,0
3266,,,,,,,,,,0.493,UP,0
3300,,,,,,,,,,0.495,UP,0
3333,,,,,,,,,,0.495,UP,0
3366,,,,,,,,,,0.496,UP,0
3400,,,,,,,,,,0.499,UP,0
3433,142.5,130.0,136.3,136.3,161.5,159.8,160.6,160.6,109.3,0.502,UP,0
3466,128.0,122.7,125.3,130.8,147.8,158.1,152.9,156.8,109.0,0.507,UP,0
3500,135.8,126.5,131.2,130.9,148.3,157.0,152.7,155.4,108.7,0.513,UP,0
3533,139.1,120.9,130.0,130.7,151.9,152.1,152.0,154.6,108.7,0.518,UP,0
3566,146.3,129.4,137.9,132.1,154.3,154.1,154.2,154.5,108.2,0.522,DOWN,0
3600,145.8,137.2,141.5,133.2,151.2,156.4,153.8,153.1,106.4,0.528,DOWN,0
3633,144.2,138.2,141.2,136.3,148.8,157.6,153.2,153.2,105.8,0.536,DOWN,0
3666,140.8,139.4,140.1,138.1,150.1,158.5,154.3,153.5,106.6,0.545,DOWN,0
3700,150.6,138.7,144.7,141.1,150.4,158.0,154.2,153.9,106.2,0.553,DOWN,0
3733,153.5,129.4,141.4,141.8,153.7,152.3,153.0,153.7,106.5,0.558,DOWN,0
3766,149.0,127.7,138.4,141.2,155.0,152.1,153.5,153.6,106.7,0.562,DOWN,0
3800,139.7,140.9,140.3,141.0,141.1,158.1,149.6,152.9,105.9,0.563,DOWN,0
3833,142.2,140.8,141.5,141.2,150.6,159.2,154.9,153.0,106.8,0.563,DOWN,0
3866,147.1,124.6,135.8,139.5,159.8,153.2,156.5,153.5,106.8,0.566,DOWN,0
3900,154.5,125.0,139.8,139.2,161.3,150.8,156.1,154.1,107.0,0.571,DOWN,0
3933,157.2,127.5,142.3,139.9,172.2,155.1,163.6,156.1,107.9,0.576,DOWN,0
3966,131.3,131.3,131.3,138.1,143.8,159.1,151.4,156.5,108.5,0.581,DOWN,0
4000,141.3,129.4,135.4,136.9,151.9,157.6,154.7,156.5,108.7,0.586,DOWN,0
4033,136.8,132.9,134.9,136.7,153.2,160.2,156.7,156.5,109.0,0.588,DOWN,0
4066,146.9,121.2,134.0,135.6,166.5,156.9,161.7,157.6,108.8,0.589,DOWN,0
4100,146.4,118.6,132.5,133.6,167.2,157.9,162.5,157.4,109.3,0.587,DOWN,0
4133,151.9,123.8,137.9,134.9,168.6,158.3,163.5,159.8,109.8,0.586,DOWN,0
4166,147.4,119.6,133.5,134.6,169.4,158.0,163.7,161.6,109.8,0.582,DOWN,0
4200,144.4,115.6,130.0,133.6,167.7,155.2,161.4,162.6,109.4,0.577,DOWN,0
4233,153.0,105.5,129.2,132.6,175.7,157.1,166.4,163.5,109.3,0.573,DOWN,0
4266,164.2,138.3,151.3,136.4,167.9,163.7,165.8,164.2,108.1,0.574,DOWN,0
4300,167.0,143.7,155.4,139.9,162.9,163.9,163.4,164.1,107.7,0.574,DOWN,0
4333,162.1,140.9,151.5,143.5,166.4,161.7,164.0,164.2,107.6,0.577,DOWN,0
4366,161.2,134.3,147.8,147.0,165.2,158.4,161.8,164.3,107.6,0.583,DOWN,0
4400,163.3,137.2,150.3,151.2,166.2,158.2,162.2,163.5,107.6,0.587,DOWN,0
4433,165.5,128.8,147.2,150.4,174.5,155.0,164.8,163.3,107.8,0.587,DOWN,0
4466,,,,,,,,,,0.471,DOWN,0
4500,,,,,,,,,,0.353,DOWN,0
4533,,,,,,,,,,0.235,DOWN,0
4566,,,,,,,,,,0.117,DOWN,0
4600,,,,,,,,,,0.0,DOWN,0
4633,,,,,,,,,,0.0,DOWN,0
4666,,,,,,,,,,0.0,DOWN,0
4700,,,,,,,,,,0.0,DOWN,0
4733,,,,,,,,,,0.0,DOWN,0
4766,,,,,,,,,,0.0,DOWN,0
4800,,,,,,,,,,0.0,DOWN,0
4833,,,,,,,,,,0.0,DOWN,0
4866,,,,,,,,,,0.0,DOWN,0
4900,,,,,,,,,,0.0,DOWN,0
4933,,,,,,,,,,0.0,DOWN,0
4966,,,,,,,,,,0.0,DOWN,0
5000,,,,,,,,,,0.114,DOWN,0
5033,,,,,,,,,,0.225,DOWN,0
5066,,,,,,,,,,0.329,DOWN,0
5100,,,,,,,,,,0.423,DOWN,0
5133,177.7,179.4,178.6,155.1,166.4,180.0,173.2,165.2,6.2,0.508,DOWN,0
5166,,,,,,,,,,0.472,DOWN,0
5200,,,,,,,,,,0.433,DOWN,0
5233,,,,,,,,,,0.396,DOWN,0
5266,,,,,,,,,,0.365,DOWN,0
5300,,,,,,,,,,0.336,DOWN,0
5333,,,,,,,,,,0.311,DOWN,0
5366,,,,,,,,,,0.288,DOWN,0
5400,,,,,,,,,,0.266,DOWN,0
5433,,,,,,,,,,0.247,DOWN,0
5466,,,,,,,,,,0.231,DOWN,0
5500,,,,,,,,,,0.217,DOWN,0
5533,,,,,,,,,,0.204,DOWN,0
5566,,,,,,,,,,0.194,DOWN,0
5600,,,,,,,,,,0.183,DOWN,0
5633,,,,,,,,,,0.172,DOWN,0
5666,,,,,,,,,,0.162,DOWN,0
5700,,,,,,,,,,0.152,DOWN,0
5733,,,,,,,,,,0.142,DOWN,0
5766,,,,,,,,,,0.133,DOWN,0
5800,,,,,,,,,,0.123,DOWN,0
5833,,,,,,,,,,0.115,DOWN,0
5866,,,,,,,,,,0.107,DOWN,0
5900,,,,,,,,,,0.1,DOWN,0
5933,,,,,,,,,,0.093,DOWN,0
5966,,,,,,,,,,0.088,DOWN,0
6000,,,,,,,,,,0.082,DOWN,0
6033,,,,,,,,,,0.077,DOWN,0
6066,,,,,,,,,,0.072,DOWN,0
6100,,,,,,,,,,0.067,DOWN,0
6133,,,,,,,,,,0.063,DOWN,0
6166,,,,,,,,,,0.06,DOWN,0
6200,,,,,,,,,,0.057,DOWN,0
6233,,,,,,,,,,0.055,DOWN,0
6266,,,,,,,,,,0.053,DOWN,0
6300,,,,,,,,,,0.053,DOWN,0
6333,,,,,,,,,,0.053,DOWN,0
6366,,,,,,,,,,0.054,DOWN,0
6400,,,,,,,,,,0.057,DOWN,0
6433,,,,,,,,,,0.064,DOWN,0
6466,,,,,,,,,,0.073,DOWN,0
6500,,,,,,,,,,0.083,DOWN,0
6533,,,,,,,,,,0.092,DOWN,0
6566,,,,,,,,,,0.099,DOWN,0
6600,,,,,,,,,,0.103,DOWN,0
6633,,,,,,,,,,0.106,DOWN,0
6666,,,,,,,,,,0.111,DOWN,0
6700,,,,,,,,,,0.118,DOWN,0
6733,,,,,,,,,,0.127,DOWN,0
6766,,,,,,,,,,0.138,DOWN,0
6800,,,,,,,,,,0.148,DOWN,0
6833,,,,,,,,,,0.156,DOWN,0
6866,,,,,,,,,,0.163,DOWN,0
6900,,,,,,,,,,0.168,DOWN,0
6933,,,,,,,,,,0.173,DOWN,0
6966,,,,,,,,,,0.177,DOWN,0
7000,,,,,,,,,,0.18,DOWN,0
7033,,,,,,,,,,0.183,DOWN,0
7066,,,,,,,,,,0.19,DOWN,0
7100,,,,,,,,,,0.192,DOWN,0
7133,,,,,,,,,,0.195,DOWN,0
7166,,,,,,,,,,0.201,DOWN,0
7200,,,,,,,,,,0.205,DOWN,0
7233,,,,,,,,,,0.208,DOWN,0
7266,,,,,,,,,,0.215,DOWN,0
7300,,,,,,,,,,0.228,DOWN,0
7333,,,,,,,,,,0.238,DOWN,0
7366,,,,,,,,,,0.251,DOWN,0
7400,,,,,,,,,,0.27,DOWN,0
7433,,,,,,,,,,0.285,DOWN,0
7466,,,,,,,,,,0.297,DOWN,0
7500,,,,,,,,,,0.31,DOWN,0
7533,,,,,,,,,,0.32,DOWN,0
7566,,,,,,,,,,0.325,DOWN,0
7600,,,,,,,,,,0.333,DOWN,0
7633,,,,,,,,,,0.341,DOWN,0
7666,,,,,,,,,,0.351,DOWN,0
7700,,,,,,,,,,0.363,DOWN,0
7733,,,,,,,,,,0.376,DOWN,0
7766,,,,,,,,,,0.387,DOWN,0
7800,,,,,,,,,,0.395,DOWN,0
7833,,,,,,,,,,0.402,DOWN,0
7866,,,,,,,,,,0.405,DOWN,0
7900,,,,,,,,,,0.407,DOWN,0
7933,,,,,,,,,,0.41,DOWN,0
7966,,,,,,,,,,0.416,DOWN,0
8000,,,,,,,,,,0.422,DOWN,0
8033,,,,,,,,,,0.428,DOWN,0
8066,,,,,,,,,,0.434,DOWN,0
8100,,,,,,,,,,0.439,DOWN,0
8133,,,,,,,,,,0.443,DOWN,0
8166,,,,,,,,,,0.444,DOWN,0
8200,,,,,,,,,,0.441,DOWN,0
8233,,,,,,,,,,0.435,DOWN,0
8266,,,,,,,,,,0.428,DOWN,0
8300,,,,,,,,,,0.416,DOWN,0
8333,,,,,,,,,,0.407,DOWN,0
8366,,,,,,,,,,0.401,DOWN,0
8400,,,,,,,,,,0.398,DOWN,0
8433,,,,,,,,,,0.398,DOWN,0
8466,,,,,,,,,,0.401,DOWN,0
8500,,,,,,,,,,0.406,DOWN,0
8533,,,,,,,,,,0.41,DOWN,0
8566,,,,,,,,,,0.411,DOWN,0
8600,,,,,,,,,,0.415,DOWN,0
8633,,,,,,,,,,0.422,DOWN,0
8666,,,,,,,,,,0.427,DOWN,0
8700,,,,,,,,,,0.432,DOWN,0
8733,,,,,,,,,,0.44,DOWN,0
8766,,,,,,,,,,0.445,DOWN,0
8800,,,,,,,,,,0.447,DOWN,0
8833,,,,,,,,,,0.448,DOWN,0
8866,,,,,,,,,,0.45,DOWN,0
8900,,,,,,,,,,0.45,DOWN,0
8933,,,,,,,,,,0.452,DOWN,0
8966,,,,,,,,,,0.455,DOWN,0
9000,,,,,,,,,,0.455,DOWN,0
9033,,,,,,,,,,0.457,DOWN,0
9066,,,,,,,,,,0.462,DOWN,0
9100,,,,,,,,,,0.465,DOWN,0
9133,,,,,,,,,,0.467,DOWN,0
9166,,,,,,,,,,0.468,DOWN,0
9200,,,,,,,,,,0.464,DOWN,0
9233,,,,,,,,,,0.453,DOWN,0
9266,,,,,,,,,,0.437,DOWN,0
9300,,,,,,,,,,0.418,DOWN,0
9333,,,,,,,,,,0.402,DOWN,0
9366,,,,,,,,,,0.385,DOWN,0
9400,,,,,,,,,,0.371,DOWN,0
9433,,,,,,,,,,0.36,DOWN,0
9466,,,,,,,,,,0.351,DOWN,0
9500,,,,,,,,,,0.343,DOWN,0
9533,,,,,,,,,,0.339,DOWN,0
9566,,,,,,,,,,0.338,DOWN,0
9600,,,,,,,,,,0.34,DOWN,0
9633,,,,,,,,,,0.342,DOWN,0
9666,,,,,,,,,,0.343,DOWN,0
9700,,,,,,,,,,0.345,DOWN,0
9733,,,,,,,,,,0.344,DOWN,0
9766,,,,,,,,,,0.343,DOWN,0
9800,,,,,,,,,,0.345,DOWN,0
9833,,,,,,,,,,0.348,DOWN,0
9866,,,,,,,,,,0.35,DOWN,0
9900,,,,,,,,,,0.354,DOWN,0
9933,,,,,,,,,,0.358,DOWN,0
9966,,,,,,,,,,0.357,DOWN,0
10000,,,,,,,,,,0.357,DOWN,0
10033,,,,,,,,,,0.36,DOWN,0
10066,,,,,,,,,,0.362,DOWN,0
10100,,,,,,,,,,0.366,DOWN,0
10133,,,,,,,,,,0.373,DOWN,0
10166,,,,,,,,,,0.379,DOWN,0
10200,,,,,,,,,,0.383,DOWN,0
10233,,,,,,,,,,0.384,DOWN,0
10266,,,,,,,,,,0.387,DOWN,0
10300,,,,,,,,,,0.389,DOWN,0
10333,,,,,,,,,,0.392,DOWN,0
10366,,,,,,,,,,0.395,DOWN,0
10400,,,,,,,,,,0.403,DOWN,0
10433,,,,,,,,,,0.411,DOWN,0
10466,,,,,,,,,,0.418,DOWN,0
10500,,,,,,,,,,0.426,DOWN,0
10533,,,,,,,,,,0.432,DOWN,0
10566,,,,,,,,,,0.435,DOWN,0
10600,,,,,,,,,,0.436,DOWN,0
10633,,,,,,,,,,0.438,DOWN,0
10666,,,,,,,,,,0.438,DOWN,0
10700,,,,,,,,,,0.44,DOWN,0
10733,,,,,,,,,,0.444,DOWN,0
10766,,,,,,,,,,0.447,DOWN,0
10800,,,,,,,,,,0.449,DOWN,0
10833,,,,,,,,,,0.45,DOWN,0
10866,,,,,,,,,,0.449,DOWN,0
10900,,,,,,,,,,0.445,DOWN,0
10933,,,,,,,,,,0.445,DOWN,0
10966,,,,,,,,,,0.447,DOWN,0
11000,,,,,,,,,,0.454,DOWN,0
11033,,,,,,,,,,0.463,DOWN,0
11066,,,,,,,,,,0.473,DOWN,0
11100,,,,,,,,,,0.482,DOWN,0
11133,,,,,,,,,,0.485,DOWN,0
11166,,,,,,,,,,0.484,DOWN,0
11200,,,,,,,,,,0.484,DOWN,0
11233,,,,,,,,,,0.484,DOWN,0
11266,,,,,,,,,,0.482,DOWN,0
11300,,,,,,,,,,0.483,DOWN,0
11333,,,,,,,,,,0.485,DOWN,0
11366,,,,,,,,,,0.485,DOWN,0
11400,,,,,,,,,,0.482,DOWN,0
11433,,,,,,,,,,0.476,DOWN,0
11466,,,,,,,,,,0.473,DOWN,0
11500,,,,,,,,,,0.473,DOWN,0
11533,,,,,,,,,,0.474,DOWN,0
11566,,,,,,,,,,0.478,DOWN,0
11600,,,,,,,,,,0.485,DOWN,0
11633,,,,,,,,,,0.493,DOWN,0
11666,174.4,179.5,177.0,160.2,172.0,172.3,172.2,166.8,1.5,0.503,DOWN,0
11700,175.5,179.7,177.6,166.1,173.2,172.7,172.9,169.1,1.6,0.512,DOWN,0
11733,176.4,179.4,177.9,171.7,174.4,172.2,173.3,171.3,1.4,0.521,DOWN,0
11766,175.6,179.9,177.8,177.8,173.2,171.7,172.4,172.8,1.6,0.534,DOWN,0
11800,175.8,178.8,177.3,177.5,174.7,170.4,172.5,172.7,1.5,0.547,UP,0
11833,175.6,177.7,176.7,177.5,174.9,169.1,172.0,172.6,1.3,0.56,UP,0
11866,170.5,174.8,172.6,176.5,167.4,171.6,169.5,172.0,3.1,0.572,UP,0
11900,178.4,177.9,178.1,176.5,175.3,174.6,175.0,172.3,3.6,0.581,UP,0
11933,176.7,174.6,175.6,176.1,172.7,166.4,169.5,171.7,2.1,0.593,UP,0
11966,177.6,174.7,176.2,175.8,172.7,166.2,169.5,171.1,1.6,0.603,UP,0
12000,178.5,176.5,177.5,176.0,172.6,165.7,169.2,170.5,1.6,0.612,UP,0
12033,177.4,177.0,177.2,176.9,173.0,166.5,169.8,170.6,1.6,0.621,UP,0
12066,178.3,177.2,177.7,176.9,173.4,167.0,170.2,169.6,1.6,0.628,UP,0
12100,178.9,177.6,178.2,177.4,173.5,168.1,170.8,169.9,1.6,0.631,UP,0
12133,176.2,177.5,176.8,177.5,171.8,168.8,170.3,170.0,2.0,0.634,UP,0
12166,176.2,178.1,177.2,177.4,171.7,169.5,170.6,170.3,1.9,0.635,UP,0
12200,178.6,178.7,178.7,177.7,171.6,171.0,171.3,170.6,2.2,0.635,UP,0
12233,178.4,179.0,178.7,177.9,171.1,171.8,171.5,170.9,2.3,0.636,UP,0
12266,177.9,177.0,177.4,177.8,170.4,172.3,171.4,171.0,2.5,0.633,UP,0
12300,179.3,176.7,178.0,178.0,170.6,173.4,172.0,171.3,2.6,0.624,UP,0
12333,179.6,176.9,178.2,178.2,170.9,172.7,171.8,171.6,2.4,0.613,UP,0
12366,179.4,178.0,178.7,178.2,171.1,172.3,171.7,171.7,2.2,0.603,UP,0
12400,179.8,177.3,178.6,178.2,171.4,171.7,171.5,171.7,2.1,0.592,UP,0
12433,179.7,176.2,177.9,178.3,171.7,171.0,171.4,171.7,1.9,0.583,UP,0
12466,179.6,175.7,177.6,178.2,172.0,171.0,171.5,171.6,1.9,0.574,UP,0
12500,179.4,174.0,176.7,177.9,171.7,170.5,171.1,171.4,1.7,0.563,UP,0
12533,179.6,175.9,177.7,177.7,172.1,171.6,171.8,171.5,1.5,0.552,UP,0
12566,179.7,174.0,176.9,177.4,170.3,170.4,170.3,171.2,1.6,0.54,UP,0
12600,179.3,175.0,177.1,177.2,170.5,170.4,170.5,171.0,1.5,0.532,UP,0
12633,179.7,175.8,177.8,177.2,171.2,171.2,171.2,171.0,1.4,0.525,UP,0
12666,179.7,175.9,177.8,177.5,171.2,171.7,171.5,171.1,1.5,0.52,UP,0
12700,179.2,179.9,179.6,177.8,178.2,178.2,178.2,172.3,1.6,0.516,UP,0
12733,179.8,175.4,177.6,178.0,179.6,172.2,175.9,173.4,2.3,0.512,UP,0
12766,179.7,175.3,177.5,178.0,176.3,171.4,173.9,174.1,0.8,0.508,UP,0
12800,179.2,176.2,177.7,178.0,174.3,172.1,173.2,174.5,0.2,0.503,UP,0
12833,,,,,,,,,,0.497,UP,0
12866,,,,,,,,,,0.492,UP,0
12900,,,,,,,,,,0.485,UP,0
12933,,,,,,,,,,0.481,UP,0
12966,,,,,,,,,,0.476,UP,0
13000,,,,,,,,,,0.471,UP,0
13033,,,,,,,,,,0.468,UP,0
13066,,,,,,,,,,0.462,UP,0
13100,,,,,,,,,,0.455,UP,0
13133,,,,,,,,,,0.45,UP,0
13166,,,,,,,,,,0.445,UP,0
13200,,,,,,,,,,0.439,UP,0
13233,,,,,,,,,,0.438,UP,0
13266,,,,,,,,,,0.437,UP,0
13300,,,,,,,,,,0.433,UP,0
13333,,,,,,,,,,0.431,UP,0
13366,,,,,,,,,,0.43,UP,0
13400,,,,,,,,,,0.429,UP,0
13433,,,,,,,,,,0.429,UP,0
13466,,,,,,,,,,0.434,UP,0
13500,,,,,,,,,,0.438,UP,0
13533,,,,,,,,,,0.441,UP,0
13566,,,,,,,,,,0.443,UP,0
13600,,,,,,,,,,0.443,UP,0
13633,,,,,,,,,,0.444,UP,0
13666,,,,,,,,,,0.443,UP,0
13700,,,,,,,,,,0.445,UP,0
13733,,,,,,,,,,0.445,UP,0
13766,,,,,,,,,,0.45,UP,0
13800,,,,,,,,,,0.449,UP,0
13833,,,,,,,,,,0.449,UP,0
13866,,,,,,,,,,0.448,UP,0
13900,,,,,,,,,,0.448,UP,0
13933,,,,,,,,,,0.443,UP,0
13966,,,,,,,,,,0.441,UP,0
14000,,,,,,,,,,0.439,UP,0
14033,,,,,,,,,,0.436,UP,0
14066,,,,,,,,,,0.434,UP,0
14100,,,,,,,,,,0.436,UP,0
14133,,,,,,,,,,0.436,UP,0
14166,,,,,,,,,,0.438,UP,0
14200,,,,,,,,,,0.44,UP,0
14233,,,,,,,,,,0.443,UP,0
14266,,,,,,,,,,0.447,UP,0
14300,,,,,,,,,,0.453,UP,0
14333,,,,,,,,,,0.46,UP,0
14366,,,,,,,,,,0.465,UP,0
14400,,,,,,,,,,0.464,UP,0
14433,,,,,,,,,,0.457,UP,0
14466,,,,,,,,,,0.446,UP,0
14500,,,,,,,,,,0.435,UP,0
14533,,,,,,,,,,0.42,UP,0
14566,,,,,,,,,,0.413,UP,0
14600,,,,,,,,,,0.409,UP,0
14633,,,,,,,,,,0.408,UP,0
14666,,,,,,,,,,0.405,UP,0
14700,,,,,,,,,,0.407,UP,0
14733,,,,,,,,,,0.408,UP,0
14766,,,,,,,,,,0.406,UP,0
14800,,,,,,,,,,0.407,UP,0
14833,,,,,,,,,,0.41,UP,0
14866,,,,,,,,,,0.41,UP,0
14900,,,,,,,,,,0.408,UP,0
14933,,,,,,,,,,0.411,UP,0
14966,,,,,,,,,,0.41,UP,0
15000,,,,,,,,,,0.409,UP,0
15033,,,,,,,,,,0.413,UP,0
15066,,,,,,,,,,0.417,UP,0
15100,,,,,,,,,,0.416,UP,0
15133,,,,,,,,,,0.416,UP,0
15166,,,,,,,,,,0.418,UP,0
15200,,,,,,,,,,0.417,UP,0
15233,,,,,,,,,,0.417,UP,0
15266,,,,,,,,,,0.423,UP,0
15300,,,,,,,,,,0.435,UP,0
15333,,,,,,,,,,0.447,UP,0
15366,,,,,,,,,,0.461,UP,0
15400,,,,,,,,,,0.475,UP,0
15433,,,,,,,,,,0.489,UP,0
15466,169.5,171.7,170.6,176.6,159.7,168.0,163.9,173.0,0.9,0.501,UP,0
15500,172.4,172.1,172.3,175.1,162.9,167.3,165.1,170.4,1.5,0.513,UP,0
15533,167.8,170.8,169.3,173.5,165.2,163.9,164.6,168.1,1.6,0.519,UP,0
15566,179.6,179.8,179.7,173.9,168.9,171.3,170.1,167.4,0.3,0.531,UP,0
15600,175.0,165.8,170.4,172.4,175.2,165.3,170.2,166.8,0.1,0.535,UP,0
15633,170.0,169.7,169.8,172.3,166.3,161.7,164.0,166.8,0.2,0.54,UP,0
15666,162.6,175.0,168.8,171.6,172.8,165.8,169.3,167.7,2.0,0.545,UP,0
15700,174.4,171.1,172.8,172.3,171.9,162.2,167.0,168.1,0.7,0.552,UP,0
15733,175.5,175.4,175.4,171.4,166.9,169.3,168.1,167.7,1.3,0.56,UP,0
15766,178.1,174.5,176.3,172.6,165.7,160.0,162.8,166.3,0.2,0.574,UP,0
15800,178.5,173.5,176.0,173.8,168.3,160.1,164.2,166.3,0.1,0.59,UP,0
15833,179.0,170.3,174.7,175.0,169.9,159.9,164.9,165.4,0.3,0.606,UP,0
15866,178.8,168.3,173.5,175.2,167.1,159.1,163.1,164.6,1.0,0.626,UP,0
15900,179.2,171.0,175.1,175.1,168.8,159.2,164.0,163.8,0.6,0.641,UP,0
15933,178.8,172.4,175.6,175.0,170.0,159.6,164.8,164.2,0.5,0.654,UP,0
15966,177.3,173.7,175.5,174.9,169.2,159.9,164.6,164.3,0.7,0.665,UP,0
16000,177.8,175.2,176.5,175.2,169.2,160.8,165.0,164.3,0.6,0.674,UP,0
16033,178.7,177.7,178.2,176.2,169.5,160.9,165.2,164.7,0.3,0.681,UP,0
16066,178.1,178.4,178.3,176.8,170.0,162.2,166.1,165.1,0.0,0.684,UP,0
16100,178.1,179.9,179.0,177.5,168.0,163.7,165.9,165.3,0.5,0.688,UP,0
16133,177.0,179.7,178.3,178.1,165.4,164.4,164.9,165.4,1.0,0.691,UP,0
16166,175.6,179.6,177.6,178.3,163.3,164.6,163.9,165.2,1.2,0.697,UP,0
16200,176.7,180.0,178.4,178.3,162.7,165.7,164.2,165.0,1.5,0.702,UP,0
16233,176.9,179.4,178.1,178.3,163.3,165.4,164.3,164.7,1.0,0.712,UP,0
16266,177.2,179.3,178.3,178.1,162.8,165.6,164.2,164.3,0.8,0.719,UP,0
16300,178.7,177.6,178.1,178.1,163.9,164.7,164.3,164.2,0.4,0.724,UP,0
16333,177.2,177.2,177.2,178.0,164.1,165.0,164.5,164.3,0.3,0.726,UP,0
16366,176.7,177.5,177.1,177.8,163.6,164.3,164.0,164.3,0.2,0.728,UP,0
16400,176.0,177.1,176.5,177.4,164.1,163.9,164.0,164.2,0.0,0.727,UP,0
16433,175.5,177.2,176.3,177.0,163.2,164.5,163.8,164.1,0.3,0.728,UP,0
16466,175.9,177.5,176.7,176.8,163.4,164.6,164.0,164.1,0.3,0.73,UP,0
16500,176.2,178.6,177.4,176.8,163.8,164.9,164.3,164.0,0.2,0.732,UP,0
16533,175.6,178.2,176.9,176.8,162.2,164.6,163.4,163.9,0.6,0.734,UP,0
16566,179.7,178.8,179.2,177.3,175.0,176.5,175.7,166.3,0.2,0.735,UP,0
16600,177.5,179.6,178.6,177.7,168.7,169.7,169.2,167.3,0.2,0.734,UP,0
16633,177.4,178.0,177.7,177.9,166.4,166.9,166.7,167.9,0.5,0.733,UP,0
16666,175.3,178.2,176.7,177.8,162.9,166.5,164.7,167.9,0.1,0.733,UP,0
16700,179.6,179.0,179.3,178.3,162.7,164.2,163.5,168.0,0.4,0.733,UP,0
16733,179.1,179.1,179.1,178.3,161.9,165.5,163.7,165.6,0.9,0.738,UP,0
16766,178.8,178.5,178.6,178.3,161.5,165.4,163.5,164.4,0.9,0.743,UP,0
16800,177.8,178.2,178.0,178.4,161.2,165.1,163.1,163.7,0.8,0.75,UP,0
16833,176.5,172.6,174.5,177.9,169.9,162.1,166.0,164.0,1.0,0.749,UP,0
16866,177.2,178.7,178.0,177.7,169.8,176.8,173.3,165.9,0.5,0.747,UP,0
16900,176.8,176.0,176.4,177.1,162.3,170.7,166.5,166.5,0.4,0.742,UP,0
16933,178.8,177.6,178.2,177.0,160.8,165.1,162.9,166.4,0.6,0.738,UP,0
16966,177.7,169.1,173.4,176.1,170.7,163.8,167.2,167.2,0.7,0.724,UP,0
17000,179.2,176.6,177.9,176.8,178.3,177.0,177.6,169.5,0.5,0.713,UP,0
17033,177.3,175.9,176.6,176.5,163.3,167.1,165.2,167.9,0.3,0.703,UP,0
17066,175.9,177.2,176.5,176.5,162.3,162.6,162.5,167.1,0.3,0.697,UP,0
17100,176.8,175.8,176.3,176.1,162.2,162.3,162.2,167.0,0.3,0.692,UP,0
17133,175.3,166.7,171.0,175.7,166.6,162.1,164.4,166.4,0.0,0.689,UP,0
17166,178.8,179.0,178.9,175.9,168.9,173.2,171.0,165.1,0.8,0.692,UP,0
17200,171.6,175.3,173.5,175.3,160.3,163.9,162.1,164.4,0.3,0.694,UP,0
17233,177.8,167.9,172.9,174.5,167.5,161.6,164.6,164.9,0.4,0.689,UP,0
17266,176.1,174.1,175.1,174.3,174.1,174.4,174.3,167.3,3.6,0.684,UP,0
17300,176.3,173.3,174.8,175.0,163.8,160.7,162.3,166.9,0.6,0.687,UP,0
17333,165.2,174.3,169.7,173.2,158.7,165.6,162.2,165.1,1.5,0.687,UP,0
17366,179.7,174.4,177.0,173.9,169.4,162.2,165.8,165.8,1.9,0.688,UP,0
17400,163.9,173.1,168.5,173.0,157.8,165.7,161.7,165.3,1.7,0.693,UP,0
17433,160.8,172.9,166.8,171.4,156.3,163.3,159.8,162.4,1.0,0.694,UP,0
17466,160.8,170.9,165.8,169.6,154.5,161.6,158.0,161.5,1.2,0.692,UP,0
17500,165.1,169.8,167.4,169.1,156.8,162.8,159.8,161.0,1.1,0.692,UP,0
17533,165.2,171.1,168.1,167.3,156.6,162.2,159.4,159.7,1.1,0.693,UP,0
17566,161.9,169.8,165.9,166.8,155.2,161.6,158.4,159.1,1.4,0.695,UP,0
17600,162.1,169.4,165.7,166.6,153.0,161.4,157.2,158.6,1.9,0.7,UP,0
17633,162.0,168.4,165.2,166.5,153.4,160.9,157.1,158.4,2.0,0.709,UP,0
17666,162.8,167.4,165.1,166.0,152.4,160.2,156.3,157.7,2.1,0.713,UP,0
17700,145.4,177.1,161.2,164.6,153.0,164.2,158.6,157.5,1.0,0.705,UP,0
17733,148.5,170.7,159.6,163.4,153.4,158.0,155.7,157.0,1.0,0.691,UP,0
17766,149.1,164.0,156.5,161.5,153.4,154.8,154.1,156.4,1.1,0.668,UP,0
17800,153.2,150.4,151.8,158.8,155.9,151.9,153.9,155.7,2.7,0.641,UP,0
17833,159.6,152.5,156.1,157.0,154.9,149.1,152.0,154.8,2.7,0.615,UP,0
17866,147.5,147.3,147.4,154.3,156.4,150.8,153.6,153.9,2.7,0.593,UP,0
17900,138.3,146.7,142.5,150.9,158.1,150.7,154.4,153.6,3.0,0.569,UP,0
17933,123.4,139.1,131.3,145.8,156.5,151.3,153.9,153.6,3.0,0.546,DOWN,0
17966,104.1,115.4,109.8,137.4,154.0,147.0,150.5,152.9,2.9,0.521,DOWN,0
18000,,,,,,,,,,0.491,DOWN,0
18033,,,,,,,,,,0.463,DOWN,0
18066,,,,,,,,,,0.437,DOWN,0
18100,,,,,,,,,,0.414,DOWN,0
18133,,,,,,,,,,0.395,DOWN,0
18166,,,,,,,,,,0.378,DOWN,0
18200,,,,,,,,,,0.362,DOWN,0
18233,,,,,,,,,,0.346,DOWN,0
18266,,,,,,,,,,0.33,DOWN,0
18300,,,,,,,,,,0.311,DOWN,0
18333,,,,,,,,,,0.289,DOWN,0
18366,,,,,,,,,,0.267,DOWN,0
18400,,,,,,,,,,0.246,DOWN,0
18433,,,,,,,,,,0.225,DOWN,0
18466,,,,,,,,,,0.207,DOWN,0
18500,,,,,,,,,,0.19,DOWN,0
18533,,,,,,,,,,0.175,DOWN,0
18566,,,,,,,,,,0.163,DOWN,0
18600,,,,,,,,,,0.151,DOWN,0
18633,,,,,,,,,,0.141,DOWN,0
18666,,,,,,,,,,0.131,DOWN,0
18700,,,,,,,,,,0.122,DOWN,0
18733,,,,,,,,,,0.114,DOWN,0
18766,,,,,,,,,,0.106,DOWN,0
18800,,,,,,,,,,0.097,DOWN,0
18833,,,,,,,,,,0.09,DOWN,0
18866,,,,,,,,,,0.082,DOWN,0
18900,,,,,,,,,,0.076,DOWN,0
18933,,,,,,,,,,0.07,DOWN,0
18966,,,,,,,,,,0.064,DOWN,0
19000,,,,,,,,,,0.059,DOWN,0
19033,,,,,,,,,,0.055,DOWN,0
19066,,,,,,,,,,0.051,DOWN,0
19100,,,,,,,,,,0.047,DOWN,0
19133,,,,,,,,,,0.043,DOWN,0
19166,,,,,,,,,,0.04,DOWN,0
19200,,,,,,,,,,0.037,DOWN,0
19233,,,,,,,,,,0.034,DOWN,0
19266,,,,,,,,,,0.032,DOWN,0
19300,,,,,,,,,,0.03,DOWN,0
19333,,,,,,,,,,0.027,DOWN,0
19366,,,,,,,,,,0.026,DOWN,0
19400,,,,,,,,,,0.024,DOWN,0
19433,,,,,,,,,,0.022,DOWN,0
19466,,,,,,,,,,0.02,DOWN,0
19500,,,,,,,,,,0.019,DOWN,0
19533,,,,,,,,,,0.018,DOWN,0
19566,,,,,,,,,,0.016,DOWN,0
19600,,,,,,,,,,0.015,DOWN,0
19633,,,,,,,,,,0.015,DOWN,0
19666,,,,,,,,,,0.014,DOWN,0
19700,,,,,,,,,,0.013,DOWN,0
19733,,,,,,,,,,0.012,DOWN,0
19766,,,,,,,,,,0.012,DOWN,0
19800,,,,,,,,,,0.012,DOWN,0
19833,,,,,,,,,,0.011,DOWN,0
19866,,,,,,,,,,0.011,DOWN,0
19900,,,,,,,,,,0.01,DOWN,0
19933,,,,,,,,,,0.01,DOWN,0
19966,,,,,,,,,,0.009,DOWN,0
20000,,,,,,,,,,0.009,DOWN,0
20033,,,,,,,,,,0.009,DOWN,0
20066,,,,,,,,,,0.009,DOWN,0
20100,,,,,,,,,,0.009,DOWN,0
20133,,,,,,,,,,0.009,DOWN,0
20166,,,,,,,,,,0.009,DOWN,0
20200,,,,,,,,,,0.009,DOWN,0
20233,,,,,,,,,,0.009,DOWN,0
20266,,,,,,,,,,0.009,DOWN,0
20300,,,,,,,,,,0.01,DOWN,0
20333,,,,,,,,,,0.012,DOWN,0
20366,,,,,,,,,,0.017,DOWN,0
20400,,,,,,,,,,0.022,DOWN,0
20433,,,,,,,,,,0.027,DOWN,0
20466,,,,,,,,,,0.033,DOWN,0
20500,,,,,,,,,,0.04,DOWN,0
20533,,,,,,,,,,0.051,DOWN,0
20566,,,,,,,,,,0.07,DOWN,0
20600,,,,,,,,,,0.098,DOWN,0
20633,,,,,,,,,,0.135,DOWN,0
20666,,,,,,,,,,0.179,DOWN,0
20700,,,,,,,,,,0.226,DOWN,0
20733,,,,,,,,,,0.27,DOWN,0
20766,,,,,,,,,,0.314,DOWN,0
20800,,,,,,,,,,0.356,DOWN,0
20833,,,,,,,,,,0.398,DOWN,0
20866,,,,,,,,,,0.437,DOWN,0
20900,,,,,,,,,,0.472,DOWN,0
20933,177.0,171.6,174.3,141.1,166.4,159.2,162.8,155.0,0.2,0.5,DOWN,0
20966,175.2,164.3,169.8,145.5,171.2,157.8,164.5,157.2,1.1,0.519,DOWN,0
21000,176.3,170.0,173.1,151.6,168.2,159.3,163.8,159.1,0.3,0.53,DOWN,0
21033,175.4,174.9,175.2,160.4,171.2,164.7,167.9,161.9,0.7,0.534,DOWN,0
21066,175.0,172.1,173.5,173.2,167.7,160.2,163.9,164.6,0.3,0.534,DOWN,0
21100,178.3,169.4,173.8,173.1,165.7,160.1,162.9,164.6,0.9,0.532,DOWN,0
21133,178.7,173.1,175.9,174.3,168.3,163.4,165.9,164.9,1.1,0.526,DOWN,0
21166,177.3,176.8,177.0,175.1,168.6,167.9,168.3,165.8,1.0,0.518,UP,0
21200,177.3,179.7,178.5,175.8,169.8,170.5,170.2,166.2,1.2,0.507,UP,0
21233,,,,,,,,,,0.5,UP,0
21266,178.7,174.2,176.4,176.3,168.3,167.8,168.1,167.1,1.7,0.501,UP,0
21300,173.9,173.7,173.8,176.3,166.5,167.1,166.8,167.8,1.9,0.504,UP,0
21333,176.3,170.0,173.1,175.8,166.7,159.6,163.2,167.3,0.0,0.512,UP,0
21366,177.8,177.3,177.6,175.9,165.2,168.1,166.6,167.0,0.9,0.53,UP,0
21400,177.4,167.5,172.5,174.7,177.1,164.3,170.7,167.1,2.0,0.542,UP,0
21433,176.7,166.4,171.6,173.7,166.7,159.8,163.3,166.1,0.1,0.546,UP,0
21466,175.7,177.0,176.3,174.2,164.2,165.6,164.9,165.7,0.7,0.555,UP,0
21500,177.1,167.5,172.3,174.0,170.5,164.9,167.7,166.6,0.2,0.56,UP,0
21533,176.3,173.8,175.0,173.5,168.4,164.0,166.2,166.6,1.4,0.559,UP,0
21566,179.6,172.0,175.8,174.2,166.1,162.1,164.1,165.2,1.7,0.562,UP,0
21600,177.7,173.2,175.5,175.0,165.5,162.1,163.8,165.3,1.2,0.57,UP,0
21633,178.7,173.9,176.3,175.0,167.1,162.2,164.7,165.3,1.8,0.575,UP,0
21666,176.4,172.7,174.6,175.4,166.5,161.9,164.2,164.6,2.0,0.583,UP,0
21700,175.7,170.8,173.3,175.1,166.7,161.7,164.2,164.2,2.1,0.59,UP,0
21733,176.4,170.9,173.7,174.6,166.9,162.5,164.7,164.3,2.0,0.597,UP,0
21766,176.4,171.9,174.2,174.4,167.4,162.9,165.2,164.6,2.0,0.602,UP,0
21800,176.8,172.2,174.5,174.0,167.5,163.3,165.4,164.7,2.0,0.606,UP,0
21833,176.5,172.0,174.3,174.0,167.7,162.7,165.2,164.9,2.3,0.609,UP,0
21866,176.7,172.6,174.6,174.3,167.8,163.5,165.6,165.2,2.2,0.614,UP,0
21900,176.6,172.6,174.6,174.4,167.9,163.4,165.7,165.4,2.5,0.616,UP,0
21933,176.1,173.2,174.6,174.5,166.5,163.7,165.1,165.4,2.2,0.62,UP,0
21966,175.8,173.4,174.6,174.6,166.5,164.1,165.3,165.4,2.3,0.621,UP,0
22000,176.1,172.9,174.5,174.6,167.2,164.0,165.6,165.5,2.7,0.622,UP,0
22033,176.1,172.8,174.5,174.6,167.4,163.5,165.5,165.4,2.8,0.622,UP,0
22066,175.6,173.4,174.5,174.5,167.6,163.0,165.3,165.4,3.5,0.624,UP,0
22100,174.6,173.3,174.0,174.4,167.0,164.2,165.6,165.5,3.0,0.625,UP,0
22133,174.2,174.2,174.2,174.3,166.1,164.6,165.4,165.5,3.3,0.628,UP,0
22166,175.8,173.3,174.6,174.3,166.4,164.7,165.5,165.5,3.6,0.632,UP,0
22200,174.3,172.6,173.5,174.1,165.6,165.0,165.3,165.4,3.7,0.633,UP,0
22233,173.5,173.7,173.6,174.0,164.3,166.4,165.4,165.4,3.7,0.634,UP,0
22266,173.0,172.3,172.6,173.7,163.9,167.3,165.6,165.4,3.9,0.631,UP,0
22300,171.5,171.0,171.2,173.1,160.8,166.5,163.7,165.1,3.8,0.626,UP,0
22333,171.8,168.8,170.3,172.3,161.9,165.7,163.8,164.8,4.2,0.621,UP,0
22366,171.1,168.9,170.0,171.6,161.8,166.6,164.2,164.5,3.9,0.613,UP,0
22400,172.6,170.3,171.5,171.1,161.3,168.6,165.0,164.4,3.6,0.607,UP,0
22433,170.3,171.0,170.7,170.7,162.3,169.2,165.8,164.5,3.9,0.604,UP,0
22466,167.3,172.8,170.1,170.5,163.7,169.5,166.6,165.1,4.4,0.601,UP,0
22500,169.4,173.9,171.6,170.8,165.4,169.0,167.2,165.7,4.7,0.6,UP,0
22533,172.1,174.3,173.2,171.4,167.3,168.5,167.9,166.5,5.0,0.605,UP,0
22566,171.2,173.6,172.4,171.6,167.5,167.7,167.6,167.0,5.0,0.61,UP,0
22600,172.5,173.9,173.2,172.1,168.5,166.7,167.6,167.4,5.0,0.616,UP,0
22633,172.2,175.4,173.8,172.9,169.6,166.3,168.0,167.7,4.9,0.625,UP,0
22666,176.2,174.4,175.3,173.6,171.1,165.9,168.5,167.9,4.8,0.635,UP,0
22700,178.7,177.1,177.9,174.5,175.8,173.8,174.8,169.3,4.1,0.643,UP,0
22733,176.1,177.9,177.0,175.4,173.0,173.9,173.5,170.5,3.8,0.65,UP,0
22766,176.2,175.2,175.7,175.9,172.9,170.3,171.6,171.3,3.6,0.656,UP,0
22800,179.1,172.2,175.7,176.3,174.5,167.3,170.9,171.9,3.2,0.654,UP,0
22833,179.2,173.1,176.1,176.5,175.6,167.4,171.5,172.5,3.1,0.647,UP,0
22866,178.7,173.0,175.9,176.1,177.5,167.6,172.5,172.0,3.4,0.634,UP,0
22900,177.8,171.9,174.9,175.6,178.6,166.1,172.4,171.8,3.4,0.613,UP,0
22933,179.8,171.3,175.6,175.6,176.8,165.8,171.3,171.7,2.3,0.585,UP,0
22966,177.0,176.2,176.6,175.8,178.8,172.4,175.6,172.7,0.0,0.564,UP,0
23000,177.3,172.8,175.1,175.6,176.8,168.9,172.8,172.9,0.3,0.541,UP,0
23033,174.5,173.0,173.8,175.2,176.8,167.7,172.2,172.9,0.7,0.519,UP,0
23066,175.3,172.9,174.1,175.0,176.6,167.1,171.9,172.8,0.9,0.501,UP,0
23100,,,,,,,,,,0.492,UP,0
23133,,,,,,,,,,0.48,UP,0
23166,,,,,,,,,,0.466,UP,0
23200,,,,,,,,,,0.453,UP,0
23233,,,,,,,,,,0.44,UP,0
23266,,,,,,,,,,0.426,UP,0
23300,,,,,,,,,,0.41,UP,0
23333,,,,,,,,,,0.397,UP,0
23366,,,,,,,,,,0.39,UP,0
23400,,,,,,,,,,0.385,UP,0
23433,,,,,,,,,,0.38,UP,0
23466,,,,,,,,,,0.379,UP,0
23500,,,,,,,,,,0.378,UP,0
23533,,,,,,,,,,0.372,UP,0
23566,,,,,,,,,,0.366,UP,0
23600,,,,,,,,,,0.355,UP,0
23633,,,,,,,,,,0.343,UP,0
23666,,,,,,,,,,0.331,UP,0
23700,,,,,,,,,,0.32,UP,0
23733,,,,,,,,,,0.307,UP,0
23766,,,,,,,,,,0.293,UP,0
23800,,,,,,,,,,0.279,UP,0
23833,,,,,,,,,,0.264,UP,0
23866,,,,,,,,,,0.251,UP,0
23900,,,,,,,,,,0.237,UP,0
23933,,,,,,,,,,0.225,UP,0
23966,,,,,,,,,,0.212,UP,0
24000,,,,,,,,,,0.201,UP,0
24033,,,,,,,,,,0.189,UP,0
24066,,,,,,,,,,0.179,UP,0
24100,,,,,,,,,,0.169,UP,0
24133,,,,,,,,,,0.16,UP,0
24166,,,,,,,,,,0.151,UP,0
24200,,,,,,,,,,0.142,UP,0
24233,,,,,,,,,,0.135,UP,0
24266,,,,,,,,,,0.129,UP,0
24300,,,,,,,,,,0.124,UP,0
24333,,,,,,,,,,0.12,UP,0
24366,,,,,,,,,,0.116,UP,0
24400,,,,,,,,,,0.111,UP,0
24433,,,,,,,,,,0.106,UP,0
24466,,,,,,,,,,0.102,UP,0
24500,,,,,,,,,,0.101,UP,0
24533,,,,,,,,,,0.108,UP,0
24566,,,,,,,,,,0.12,UP,0
24600,,,,,,,,,,0.143,UP,0
24633,,,,,,,,,,0.167,UP,0
24666,,,,,,,,,,0.192,UP,0
24700,,,,,,,,,,0.209,UP,0
24733,,,,,,,,,,0.219,UP,0
24766,,,,,,,,,,0.217,UP,0
24800,,,,,,,,,,0.21,UP,0
24833,,,,,,,,,,0.198,UP,0
24866,,,,,,,,,,0.184,UP,0
24900,,,,,,,,,,0.17,UP,0
24933,,,,,,,,,,0.156,UP,0
24966,,,,,,,,,,0.143,UP,0
25000,,,,,,,,,,0.131,UP,0
25033,,,,,,,,,,0.121,UP,0
25066,,,,,,,,,,0.112,UP,0
25100,,,,,,,,,,0.105,UP,0
25133,,,,,,,,,,0.098,UP,0
25166,,,,,,,,,,0.093,UP,0
25200,,,,,,,,,,0.089,UP,0
25233,,,,,,,,,,0.085,UP,0
25266,,,,,,,,,,0.083,UP,0
25300,,,,,,,,,,0.081,UP,0
25333,,,,,,,,,,0.079,UP,0
25366,,,,,,,,,,0.077,UP,0
25400,,,,,,,,,,0.075,UP,0
25433,,,,,,,,,,0.072,UP,0
25466,,,,,,,,,,0.069,UP,0
25500,,,,,,,,,,0.067,UP,0
25533,,,,,,,,,,0.064,UP,0
25566,,,,,,,,,,0.062,UP,0
25600,,,,,,,,,,0.059,UP,0
25633,,,,,,,,,,0.058,UP,0
25666,,,,,,,,,,0.056,UP,0
25700,,,,,,,,,,0.055,UP,0
25733,,,,,,,,,,0.054,UP,0
25766,,,,,,,,,,0.056,UP,0
25800,,,,,,,,,,0.06,UP,0
25833,,,,,,,,,,0.065,UP,0
25866,,,,,,,,,,0.073,UP,0
25900,,,,,,,,,,0.087,UP,0
25933,,,,,,,,,,0.11,UP,0
25966,,,,,,,,,,0.139,UP,0
26000,,,,,,,,,,0.169,UP,0
26033,,,,,,,,,,0.195,UP,0
26066,,,,,,,,,,0.216,UP,0
26100,,,,,,,,,,0.226,UP,0
26133,,,,,,,,,,0.225,UP,0
26166,,,,,,,,,,0.218,UP,0
26200,,,,,,,,,,0.211,UP,0
26233,,,,,,,,,,0.199,UP,0
26266,,,,,,,,,,0.185,UP,0
26300,,,,,,,,,,0.171,UP,0
26333,,,,,,,,,,0.158,UP,0
26366,,,,,,,,,,0.146,UP,0
26400,,,,,,,,,,0.134,UP,0
26433,,,,,,,,,,0.123,UP,0
26466,,,,,,,,,,0.114,UP,0
26500,,,,,,,,,,0.105,UP,0
26533,,,,,,,,,,0.098,UP,0
26566,,,,,,,,,,0.091,UP,0
26600,,,,,,,,,,0.084,UP,0
26633,,,,,,,,,,0.078,UP,0
26666,,,,,,,,,,0.074,UP,0
26700,,,,,,,,,,0.071,UP,0
26733,,,,,,,,,,0.068,UP,0
26766,,,,,,,,,,0.066,UP,0
26800,,,,,,,,,,0.068,UP,0
26833,,,,,,,,,,0.07,UP,0
26866,,,,,,,,,,0.074,UP,0
26900,,,,,,,,,,0.08,UP,0
26933,,,,,,,,,,0.087,UP,0
26966,,,,,,,,,,0.095,UP,0
27000,,,,,,,,,,0.106,UP,0
27033,,,,,,,,,,0.117,UP,0
27066,,,,,,,,,,0.126,UP,0
27100,,,,,,,,,,0.136,UP,0
27133,,,,,,,,,,0.143,UP,0
27166,,,,,,,,,,0.147,UP,0
27200,,,,,,,,,,0.149,UP,0
27233,,,,,,,,,,0.149,UP,0
27266,,,,,,,,,,0.146,UP,0
27300,,,,,,,,,,0.142,UP,0
27333,,,,,,,,,,0.138,UP,0
27366,,,,,,,,,,0.136,UP,0
27400,,,,,,,,,,0.135,UP,0
27433,,,,,,,,,,0.135,UP,0
27466,,,,,,,,,,0.136,UP,0
27500,,,,,,,,,,0.136,UP,0
27533,,,,,,,,,,0.134,UP,0
27566,,,,,,,,,,0.131,UP,0
27600,,,,,,,,,,0.127,UP,0
27633,,,,,,,,,,0.121,UP,0
27666,,,,,,,,,,0.116,UP,0
27700,,,,,,,,,,0.111,UP,0
27733,,,,,,,,,,0.107,UP,0
27766,,,,,,,,,,0.104,UP,0
27800,,,,,,,,,,0.1,UP,0
27833,,,,,,,,,,0.098,UP,0
27866,,,,,,,,,,0.097,UP,0
27900,,,,,,,,,,0.095,UP,0
27933,,,,,,,,,,0.094,UP,0
27966,,,,,,,,,,0.093,UP,0
28000,,,,,,,,,,0.092,UP,0
28033,,,,,,,,,,0.091,UP,0
28066,,,,,,,,,,0.092,UP,0
28100,,,,,,,,,,0.092,UP,0
28133,,,,,,,,,,0.093,UP,0
28166,,,,,,,,,,0.096,UP,0
28200,,,,,,,,,,0.098,UP,0
28233,,,,,,,,,,0.1,UP,0
28266,,,,,,,,,,0.1,UP,0
28300,,,,,,,,,,0.1,UP,0
28333,,,,,,,,,,0.098,UP,0
28366,,,,,,,,,,0.096,UP,0
28400,,,,,,,,,,0.093,UP,0
28433,,,,,,,,,,0.09,UP,0
28466,,,,,,,,,,0.088,UP,0
28500,,,,,,,,,,0.085,UP,0
28533,,,,,,,,,,0.082,UP,0
28566,,,,,,,,,,0.081,UP,0
28600,,,,,,,,,,0.08,UP,0
28633,,,,,,,,,,0.079,UP,0
28666,,,,,,,,,,0.078,UP,0
28700,,,,,,,,,,0.077,UP,0
28733,,,,,,,,,,0.074,UP,0
28766,,,,,,,,,,0.071,UP,0
28800,,,,,,,,,,0.068,UP,0
28833,,,,,,,,,,0.066,UP,0
28866,,,,,,,,,,0.064,UP,0
28900,,,,,,,,,,0.062,UP,0
28933,,,,,,,,,,0.061,UP,0
28966,,,,,,,,,,0.06,UP,0
29000,,,,,,,,,,0.059,UP,0
29033,,,,,,,,,,0.058,UP,0
29066,,,,,,,,,,0.058,UP,0
29100,,,,,,,,,,0.058,UP,0
29133,,,,,,,,,,0.058,UP,0
29166,,,,,,,,,,0.058,UP,0
29200,,,,,,,,,,0.058,UP,0
29233,,,,,,,,,,0.058,UP,0
29266,,,,,,,,,,0.059,UP,0
29300,,,,,,,,,,0.061,UP,0
29333,,,,,,,,,,0.071,UP,0
29366,,,,,,,,,,0.082,UP,0
29400,,,,,,,,,,0.099,UP,0
29433,,,,,,,,,,0.119,UP,0
29466,,,,,,,,,,0.136,UP,0
29500,,,,,,,,,,0.145,UP,0
29533,,,,,,,,,,0.155,UP,0
29566,,,,,,,,,,0.159,UP,0
29600,,,,,,,,,,0.16,UP,0
29633,,,,,,,,,,0.169,UP,0
29666,,,,,,,,,,0.182,UP,0
29700,,,,,,,,,,0.191,UP,0
29733,,,,,,,,,,0.196,UP,0
29766,,,,,,,,,,0.198,UP,0
29800,,,,,,,,,,0.192,UP,0
29833,,,,,,,,,,0.179,UP,0
29866,,,,,,,,,,0.167,UP,0
29900,,,,,,,,,,0.156,UP,0
29933,,,,,,,,,,0.147,UP,0
29966,,,,,,,,,,0.138,UP,0
30000,,,,,,,,,,0.131,UP,0
30033,,,,,,,,,,0.125,UP,0
30066,,,,,,,,,,0.12,UP,0
30100,,,,,,,,,,0.114,UP,0
30133,,,,,,,,,,0.109,UP,0
30166,,,,,,,,,,0.105,UP,0
30200,,,,,,,,,,0.101,UP,0
30233,,,,,,,,,,0.097,UP,0
30266,,,,,,,,,,0.093,UP,0
30300,,,,,,,,,,0.09,UP,0
30333,,,,,,,,,,0.086,UP,0
30366,,,,,,,,,,0.082,UP,0
30400,,,,,,,,,,0.079,UP,0
30433,,,,,,,,,,0.076,UP,0
30466,,,,,,,,,,0.073,UP,0
30500,,,,,,,,,,0.071,UP,0
30533,,,,,,,,,,0.07,UP,0
30566,,,,,,,,,,0.068,UP,0
30600,,,,,,,,,,0.068,UP,0
30633,,,,,,,,,,0.068,UP,0
30666,,,,,,,,,,0.068,UP,0
30700,,,,,,,,,,0.068,UP,0
30733,,,,,,,,,,0.069,UP,0
30766,,,,,,,,,,0.071,UP,0
30800,,,,,,,,,,0.074,UP,0
30833,,,,,,,,,,0.075,UP,0
30866,,,,,,,,,,0.077,UP,0
30900,,,,,,,,,,0.078,UP,0
30933,,,,,,,,,,0.078,UP,0
30966,,,,,,,,,,0.078,UP,0
31000,,,,,,,,,,0.078,UP,0
31033,,,,,,,,,,0.078,UP,0
31066,,,,,,,,,,0.077,UP,0
31100,,,,,,,,,,0.078,UP,0
31133,,,,,,,,,,0.08,UP,0
31166,,,,,,,,,,0.083,UP,0
31200,,,,,,,,,,0.086,UP,0
31233,,,,,,,,,,0.091,UP,0
31266,,,,,,,,,,0.096,UP,0
31300,,,,,,,,,,0.099,UP,0
31333,,,,,,,,,,0.104,UP,0
31366,,,,,,,,,,0.108,UP,0
31400,,,,,,,,,,0.113,UP,0
31433,,,,,,,,,,0.12,UP,0
31466,,,,,,,,,,0.129,UP,0
31500,,,,,,,,,,0.139,UP,0
31533,,,,,,,,,,0.152,UP,0
31566,,,,,,,,,,0.167,UP,0
31600,,,,,,,,,,0.184,UP,0
31633,,,,,,,,,,0.202,UP,0
31666,,,,,,,,,,0.221,UP,0
31700,,,,,,,,,,0.241,UP,0
31733,,,,,,,,,,0.262,UP,0
31766,,,,,,,,,,0.284,UP,0
31800,,,,,,,,,,0.309,UP,0
31833,,,,,,,,,,0.332,UP,0
31866,,,,,,,,,,0.355,UP,0
31900,,,,,,,,,,0.378,UP,0
31933,,,,,,,,,,0.396,UP,0
31966,,,,,,,,,,0.41,UP,0
32000,,,,,,,,,,0.423,UP,0
32033,,,,,,,,,,0.431,UP,0
32066,,,,,,,,,,0.437,UP,0
32100,,,,,,,,,,0.442,UP,0
32133,,,,,,,,,,0.448,UP,0
32166,,,,,,,,,,0.452,UP,0
32200,,,,,,,,,,0.455,UP,0
32233,,,,,,,,,,0.458,UP,0
32266,,,,,,,,,,0.459,UP,0
32300,,,,,,,,,,0.456,UP,0
32333,,,,,,,,,,0.451,UP,0
32366,,,,,,,,,,0.447,UP,0
32400,,,,,,,,,,0.444,UP,0
32433,,,,,,,,,,0.438,UP,0
32466,,,,,,,,,,0.435,UP,0
32500,,,,,,,,,,0.435,UP,0
32533,,,,,,,,,,0.434,UP,0
32566,,,,,,,,,,0.432,UP,0
32600,,,,,,,,,,0.432,UP,0
32633,,,,,,,,,,0.435,UP,0
32666,,,,,,,,,,0.438,UP,0
32700,,,,,,,,,,0.445,UP,0
32733,,,,,,,,,,0.451,UP,0
32766,,,,,,,,,,0.453,UP,0
32800,,,,,,,,,,0.45,UP,0
32833,,,,,,,,,,0.445,UP,0
32866,,,,,,,,,,0.434,UP,0
32900,,,,,,,,,,0.425,UP,0
32933,,,,,,,,,,0.417,UP,0
32966,,,,,,,,,,0.41,UP,0
33000,,,,,,,,,,0.403,UP,0
33033,,,,,,,,,,0.398,UP,0
33066,,,,,,,,,,0.392,UP,0
33100,,,,,,,,,,0.388,UP,0
33133,,,,,,,,,,0.385,UP,0
33166,,,,,,,,,,0.387,UP,0
33200,,,,,,,,,,0.392,UP,0
33233,,,,,,,,,,0.401,UP,0
33266,,,,,,,,,,0.413,UP,0
33300,,,,,,,,,,0.427,UP,0
33333,,,,,,,,,,0.438,UP,0
33366,,,,,,,,,,0.447,UP,0
33400,,,,,,,,,,0.452,UP,0
33433,,,,,,,,,,0.458,UP,0
33466,,,,,,,,,,0.464,UP,0
33500,,,,,,,,,,0.47,UP,0
33533,,,,,,,,,,0.476,UP,0
33566,,,,,,,,,,0.482,UP,0
33600,,,,,,,,,,0.488,UP,0
33633,,,,,,,,,,0.492,UP,0
33666,,,,,,,,,,0.496,UP,0
33700,,,,,,,,,,0.499,UP,0
33733,177.1,176.7,176.9,175.3,173.6,172.3,172.9,173.1,0.3,0.503,UP,0
33766,177.5,177.1,177.3,175.4,173.5,173.3,173.4,172.7,0.1,0.505,UP,0
33800,176.5,177.7,177.1,175.8,173.7,174.1,173.9,172.9,0.0,0.505,UP,0
33833,177.4,178.1,177.7,176.6,173.5,174.9,174.2,173.3,0.1,0.501,UP,0
33866,,,,,,,,,,0.498,UP,0
33900,,,,,,,,,,0.492,UP,0
33933,,,,,,,,,,0.488,UP,0
33966,,,,,,,,,,0.488,UP,0
34000,,,,,,,,,,0.491,UP,0
34033,,,,,,,,,,0.496,UP,0
34066,177.6,176.6,177.1,177.2,172.0,174.9,173.4,173.6,0.5,0.503,UP,0
34100,177.5,177.1,177.3,177.3,172.3,174.8,173.6,173.7,0.4,0.511,UP,0
34133,178.6,177.4,178.0,177.5,171.9,174.2,173.1,173.6,0.0,0.518,UP,0
34166,179.8,178.0,178.9,177.8,171.1,174.2,172.6,173.4,0.2,0.523,UP,0
34200,178.5,177.8,178.2,177.9,171.5,174.1,172.8,173.1,0.5,0.527,UP,0
34233,178.8,177.9,178.3,178.1,171.5,173.8,172.6,172.9,0.6,0.531,UP,0
34266,179.0,177.8,178.4,178.4,171.5,173.4,172.4,172.7,0.7,0.535,UP,0
34300,179.3,178.0,178.7,178.5,170.8,173.4,172.1,172.5,0.7,0.536,UP,0
34333,179.4,178.4,178.9,178.5,171.3,173.3,172.3,172.5,0.8,0.534,UP,0
34366,179.4,177.5,178.4,178.5,172.3,172.8,172.5,172.4,1.2,0.528,UP,0
34400,178.8,176.1,177.5,178.4,172.7,172.4,172.6,172.4,1.5,0.516,UP,0
34433,,,,,,,,,,0.5,UP,0
34466,,,,,,,,,,0.482,UP,0
34500,,,,,,,,,,0.468,UP,0
34533,,,,,,,,,,0.455,UP,0
34566,,,,,,,,,,0.445,UP,0
34600,,,,,,,,,,0.441,UP,0
34633,,,,,,,,,,0.438,UP,0
34666,,,,,,,,,,0.437,UP,0
34700,,,,,,,,,,0.437,UP,0
34733,,,,,,,,,,0.435,UP,0
34766,,,,,,,,,,0.431,UP,0
34800,,,,,,,,,,0.426,UP,0
34833,,,,,,,,,,0.42,UP,0
34866,,,,,,,,,,0.414,UP,0
34900,,,,,,,,,,0.41,UP,0
34933,,,,,,,,,,0.407,UP,0
34966,,,,,,,,,,0.404,UP,0
35000,,,,,,,,,,0.4,UP,0
35033,,,,,,,,,,0.398,UP,0
35066,,,,,,,,,,0.399,UP,0
35100,,,,,,,,,,0.403,UP,0
35133,,,,,,,,,,0.412,UP,0
35166,,,,,,,,,,0.423,UP,0
35200,,,,,,,,,,0.434,UP,0
35233,,,,,,,,,,0.442,UP,0
35266,,,,,,,,,,0.445,UP,0
35300,,,,,,,,,,0.44,UP,0
35333,,,,,,,,,,0.43,UP,0
35366,,,,,,,,,,0.417,UP,0
35400,,,,,,,,,,0.402,UP,0
35433,,,,,,,,,,0.387,UP,0
35466,,,,,,,,,,0.373,UP,0
35500,,,,,,,,,,0.36,UP,0
35533,,,,,,,,,,0.352,UP,0
35566,,,,,,,,,,0.346,UP,0
35600,,,,,,,,,,0.348,UP,0
35633,,,,,,,,,,0.356,UP,0
35666,,,,,,,,,,0.371,UP,0
35700,,,,,,,,,,0.385,UP,0
35733,,,,,,,,,,0.401,UP,0
35766,,,,,,,,,,0.412,UP,0
35800,,,,,,,,,,0.419,UP,0
35833,,,,,,,,,,0.42,UP,0
35866,,,,,,,,,,0.42,UP,0
35900,,,,,,,,,,0.417,UP,0
35933,,,,,,,,,,0.41,UP,0
35966,,,,,,,,,,0.401,UP,0
36000,,,,,,,,,,0.392,UP,0
36033,,,,,,,,,,0.384,UP,0
36066,,,,,,,,,,0.377,UP,0
36100,,,,,,,,,,0.373,UP,0
36133,,,,,,,,,,0.374,UP,0
36166,,,,,,,,,,0.381,UP,0
36200,,,,,,,,,,0.391,UP,0
36233,,,,,,,,,,0.399,UP,0
36266,,,,,,,,,,0.406,UP,0
36300,,,,,,,,,,0.411,UP,0
36333,,,,,,,,,,0.408,UP,0
36366,,,,,,,,,,0.395,UP,0
36400,,,,,,,,,,0.379,UP,0
36433,,,,,,,,,,0.359,UP,0
36466,,,,,,,,,,0.335,UP,0
36500,,,,,,,,,,0.311,UP,0
36533,,,,,,,,,,0.29,UP,0
36566,,,,,,,,,,0.271,UP,0
36600,,,,,,,,,,0.253,UP,0
36633,,,,,,,,,,0.233,UP,0
36666,,,,,,,,,,0.215,UP,0
36700,,,,,,,,,,0.198,UP,0
36733,,,,,,,,,,0.182,UP,0
36766,,,,,,,,,,0.169,UP,0
36800,,,,,,,,,,0.158,UP,0
36833,,,,,,,,,,0.149,UP,0
36866,,,,,,,,,,0.144,UP,0
36900,,,,,,,,,,0.14,UP,0
36933,,,,,,,,,,0.135,UP,0
36966,,,,,,,,,,0.132,UP,0
37000,,,,,,,,,,0.129,UP,0
37033,,,,,,,,,,0.125,UP,0
37066,,,,,,,,,,0.122,UP,0
37100,,,,,,,,,,0.121,UP,0
37133,,,,,,,,,,0.118,UP,0
37166,,,,,,,,,,0.115,UP,0
37200,,,,,,,,,,0.112,UP,0
37233,,,,,,,,,,0.111,UP,0
37266,,,,,,,,,,0.116,UP,0
37300,,,,,,,,,,0.127,UP,0
37333,,,,,,,,,,0.146,UP,0
37366,,,,,,,,,,0.164,UP,0
37400,,,,,,,,,,0.189,UP,0
37433,,,,,,,,,,0.208,UP,0
37466,,,,,,,,,,0.235,UP,0
37500,,,,,,,,,,0.257,UP,0
37533,,,,,,,,,,0.278,UP,0
37566,,,,,,,,,,0.287,UP,0
37600,,,,,,,,,,0.3,UP,0
37633,,,,,,,,,,0.299,UP,0
37666,,,,,,,,,,0.293,UP,0
37700,,,,,,,,,,0.298,UP,0
37733,,,,,,,,,,0.315,UP,0
37766,,,,,,,,,,0.338,UP,0
37800,,,,,,,,,,0.372,UP,0
37833,,,,,,,,,,0.416,UP,0
37866,,,,,,,,,,0.456,UP,0
37900,,,,,,,,,,0.487,UP,0
37933,175.3,175.8,175.5,177.8,172.0,173.0,172.5,172.4,3.4,0.511,UP,0
37966,174.9,179.2,177.1,177.5,173.5,173.2,173.3,172.6,3.7,0.529,UP,0
38000,174.6,179.9,177.2,177.1,173.8,172.6,173.2,172.8,3.9,0.544,UP,0
38033,174.0,178.4,176.2,176.7,172.4,170.3,171.3,172.6,4.0,0.558,UP,0
38066,173.4,176.7,175.0,176.2,172.1,170.2,171.2,172.3,4.0,0.575,UP,0
38100,171.1,178.2,174.7,176.0,173.1,169.9,171.5,172.1,3.8,0.586,UP,0
38133,171.9,178.9,175.4,175.7,173.9,170.9,172.4,171.9,3.2,0.592,UP,0
38166,173.9,178.9,176.4,175.5,173.3,171.7,172.5,171.8,2.4,0.594,UP,0
38200,173.4,178.5,175.9,175.5,171.8,172.5,172.1,171.9,0.7,0.594,UP,0
38233,172.5,179.3,175.9,175.7,171.3,171.0,171.1,171.9,0.3,0.588,UP,0
38266,174.7,178.9,176.8,176.1,171.2,171.7,171.5,171.9,0.7,0.583,UP,0
38300,178.4,178.7,178.5,176.7,173.2,172.5,172.8,172.0,1.1,0.583,UP,0
38333,178.8,179.6,179.2,177.3,177.4,177.5,177.4,173.0,1.1,0.584,UP,0
38366,177.9,177.8,177.8,177.7,179.8,173.8,176.8,173.9,1.3,0.587,UP,0
38400,176.5,179.2,177.9,178.0,177.5,177.0,177.3,175.2,0.8,0.59,UP,0
38433,179.0,175.5,177.3,178.1,168.8,168.1,168.5,174.6,1.8,0.595,UP,0
38466,179.4,178.7,179.1,178.2,173.5,175.7,174.6,174.9,0.5,0.593,UP,0
38500,176.2,178.9,177.5,177.9,172.6,176.2,174.4,174.3,2.4,0.589,UP,0
38533,177.1,177.7,177.4,177.8,175.0,174.2,174.6,173.9,1.6,0.578,UP,0
38566,179.6,173.6,176.6,177.6,168.2,164.5,166.3,171.7,0.9,0.569,UP,0
38600,179.2,168.3,173.8,176.9,174.2,159.2,166.7,171.3,2.3,0.558,UP,0
38633,167.1,174.2,170.7,175.2,179.9,168.4,174.2,171.2,1.6,0.553,UP,0
38666,172.7,178.8,175.8,174.8,178.4,167.2,172.8,170.9,0.4,0.554,UP,0
38700,176.2,179.2,177.7,174.9,174.5,167.8,171.2,170.2,0.6,0.563,UP,0
38733,178.1,177.0,177.5,175.1,171.2,166.9,169.1,170.8,2.4,0.577,UP,0
38766,178.3,176.7,177.5,175.8,169.1,170.2,169.6,171.4,1.7,0.59,UP,0
38800,177.8,178.7,178.2,177.3,168.8,170.8,169.8,170.5,1.6,0.601,UP,0
38833,177.0,177.4,177.2,177.6,169.5,171.3,170.4,170.0,2.1,0.614,UP,0
38866,176.6,179.3,177.9,177.7,170.5,169.8,170.1,169.8,4.1,0.625,UP,0
38900,178.9,177.4,178.2,177.8,174.0,170.1,172.1,170.4,6.4,0.629,UP,0
38933,180.0,176.9,178.4,178.0,174.7,169.0,171.8,170.8,7.5,0.637,UP,0
38966,176.3,177.5,176.9,177.7,177.9,169.7,173.8,171.7,8.6,0.647,UP,0
39000,176.1,175.5,175.8,177.5,174.1,172.4,173.2,172.2,6.9,0.653,UP,0
39033,175.5,174.7,175.1,176.9,173.8,171.9,172.8,172.8,6.2,0.655,UP,0
39066,176.2,174.4,175.3,176.3,172.0,171.2,171.6,172.7,5.8,0.663,UP,0
39100,178.6,176.4,177.5,176.1,172.4,170.8,171.6,172.6,6.0,0.671,UP,0
39133,179.7,176.8,178.2,176.4,172.1,170.1,171.1,172.1,6.1,0.679,UP,0
39166,180.0,179.5,179.7,177.2,171.6,168.1,169.8,171.4,6.0,0.692,UP,0
39200,177.0,179.0,178.0,177.7,170.8,169.5,170.1,170.9,5.6,0.703,UP,0
39233,178.6,179.6,179.1,178.5,175.5,168.1,171.8,170.9,7.1,0.715,UP,0
39266,179.0,180.0,179.5,178.9,175.0,167.3,171.1,170.8,7.2,0.727,UP,0
39300,177.5,178.8,178.1,178.9,173.1,170.0,171.5,170.9,6.1,0.737,UP,0
39333,176.1,178.6,177.3,178.4,172.1,169.0,170.6,171.0,5.9,0.746,UP,0
39366,176.2,178.8,177.5,178.3,171.8,168.6,170.2,171.0,5.8,0.755,UP,0
39400,175.6,179.5,177.6,178.0,172.0,170.4,171.2,170.9,5.3,0.761,UP,0
39433,174.3,179.8,177.1,177.5,171.6,170.1,170.9,170.9,5.2,0.764,UP,0
39466,173.8,179.8,176.8,177.3,172.3,169.9,171.1,170.8,5.2,0.759,UP,0
39500,175.8,179.5,177.6,177.3,171.8,171.8,171.8,171.0,4.2,0.753,UP,0
39533,174.2,179.3,176.8,177.2,172.3,171.4,171.8,171.4,4.3,0.742,UP,0
39566,174.2,179.9,177.1,177.1,171.5,171.9,171.7,171.5,4.0,0.73,UP,0
39600,174.7,176.5,175.6,176.8,171.7,172.8,172.2,171.7,3.8,0.718,UP,0
39633,174.4,177.0,175.7,176.5,172.0,172.3,172.1,171.9,4.0,0.712,UP,0
39666,174.4,177.0,175.7,176.2,171.4,173.0,172.2,172.0,3.7,0.702,UP,0
39700,174.7,177.6,176.2,176.1,171.3,173.5,172.4,172.1,3.6,0.699,UP,0
39733,174.2,178.8,176.5,175.9,171.2,174.0,172.6,172.3,3.6,0.699,UP,0
39766,173.8,178.3,176.1,176.0,171.3,174.0,172.7,172.4,3.6,0.696,UP,0
39800,172.6,177.9,175.3,175.9,172.1,174.3,173.2,172.6,3.2,0.692,UP,0
39833,173.8,178.6,176.2,176.0,172.2,174.3,173.2,172.8,2.9,0.69,UP,0
39866,176.8,176.0,176.4,176.1,179.0,177.2,178.1,174.0,3.4,0.684,UP,0
39900,177.4,175.5,176.4,176.1,174.4,178.2,176.3,174.7,1.5,0.678,UP,0
39933,173.5,175.9,174.7,175.8,172.6,177.8,175.2,175.2,0.8,0.669,UP,0
39966,174.8,175.6,175.2,175.8,171.7,176.8,174.3,175.4,0.9,0.656,UP,0
40000,175.0,173.3,174.2,175.4,171.7,177.3,174.5,175.7,0.6,0.638,UP,0
40033,175.5,171.4,173.4,174.8,171.7,179.1,175.4,175.1,0.3,0.614,UP,0
40066,176.6,169.9,173.2,174.1,172.2,179.9,176.0,175.1,0.2,0.582,UP,0
40100,177.1,173.8,175.5,174.3,173.2,178.4,175.8,175.2,0.5,0.548,UP,0
40133,176.8,173.4,175.1,174.3,172.1,178.9,175.5,175.4,0.3,0.518,UP,0
40166,,,,,,,,,,0.49,UP,0
40200,,,,,,,,,,0.469,UP,0
40233,,,,,,,,,,0.451,UP,0
40266,,,,,,,,,,0.445,UP,0
40300,,,,,,,,,,0.449,UP,0
40333,,,,,,,,,,0.458,UP,0
40366,,,,,,,,,,0.474,UP,0
40400,,,,,,,,,,0.49,UP,0
40433,173.2,174.5,173.8,174.2,168.4,175.1,171.7,174.9,1.7,0.5,UP,0
40466,174.1,174.6,174.4,174.4,169.0,174.0,171.5,174.1,1.6,0.509,UP,0
40500,175.4,175.2,175.3,174.8,170.0,173.4,171.7,173.2,1.3,0.52,UP,0
40533,177.3,176.9,177.1,175.1,171.4,171.0,171.2,172.3,0.5,0.529,UP,0
40566,179.3,178.1,178.7,175.9,168.9,169.2,169.1,171.0,0.7,0.543,UP,0
40600,178.9,171.6,175.3,176.2,169.8,167.5,168.7,170.4,0.2,0.564,UP,0
40633,178.5,171.4,175.0,176.3,170.4,167.0,168.7,169.9,0.1,0.588,UP,0
40666,178.4,173.9,176.2,176.5,171.9,165.4,168.7,169.3,1.2,0.609,UP,0
40700,178.9,177.6,178.2,176.7,172.7,166.2,169.5,168.9,1.3,0.631,UP,0
40733,179.5,176.5,178.0,176.5,172.1,164.5,168.3,168.8,1.5,0.652,UP,0
40766,179.9,176.9,178.4,177.2,172.9,164.2,168.6,168.7,2.1,0.67,UP,0
40800,179.5,178.3,178.9,177.9,173.2,165.6,169.4,168.9,2.0,0.684,UP,0
40833,179.3,180.0,179.6,178.6,174.5,166.9,170.7,169.3,2.6,0.697,UP,0
40866,179.2,175.9,177.5,178.5,174.3,167.9,171.1,169.6,2.7,0.707,UP,0
40900,179.9,175.2,177.5,178.4,173.8,168.7,171.2,170.2,3.9,0.711,UP,0
40933,178.0,179.9,178.9,178.5,173.5,166.3,169.9,170.5,4.4,0.709,UP,0
40966,177.9,176.6,177.2,178.2,170.3,164.9,167.6,170.1,3.8,0.702,UP,0
41000,179.3,175.7,177.5,177.7,174.7,163.1,168.9,169.7,5.3,0.689,UP,0
41033,177.4,172.9,175.1,177.3,179.3,164.1,171.7,169.9,7.3,0.675,UP,0
41066,174.9,172.0,173.5,176.5,171.2,163.4,167.3,169.1,5.3,0.667,UP,0
41100,175.0,175.0,175.0,175.7,174.1,165.2,169.6,169.0,5.4,0.66,UP,0
41133,171.4,170.6,171.0,174.4,173.3,162.8,168.0,169.1,5.6,0.659,UP,0
41166,175.9,176.1,176.0,174.1,176.0,177.0,176.5,170.6,3.1,0.653,UP,0
41200,178.0,176.2,177.1,174.5,179.3,179.4,179.3,172.2,2.4,0.64,UP,0
41233,177.0,175.7,176.4,175.1,173.1,173.0,173.0,173.3,1.7,0.621,UP,0
41266,171.1,169.9,170.5,174.2,170.1,160.8,165.4,172.5,0.2,0.601,UP,0
41300,176.0,173.6,174.8,175.0,169.7,161.6,165.6,172.0,0.4,0.577,UP,0
41333,173.4,173.3,173.4,174.4,173.7,160.1,166.9,170.1,2.7,0.555,UP,0
41366,179.7,176.9,178.3,174.7,178.9,168.8,173.8,169.0,1.9,0.536,UP,0
41400,177.6,174.2,175.9,174.6,174.2,169.6,171.9,168.7,1.4,0.518,UP,0
41433,,,,,,,,,,0.497,UP,0
41466,,,,,,,,,,0.473,UP,0
41500,,,,,,,,,,0.45,UP,0
41533,,,,,,,,,,0.351,UP,0
41566,,,,,,,,,,0.256,UP,0
41600,,,,,,,,,,0.166,UP,0
41633,,,,,,,,,,0.081,UP,0
41666,,,,,,,,,,0.0,UP,0
41700,,,,,,,,,,0.0,UP,0
41733,,,,,,,,,,0.0,UP,0
41766,,,,,,,,,,0.0,UP,0
41800,,,,,,,,,,0.074,UP,0
41833,,,,,,,,,,0.142,UP,0
41866,,,,,,,,,,0.202,UP,0
41900,,,,,,,,,,0.258,UP,0
41933,,,,,,,,,,0.308,UP,0
41966,,,,,,,,,,0.281,UP,0
42000,,,,,,,,,,0.258,UP,0
42033,,,,,,,,,,0.237,UP,0
42066,,,,,,,,,,0.22,UP,0
42100,,,,,,,,,,0.205,UP,0
42133,,,,,,,,,,0.191,UP,0
42166,,,,,,,,,,0.179,UP,0
42200,,,,,,,,,,0.167,UP,0
42233,,,,,,,,,,0.156,UP,0
42266,,,,,,,,,,0.145,UP,0
42300,,,,,,,,,,0.136,UP,0
42333,,,,,,,,,,0.128,UP,0
42366,,,,,,,,,,0.121,UP,0
42400,,,,,,,,,,0.119,UP,0
42433,,,,,,,,,,0.118,UP,0
42466,,,,,,,,,,0.119,UP,0
42500,,,,,,,,,,0.122,UP,0
42533,,,,,,,,,,0.131,UP,0
42566,,,,,,,,,,0.14,UP,0
42600,,,,,,,,,,0.156,UP,0
42633,,,,,,,,,,0.171,UP,0
42666,,,,,,,,,,0.185,UP,0
42700,,,,,,,,,,0.195,UP,0
42733,,,,,,,,,,0.198,UP,0
42766,,,,,,,,,,0.195,UP,0
42800,,,,,,,,,,0.189,UP,0
42833,,,,,,,,,,0.18,UP,0
42866,,,,,,,,,,0.14,UP,0
42900,,,,,,,,,,0.102,UP,0
42933,,,,,,,,,,0.065,UP,0
42966,,,,,,,,,,0.031,UP,0
43000,,,,,,,,,,0.0,UP,0
43033,,,,,,,,,,0.0,UP,0
43066,,,,,,,,,,0.0,UP,0
43100,,,,,,,,,,0.0,UP,0
43133,,,,,,,,,,0.031,UP,0
43166,,,,,,,,,,0.061,UP,0
43200,,,,,,,,,,0.094,UP,0
43233,,,,,,,,,,0.128,UP,0
43266,,,,,,,,,,0.162,UP,0
43300,,,,,,,,,,0.165,UP,0
43333,,,,,,,,,,0.171,UP,0
43366,,,,,,,,,,0.177,UP,0
43400,,,,,,,,,,0.18,UP,0
43433,,,,,,,,,,0.184,UP,0
43466,,,,,,,,,,0.191,UP,0
43500,,,,,,,,,,0.193,UP,0
43533,,,,,,,,,,0.195,UP,0
43566,,,,,,,,,,0.2,UP,0
43600,,,,,,,,,,0.205,UP,0
43633,,,,,,,,,,0.211,UP,0
43666,,,,,,,,,,0.224,UP,0
43700,,,,,,,,,,0.234,UP,0
43733,,,,,,,,,,0.242,UP,0
43766,,,,,,,,,,0.246,UP,0
43800,,,,,,,,,,0.245,UP,0
43833,,,,,,,,,,0.235,UP,0
43866,,,,,,,,,,0.225,UP,0
43900,,,,,,,,,,0.214,UP,0
43933,,,,,,,,,,0.203,UP,0
43966,,,,,,,,,,0.197,UP,0
44000,,,,,,,,,,0.196,UP,0
44033,,,,,,,,,,0.196,UP,0
44066,,,,,,,,,,0.201,UP,0
44100,,,,,,,,,,0.212,UP,0
44133,,,,,,,,,,0.223,UP,0
44166,,,,,,,,,,0.236,UP,0
44200,,,,,,,,,,0.195,UP,0
44233,,,,,,,,,,0.152,UP,0
44266,,,,,,,,,,0.104,UP,0
44300,,,,,,,,,,0.054,UP,0
44333,,,,,,,,,,0.0,UP,0
44366,,,,,,,,,,0.0,UP,0
44400,,,,,,,,,,0.0,UP,0
44433,,,,,,,,,,0.0,UP,0
44466,,,,,,,,,,0.0,UP,0
44500,,,,,,,,,,0.057,UP,0
44533,,,,,,,,,,0.119,UP,0
44566,,,,,,,,,,0.182,UP,0
44600,,,,,,,,,,0.247,UP,0
44633,,,,,,,,,,0.314,UP,0
44666,,,,,,,,,,0.321,UP,0
44700,,,,,,,,,,0.322,UP,0
44733,,,,,,,,,,0.327,UP,0
44766,,,,,,,,,,0.329,UP,0
44800,,,,,,,,,,0.262,UP,0
44833,,,,,,,,,,0.199,UP,0
44866,,,,,,,,,,0.204,UP,0
44900,,,,,,,,,,0.203,UP,0
44933,,,,,,,,,,0.206,UP,0
44966,,,,,,,,,,0.277,UP,0
45000,,,,,,,,,,0.349,UP,0
45033,,,,,,,,,,0.279,UP,0
45066,,,,,,,,,,0.285,UP,0
45100,,,,,,,,,,0.291,UP,0
45133,,,,,,,,,,0.296,UP,0
45166,,,,,,,,,,0.225,UP,0
45200,,,,,,,,,,0.225,UP,0
45233,,,,,,,,,,0.234,UP,0
45266,,,,,,,,,,0.248,UP,0
45300,,,,,,,,,,0.27,UP,0
45333,,,,,,,,,,0.373,UP,0
45366,,,,,,,,,,0.483,UP,0
45400,178.6,168.5,173.6,175.2,175.5,167.1,171.3,169.9,7.3,0.513,UP,0
45433,179.7,167.6,173.6,174.9,179.6,169.1,174.4,171.7,4.2,0.542,UP,0
45466,176.5,179.8,178.1,175.9,172.2,171.3,171.7,172.6,0.9,0.565,UP,0
45500,170.0,177.4,173.7,175.0,174.3,179.2,176.7,173.2,1.5,0.586,UP,0
45533,172.2,176.1,174.2,174.6,172.2,177.5,174.8,173.8,1.6,0.6,UP,0
45566,176.6,173.9,175.2,175.0,169.1,171.7,170.4,173.6,0.7,0.613,UP,0
45600,170.9,168.3,169.6,174.2,169.3,178.3,173.8,173.5,1.4,0.622,UP,0
45633,177.8,176.5,177.1,174.0,176.4,171.2,173.8,173.9,2.7,0.626,UP,0
45666,173.7,171.9,172.8,173.8,177.0,170.3,173.7,173.3,2.1,0.634,UP,0
45700,179.0,173.7,176.3,174.2,178.1,178.3,178.2,174.0,1.4,0.642,UP,0
45733,177.6,170.9,174.2,174.0,177.2,170.5,173.9,174.7,0.2,0.652,UP,0
45766,175.1,171.8,173.5,174.8,172.8,171.5,172.2,174.3,1.0,0.66,UP,0
45800,176.3,176.6,176.4,174.7,175.1,174.8,174.9,174.6,1.4,0.663,UP,0
45833,175.5,176.4,176.0,175.3,176.0,173.1,174.6,174.7,1.9,0.661,UP,0
45866,178.3,179.8,179.0,175.8,173.6,175.6,174.6,174.0,1.6,0.654,UP,0
45900,,,,,,,,,,0.52,UP,0
45933,172.9,174.5,173.7,175.7,176.3,175.7,176.0,174.4,1.8,0.51,UP,0
45966,177.0,176.4,176.7,176.4,176.5,176.9,176.7,175.4,0.7,0.504,UP,0
46000,,,,,,,,,,0.496,UP,0
46033,,,,,,,,,,0.485,UP,0
46066,178.2,176.7,177.4,176.6,177.5,175.9,176.7,175.7,1.5,0.597,UP,0
46100,177.4,178.4,177.9,177.0,176.1,174.8,175.5,175.9,1.8,0.586,UP,0
46133,177.8,177.5,177.6,176.7,175.0,175.0,175.0,176.0,2.0,0.573,UP,0
46166,176.1,174.6,175.3,177.0,174.9,173.5,174.2,175.6,2.4,0.565,UP,0
46200,174.8,177.6,176.2,176.9,178.4,173.5,176.0,175.5,1.7,0.557,UP,0
46233,178.2,178.1,178.1,177.0,174.9,173.8,174.4,175.0,2.5,0.554,UP,0
46266,179.4,175.4,177.4,176.9,172.9,173.1,173.0,174.5,2.9,0.545,UP,0
46300,178.5,179.0,178.8,177.2,173.9,175.1,174.5,174.4,3.1,0.537,UP,0
46333,176.3,179.8,178.1,177.7,173.5,171.3,172.4,174.0,2.4,0.526,UP,0
46366,176.8,178.5,177.6,178.0,172.4,170.1,171.3,173.1,2.6,0.522,UP,0
46400,176.9,178.4,177.6,177.9,172.3,169.4,170.9,172.4,2.4,0.519,UP,0
46433,177.4,176.4,176.9,177.8,172.0,169.3,170.6,171.9,2.6,0.523,UP,0
46466,176.9,178.3,177.6,177.6,176.0,173.0,174.5,171.9,1.8,0.524,UP,0
46500,175.3,175.4,175.4,177.0,179.0,174.6,176.8,172.8,2.1,0.525,UP,0
46533,177.3,170.9,174.1,176.3,178.2,168.0,173.1,173.2,0.2,0.521,UP,0
46566,,,,,,,,,,0.415,UP,0
46600,,,,,,,,,,0.307,UP,0
46633,,,,,,,,,,0.306,UP,0
46666,,,,,,,,,,0.311,UP,0
46700,,,,,,,,,,0.324,UP,0
46733,,,,,,,,,,0.44,UP,0
46766,173.1,178.5,175.8,176.0,170.5,169.0,169.7,173.0,3.9,0.56,UP,0
46800,177.8,174.4,176.1,175.8,172.8,166.6,169.7,172.8,4.1,0.577,UP,0
46833,172.6,169.6,171.1,174.5,175.0,174.1,174.6,172.8,4.2,0.591,UP,0
46866,173.4,178.4,175.9,174.6,174.1,164.3,169.2,171.3,5.0,0.606,UP,0
46900,171.6,176.3,173.9,174.6,172.8,166.4,169.6,170.6,4.3,0.618,UP,0
46933,172.0,176.2,174.1,174.2,173.1,168.8,170.9,170.8,3.1,0.625,UP,0
46966,170.2,178.2,174.2,173.9,169.1,168.8,168.9,170.6,1.4,0.634,UP,0
47000,,,,,,,,,,0.512,UP,0
47033,,,,,,,,,,0.384,UP,0
47066,,,,,,,,,,0.256,UP,0
47100,,,,,,,,,,0.129,UP,0
47133,,,,,,,,,,0.0,UP,0
47166,,,,,,,,,,0.0,UP,0
47200,,,,,,,,,,0.131,UP,0
47233,,,,,,,,,,0.255,UP,0
47266,,,,,,,,,,0.378,UP,0
47300,,,,,,,,,,0.498,UP,0
47333,176.8,174.8,175.8,174.8,177.8,178.4,178.1,171.3,3.0,0.617,UP,0
47366,179.4,176.7,178.0,175.2,168.5,173.2,170.9,171.7,0.6,0.605,UP,0
47400,177.9,174.8,176.3,175.7,164.8,171.0,167.9,171.3,0.1,0.599,UP,0
47433,177.8,173.4,175.6,176.0,165.6,171.1,168.3,170.8,0.2,0.595,UP,0
47466,179.0,172.0,175.5,176.3,166.2,170.2,168.2,170.7,0.1,0.595,UP,0
47500,177.5,172.5,175.0,176.1,167.3,170.3,168.8,168.8,0.6,0.601,UP,0
47533,176.7,173.1,174.9,175.5,168.9,170.4,169.6,168.6,0.7,0.606,UP,0
47566,177.7,179.5,178.6,175.9,174.2,172.8,173.5,169.7,1.7,0.61,UP,0
47600,179.1,179.7,179.4,176.7,172.7,171.1,171.9,170.4,1.5,0.613,UP,0
47633,178.8,178.0,178.4,177.2,170.9,168.5,169.7,170.7,1.9,0.616,UP,0
47666,178.7,177.9,178.3,177.9,179.0,179.1,179.0,172.7,2.1,0.618,UP,0
47700,174.0,179.9,176.9,178.3,166.3,178.9,172.6,173.3,2.8,0.627,UP,0
47733,179.7,177.8,178.7,178.3,169.5,178.0,173.8,173.4,2.9,0.631,UP,0
47766,178.8,179.8,179.3,178.3,170.5,175.3,172.9,173.6,1.8,0.641,UP,0
47800,178.1,178.2,178.1,178.3,169.5,172.9,171.2,173.9,1.4,0.652,UP,0
47833,177.7,176.5,177.1,178.0,176.6,167.9,172.2,172.5,1.5,0.663,UP,0
47866,171.5,176.8,174.2,177.5,175.2,176.2,175.7,173.2,0.4,0.667,UP,0
47900,170.9,179.4,175.1,176.8,175.5,176.1,175.8,173.6,0.8,0.676,UP,0
47933,169.7,178.5,174.1,175.7,174.6,177.4,176.0,174.2,1.4,0.68,UP,0
47966,178.7,170.7,174.7,175.0,171.3,164.2,167.8,173.5,0.8,0.682,UP,0
48000,179.4,168.5,174.0,174.4,168.5,161.3,164.9,172.0,1.4,0.684,UP,0
48033,178.7,170.4,174.6,174.5,171.3,163.7,167.5,170.4,0.7,0.687,UP,0
48066,177.5,172.9,175.2,174.5,172.0,165.1,168.5,168.9,0.3,0.695,UP,0
48100,176.1,173.8,175.0,174.7,173.3,164.3,168.8,167.5,0.3,0.702,UP,0
48133,176.2,173.4,174.8,174.7,172.4,165.0,168.7,167.7,0.0,0.706,UP,0
48166,176.5,174.2,175.3,175.0,171.7,165.8,168.7,168.5,0.2,0.711,UP,0
48200,177.6,174.5,176.0,175.3,171.7,168.2,170.0,169.0,0.6,0.719,UP,0
48233,179.4,175.6,177.5,175.7,172.3,169.2,170.7,169.4,0.7,0.72,UP,0
48266,179.4,175.1,177.2,176.2,172.0,169.1,170.6,169.7,0.7,0.725,UP,0
48300,177.0,176.3,176.7,176.5,171.8,169.3,170.5,170.1,0.8,0.734,UP,0
48333,176.7,177.3,177.0,176.9,171.7,169.3,170.5,170.5,1.0,0.742,UP,0
48366,176.5,177.6,177.0,177.1,171.9,168.6,170.2,170.5,0.8,0.748,UP,0
48400,177.2,176.7,176.9,177.0,172.0,168.1,170.1,170.4,0.7,0.756,UP,0
48433,177.3,178.6,178.0,177.1,172.2,167.4,169.8,170.2,0.5,0.759,UP,0
48466,177.5,176.5,177.0,177.2,171.2,167.4,169.3,170.0,0.6,0.761,UP,0
48500,178.4,176.2,177.3,177.2,171.4,167.2,169.3,169.7,0.5,0.762,UP,0
48533,179.3,173.9,176.6,177.2,170.4,167.1,168.7,169.4,0.8,0.761,UP,0
48566,179.2,174.2,176.7,177.1,170.2,168.1,169.1,169.3,0.9,0.763,UP,0
48600,179.6,174.7,177.2,177.0,169.7,168.9,169.3,169.2,1.0,0.768,UP,0
48633,179.3,174.7,177.0,177.0,169.6,168.9,169.3,169.2,1.1,0.772,UP,0
48666,179.7,174.9,177.3,177.0,169.4,169.0,169.2,169.1,1.1,0.776,UP,0
48700,180.0,175.1,177.5,177.1,169.4,169.1,169.2,169.2,1.1,0.781,UP,0
48733,179.9,174.4,177.1,177.2,169.5,168.8,169.2,169.2,1.0,0.786,UP,0
48766,178.4,174.5,176.4,177.1,169.5,169.1,169.3,169.2,0.9,0.789,UP,0
48800,179.3,174.4,176.9,177.1,168.7,169.0,168.8,169.1,0.9,0.791,UP,0
48833,179.3,174.5,176.9,177.0,168.6,169.1,168.9,169.1,1.0,0.794,UP,0
48866,179.7,175.6,177.6,177.0,168.3,169.2,168.7,169.0,1.1,0.796,UP,0
48900,179.5,175.0,177.3,177.0,168.4,168.9,168.6,168.9,1.0,0.797,UP,0
48933,179.9,174.6,177.3,177.2,168.0,168.8,168.4,168.7,1.0,0.801,UP,0
48966,179.5,174.4,176.9,177.2,168.2,168.9,168.5,168.6,1.1,0.804,UP,0
49000,179.6,175.0,177.3,177.3,168.3,168.7,168.5,168.6,1.0,0.81,UP,0
49033,178.6,173.8,176.2,177.0,169.6,167.1,168.4,168.5,0.4,0.816,UP,0
49066,178.3,174.1,176.2,176.8,170.6,167.1,168.9,168.5,0.5,0.817,UP,0
49100,179.5,175.5,177.5,176.8,171.1,167.3,169.2,168.7,0.6,0.818,UP,0
49133,179.9,175.5,177.7,177.0,171.2,167.6,169.4,168.9,0.7,0.818,UP,0
49166,178.3,174.2,176.2,176.8,173.3,166.2,169.7,169.1,0.2,0.819,UP,0
49200,178.2,174.0,176.1,176.7,173.3,166.7,170.0,169.4,0.1,0.82,UP,0
49233,178.6,174.8,176.7,176.8,173.1,167.1,170.1,169.7,0.3,0.821,UP,0
49266,178.8,175.1,177.0,176.7,172.0,167.0,169.5,169.7,0.1,0.818,UP,0
49300,176.2,176.2,176.2,176.4,172.2,165.5,168.9,169.6,0.2,0.812,UP,0
49333,176.0,173.1,174.6,176.1,171.8,165.4,168.6,169.4,0.2,0.801,UP,0
49366,178.6,171.9,175.3,175.9,171.2,163.1,167.2,168.8,0.0,0.792,UP,0
49400,178.9,177.7,178.3,176.3,173.5,163.8,168.6,168.6,1.8,0.783,UP,0
49433,179.3,175.2,177.3,176.3,173.5,159.1,166.3,167.9,1.8,0.775,UP,0
49466,175.8,175.2,175.5,176.2,178.3,159.4,168.9,167.9,2.7,0.766,UP,0
49500,176.4,175.8,176.1,176.5,178.8,159.2,169.0,168.0,2.9,0.76,UP,0
49533,175.5,177.3,176.4,176.7,175.5,157.7,166.6,167.9,1.7,0.746,UP,0
49566,177.5,176.9,177.2,176.5,173.7,156.1,164.9,167.2,1.4,0.736,UP,0
49600,178.4,176.3,177.3,176.5,176.6,158.5,167.5,167.4,3.1,0.725,UP,0
49633,168.7,172.6,170.6,175.5,169.6,176.9,173.2,168.3,0.8,0.712,UP,0
49666,174.8,172.2,173.5,175.0,169.9,166.1,168.0,168.1,0.3,0.702,UP,0
49700,175.4,172.4,173.9,174.5,165.8,167.3,166.5,168.0,1.2,0.699,UP,0
49733,176.7,178.5,177.6,174.6,164.7,166.2,165.5,168.2,1.1,0.699,UP,0
49766,176.1,176.9,176.5,174.4,176.2,178.7,177.4,170.1,0.0,0.703,UP,0
49800,177.7,178.7,178.2,175.9,173.2,171.1,172.1,169.9,2.1,0.713,UP,0
49833,179.9,175.1,177.5,176.7,173.0,166.5,169.8,170.3,3.3,0.725,UP,0
49866,178.9,174.0,176.5,177.2,171.3,166.1,168.7,170.7,3.0,0.737,UP,0
49900,178.4,173.9,176.1,177.0,171.0,165.5,168.3,171.3,3.0,0.746,UP,0
49933,179.5,175.8,177.6,177.2,170.0,164.9,167.5,169.3,3.1,0.758,UP,0
49966,179.4,179.1,179.3,177.4,169.4,165.8,167.6,168.4,2.9,0.769,UP,0
50000,178.3,178.4,178.4,177.6,169.9,165.3,167.6,167.9,3.3,0.78,UP,0
50033,176.4,175.3,175.9,177.5,168.1,166.5,167.3,167.6,4.8,0.786,UP,0
50066,177.2,170.7,173.9,177.0,172.3,169.0,170.7,168.1,6.3,0.794,UP,0
50100,177.1,173.9,175.5,176.6,167.6,165.7,166.6,168.0,5.3,0.802,UP,0
50133,179.1,177.7,178.4,176.4,167.3,165.9,166.6,167.8,4.8,0.808,UP,0
50166,179.6,177.3,178.4,176.4,166.9,165.3,166.1,167.5,4.6,0.814,UP,0
50200,179.0,177.2,178.1,176.9,167.7,165.4,166.6,167.3,4.5,0.822,UP,0
50233,175.5,178.5,177.0,177.5,174.2,179.3,176.7,168.5,5.4,0.825,UP,0
50266,176.5,178.1,177.3,177.8,170.1,168.7,169.4,169.1,3.7,0.827,UP,0
50300,179.5,175.4,177.5,177.7,165.0,164.7,164.8,168.7,2.7,0.828,UP,0
50333,176.2,177.1,176.7,177.3,169.5,165.1,167.3,169.0,2.9,0.827,UP,0
50366,176.7,177.6,177.1,177.1,169.8,164.2,167.0,169.0,3.3,0.829,UP,0
50400,178.6,177.6,178.1,177.3,169.3,164.0,166.6,167.0,3.2,0.835,UP,0
50433,179.3,176.5,177.9,177.5,169.5,163.6,166.5,166.5,3.2,0.841,UP,0
50466,179.8,176.1,177.9,177.6,169.2,163.5,166.3,166.8,3.5,0.849,UP,0
50500,179.6,174.9,177.3,177.7,169.6,163.3,166.5,166.6,3.7,0.857,UP,0
50533,179.2,175.3,177.2,177.7,169.8,163.0,166.4,166.5,3.7,0.865,UP,0
50566,178.5,173.1,175.8,177.2,169.5,164.4,167.0,166.5,3.1,0.871,UP,0
50600,179.3,174.9,177.1,177.1,169.9,164.7,167.3,166.7,2.9,0.876,UP,0
50633,180.0,175.3,177.6,177.0,170.7,164.9,167.8,167.0,2.8,0.881,UP,0
50666,178.8,175.1,176.9,176.9,171.3,164.5,167.9,167.3,2.5,0.885,UP,0
50700,179.2,174.9,177.1,176.9,170.9,164.6,167.8,167.5,2.4,0.89,UP,0
50733,179.3,175.0,177.1,177.2,171.0,164.4,167.7,167.7,2.5,0.894,UP,0
50766,179.4,174.7,177.1,177.2,170.7,163.3,167.0,167.6,2.5,0.898,UP,0
50800,179.9,175.1,177.5,177.1,170.3,163.7,167.0,167.5,2.2,0.902,UP,0
50833,179.7,175.6,177.7,177.3,170.1,164.3,167.2,167.3,2.2,0.906,UP,0
50866,179.8,175.1,177.4,177.4,170.2,164.4,167.3,167.2,2.3,0.909,UP,0
50900,178.8,175.0,176.9,177.3,170.2,164.4,167.3,167.2,2.2,0.911,UP,0
50933,179.4,175.3,177.3,177.4,170.1,164.7,167.4,167.2,2.1,0.914,UP,0
50966,180.0,175.6,177.8,177.4,169.9,165.2,167.6,167.4,1.9,0.917,UP,0
51000,180.0,174.8,177.4,177.4,169.9,165.5,167.7,167.4,1.7,0.919,UP,0
51033,179.3,175.0,177.1,177.3,170.2,165.9,168.1,167.6,1.6,0.921,UP,0
51066,179.3,175.8,177.6,177.4,169.5,166.3,167.9,167.7,1.3,0.924,UP,0
51100,178.4,177.2,177.8,177.5,169.7,166.3,168.0,167.8,1.3,0.926,UP,0
51133,178.2,177.2,177.7,177.5,169.8,166.4,168.1,168.0,1.3,0.927,UP,0
51166,177.4,177.0,177.2,177.5,170.2,165.9,168.1,168.0,1.4,0.928,UP,0
51200,177.1,176.5,176.8,177.4,170.4,165.2,167.8,168.0,1.5,0.93,UP,0
51233,176.9,175.9,176.4,177.2,170.4,164.7,167.6,167.9,1.7,0.931,UP,0
51266,177.1,177.0,177.0,177.0,170.5,165.2,167.8,167.9,1.8,0.932,UP,0
51300,177.4,176.5,176.9,176.9,170.4,164.6,167.5,167.7,2.2,0.933,UP,0
51333,177.8,175.6,176.7,176.8,170.2,164.1,167.1,167.6,2.3,0.934,UP,0
51366,179.3,176.2,177.7,177.0,169.6,163.2,166.4,167.3,2.9,0.934,UP,0
51400,179.8,171.1,175.5,176.8,168.4,163.2,165.8,166.9,2.6,0.933,UP,0
51433,175.8,172.5,174.2,176.2,164.8,162.7,163.8,166.1,2.8,0.932,UP,0
51466,173.4,175.8,174.6,175.7,162.5,163.1,162.8,165.2,2.8,0.931,UP,0
51500,174.4,175.7,175.0,175.4,162.1,163.0,162.6,164.3,2.5,0.931,UP,0
51533,175.4,174.8,175.1,174.9,162.9,163.0,163.0,163.6,2.5,0.931,UP,0
51566,177.1,174.4,175.7,174.9,163.9,162.9,163.4,163.1,2.5,0.931,UP,0
51600,178.8,176.5,177.6,175.6,166.7,162.8,164.8,163.3,3.1,0.931,UP,0
51633,179.6,175.8,177.7,176.2,168.0,162.6,165.3,163.8,3.0,0.93,UP,0
51666,179.9,174.8,177.4,176.7,167.3,161.6,164.5,164.2,2.7,0.927,UP,0
51700,178.0,177.0,177.5,177.2,169.4,162.4,165.9,164.8,2.8,0.925,UP,0
51733,177.8,177.2,177.5,177.5,169.6,161.8,165.7,165.2,2.8,0.923,UP,0
51766,176.0,175.7,175.9,177.2,170.4,162.3,166.4,165.5,2.6,0.921,UP,0
51800,174.9,175.6,175.3,176.7,171.3,162.1,166.7,165.8,2.7,0.919,UP,0
51833,175.7,175.5,175.6,176.3,171.2,162.1,166.7,166.3,2.7,0.916,UP,0
51866,176.0,177.1,176.5,176.2,171.1,162.1,166.6,166.4,2.6,0.911,UP,0
51900,176.9,177.5,177.2,176.1,170.7,160.4,165.5,166.4,2.7,0.906,UP,0
51933,176.5,175.8,176.1,176.1,171.4,160.2,165.8,166.3,3.0,0.9,UP,0
51966,178.4,174.1,176.2,176.3,171.4,159.8,165.6,166.1,3.1,0.895,UP,0
52000,179.0,172.9,175.9,176.4,171.2,159.9,165.5,165.8,3.1,0.892,UP,0
52033,179.4,172.7,176.1,176.3,170.8,159.9,165.3,165.6,2.9,0.892,UP,0
52066,179.7,172.2,175.9,176.1,170.5,159.4,164.9,165.4,2.8,0.893,UP,0
52100,179.9,172.1,176.0,176.0,170.4,159.5,165.0,165.3,2.7,0.896,UP,0
52133,179.9,172.5,176.2,176.0,170.2,160.0,165.1,165.2,2.6,0.898,UP,0
52166,179.9,174.7,177.3,176.3,170.1,161.7,165.9,165.3,2.3,0.901,UP,0
52200,178.0,175.8,176.9,176.4,170.7,162.5,166.6,165.5,2.1,0.903,UP,0
52233,177.4,176.8,177.1,176.7,170.8,163.6,167.2,166.0,1.8,0.904,UP,0
52266,177.9,177.8,177.8,177.0,170.8,164.0,167.4,166.4,1.8,0.904,UP,0
52300,177.9,177.7,177.8,177.4,170.7,164.0,167.3,166.9,1.7,0.904,UP,0
52333,177.2,178.3,177.8,177.5,170.8,164.0,167.4,167.2,1.7,0.904,UP,0
52366,177.1,178.6,177.9,177.7,170.6,164.5,167.5,167.4,1.6,0.905,UP,0
52400,176.9,179.9,178.4,177.9,170.3,164.0,167.2,167.3,1.5,0.906,UP,0
52433,177.0,179.1,178.0,178.0,170.2,164.1,167.1,167.3,1.5,0.906,UP,0
52466,177.0,177.9,177.4,177.9,170.1,163.6,166.9,167.2,1.4,0.906,UP,0
52500,177.1,177.8,177.4,177.8,170.0,163.4,166.7,167.1,1.5,0.905,UP,0
52533,177.2,177.7,177.4,177.7,170.0,163.0,166.5,166.9,1.6,0.905,UP,0
52566,177.6,177.6,177.6,177.6,169.5,163.0,166.2,166.7,1.5,0.906,UP,0
52600,177.6,177.5,177.5,177.5,169.8,162.9,166.3,166.5,1.6,0.909,UP,0
52633,177.7,177.1,177.4,177.5,170.1,162.5,166.3,166.4,1.8,0.91,UP,0
52666,178.9,177.3,178.1,177.6,170.5,162.2,166.3,166.3,2.1,0.911,UP,0
52700,179.9,177.0,178.4,177.8,170.0,161.7,165.9,166.2,2.2,0.912,UP,0
52733,179.5,176.8,178.1,177.9,169.7,161.2,165.4,166.1,2.5,0.912,UP,0
52766,178.6,176.7,177.6,177.9,169.4,161.3,165.3,165.9,2.5,0.911,UP,0
52800,177.8,176.5,177.1,177.9,169.5,160.9,165.2,165.6,2.8,0.911,UP,0
52833,177.2,172.5,174.8,177.2,168.9,159.8,164.4,165.2,2.7,0.91,UP,0
52866,175.3,171.4,173.3,176.2,167.6,159.1,163.3,164.7,2.8,0.909,UP,0
52900,174.0,162.6,168.3,174.2,166.6,157.3,162.0,164.0,3.1,0.908,UP,0
52933,171.3,161.8,166.6,172.0,165.0,156.9,161.0,163.2,3.0,0.905,UP,0
52966,165.8,150.5,158.1,168.2,161.5,162.2,161.9,162.5,2.8,0.9,UP,0
53000,167.1,154.9,161.0,165.5,162.9,160.6,161.7,162.0,3.2,0.895,UP,0
53033,165.5,155.6,160.5,162.9,162.2,159.6,160.9,161.5,3.3,0.887,UP,0
53066,164.5,154.0,159.3,161.1,161.9,158.1,160.0,161.1,3.4,0.879,UP,0
53100,165.8,155.3,160.6,159.9,160.8,160.2,160.5,161.0,3.1,0.872,UP,0
53133,160.6,150.9,155.7,159.4,157.9,159.0,158.4,160.3,2.9,0.863,UP,0
53166,159.3,149.4,154.4,158.1,157.5,157.8,157.7,159.5,2.9,0.853,UP,0
53200,156.6,139.4,148.0,155.6,156.3,155.9,156.1,158.6,2.9,0.844,UP,0
53233,154.9,136.8,145.9,152.9,155.8,155.8,155.8,157.7,3.0,0.831,DOWN,0
53266,153.9,127.6,140.8,148.9,155.8,153.8,154.8,156.6,2.9,0.815,DOWN,0
53300,153.6,112.1,132.8,144.4,153.9,146.7,150.3,154.9,2.9,0.799,DOWN,0
53333,151.2,101.5,126.3,138.8,152.6,147.6,150.1,153.4,2.9,0.777,DOWN,0
53366,151.6,111.7,131.7,135.5,150.9,146.1,148.5,151.9,3.0,0.756,DOWN,0
53400,149.0,120.7,134.8,133.3,149.8,144.5,147.1,150.2,2.8,0.737,DOWN,0
53433,151.7,143.1,147.4,134.6,148.5,144.1,146.3,148.5,2.4,0.721,DOWN,0
53466,152.8,171.7,162.2,140.5,147.7,163.9,155.8,149.6,2.2,0.703,DOWN,0
53500,142.1,173.4,157.8,146.8,148.5,161.6,155.1,150.6,2.0,0.689,DOWN,0
53533,119.9,76.0,98.0,140.0,142.9,143.4,143.2,149.5,1.7,0.671,DOWN,0
53566,64.9,30.4,47.6,122.6,136.9,121.0,128.9,145.9,1.6,0.654,DOWN,0
53600,76.0,50.2,63.1,105.7,130.8,124.3,127.5,142.1,1.6,0.633,DOWN,0
53633,88.1,145.8,117.0,96.7,123.5,135.0,129.3,136.8,1.5,0.621,DOWN,0
53666,64.8,124.6,94.7,84.1,114.7,131.2,122.9,130.4,1.5,0.609,DOWN,0
53700,50.0,74.6,62.3,76.9,102.6,111.1,106.8,123.1,0.6,0.602,DOWN,0
53733,34.5,78.5,56.5,78.7,97.4,112.5,104.9,118.3,0.8,0.597,DOWN,0
53766,35.0,47.1,41.1,74.3,96.6,100.8,98.7,112.5,0.9,0.592,BOTTOM,0
53800,33.1,56.7,44.9,59.9,91.5,113.4,102.5,107.2,1.2,0.578,BOTTOM,0
53833,39.9,98.3,69.1,54.8,88.4,139.6,114.0,105.4,1.2,0.561,BOTTOM,0
53866,38.9,96.2,67.6,55.8,84.4,138.4,111.4,106.3,0.9,0.54,BOTTOM,0
53900,40.1,47.2,43.6,53.2,79.1,97.7,88.4,103.0,0.9,0.514,BOTTOM,0
53933,,,,,,,,,,0.491,BOTTOM,0
53966,,,,,,,,,,0.471,BOTTOM,0
54000,,,,,,,,,,0.457,BOTTOM,0
54033,,,,,,,,,,0.452,BOTTOM,0
54066,,,,,,,,,,0.452,BOTTOM,0
54100,,,,,,,,,,0.451,BOTTOM,0
54133,,,,,,,,,,0.45,BOTTOM,0
54166,,,,,,,,,,0.445,BOTTOM,0
54200,,,,,,,,,,0.434,BOTTOM,0
54233,,,,,,,,,,0.419,BOTTOM,0
54266,,,,,,,,,,0.405,BOTTOM,0
54300,,,,,,,,,,0.389,BOTTOM,0
54333,,,,,,,,,,0.375,BOTTOM,0
54366,,,,,,,,,,0.36,BOTTOM,0
54400,,,,,,,,,,0.346,BOTTOM,0
54433,,,,,,,,,,0.332,BOTTOM,0
54466,,,,,,,,,,0.32,BOTTOM,0
54500,,,,,,,,,,0.309,BOTTOM,0
54533,,,,,,,,,,0.299,BOTTOM,0
54566,,,,,,,,,,0.292,BOTTOM,0
54600,,,,,,,,,,0.288,BOTTOM,0
54633,,,,,,,,,,0.285,BOTTOM,0
54666,,,,,,,,,,0.288,BOTTOM,0
54700,,,,,,,,,,0.299,BOTTOM,0
54733,,,,,,,,,,0.316,BOTTOM,0
54766,,,,,,,,,,0.333,BOTTOM,0
54800,,,,,,,,,,0.35,BOTTOM,0
54833,,,,,,,,,,0.365,BOTTOM,0
54866,,,,,,,,,,0.376,BOTTOM,0
54900,,,,,,,,,,0.381,BOTTOM,0
54933,,,,,,,,,,0.382,BOTTOM,0
54966,,,,,,,,,,0.382,BOTTOM,0
55000,,,,,,,,,,0.378,BOTTOM,0
55033,,,,,,,,,,0.373,BOTTOM,0
55066,,,,,,,,,,0.371,BOTTOM,0
55100,,,,,,,,,,0.374,BOTTOM,0
55133,,,,,,,,,,0.386,BOTTOM,0
55166,,,,,,,,,,0.406,BOTTOM,0
55200,,,,,,,,,,0.433,BOTTOM,0
55233,,,,,,,,,,0.467,BOTTOM,0
55266,177.0,170.2,173.6,79.8,168.6,173.5,171.1,117.5,0.9,0.502,BOTTOM,0
55300,167.8,176.8,172.3,105.2,169.8,169.3,169.6,130.9,0.3,0.532,BOTTOM,0
55333,175.2,176.7,175.9,126.6,166.4,168.1,167.3,141.5,0.5,0.561,BOTTOM,0
55366,178.6,173.2,175.9,148.3,164.4,167.6,166.0,152.5,0.7,0.585,BOTTOM,0
55400,178.8,177.2,178.0,175.1,164.9,165.6,165.3,167.8,0.7,0.605,BOTTOM,0
55433,179.3,175.4,177.3,175.9,165.2,167.3,166.3,166.9,0.9,0.622,DOWN,0
55466,177.3,179.1,178.2,177.1,165.2,166.3,165.7,166.1,1.4,0.637,DOWN,0
55500,177.7,178.2,177.9,177.5,166.1,165.4,165.8,165.8,1.7,0.653,DOWN,0
55533,178.0,177.7,177.9,177.9,166.6,166.2,166.4,165.9,1.2,0.667,DOWN,0
55566,179.3,175.7,177.5,177.8,167.5,165.6,166.6,166.2,1.2,0.68,DOWN,0
55600,179.1,177.5,178.3,178.0,168.5,165.7,167.1,166.3,1.3,0.696,UP,1
55633,176.6,179.4,178.0,177.9,169.9,164.1,167.0,166.6,1.2,0.713,UP,1
55666,178.0,178.4,178.2,178.0,170.3,164.0,167.1,166.8,1.4,0.724,UP,1
55700,178.3,177.7,178.0,178.0,169.7,163.5,166.6,166.9,1.2,0.734,UP,1
55733,178.6,175.1,176.8,177.9,168.9,163.6,166.3,166.8,1.3,0.742,UP,1
55766,176.6,174.7,175.6,177.3,171.1,170.2,170.7,167.5,0.7,0.75,UP,1
55800,178.2,177.0,177.6,177.2,170.3,168.1,169.2,168.0,0.9,0.758,UP,1
55833,178.0,175.1,176.5,176.9,168.9,167.3,168.1,168.2,0.8,0.767,UP,1
55866,178.3,179.6,178.9,177.1,172.6,166.9,169.8,168.8,2.0,0.777,UP,1
55900,177.9,179.2,178.6,177.5,172.4,165.7,169.1,169.4,2.0,0.785,UP,1
55933,177.9,177.7,177.8,177.9,172.3,165.9,169.1,169.1,1.8,0.789,UP,1
55966,177.5,178.2,177.9,177.9,173.1,165.7,169.4,169.1,2.1,0.792,UP,1
56000,178.2,178.7,178.5,178.3,170.4,164.4,167.4,169.0,1.9,0.793,UP,1
56033,179.5,176.8,178.1,178.2,170.3,165.1,167.7,168.6,1.8,0.793,UP,1
56066,179.5,177.2,178.3,178.1,170.2,164.5,167.4,168.2,2.0,0.794,UP,1
56100,179.4,179.8,179.6,178.5,170.4,164.4,167.4,167.9,1.9,0.799,UP,1
56133,179.7,179.9,179.8,178.9,170.7,164.5,167.6,167.5,1.9,0.805,UP,1
56166,179.6,179.6,179.6,179.1,170.8,164.5,167.6,167.5,1.9,0.81,UP,1
56200,179.8,179.4,179.6,179.4,170.8,164.6,167.7,167.5,1.8,0.817,UP,1
56233,179.7,179.7,179.7,179.7,170.9,164.9,167.9,167.6,1.8,0.821,UP,1
56266,179.5,179.9,179.7,179.7,170.8,165.1,167.9,167.8,1.7,0.823,UP,1
56300,179.5,179.2,179.3,179.6,170.9,165.2,168.1,167.8,1.7,0.825,UP,1
56333,179.4,179.4,179.4,179.6,170.9,165.3,168.1,167.9,1.7,0.828,UP,1
56366,179.4,179.3,179.4,179.5,170.8,165.5,168.1,168.0,1.6,0.83,UP,1
56400,179.5,180.0,179.7,179.5,170.8,165.6,168.2,168.1,1.6,0.833,UP,1
56433,179.6,179.9,179.8,179.5,170.9,165.6,168.3,168.1,1.6,0.837,UP,1
56466,180.0,179.7,179.8,179.6,170.9,165.7,168.3,168.2,1.6,0.841,UP,1
56500,179.9,179.4,179.6,179.7,170.9,165.6,168.3,168.2,1.6,0.844,UP,1
56533,180.0,177.5,178.7,179.5,171.3,165.6,168.4,168.3,1.7,0.845,UP,1
56566,179.6,177.1,178.3,179.3,171.3,166.2,168.8,168.4,1.5,0.846,UP,1
56600,179.6,179.1,179.4,179.2,171.2,166.3,168.7,168.5,1.5,0.847,UP,1
56633,179.6,180.0,179.8,179.2,171.2,166.1,168.6,168.6,1.5,0.848,UP,1
56666,179.9,179.9,179.9,179.2,171.0,166.0,168.5,168.6,1.6,0.849,UP,1
56700,179.9,178.8,179.3,179.3,170.9,165.1,168.0,168.5,1.7,0.852,UP,1
56733,179.7,178.9,179.3,179.5,170.4,165.0,167.7,168.3,1.6,0.855,UP,1
56766,179.9,177.9,178.9,179.4,168.5,165.4,167.0,168.0,1.3,0.856,UP,1
56800,178.9,178.0,178.5,179.2,167.2,165.3,166.2,167.5,1.0,0.858,UP,1
56833,178.8,177.2,178.0,178.8,168.0,164.4,166.2,167.0,1.4,0.859,UP,1
56866,177.6,175.4,176.5,178.2,167.7,163.1,165.4,166.5,1.6,0.861,UP,1
56900,179.1,177.6,178.4,178.0,166.5,169.3,167.9,166.6,0.6,0.863,UP,1
56933,177.7,177.5,177.6,177.8,165.4,168.5,166.9,166.6,0.6,0.864,UP,1
56966,176.9,174.1,175.5,177.2,166.0,163.9,164.9,166.3,0.9,0.865,UP,1
57000,176.8,172.9,174.9,176.6,166.7,162.8,164.7,166.0,1.4,0.861,UP,1
57033,173.0,178.3,175.6,176.4,171.8,171.0,171.4,167.2,1.7,0.857,UP,1
57066,177.8,179.7,178.8,176.5,166.3,169.9,168.1,167.2,2.7,0.849,UP,1
57100,159.5,176.9,168.2,174.6,159.4,173.1,166.3,167.1,0.5,0.843,UP,1
57133,161.6,157.6,159.6,171.4,161.2,155.6,158.4,165.8,2.8,0.837,UP,1
57166,164.7,159.7,162.2,168.9,160.4,163.8,162.1,165.3,2.6,0.833,UP,1
57200,169.0,164.6,166.8,167.1,160.5,170.6,165.6,164.1,1.6,0.827,UP,1
57233,164.5,148.7,156.6,162.7,157.9,156.2,157.0,161.9,1.6,0.822,UP,1
57266,160.6,151.1,155.8,160.2,157.6,154.7,156.1,159.8,1.7,0.815,UP,1
57300,159.5,152.1,155.8,159.5,155.8,159.8,157.8,159.7,2.1,0.808,UP,1
57333,152.7,148.9,150.8,157.2,154.1,154.0,154.0,158.1,2.2,0.802,UP,1
57366,155.8,143.3,149.6,153.7,154.3,154.4,154.4,155.9,2.2,0.797,UP,1
57400,141.4,122.5,131.9,148.8,152.6,154.1,153.3,155.1,2.3,0.79,UP,1
57433,149.6,171.5,160.6,149.7,153.5,168.8,161.2,156.1,3.2,0.78,DOWN,1
57466,141.0,143.0,142.0,147.0,149.7,177.1,163.4,157.3,3.4,0.77,DOWN,1
57500,115.3,109.3,112.3,139.3,144.2,158.9,151.5,156.8,2.4,0.757,DOWN,1
57533,89.1,168.3,128.7,135.1,129.2,153.2,141.2,154.1,1.2,0.738,DOWN,1
57566,74.1,127.9,101.0,128.9,114.9,140.1,127.5,149.0,0.5,0.717,DOWN,1
57600,57.3,90.8,74.0,111.6,100.4,106.1,103.2,137.4,0.3,0.696,DOWN,1
57633,36.6,46.4,41.5,91.5,96.2,84.9,90.5,122.8,0.4,0.677,DOWN,1
57666,30.7,43.5,37.1,76.5,89.4,83.0,86.2,109.7,0.1,0.655,DOWN,1
57700,27.9,44.0,35.9,57.9,84.8,93.8,89.3,99.4,0.1,0.633,DOWN,1
57733,21.2,44.7,33.0,44.3,78.6,97.1,87.8,91.4,0.2,0.613,DOWN,1
57766,18.0,37.9,28.0,35.1,79.6,95.8,87.7,88.3,0.8,0.591,BOTTOM,1
57800,22.1,34.2,28.1,32.4,88.6,99.4,94.0,89.0,0.9,0.566,BOTTOM,1
57833,22.3,33.3,27.8,30.6,88.2,96.6,92.4,90.2,0.6,0.546,BOTTOM,1
57866,20.0,20.1,20.0,27.4,74.5,84.9,79.7,88.3,0.4,0.53,BOTTOM,1
57900,12.8,16.2,14.5,23.7,62.8,65.2,64.0,83.5,0.3,0.522,BOTTOM,1
57933,8.1,10.2,9.2,19.9,57.2,61.9,59.6,77.9,0.3,0.519,BOTTOM,1
57966,6.1,17.7,11.9,16.7,56.6,60.0,58.3,70.8,0.5,0.52,BOTTOM,1
58000,4.1,38.2,21.1,15.3,52.1,51.8,51.9,62.7,0.6,0.527,BOTTOM,1
58033,9.0,32.8,20.9,15.5,44.3,44.3,44.3,55.6,0.3,0.536,BOTTOM,1
58066,9.0,12.4,10.7,14.8,42.5,33.3,37.9,50.4,0.4,0.534,BOTTOM,1
58100,5.5,8.1,6.8,14.3,43.5,44.2,43.9,47.3,0.3,0.535,BOTTOM,1
58133,2.7,2.2,2.5,12.4,42.1,30.5,36.3,42.9,0.3,0.531,BOTTOM,1
58166,1.4,3.6,2.5,8.7,40.6,30.8,35.7,39.6,0.4,0.522,BOTTOM,1
58200,0.1,14.5,7.3,5.9,32.5,4.1,18.3,34.4,0.8,0.504,BOTTOM,1
58233,,,,,,,,,,0.489,BOTTOM,1
58266,,,,,,,,,,0.473,BOTTOM,1
58300,,,,,,,,,,0.462,BOTTOM,1
58333,,,,,,,,,,0.452,BOTTOM,1
58366,,,,,,,,,,0.446,BOTTOM,1
58400,,,,,,,,,,0.442,BOTTOM,1
58433,,,,,,,,,,0.438,BOTTOM,1
58466,,,,,,,,,,0.429,BOTTOM,1
58500,,,,,,,,,,0.421,BOTTOM,1
58533,,,,,,,,,,0.416,BOTTOM,1
58566,,,,,,,,,,0.414,BOTTOM,1
58600,,,,,,,,,,0.418,BOTTOM,1
58633,,,,,,,,,,0.422,BOTTOM,1
58666,,,,,,,,,,0.426,BOTTOM,1
58700,,,,,,,,,,0.44,BOTTOM,1
58733,,,,,,,,,,0.45,BOTTOM,1
58766,,,,,,,,,,0.453,BOTTOM,1
58800,,,,,,,,,,0.46,BOTTOM,1
58833,,,,,,,,,,0.465,BOTTOM,1
58866,,,,,,,,,,0.461,BOTTOM,1
58900,,,,,,,,,,0.461,BOTTOM,1
58933,,,,,,,,,,0.462,BOTTOM,1
58966,,,,,,,,,,0.467,BOTTOM,1
59000,,,,,,,,,,0.477,BOTTOM,1
59033,,,,,,,,,,0.49,BOTTOM,1
59066,149.3,170.0,159.7,35.7,141.3,159.9,150.6,57.0,2.6,0.509,BOTTOM,1
59100,152.3,178.5,165.4,67.5,144.4,159.9,152.1,78.6,2.8,0.537,BOTTOM,1
59133,155.5,168.3,161.9,99.4,148.6,172.8,160.7,103.5,3.4,0.565,BOTTOM,1
59166,158.5,178.7,168.6,132.6,150.2,165.3,157.8,127.9,3.3,0.596,BOTTOM,1
59200,163.1,176.0,169.5,165.0,152.7,163.8,158.3,155.9,2.6,0.63,BOTTOM,1
59233,165.2,177.9,171.6,167.4,154.4,164.7,159.6,157.7,2.6,0.661,BOTTOM,1
59266,165.7,172.0,168.8,168.1,154.1,165.7,159.9,159.2,2.8,0.686,BOTTOM,1
59300,167.8,174.6,171.2,169.9,156.9,165.3,161.1,159.3,1.9,0.707,DOWN,1
59333,169.3,179.7,174.5,171.1,159.3,164.8,162.1,160.2,1.1,0.726,DOWN,1
59366,170.7,179.1,174.9,172.2,160.7,165.9,163.3,161.2,1.1,0.74,DOWN,1
59400,173.7,179.6,176.7,173.2,163.1,166.4,164.8,162.2,0.5,0.752,DOWN,1
59433,174.9,179.5,177.2,174.9,165.0,166.0,165.5,163.3,0.0,0.763,DOWN,1
59466,176.9,178.0,177.4,176.1,167.6,165.7,166.7,164.5,0.4,0.774,UP,2
59500,178.6,177.8,178.2,176.9,168.1,165.6,166.8,165.4,0.3,0.782,UP,2
59533,178.4,179.6,179.0,177.7,168.4,166.1,167.3,166.2,0.6,0.79,UP,2
59566,179.2,179.8,179.5,178.3,169.2,166.1,167.7,166.8,0.9,0.797,UP,2
59600,179.4,177.6,178.5,178.5,169.1,165.8,167.4,167.2,0.9,0.801,UP,2
59633,179.0,177.7,178.3,178.7,168.8,165.7,167.3,167.3,0.8,0.802,UP,2
59666,178.4,177.3,177.9,178.7,168.6,165.7,167.1,167.4,0.8,0.798,UP,2
59700,177.7,179.9,178.8,178.6,169.3,168.2,168.7,167.7,0.5,0.792,UP,2
59733,177.8,179.6,178.7,178.4,169.2,167.5,168.3,167.8,0.6,0.783,UP,2
59766,178.4,176.5,177.5,178.2,168.9,166.3,167.6,167.8,0.6,0.775,UP,2
59800,178.9,179.7,179.3,178.4,168.8,168.2,168.5,168.1,0.5,0.767,UP,2
59833,178.8,178.3,178.5,178.6,169.1,167.5,168.3,168.3,0.5,0.762,UP,2
59866,178.6,178.6,178.6,178.5,169.8,167.0,168.4,168.2,0.9,0.761,UP,2
59900,177.6,179.7,178.6,178.5,169.0,166.6,167.8,168.1,0.6,0.764,UP,2
59933,176.6,178.8,177.7,178.6,166.8,167.9,167.4,168.1,0.1,0.769,UP,2
59966,177.0,178.6,177.8,178.3,166.9,167.7,167.3,167.8,0.2,0.777,UP,2
60000,177.1,174.4,175.7,177.7,167.0,166.7,166.9,167.5,0.2,0.782,UP,2
60033,177.5,175.6,176.6,177.3,167.5,166.4,167.0,167.3,0.3,0.787,UP,2
60066,177.9,176.4,177.2,177.0,167.5,166.2,166.8,167.1,0.3,0.791,UP,2
60100,178.2,177.7,177.9,177.1,167.9,166.1,167.0,167.0,0.4,0.794,UP,2
60133,179.0,178.2,178.6,177.2,168.6,166.5,167.6,167.1,0.6,0.797,UP,2
60166,178.8,177.8,178.3,177.7,168.7,166.7,167.7,167.2,0.7,0.801,UP,2
60200,178.3,178.1,178.2,178.1,168.6,166.2,167.4,167.3,0.8,0.802,UP,2
60233,178.7,179.2,178.9,178.4,168.7,166.2,167.4,167.4,0.8,0.804,UP,2
60266,179.0,179.3,179.1,178.6,168.6,166.9,167.8,167.6,0.8,0.805,UP,2
60300,179.1,179.3,179.2,178.8,168.3,165.6,167.0,167.4,1.0,0.806,UP,2
60333,178.8,178.6,178.7,178.8,168.2,164.9,166.5,167.2,1.0,0.806,UP,2
60366,178.0,178.3,178.2,178.8,168.0,164.8,166.4,167.0,1.0,0.807,UP,2
60400,178.2,179.5,178.9,178.8,168.2,164.8,166.5,166.8,1.0,0.809,UP,2
60433,177.7,178.9,178.3,178.7,168.2,162.3,165.2,166.3,1.0,0.811,UP,2
60466,176.9,177.9,177.4,178.3,167.2,162.1,164.6,165.9,0.8,0.813,UP,2
60500,177.6,177.3,177.4,178.0,167.4,162.0,164.7,165.5,0.8,0.819,UP,2
60533,177.1,177.1,177.1,177.8,167.3,162.1,164.7,165.2,0.9,0.825,UP,2
60566,175.3,175.7,175.5,177.2,166.5,160.8,163.7,164.6,0.9,0.833,UP,2
60600,172.3,176.6,174.4,176.4,164.9,161.0,163.0,164.1,0.9,0.841,UP,2
60633,171.2,176.0,173.6,175.6,164.8,160.9,162.9,163.8,1.2,0.848,UP,2
60666,171.5,175.1,173.3,174.8,165.1,160.4,162.8,163.4,1.3,0.856,UP,2
60700,169.7,175.9,172.8,173.9,163.8,160.2,162.0,162.8,1.5,0.862,UP,2
60733,173.0,179.6,176.3,174.1,177.1,179.0,178.0,165.7,1.8,0.866,UP,2
60766,163.8,153.2,158.5,170.9,167.6,160.4,164.0,165.9,3.0,0.871,UP,2
60800,168.0,161.0,164.5,169.1,165.8,161.3,163.6,166.1,1.9,0.875,UP,2
60833,161.6,148.4,155.0,165.4,160.4,156.1,158.3,165.2,0.9,0.878,UP,2
60866,166.9,160.2,163.6,163.6,162.2,169.4,165.8,165.9,2.2,0.878,UP,2
60900,155.6,154.2,154.9,159.3,157.2,158.2,157.7,161.9,2.2,0.876,UP,2
60933,155.0,162.9,159.0,159.4,155.6,159.5,157.6,160.6,2.1,0.873,UP,2
60966,151.6,158.6,155.1,157.5,152.2,150.1,151.2,158.1,1.8,0.867,UP,2
61000,154.1,163.7,158.9,158.3,152.7,154.2,153.4,157.1,2.0,0.86,UP,2
61033,146.9,175.1,161.0,157.8,151.5,172.2,161.8,156.3,2.2,0.85,DOWN,2
61066,135.6,142.6,139.1,154.6,150.9,169.5,160.2,156.8,2.2,0.838,DOWN,2
61100,136.5,153.0,144.8,151.8,141.9,174.0,157.9,156.9,2.0,0.823,DOWN,2
61133,135.7,158.2,147.0,150.1,137.0,173.8,155.4,157.8,1.4,0.806,DOWN,2
61166,121.2,102.9,112.0,140.8,165.0,131.6,148.3,156.7,0.9,0.787,DOWN,2
61200,66.0,97.6,81.8,124.9,118.6,118.2,118.4,148.0,1.0,0.766,DOWN,2
61233,51.0,154.3,102.7,117.7,95.7,163.5,129.6,141.9,0.1,0.744,DOWN,2
61266,42.3,55.6,48.9,98.5,86.0,94.9,90.4,128.4,0.8,0.721,DOWN,2
61300,39.3,82.5,60.9,81.3,78.4,113.0,95.7,116.5,0.1,0.691,DOWN,2
61333,48.6,82.9,65.7,72.0,75.2,107.0,91.1,105.1,0.3,0.656,DOWN,2
61366,42.7,84.2,63.4,68.3,69.5,91.3,80.4,97.5,1.2,0.621,DOWN,2
61400,41.6,66.4,54.0,58.6,70.7,83.8,77.2,87.0,0.8,0.585,BOTTOM,2
61433,29.8,38.0,33.9,55.6,63.7,89.1,76.4,84.2,0.6,0.552,BOTTOM,2
61466,19.8,55.4,37.6,50.9,63.4,66.6,65.0,78.0,0.4,0.533,BOTTOM,2
61500,15.0,24.3,19.6,41.7,57.9,63.3,60.6,71.9,0.6,0.527,BOTTOM,2
61533,7.1,20.3,13.7,31.8,54.8,61.9,58.4,67.5,0.7,0.528,BOTTOM,2
61566,4.1,20.9,12.5,23.5,48.3,58.8,53.6,62.8,0.9,0.536,BOTTOM,2
61600,4.8,21.3,13.1,19.3,48.1,61.6,54.9,58.5,0.8,0.546,BOTTOM,2
61633,5.2,14.1,9.6,13.7,44.3,56.3,50.3,55.5,0.7,0.549,BOTTOM,2
61666,11.3,16.1,13.7,12.5,47.9,59.8,53.8,54.2,0.5,0.548,BOTTOM,2
61700,7.6,25.4,16.5,13.1,47.9,56.0,51.9,52.9,0.7,0.548,BOTTOM,2
61733,1.4,23.1,12.2,13.0,44.0,56.8,50.4,52.3,1.2,0.546,BOTTOM,2
61766,2.2,27.8,15.0,13.4,46.6,56.4,51.5,51.6,1.5,0.545,BOTTOM,2
61800,7.1,24.5,15.8,14.6,60.6,54.8,57.7,53.1,1.5,0.547,BOTTOM,2
61833,4.6,24.9,14.7,14.9,58.3,45.8,52.0,52.7,1.4,0.552,BOTTOM,2
61866,9.5,2.9,6.2,12.8,60.2,40.3,50.2,52.4,1.3,0.554,BOTTOM,2
61900,9.8,13.9,11.9,12.7,61.8,62.9,62.4,54.8,1.1,0.556,BOTTOM,2
61933,3.9,10.5,7.2,11.2,56.0,61.6,58.8,56.2,1.1,0.557,BOTTOM,2
61966,1.8,23.1,12.4,10.5,55.8,57.6,56.7,56.0,1.0,0.554,BOTTOM,2
62000,0.8,18.2,9.5,9.4,51.6,57.4,54.5,56.5,1.1,0.552,BOTTOM,2
62033,2.6,19.1,10.8,10.4,51.0,58.8,54.9,57.5,1.6,0.553,BOTTOM,2
62066,1.3,20.4,10.9,10.2,46.5,50.8,48.7,54.7,1.6,0.555,BOTTOM,2
62100,13.9,12.1,13.0,11.3,41.1,61.5,51.3,53.2,1.7,0.561,BOTTOM,2
62133,17.8,14.5,16.2,12.1,45.7,70.8,58.2,53.5,1.2,0.568,BOTTOM,2
62166,38.1,15.2,26.7,15.5,50.8,72.5,61.6,54.9,0.5,0.572,BOTTOM,2
62200,40.0,15.8,27.9,18.9,56.7,73.4,65.1,57.0,0.8,0.58,BOTTOM,2
62233,44.2,18.1,31.1,23.0,62.5,84.3,73.4,61.9,1.5,0.586,BOTTOM,2
62266,54.4,23.2,38.8,28.1,67.2,79.9,73.6,66.4,1.7,0.589,BOTTOM,2
62300,60.2,41.8,51.0,35.1,71.7,83.1,77.4,70.2,2.1,0.591,BOTTOM,2
62333,63.3,52.0,57.6,41.3,76.8,89.8,83.3,74.6,2.0,0.593,BOTTOM,2
62366,71.2,68.7,69.9,49.7,79.8,88.9,84.3,78.4,1.4,0.592,BOTTOM,2
62400,74.4,79.6,77.0,58.9,86.2,99.0,92.6,82.2,1.1,0.59,BOTTOM,2
62433,77.6,84.5,81.1,67.3,91.2,98.1,94.6,86.5,1.4,0.588,BOTTOM,2
62466,96.1,96.7,96.4,76.4,97.4,83.0,90.2,89.0,2.3,0.589,BOTTOM,2
62500,109.5,170.8,140.2,92.9,107.7,148.3,128.0,98.0,2.4,0.584,BOTTOM,2
62533,129.2,177.4,153.3,109.6,121.1,163.3,142.2,109.5,2.2,0.582,BOTTOM,2
62566,134.2,175.8,155.0,125.2,127.4,161.7,144.6,119.9,2.3,0.58,BOTTOM,2
62600,140.9,173.7,157.3,140.4,134.2,164.0,149.1,130.8,2.5,0.581,BOTTOM,2
62633,148.5,175.6,162.1,153.6,140.5,164.1,152.3,143.2,1.4,0.587,BOTTOM,2
62666,151.5,177.9,164.7,158.5,142.9,163.6,153.3,148.3,1.5,0.605,DOWN,2
62700,154.5,177.3,165.9,161.0,145.5,163.5,154.5,150.7,1.5,0.624,DOWN,2
62733,156.5,178.5,167.5,163.5,147.4,165.6,156.5,153.1,1.8,0.647,DOWN,2
62766,160.2,176.5,168.3,165.7,150.5,165.6,158.1,154.9,1.8,0.673,DOWN,2
62800,165.4,177.1,171.2,167.5,153.8,166.2,160.0,156.5,1.9,0.694,DOWN,2
62833,166.3,178.1,172.2,169.0,154.8,167.2,161.0,158.0,2.0,0.71,UP,3
62866,169.3,177.7,173.5,170.5,156.6,167.3,161.9,159.5,1.8,0.724,UP,3
62900,179.1,179.3,179.2,172.9,162.8,171.6,167.2,161.6,1.1,0.735,UP,3
62933,175.5,175.9,175.7,174.4,163.1,169.2,166.2,163.3,0.7,0.745,UP,3
62966,174.4,176.7,175.5,175.2,163.1,167.7,165.4,164.3,0.2,0.756,UP,3
63000,175.0,177.2,176.1,176.0,164.7,167.4,166.0,165.4,0.1,0.767,UP,3
63033,177.2,177.9,177.6,176.8,166.4,167.4,166.9,166.3,0.3,0.771,UP,3
63066,177.0,177.7,177.3,176.4,167.9,166.6,167.2,166.4,0.7,0.775,UP,3
63100,177.3,174.2,175.8,176.4,175.1,168.3,171.7,167.5,2.6,0.776,UP,3
63133,179.9,166.4,173.1,176.0,176.3,169.8,173.1,169.0,2.5,0.774,UP,3
63166,177.3,172.1,174.7,175.7,176.9,167.5,172.2,170.2,2.8,0.771,UP,3
63200,173.4,167.9,170.6,174.3,176.9,167.3,172.1,171.2,2.7,0.776,UP,3
63233,175.5,172.0,173.8,173.6,175.4,165.6,170.5,171.9,2.6,0.782,UP,3
63266,176.2,174.1,175.2,173.5,174.0,164.5,169.2,171.4,2.4,0.789,UP,3
63300,178.4,177.7,178.0,174.5,171.6,163.8,167.7,170.3,2.1,0.798,UP,3
63333,178.7,176.5,177.6,175.0,171.3,164.2,167.8,169.4,2.2,0.806,UP,3
63366,178.6,176.3,177.5,176.4,172.0,164.6,168.3,168.7,2.4,0.814,UP,3
63400,176.8,179.6,178.2,177.3,171.8,168.6,170.2,168.6,1.3,0.821,UP,3
63433,177.6,177.4,177.5,177.8,170.0,167.9,169.0,168.6,0.7,0.826,UP,3
63466,169.4,178.5,174.0,177.0,173.4,178.3,175.8,170.2,0.5,0.832,UP,3
63500,179.8,178.0,178.9,177.2,169.2,170.5,169.8,170.6,0.7,0.838,UP,3
63533,177.9,179.3,178.6,177.4,167.7,170.1,168.9,170.7,0.5,0.842,UP,3
63566,179.3,173.8,176.5,177.1,169.7,168.9,169.3,170.6,1.3,0.846,UP,3
63600,179.7,176.6,178.1,177.2,169.2,166.4,167.8,170.3,1.2,0.85,UP,3
63633,179.1,177.4,178.3,178.1,169.0,165.7,167.3,168.6,1.1,0.854,UP,3
63666,179.9,176.7,178.3,178.0,169.8,165.5,167.7,168.2,1.3,0.856,UP,3
63700,179.3,177.6,178.4,177.9,169.1,165.7,167.4,167.9,1.1,0.86,UP,3
63733,179.6,178.2,178.9,178.4,169.1,165.8,167.4,167.5,0.9,0.863,UP,3
63766,179.8,179.5,179.6,178.7,169.0,165.9,167.5,167.5,1.0,0.865,UP,3
63800,178.8,179.5,179.2,178.9,169.0,166.1,167.5,167.5,0.7,0.865,UP,3
63833,179.0,179.4,179.2,179.1,169.0,164.2,166.6,167.3,0.7,0.866,UP,3
63866,179.3,179.3,179.3,179.2,169.1,164.5,166.8,167.2,0.7,0.866,UP,3
63900,179.3,179.5,179.4,179.3,169.5,163.8,166.7,167.0,0.8,0.866,UP,3
63933,179.1,179.3,179.2,179.3,169.6,164.0,166.8,166.9,0.8,0.867,UP,3
63966,179.0,179.1,179.1,179.2,169.8,164.0,166.9,166.7,0.9,0.869,UP,3
64000,179.3,179.2,179.2,179.2,169.9,164.2,167.1,166.8,1.0,0.871,UP,3
64033,179.3,177.1,178.2,179.0,170.2,163.4,166.8,166.8,1.1,0.872,UP,3
64066,179.8,179.1,179.5,179.0,170.5,163.4,167.0,166.9,1.3,0.873,UP,3
64100,178.6,179.3,179.0,179.0,170.4,162.9,166.6,166.9,1.7,0.874,UP,3
64133,177.6,179.9,178.7,178.9,170.0,162.5,166.3,166.7,1.9,0.875,UP,3
64166,177.3,178.7,178.0,178.7,169.8,162.2,166.0,166.5,1.9,0.876,UP,3
64200,175.7,177.8,176.7,178.4,169.0,161.9,165.4,166.3,1.9,0.878,UP,3
64233,174.9,177.1,176.0,177.7,168.8,161.3,165.0,165.9,2.2,0.881,UP,3
64266,175.0,176.7,175.9,177.1,168.9,161.0,165.0,165.5,2.4,0.883,UP,3
64300,173.2,175.8,174.5,176.2,167.8,160.5,164.1,165.1,2.3,0.886,UP,3
64333,170.6,171.6,171.1,174.9,166.3,158.3,162.3,164.4,2.5,0.888,UP,3
64366,166.6,166.5,166.6,172.8,164.2,157.1,160.7,163.4,2.7,0.891,UP,3
64400,165.3,162.6,163.9,170.4,162.8,155.2,159.0,162.2,2.8,0.894,UP,3
64433,161.2,161.4,161.3,167.5,159.5,156.4,157.9,160.8,1.8,0.898,UP,3
64466,160.6,151.2,155.9,163.8,158.1,156.2,157.1,159.4,1.8,0.896,UP,3
64500,158.5,155.8,157.1,161.0,156.0,154.1,155.1,158.0,1.6,0.891,UP,3
64533,156.9,158.5,157.7,159.2,154.3,153.9,154.1,156.6,1.7,0.885,UP,3
64566,150.7,158.8,154.7,157.4,151.9,154.4,153.1,155.5,1.8,0.876,UP,3
64600,149.6,148.8,149.2,154.9,150.0,151.0,150.5,154.0,1.8,0.863,UP,3
64633,148.0,168.0,158.0,155.3,148.3,168.3,158.3,154.2,1.8,0.849,UP,3
64666,138.8,158.8,148.8,153.7,148.0,177.7,162.8,155.8,2.4,0.832,DOWN,3
64700,130.6,133.5,132.0,148.5,136.6,178.0,157.3,156.4,2.0,0.816,DOWN,3
64733,120.7,135.3,128.0,143.2,129.0,177.9,153.5,156.5,1.4,0.799,DOWN,3
64766,76.3,154.8,115.5,136.5,110.0,168.3,139.2,154.2,0.1,0.779,DOWN,3
64800,62.8,100.9,81.8,121.2,92.7,115.4,104.0,143.4,0.2,0.759,DOWN,3
64833,32.2,55.8,44.0,100.3,88.5,78.0,83.3,127.5,0.1,0.737,DOWN,3
64866,32.2,68.6,50.4,84.0,80.0,102.3,91.1,114.2,0.4,0.707,DOWN,3
64900,24.1,76.3,50.2,68.4,76.5,94.9,85.7,100.7,0.3,0.674,DOWN,3
64933,23.9,83.1,53.5,56.0,69.2,91.5,80.4,88.9,0.1,0.64,DOWN,3
64966,23.4,36.5,30.0,45.6,66.1,59.5,62.8,80.7,0.2,0.609,DOWN,3
65000,20.9,34.4,27.6,42.3,63.4,61.3,62.4,76.5,0.4,0.582,BOTTOM,3
65033,18.8,77.0,47.9,41.8,62.1,66.7,64.4,71.1,0.3,0.568,BOTTOM,3
65066,14.3,30.7,22.5,36.3,56.1,60.0,58.0,65.6,0.1,0.563,BOTTOM,3
65100,15.1,26.8,21.0,29.8,56.5,52.0,54.2,60.4,0.1,0.566,BOTTOM,3
65133,8.7,28.0,18.4,27.5,50.1,52.4,51.2,58.1,0.7,0.573,BOTTOM,3
65166,9.5,16.7,13.1,24.6,36.4,45.5,41.0,53.8,2.0,0.578,BOTTOM,3
65200,5.9,15.6,10.7,17.1,46.8,42.5,44.7,49.8,2.6,0.576,BOTTOM,3
65233,8.5,21.0,14.8,15.6,44.2,40.7,42.4,46.7,2.1,0.568,BOTTOM,3
65266,5.8,22.9,14.4,14.3,54.3,46.9,50.6,46.0,2.2,0.559,BOTTOM,3
65300,3.1,23.9,13.5,13.3,53.4,46.2,49.8,45.7,2.2,0.546,BOTTOM,3
65333,17.3,27.6,22.4,15.2,67.8,62.7,65.2,50.5,2.0,0.533,BOTTOM,3
65366,8.5,22.1,15.3,16.1,64.4,69.5,67.0,55.0,2.1,0.525,BOTTOM,3
65400,5.1,20.7,12.9,15.7,58.9,67.0,63.0,59.1,2.1,0.523,BOTTOM,3
65433,5.2,8.9,7.1,14.2,56.3,65.6,60.9,61.2,2.0,0.521,BOTTOM,3
65466,13.1,12.3,12.7,14.1,56.2,69.0,62.6,63.7,1.8,0.524,BOTTOM,3
65500,24.6,10.2,17.4,13.1,55.2,61.7,58.4,62.4,1.7,0.535,BOTTOM,3
65533,39.8,16.3,28.1,15.6,56.8,55.4,56.1,60.2,1.2,0.544,BOTTOM,3
65566,44.2,32.5,38.3,20.7,58.2,48.5,53.3,58.3,0.6,0.555,BOTTOM,3
65600,51.9,29.2,40.5,27.4,62.1,52.2,57.2,57.5,0.6,0.57,BOTTOM,3
65633,57.3,46.8,52.1,35.3,65.7,51.8,58.7,56.8,0.2,0.586,BOTTOM,3
65666,63.0,41.6,52.3,42.3,70.3,45.4,57.9,56.6,0.7,0.598,BOTTOM,3
65700,63.8,62.5,63.2,49.3,74.0,56.4,65.2,58.5,0.7,0.611,BOTTOM,3
65733,69.9,78.8,74.4,56.5,79.1,78.4,78.8,63.5,0.9,0.619,BOTTOM,3
65766,70.1,112.8,91.5,66.7,85.5,122.9,104.2,72.9,1.0,0.616,BOTTOM,3
65800,74.1,111.2,92.6,74.8,91.3,123.7,107.5,82.7,0.9,0.608,BOTTOM,3
65833,81.1,160.7,120.9,88.5,97.8,150.4,124.1,96.0,0.8,0.6,BOTTOM,3
65866,88.8,95.3,92.0,94.3,104.5,131.4,117.9,106.5,0.5,0.591,BOTTOM,3
65900,111.4,146.3,128.9,105.2,117.3,175.0,146.1,120.0,0.7,0.58,BOTTOM,3
65933,120.0,137.5,128.7,112.6,126.2,172.8,149.5,129.0,0.5,0.57,BOTTOM,3
65966,131.2,178.0,154.6,125.0,133.5,171.2,152.3,138.0,0.9,0.562,BOTTOM,3
66000,142.6,168.6,155.6,132.0,141.7,166.9,154.3,144.0,1.3,0.555,BOTTOM,3
66033,143.8,138.3,141.1,141.8,143.9,156.1,150.0,150.5,1.0,0.55,DOWN,3
66066,148.2,166.5,157.4,147.5,146.4,152.3,149.3,151.1,0.5,0.554,DOWN,3
66100,153.9,168.4,161.1,154.0,150.0,156.5,153.3,151.9,0.0,0.569,DOWN,3
66133,165.6,174.0,169.8,157.0,173.0,174.9,173.9,156.2,1.3,0.59,DOWN,3
66166,167.1,149.3,158.2,157.5,160.6,177.4,169.0,159.1,2.7,0.614,DOWN,3
66200,169.4,177.9,173.6,164.0,160.2,173.9,167.0,162.5,1.5,0.636,DOWN,3
66233,173.4,176.1,174.8,167.5,174.8,178.1,176.5,167.9,1.1,0.655,DOWN,3
66266,171.7,173.2,172.4,169.8,168.4,176.0,172.2,171.7,0.2,0.672,DOWN,3
66300,178.7,173.0,175.9,171.0,166.7,163.3,165.0,169.9,1.5,0.686,DOWN,3
66333,176.4,173.3,174.8,174.3,171.1,172.6,171.9,170.5,1.1,0.701,UP,4
66366,174.6,172.8,173.7,174.3,176.3,175.1,175.7,172.2,1.4,0.718,UP,4
66400,173.2,179.6,176.4,174.6,173.8,164.6,169.2,170.8,1.6,0.732,UP,4
66433,172.4,176.7,174.5,175.1,173.1,162.0,167.5,169.9,1.3,0.743,UP,4
66466,174.1,177.1,175.6,175.0,171.9,162.3,167.1,170.3,1.4,0.755,UP,4
66500,176.1,178.0,177.1,175.4,171.3,163.0,167.1,169.3,1.4,0.767,UP,4
66533,176.2,178.4,177.3,176.2,172.0,164.1,168.1,167.8,1.5,0.777,UP,4
66566,176.1,179.6,177.8,176.5,172.3,164.1,168.2,167.6,1.5,0.788,UP,4
66600,176.8,179.6,178.2,177.2,171.8,165.0,168.4,167.8,1.3,0.798,UP,4
66633,177.5,179.4,178.4,177.8,171.0,164.0,167.5,167.9,1.4,0.807,UP,4
66666,177.3,179.5,178.4,178.0,171.3,164.4,167.8,168.0,1.4,0.813,UP,4
66700,177.4,179.2,178.3,178.2,171.2,163.7,167.5,167.9,1.5,0.818,UP,4
66733,177.8,179.1,178.4,178.4,171.0,164.2,167.6,167.8,1.3,0.823,UP,4
66766,177.7,179.4,178.5,178.4,171.1,164.4,167.8,167.6,1.2,0.827,UP,4
66800,178.1,179.5,178.8,178.5,171.1,164.6,167.9,167.7,1.2,0.83,UP,4
66833,178.3,179.5,178.9,178.6,171.2,164.8,168.0,167.7,1.2,0.834,UP,4
66866,179.1,178.5,178.8,178.7,170.9,164.4,167.6,167.8,1.2,0.838,UP,4
66900,178.9,178.1,178.5,178.7,170.9,164.4,167.6,167.8,1.2,0.842,UP,4
66933,178.9,176.4,177.7,178.5,170.6,164.2,167.4,167.7,1.3,0.847,UP,4
66966,179.1,176.0,177.6,178.3,170.4,164.2,167.3,167.6,1.3,0.851,UP,4
67000,179.8,175.7,177.8,178.1,169.9,163.6,166.7,167.3,1.4,0.854,UP,4
67033,179.9,176.0,178.0,177.9,170.0,163.7,166.8,167.2,1.5,0.855,UP,4
67066,179.8,175.6,177.7,177.7,169.1,163.4,166.3,166.9,1.0,0.857,UP,4
67100,179.7,175.9,177.8,177.8,168.4,163.3,165.9,166.6,0.9,0.859,UP,4
67133,179.0,175.4,177.2,177.7,168.3,163.3,165.8,166.3,1.2,0.861,UP,4
67166,178.5,174.7,176.6,177.5,167.8,162.8,165.3,166.0,1.3,0.864,UP,4
67200,177.5,175.0,176.2,177.1,167.2,161.5,164.4,165.5,1.3,0.867,UP,4
67233,177.6,174.7,176.1,176.8,170.8,167.5,169.2,166.1,1.9,0.869,UP,4
67266,175.9,169.9,172.9,175.8,169.0,163.5,166.3,166.2,2.0,0.869,UP,4
67300,174.1,170.5,172.3,174.8,168.4,161.8,165.1,166.0,2.3,0.87,UP,4
67333,172.8,165.3,169.1,173.3,167.2,158.7,162.9,165.6,2.4,0.87,UP,4
67366,173.5,171.5,172.5,172.6,167.3,169.2,168.3,166.3,2.9,0.87,UP,4
67400,176.7,168.5,172.6,171.9,172.0,174.1,173.0,167.1,3.1,0.869,UP,4
67433,164.7,134.9,149.8,167.2,163.2,161.6,162.4,166.3,3.6,0.865,UP,4
67466,159.4,138.1,148.7,162.5,160.0,154.2,157.1,164.7,3.3,0.858,UP,4
67500,160.5,142.1,151.3,159.0,159.8,152.8,156.3,163.4,3.5,0.85,UP,4
67533,158.0,146.6,152.3,154.9,158.8,152.5,155.7,160.9,3.9,0.841,UP,4
67566,156.4,150.7,153.6,151.1,157.6,151.3,154.5,157.2,4.0,0.83,UP,4
67600,153.6,143.8,148.7,150.9,155.7,149.7,152.7,155.2,3.6,0.82,UP,4
67633,150.5,175.9,163.2,153.8,150.4,170.8,160.6,156.0,3.5,0.807,DOWN,4
67666,146.7,164.3,155.5,154.7,146.6,163.5,155.1,155.7,3.8,0.796,DOWN,4
67700,144.0,171.6,157.8,155.7,142.3,158.9,150.6,154.7,3.4,0.782,DOWN,4
67733,119.9,176.2,148.1,154.6,127.3,158.6,143.0,152.4,2.7,0.769,DOWN,4
67766,88.2,170.2,129.2,150.7,112.2,154.6,133.4,148.5,2.1,0.752,DOWN,4
67800,70.2,97.4,83.8,134.9,98.8,114.3,106.5,137.7,0.1,0.736,DOWN,4
67833,51.1,67.1,59.1,115.6,87.5,70.3,78.9,122.5,0.4,0.72,DOWN,4
67866,43.2,60.8,52.0,94.4,78.3,87.7,83.0,109.0,0.3,0.703,DOWN,4
67900,35.6,47.8,41.7,73.1,71.6,90.0,80.8,96.5,0.0,0.681,DOWN,4
67933,27.2,35.6,31.4,53.6,71.8,91.0,81.4,86.1,0.7,0.66,DOWN,4
67966,22.3,26.6,24.4,41.7,68.4,95.8,82.1,81.2,0.7,0.638,DOWN,4
68000,20.6,23.0,21.8,34.3,63.3,84.3,73.8,80.2,0.5,0.616,BOTTOM,4
68033,11.6,89.5,50.5,34.0,60.0,69.9,65.0,76.6,0.8,0.607,BOTTOM,4
68066,3.4,52.8,28.1,31.3,54.0,65.4,59.7,72.4,2.1,0.607,BOTTOM,4
68100,5.4,23.2,14.3,27.8,54.6,68.9,61.8,68.5,2.2,0.615,BOTTOM,4
68133,5.6,27.2,16.4,26.2,49.0,68.9,58.9,63.8,2.1,0.623,BOTTOM,4
68166,1.3,16.2,8.8,23.6,46.3,64.2,55.2,60.1,2.2,0.625,BOTTOM,4
68200,1.9,34.4,18.2,17.2,42.6,58.6,50.6,57.2,1.9,0.616,BOTTOM,4
68233,14.1,8.1,11.1,13.8,50.6,70.4,60.5,57.4,1.7,0.599,BOTTOM,4
68266,15.3,16.1,15.7,14.0,47.8,80.4,64.1,57.9,0.5,0.58,BOTTOM,4
68300,19.0,14.7,16.9,14.1,52.5,79.9,66.2,59.3,0.1,0.564,BOTTOM,4
68333,45.4,25.8,35.6,19.5,60.8,73.2,67.0,61.7,0.5,0.554,BOTTOM,4
68366,50.4,31.1,40.7,24.0,69.2,75.9,72.5,66.1,0.2,0.553,BOTTOM,4
68400,50.7,48.3,49.5,31.7,72.8,73.2,73.0,68.6,0.1,0.557,BOTTOM,4
68433,57.2,65.3,61.3,40.8,78.5,74.8,76.7,71.1,0.3,0.56,BOTTOM,4
68466,63.7,92.1,77.9,53.0,83.8,89.3,86.5,75.1,0.3,0.56,BOTTOM,4
68500,71.7,89.1,80.4,62.0,88.6,95.8,92.2,80.2,0.4,0.554,BOTTOM,4
68533,79.0,92.2,85.6,70.9,95.8,109.3,102.5,86.2,0.5,0.539,BOTTOM,4
68566,83.7,86.8,85.2,78.1,103.0,124.8,113.9,94.4,0.4,0.518,BOTTOM,4
68600,,,,,,,,,,0.497,BOTTOM,4
68633,,,,,,,,,,0.48,BOTTOM,4
68666,,,,,,,,,,0.467,BOTTOM,4
68700,,,,,,,,,,0.465,BOTTOM,4
68733,,,,,,,,,,0.473,BOTTOM,4
68766,,,,,,,,,,0.493,BOTTOM,4
68800,153.5,173.1,163.3,98.5,150.1,155.7,152.9,109.6,0.1,0.519,BOTTOM,4
68833,156.1,176.7,166.4,116.2,151.6,157.3,154.4,123.2,0.5,0.552,BOTTOM,4
68866,159.4,172.7,166.0,133.3,152.7,158.0,155.3,135.8,0.5,0.586,BOTTOM,4
68900,162.3,163.8,163.1,148.8,155.0,158.6,156.8,146.7,0.3,0.618,BOTTOM,4
68933,172.2,164.9,168.6,165.5,159.5,163.9,161.7,156.2,0.5,0.648,BOTTOM,4
68966,169.3,159.4,164.3,165.7,158.6,161.6,160.1,157.7,0.6,0.672,DOWN,4
69000,172.7,163.7,168.2,166.0,160.6,162.1,161.4,159.1,0.2,0.691,DOWN,4
69033,170.1,164.8,167.4,166.3,161.3,162.5,161.9,160.4,0.1,0.704,DOWN,4
69066,168.7,172.4,170.6,167.8,161.4,163.5,162.5,161.5,0.0,0.714,DOWN,4
69100,169.8,177.5,173.6,168.8,161.5,164.8,163.2,161.8,0.1,0.722,DOWN,4
69133,171.3,179.3,175.3,171.0,162.2,165.1,163.7,162.5,0.1,0.728,UP,5
69166,174.0,179.7,176.9,172.8,164.5,165.0,164.7,163.2,0.1,0.734,UP,5
69200,179.5,176.2,177.8,174.8,167.7,165.3,166.5,164.1,0.5,0.742,UP,5
69233,177.3,179.3,178.3,176.4,166.7,165.1,165.9,164.8,0.5,0.75,UP,5
69266,177.8,178.4,178.1,177.3,167.2,164.3,165.7,165.3,0.8,0.756,UP,5
69300,177.6,179.9,178.7,178.0,168.4,164.5,166.5,165.9,1.0,0.764,UP,5
69333,177.1,178.5,177.8,178.1,168.2,164.1,166.2,166.1,1.1,0.771,UP,5
69366,177.4,179.8,178.6,178.3,167.9,164.1,166.0,166.1,1.2,0.777,UP,5
69400,177.6,179.8,178.7,178.4,168.6,164.9,166.8,166.2,1.3,0.783,UP,5
69433,178.2,178.4,178.3,178.4,169.2,164.6,166.9,166.5,1.2,0.791,UP,5
69466,178.1,178.8,178.4,178.4,169.1,164.7,166.9,166.6,1.2,0.796,UP,5
69500,177.9,179.0,178.5,178.5,169.0,164.8,166.9,166.7,1.2,0.8,UP,5
69533,178.0,179.1,178.6,178.5,169.3,165.1,167.2,166.9,1.3,0.805,UP,5
69566,178.1,179.4,178.7,178.5,169.4,165.3,167.4,167.1,1.3,0.81,UP,5
69600,178.6,179.7,179.2,178.7,169.8,165.6,167.7,167.2,1.4,0.812,UP,5
69633,178.3,179.7,179.0,178.8,170.0,165.9,168.0,167.4,1.4,0.818,UP,5
69666,178.2,179.1,178.6,178.8,170.0,165.9,168.0,167.6,1.4,0.825,UP,5
69700,177.8,179.7,178.7,178.9,169.9,165.5,167.7,167.7,1.4,0.83,UP,5
69733,178.1,179.2,178.7,178.8,170.0,165.7,167.8,167.8,1.4,0.835,UP,5
69766,178.2,177.9,178.0,178.6,169.9,166.3,168.1,167.9,1.3,0.841,UP,5
69800,178.5,178.1,178.3,178.5,169.9,166.3,168.1,167.9,1.3,0.845,UP,5
69833,178.3,177.4,177.9,178.3,169.8,166.7,168.3,168.0,1.2,0.851,UP,5
69866,179.2,174.0,176.6,177.9,163.1,166.7,164.9,167.4,2.3,0.856,UP,5
69900,178.3,179.7,179.0,178.0,174.7,169.0,171.9,168.2,3.6,0.863,UP,5
69933,175.7,170.4,173.0,177.0,173.5,160.7,167.1,168.0,5.3,0.87,UP,5
69966,178.8,173.4,176.1,176.5,170.4,162.6,166.5,167.7,4.6,0.877,UP,5
70000,178.6,173.2,175.9,176.1,168.9,161.7,165.3,167.1,4.0,0.885,UP,5
70033,176.9,176.5,176.7,176.1,168.7,163.5,166.1,167.4,3.6,0.892,UP,5
70066,177.2,177.2,177.2,175.8,169.1,164.0,166.5,166.3,3.4,0.899,UP,5
70100,178.1,179.8,178.9,177.0,169.5,164.4,166.9,166.3,3.4,0.904,UP,5
70133,177.6,179.4,178.5,177.5,168.9,164.7,166.8,166.3,3.0,0.909,UP,5
70166,177.0,179.4,178.2,177.9,168.9,164.4,166.6,166.6,3.2,0.913,UP,5
70200,177.1,177.0,177.1,178.0,169.6,163.2,166.4,166.7,3.6,0.915,UP,5
70233,178.1,176.0,177.1,178.0,171.1,162.3,166.7,166.7,4.5,0.918,UP,5
70266,178.9,174.7,176.8,177.5,171.9,161.7,166.8,166.7,5.1,0.922,UP,5
70300,178.6,176.3,177.5,177.3,172.5,160.6,166.5,166.6,6.0,0.925,UP,5
70333,178.7,177.5,178.1,177.3,172.5,160.5,166.5,166.6,6.1,0.927,UP,5
70366,178.7,177.5,178.1,177.5,171.8,159.5,165.6,166.4,6.1,0.929,UP,5
70400,179.4,179.5,179.5,178.0,171.4,161.9,166.7,166.4,5.7,0.93,UP,5
70433,179.7,179.0,179.4,178.5,171.9,163.1,167.5,166.6,5.5,0.928,UP,5
70466,179.8,179.1,179.5,178.9,173.1,163.2,168.1,166.9,6.2,0.926,UP,5
70500,180.0,179.6,179.8,179.2,173.7,163.0,168.4,167.3,6.9,0.921,UP,5
70533,179.6,178.2,178.9,179.4,173.6,162.5,168.1,167.8,7.2,0.916,UP,5
70566,179.1,177.6,178.3,179.2,173.7,162.1,167.9,168.0,7.7,0.91,UP,5
70600,178.0,174.9,176.5,178.6,173.8,162.1,168.0,168.1,8.4,0.904,UP,5
70633,178.7,172.2,175.4,177.8,174.8,161.2,168.0,168.1,9.3,0.898,UP,5
70666,179.0,178.9,179.0,177.6,174.8,158.2,166.5,167.7,9.5,0.895,UP,5
70700,178.8,172.8,175.8,177.0,174.8,158.6,166.7,167.4,9.6,0.893,UP,5
70733,178.5,172.0,175.3,176.4,173.9,159.7,166.8,167.2,8.9,0.892,UP,5
70766,177.7,171.6,174.7,176.0,173.1,160.9,167.0,167.0,8.7,0.893,UP,5
70800,178.3,171.8,175.0,176.0,172.6,161.3,166.9,166.8,8.6,0.895,UP,5
70833,178.5,172.3,175.4,175.2,172.3,162.3,167.3,166.9,8.2,0.896,UP,5
70866,177.9,175.7,176.8,175.4,171.9,162.6,167.3,167.1,8.2,0.894,UP,5
70900,178.2,176.5,177.4,175.9,171.7,163.1,167.4,167.2,7.8,0.889,UP,5
70933,178.1,178.7,178.4,176.6,171.5,163.5,167.5,167.3,7.8,0.884,UP,5
70966,177.1,178.6,177.8,177.2,170.0,163.7,166.9,167.3,7.6,0.881,UP,5
71000,177.2,176.9,177.0,177.5,169.5,164.2,166.8,167.2,7.3,0.88,UP,5
71033,178.0,178.5,178.3,177.8,169.1,166.6,167.8,167.3,6.9,0.882,UP,5
71066,178.7,179.9,179.3,178.2,168.4,168.4,168.4,167.5,6.5,0.885,UP,5
71100,177.8,176.0,176.9,177.9,166.5,168.6,167.5,167.5,6.0,0.887,UP,5
71133,178.0,175.1,176.6,177.6,166.1,167.9,167.0,167.5,6.1,0.889,UP,5
71166,176.1,174.7,175.4,177.3,160.7,167.2,163.9,166.9,5.4,0.892,UP,5
71200,178.1,169.3,173.7,176.4,173.3,158.8,166.1,166.6,5.3,0.892,UP,5
71233,173.0,173.3,173.1,175.1,163.3,157.4,160.3,165.0,6.4,0.891,UP,5
71266,169.5,168.1,168.8,173.5,179.8,178.6,179.2,167.3,12.5,0.891,UP,5
71300,173.2,176.0,174.6,173.1,161.5,166.2,163.8,166.7,8.3,0.891,UP,5
71333,172.4,172.1,172.3,172.5,158.2,164.4,161.3,166.2,7.3,0.886,UP,5
71366,173.6,177.4,175.5,172.9,159.3,165.9,162.6,165.5,6.9,0.88,UP,5
71400,174.3,179.4,176.8,173.6,160.6,167.3,163.9,166.2,6.8,0.87,UP,5
71433,175.4,179.5,177.5,175.4,163.9,168.0,166.0,163.5,7.2,0.856,UP,5
71466,178.2,174.2,176.2,175.7,171.5,167.8,169.6,164.7,7.9,0.835,UP,5
71500,178.0,176.6,177.3,176.7,172.0,167.3,169.6,166.4,8.0,0.812,UP,5
71533,179.1,174.9,177.0,177.0,173.4,166.9,170.2,167.9,8.0,0.786,UP,5
71566,179.8,174.4,177.1,177.0,172.8,166.4,169.6,169.0,7.6,0.761,UP,5
71600,177.7,175.2,176.5,176.8,173.8,166.4,170.1,169.8,7.4,0.737,UP,5
71633,178.4,178.8,178.6,177.3,179.6,168.8,174.2,170.7,7.9,0.718,UP,5
71666,178.8,176.2,177.5,177.3,179.9,166.6,173.3,171.5,8.0,0.7,UP,5
71700,176.9,178.3,177.6,177.4,177.7,165.9,171.8,171.8,6.3,0.679,UP,5
71733,175.2,177.0,176.1,177.2,178.7,166.6,172.6,172.4,4.4,0.655,UP,5
71766,174.3,174.4,174.4,176.8,179.9,164.8,172.3,172.8,4.4,0.629,UP,5
71800,174.5,179.1,176.8,176.5,176.7,173.0,174.8,173.0,2.9,0.608,UP,5
71833,175.2,178.4,176.8,176.3,176.9,173.5,175.2,173.3,2.5,0.594,UP,5
71866,173.2,180.0,176.6,176.1,169.6,173.6,171.6,173.3,0.7,0.594,UP,5
71900,174.9,173.9,174.4,175.8,172.4,178.7,175.6,173.9,2.7,0.601,UP,5
71933,175.1,178.0,176.6,176.2,165.3,177.7,171.5,173.7,2.9,0.61,UP,5
71966,176.7,177.6,177.1,176.3,178.2,179.9,179.1,174.6,0.2,0.62,UP,5
72000,178.4,173.0,175.7,176.1,179.0,175.5,177.3,175.0,0.7,0.632,UP,5
72033,176.2,175.7,175.9,175.9,165.9,175.1,170.5,174.8,2.1,0.635,UP,5
72066,174.6,174.3,174.4,176.0,163.0,173.6,168.3,173.3,2.1,0.633,UP,5
72100,172.4,176.5,174.5,175.5,171.4,171.8,171.6,173.3,0.8,0.63,UP,5
72133,176.9,171.6,174.2,175.0,174.5,170.5,172.5,172.0,1.1,0.621,UP,5
72166,175.7,178.5,177.1,175.2,174.4,179.3,176.8,171.9,2.1,0.605,UP,5
72200,175.9,179.4,177.7,175.6,173.9,179.9,176.9,173.2,1.6,0.586,UP,5
72233,175.3,164.3,169.8,174.7,172.3,167.1,169.7,173.5,0.8,0.569,UP,5
72266,175.5,165.1,170.3,173.8,171.5,173.8,172.6,173.7,2.6,0.548,UP,5
72300,175.8,168.4,172.1,173.4,171.0,174.9,173.0,173.8,2.5,0.522,UP,5
72333,,,,,,,,,,0.496,UP,5
72366,,,,,,,,,,0.471,UP,5
72400,,,,,,,,,,0.449,UP,5
72433,,,,,,,,,,0.429,UP,5
72466,,,,,,,,,,0.411,UP,5
72500,,,,,,,,,,0.397,UP,5
72533,,,,,,,,,,0.382,UP,5
72566,,,,,,,,,,0.365,UP,5
72600,,,,,,,,,,0.347,UP,5
72633,,,,,,,,,,0.331,UP,5
72666,,,,,,,,,,0.312,UP,5
72700,,,,,,,,,,0.295,UP,5
72733,,,,,,,,,,0.282,UP,5
72766,,,,,,,,,,0.274,UP,5
72800,,,,,,,,,,0.268,UP,5
72833,,,,,,,,,,0.266,UP,5
72866,,,,,,,,,,0.27,UP,5
72900,,,,,,,,,,0.274,UP,5
72933,,,,,,,,,,0.281,UP,5
72966,,,,,,,,,,0.281,UP,5
73000,,,,,,,,,,0.283,UP,5
73033,,,,,,,,,,0.276,UP,5
73066,,,,,,,,,,0.269,UP,5
73100,,,,,,,,,,0.261,UP,5
73133,,,,,,,,,,0.255,UP,5
73166,,,,,,,,,,0.246,UP,5
73200,,,,,,,,,,0.24,UP,5
73233,,,,,,,,,,0.236,UP,5
73266,,,,,,,,,,0.231,UP,5
73300,,,,,,,,,,0.226,UP,5
73333,,,,,,,,,,0.221,UP,5
73366,,,,,,,,,,0.215,UP,5
73400,,,,,,,,,,0.209,UP,5
73433,,,,,,,,,,0.203,UP,5
73466,,,,,,,,,,0.196,UP,5
73500,,,,,,,,,,0.189,UP,5
73533,,,,,,,,,,0.182,UP,5
73566,,,,,,,,,,0.176,UP,5
73600,,,,,,,,,,0.171,UP,5
73633,,,,,,,,,,0.167,UP,5
73666,,,,,,,,,,0.164,UP,5
73700,,,,,,,,,,0.161,UP,5
73733,,,,,,,,,,0.156,UP,5
73766,,,,,,,,,,0.151,UP,5
73800,,,,,,,,,,0.149,UP,5
73833,,,,,,,,,,0.151,UP,5
73866,,,,,,,,,,0.157,UP,5
73900,,,,,,,,,,0.168,UP,5
73933,,,,,,,,,,0.188,UP,5
73966,,,,,,,,,,0.211,UP,5
74000,,,,,,,,,,0.23,UP,5
74033,,,,,,,,,,0.25,UP,5
74066,,,,,,,,,,0.266,UP,5
74100,,,,,,,,,,0.274,UP,5
74133,,,,,,,,,,0.281,UP,5
74166,,,,,,,,,,0.287,UP,5
74200,,,,,,,,,,0.293,UP,5
74233,,,,,,,,,,0.301,UP,5
74266,,,,,,,,,,0.31,UP,5
74300,,,,,,,,,,0.317,UP,5
74333,,,,,,,,,,0.326,UP,5
74366,,,,,,,,,,0.333,UP,5
74400,,,,,,,,,,0.336,UP,5
74433,,,,,,,,,,0.339,UP,5
74466,,,,,,,,,,0.347,UP,5
74500,,,,,,,,,,0.357,UP,5
74533,,,,,,,,,,0.371,UP,5
74566,,,,,,,,,,0.394,UP,5
74600,,,,,,,,,,0.424,UP,5
74633,,,,,,,,,,0.448,UP,5
74666,,,,,,,,,,0.471,UP,5
74700,,,,,,,,,,0.492,UP,5
74733,172.1,176.9,174.5,172.9,178.6,170.5,174.5,173.3,3.5,0.508,UP,5
74766,172.1,176.5,174.3,172.2,178.0,170.5,174.2,172.8,3.3,0.52,UP,5
74800,174.0,176.8,175.4,173.3,177.0,169.5,173.3,173.5,3.7,0.538,UP,5
74833,177.0,177.7,177.4,174.7,175.2,170.1,172.7,173.5,3.7,0.554,UP,5
74866,175.3,177.9,176.6,175.6,176.1,171.3,173.7,173.7,3.9,0.572,UP,5
74900,174.4,174.8,174.6,175.7,176.3,171.1,173.7,173.5,3.6,0.59,UP,5
74933,175.1,177.1,176.1,176.0,175.9,171.2,173.6,173.4,3.9,0.608,UP,5
74966,177.3,176.4,176.9,176.3,175.1,171.2,173.1,173.4,4.2,0.625,UP,5
75000,177.2,176.2,176.7,176.2,175.2,171.1,173.2,173.5,4.4,0.641,UP,5
75033,176.8,175.6,176.2,176.1,175.1,171.7,173.4,173.4,4.4,0.654,UP,5
75066,177.1,174.3,175.7,176.3,174.9,171.6,173.3,173.3,4.1,0.665,UP,5
75100,177.4,175.4,176.4,176.4,174.1,171.8,173.0,173.2,4.0,0.674,UP,5
75133,177.8,177.4,177.6,176.5,174.0,172.0,173.0,173.2,4.0,0.683,UP,5
75166,178.5,179.4,178.9,177.0,173.6,173.1,173.3,173.2,4.0,0.695,UP,5
75200,178.6,179.6,179.1,177.5,173.3,172.9,173.1,173.1,3.9,0.708,UP,5
75233,179.1,180.0,179.5,178.3,172.9,173.1,173.0,173.1,3.8,0.722,UP,5
75266,179.8,179.8,179.8,179.0,171.8,172.8,172.3,173.0,3.4,0.737,UP,5
75300,179.6,177.7,178.6,179.2,171.7,169.6,170.6,172.5,4.1,0.752,UP,5
75333,178.0,179.0,178.5,179.1,171.0,171.3,171.1,172.0,3.7,0.765,UP,5
75366,177.6,178.8,178.2,178.9,170.9,171.6,171.3,171.7,3.5,0.776,UP,5
75400,178.3,177.1,177.7,178.6,172.0,170.8,171.4,171.3,3.2,0.786,UP,5
75433,178.3,179.8,179.1,178.4,171.2,168.9,170.0,170.9,3.8,0.794,UP,5
75466,179.6,179.1,179.4,178.6,172.8,170.4,171.6,171.1,3.1,0.796,UP,5
75500,179.2,177.6,178.4,178.6,175.2,171.0,173.1,171.5,3.7,0.797,UP,5
75533,178.7,177.3,178.0,178.5,175.3,170.7,173.0,171.8,3.7,0.796,UP,5
75566,179.9,177.2,178.6,178.7,175.2,170.5,172.9,172.1,3.7,0.796,UP,5
75600,179.5,174.6,177.0,178.3,174.9,167.4,171.2,172.3,4.1,0.794,UP,5
75633,179.4,174.3,176.9,177.8,173.7,169.6,171.6,172.4,2.5,0.796,UP,5
75666,178.1,171.5,174.8,177.1,172.3,171.3,171.8,172.1,1.2,0.792,UP,5
75700,174.6,175.5,175.0,176.5,179.1,169.6,174.4,172.4,3.3,0.784,UP,5
75733,174.5,172.5,173.5,175.5,178.1,173.3,175.7,172.9,0.9,0.774,UP,5
75766,174.8,176.3,175.6,175.2,178.2,175.2,176.7,174.0,0.5,0.764,UP,5
75800,176.8,177.8,177.3,175.2,178.8,173.3,176.1,174.9,0.2,0.752,UP,5
75833,174.0,179.5,176.7,175.6,179.3,177.1,178.2,176.2,2.1,0.745,UP,5
75866,179.5,177.6,178.5,176.3,175.1,177.5,176.3,176.6,0.9,0.742,UP,5
75900,173.7,176.3,175.0,176.6,179.1,175.9,177.5,177.0,0.5,0.741,UP,5
75933,174.4,175.6,175.0,176.5,178.6,173.8,176.2,176.9,0.6,0.736,UP,5
75966,178.4,178.4,178.4,176.7,174.0,172.6,173.3,176.3,0.0,0.735,UP,5
76000,178.0,178.9,178.5,177.1,174.0,172.5,173.2,175.3,0.3,0.734,UP,5
76033,178.0,178.2,178.1,177.0,174.8,170.8,172.8,174.6,0.5,0.732,UP,5
76066,179.0,177.7,178.3,177.7,175.3,170.1,172.7,173.7,1.0,0.732,UP,5
76100,179.7,174.3,177.0,178.1,175.4,167.9,171.7,172.7,0.9,0.733,UP,5
76133,180.0,175.2,177.6,177.9,173.8,167.9,170.9,172.3,0.3,0.734,UP,5
76166,179.1,175.5,177.3,177.7,175.6,167.6,171.6,171.9,0.7,0.737,UP,5
76200,179.6,178.0,178.8,177.8,174.6,167.9,171.2,171.6,0.2,0.741,UP,5
76233,178.7,179.1,178.9,177.9,173.4,168.3,170.9,171.2,0.2,0.744,UP,5
76266,178.5,179.1,178.8,178.3,173.6,168.0,170.8,171.1,0.0,0.751,UP,5
76300,179.7,179.8,179.8,178.7,174.8,168.2,171.5,171.2,0.1,0.759,UP,5
76333,179.9,178.1,179.0,179.1,175.4,167.4,171.4,171.2,0.4,0.77,UP,5
76366,179.8,178.7,179.3,179.1,176.5,167.2,171.9,171.3,0.3,0.782,UP,5
76400,178.6,178.5,178.6,179.1,175.2,169.7,172.5,171.6,1.3,0.795,UP,5
76433,178.8,179.4,179.1,179.1,175.0,169.5,172.2,171.9,1.4,0.807,UP,5
76466,179.1,179.9,179.5,179.1,174.8,169.4,172.1,172.0,1.4,0.819,UP,5
76500,179.6,179.9,179.7,179.2,173.2,170.9,172.0,172.1,3.5,0.831,UP,5
76533,177.6,178.5,178.0,179.0,173.3,173.9,173.6,172.5,3.1,0.839,UP,5
76566,176.0,178.8,177.4,178.7,174.8,169.9,172.4,172.5,2.8,0.848,UP,5
76600,177.7,178.7,178.2,178.6,173.6,166.6,170.1,172.0,1.9,0.856,UP,5
76633,177.9,178.6,178.3,178.3,173.2,166.5,169.8,171.6,2.1,0.864,UP,5
76666,179.6,178.1,178.8,178.1,172.8,166.6,169.7,171.1,2.2,0.871,UP,5
76700,178.6,179.2,178.9,178.3,172.2,166.8,169.5,170.3,2.2,0.878,UP,5
76733,179.6,178.7,179.1,178.7,173.2,167.6,170.4,169.9,2.1,0.885,UP,5
76766,177.0,176.8,176.9,178.4,171.3,167.5,169.4,169.8,2.7,0.89,UP,5
76800,177.7,176.8,177.3,178.2,172.1,166.3,169.2,169.6,2.4,0.895,UP,5
76833,177.4,176.8,177.1,177.9,170.6,166.3,168.5,169.4,2.7,0.899,UP,5
76866,177.5,177.7,177.6,177.6,171.0,166.9,168.9,169.3,2.9,0.903,UP,5
76900,178.1,178.7,178.4,177.5,171.3,167.2,169.2,169.0,2.9,0.907,UP,5
76933,178.5,178.4,178.4,177.8,170.6,167.1,168.9,168.9,3.2,0.911,UP,5
76966,178.4,177.6,178.0,177.9,171.0,166.2,168.6,168.8,2.8,0.914,UP,5
77000,179.2,178.3,178.7,178.2,170.8,166.2,168.5,168.8,2.8,0.916,UP,5
77033,179.5,178.4,179.0,178.5,172.1,170.1,171.1,169.3,2.8,0.917,UP,5
77066,179.4,180.0,179.7,178.8,172.3,167.5,169.9,169.4,1.4,0.918,UP,5
77100,177.7,180.0,178.8,178.8,175.1,170.0,172.6,170.1,1.3,0.917,UP,5
77133,179.8,179.9,179.8,179.2,172.9,165.8,169.4,170.3,0.5,0.917,UP,5
77166,178.7,179.1,178.9,179.2,172.9,164.9,168.9,170.4,0.5,0.917,UP,5
77200,178.9,179.8,179.4,179.3,172.2,164.4,168.3,169.8,0.5,0.918,UP,5
77233,179.5,180.0,179.7,179.3,171.7,165.6,168.7,169.6,0.5,0.919,UP,5
77266,179.8,177.0,178.4,179.3,170.5,163.6,167.0,168.5,0.3,0.918,UP,5
77300,179.3,179.7,179.5,179.2,170.5,165.5,168.0,168.2,0.5,0.913,UP,5
77333,178.8,178.3,178.5,179.1,170.0,166.8,168.4,168.1,0.4,0.908,UP,5
77366,177.2,177.9,177.5,178.7,169.7,166.1,167.9,168.0,1.4,0.901,UP,5
77400,175.8,178.3,177.0,178.2,170.6,163.9,167.3,167.7,2.6,0.896,UP,5
77433,174.3,178.7,176.5,177.8,170.3,165.2,167.8,167.9,2.6,0.894,UP,5
77466,170.5,177.2,173.8,176.7,169.2,165.0,167.1,167.7,3.2,0.896,UP,5
77500,168.0,177.5,172.8,175.5,168.1,165.2,166.6,167.3,3.5,0.898,UP,5
77533,170.5,178.7,174.6,174.9,168.1,166.0,167.0,167.2,3.7,0.902,UP,5
77566,172.6,172.0,172.3,174.0,167.7,166.1,166.9,167.1,4.0,0.902,UP,5
77600,173.8,172.8,173.3,173.4,167.2,166.6,166.9,166.9,3.6,0.899,UP,5
77633,174.6,173.6,174.1,173.4,166.9,167.3,167.1,166.9,3.3,0.895,UP,5
77666,174.2,175.0,174.6,173.8,166.1,167.3,166.7,166.9,3.1,0.89,UP,5
77700,176.5,174.6,175.6,174.0,166.4,167.3,166.8,166.9,3.0,0.884,UP,5
77733,177.9,173.6,175.7,174.7,167.3,167.2,167.3,167.0,3.0,0.879,UP,5
77766,179.0,172.0,175.5,175.1,169.4,168.6,169.0,167.4,3.2,0.875,UP,5
77800,178.8,177.4,178.1,175.9,169.4,168.5,169.0,167.8,3.1,0.873,UP,5
77833,178.9,179.9,179.4,176.9,168.5,168.4,168.4,168.1,2.6,0.872,UP,5
77866,178.9,177.7,178.3,177.4,167.4,168.5,167.9,168.3,2.7,0.872,UP,5
77900,180.0,178.4,179.2,178.1,167.4,168.6,168.0,168.5,2.2,0.875,UP,5
77933,177.8,177.9,177.8,178.6,166.2,167.8,167.0,168.1,2.4,0.878,UP,5
77966,178.1,178.5,178.3,178.6,167.0,165.8,166.4,167.6,2.4,0.879,UP,5
78000,179.2,179.1,179.1,178.6,167.9,165.4,166.7,167.2,2.6,0.882,UP,5
78033,177.7,172.2,174.9,177.9,166.5,161.4,163.9,166.4,3.2,0.884,UP,5
78066,177.0,173.1,175.0,177.1,167.7,160.4,164.0,165.6,3.3,0.885,UP,5
78100,175.0,178.6,176.8,176.8,167.8,159.6,163.7,165.0,3.6,0.886,UP,5
78133,170.2,178.0,174.1,176.0,166.7,158.1,162.4,164.2,3.8,0.885,UP,5
78166,167.3,175.6,171.5,174.5,165.8,157.5,161.7,163.2,4.1,0.885,UP,5
78200,164.1,177.7,170.9,173.7,165.2,151.6,158.4,162.0,4.5,0.886,UP,5
78233,157.9,170.7,164.3,171.5,161.6,150.6,156.1,160.4,4.3,0.887,UP,5
78266,156.6,159.8,158.2,167.8,159.3,147.2,153.2,158.3,4.1,0.887,UP,5
78300,152.1,147.8,150.0,163.0,156.7,147.7,152.2,156.3,4.5,0.885,UP,5
78333,149.4,137.3,143.4,157.3,154.7,147.7,151.2,154.2,4.7,0.879,UP,5
78366,141.8,131.5,136.7,150.5,149.0,145.9,147.5,152.0,5.0,0.867,UP,5
78400,139.0,169.5,154.3,148.5,146.8,141.5,144.1,149.7,4.9,0.853,UP,5
78433,114.0,76.6,95.3,135.9,139.2,136.2,137.7,146.5,3.9,0.831,UP,5
78466,77.1,68.7,72.9,120.5,124.6,125.6,125.1,141.1,2.5,0.807,DOWN,5
78500,72.8,91.3,82.0,108.2,109.4,122.0,115.7,134.0,0.9,0.783,DOWN,5
78533,60.0,79.7,69.8,94.9,95.6,104.1,99.8,124.5,0.8,0.76,DOWN,5
78566,52.2,98.3,75.3,79.1,79.6,92.2,85.9,112.8,0.3,0.738,DOWN,5
78600,42.2,108.8,75.5,75.1,75.3,97.1,86.2,102.6,0.1,0.719,DOWN,5
78633,41.1,74.7,57.9,72.1,67.3,80.6,73.9,92.3,0.0,0.696,DOWN,5
78666,39.1,70.2,54.6,66.6,62.7,71.9,67.3,82.6,0.5,0.671,BOTTOM,5
78700,39.4,62.8,51.1,62.9,62.0,75.4,68.7,76.4,0.7,0.648,BOTTOM,5
78733,28.1,62.8,45.4,56.9,58.6,74.3,66.5,72.5,0.5,0.63,BOTTOM,5
78766,21.6,82.6,52.1,52.2,51.5,69.6,60.5,67.4,0.2,0.623,BOTTOM,5
78800,20.4,90.3,55.4,51.7,49.6,74.9,62.3,65.0,0.8,0.629,BOTTOM,5
78833,19.7,58.8,39.2,48.7,51.0,63.3,57.1,63.0,1.1,0.642,BOTTOM,5
78866,23.0,42.6,32.8,45.0,54.5,64.7,59.6,61.2,1.5,0.66,BOTTOM,5
78900,50.0,60.3,55.1,46.9,58.3,63.2,60.7,60.1,1.2,0.677,BOTTOM,5
78933,51.1,63.4,57.2,48.0,58.8,68.6,63.7,60.7,0.8,0.688,BOTTOM,5
78966,58.1,94.1,76.1,52.1,65.0,81.4,73.2,62.9,0.5,0.696,BOTTOM,5
79000,64.2,130.7,97.4,63.7,68.4,97.0,82.7,68.0,1.8,0.703,BOTTOM,5
79033,72.3,144.9,108.6,78.9,76.7,107.2,91.9,74.5,1.8,0.712,BOTTOM,5
79066,84.9,164.8,124.8,92.8,91.9,124.5,108.2,83.9,2.0,0.718,BOTTOM,5
79100,98.6,153.0,125.8,106.6,103.9,136.2,120.1,95.2,2.3,0.72,BOTTOM,5
79133,117.1,98.9,108.0,112.9,116.2,144.1,130.2,106.6,1.7,0.712,BOTTOM,5
79166,130.7,88.5,109.6,115.4,129.0,156.4,142.7,118.6,1.6,0.694,BOTTOM,5
79200,135.6,125.2,130.4,119.7,135.3,157.8,146.5,129.5,1.2,0.673,BOTTOM,5
79233,141.2,175.0,158.1,126.4,138.6,157.0,147.8,137.5,1.5,0.659,DOWN,5
79266,148.5,176.0,162.3,133.7,144.4,157.6,151.0,143.6,1.6,0.654,DOWN,5
79300,151.6,174.1,162.8,144.6,147.4,158.1,152.7,148.2,1.7,0.664,DOWN,5
79333,154.6,172.8,163.7,155.5,150.2,158.4,154.3,150.5,1.5,0.686,DOWN,5
79366,157.3,174.3,165.8,162.5,152.6,158.8,155.7,152.3,1.4,0.712,DOWN,5
79400,160.6,176.3,168.5,164.6,154.5,160.6,157.6,154.3,1.2,0.734,DOWN,5
79433,164.0,169.8,166.9,165.5,156.3,162.2,159.2,155.9,1.2,0.753,DOWN,5
79466,165.2,168.4,166.8,166.3,157.6,163.5,160.6,157.5,1.3,0.77,DOWN,5
79500,167.8,171.7,169.7,167.5,160.2,164.4,162.3,159.1,0.8,0.783,UP,6
79533,170.3,177.5,173.9,169.2,161.7,163.8,162.8,160.5,0.8,0.793,UP,6
79566,172.0,178.7,175.3,170.5,164.1,162.7,163.4,161.7,0.1,0.799,UP,6
79600,177.3,179.4,178.4,172.8,167.1,162.1,164.6,162.7,0.5,0.801,UP,6
79633,179.6,177.8,178.7,175.2,168.5,164.0,166.3,163.9,1.2,0.8,UP,6
79666,179.6,176.5,178.0,176.9,168.9,166.1,167.5,164.9,1.0,0.794,UP,6
79700,179.1,177.2,178.1,177.7,169.2,165.5,167.3,165.8,1.2,0.787,UP,6
79733,179.3,177.7,178.5,178.3,169.5,165.1,167.3,166.6,1.1,0.779,UP,6
79766,179.2,177.2,178.2,178.3,169.3,164.9,167.1,167.1,0.9,0.771,UP,6
79800,178.5,176.1,177.3,178.0,169.0,165.6,167.3,167.3,1.0,0.762,UP,6
79833,178.5,177.7,178.1,178.0,169.3,165.3,167.3,167.3,1.1,0.756,UP,6
79866,179.7,180.0,179.9,178.4,170.2,165.1,167.7,167.3,1.1,0.753,UP,6
79900,177.9,177.0,177.5,178.2,170.7,166.4,168.6,167.6,1.2,0.749,UP,6
79933,178.3,177.0,177.6,178.1,170.6,165.9,168.2,167.8,1.2,0.744,UP,6
79966,178.9,177.4,178.1,178.2,170.5,166.8,168.7,168.1,1.2,0.739,UP,6
80000,178.4,177.8,178.1,178.2,170.7,167.1,168.9,168.4,1.0,0.733,UP,6
80033,179.8,179.7,179.8,178.2,169.2,167.5,168.3,168.5,0.7,0.725,UP,6
80066,179.0,179.6,179.3,178.6,168.6,167.6,168.1,168.4,0.6,0.717,UP,6
80100,178.1,177.5,177.8,178.6,168.3,167.5,167.9,168.4,0.7,0.711,UP,6
80133,178.3,178.2,178.3,178.6,168.3,167.3,167.8,168.2,0.7,0.707,UP,6
80166,177.9,178.4,178.1,178.7,168.1,167.1,167.6,168.0,0.6,0.706,UP,6
80200,177.1,177.1,177.1,178.1,168.0,167.4,167.7,167.8,0.7,0.706,UP,6
80233,176.7,176.7,176.7,177.6,168.0,167.3,167.6,167.7,0.9,0.707,UP,6
80266,176.7,177.5,177.1,177.5,167.6,167.3,167.4,167.6,0.8,0.708,UP,6
80300,176.3,179.9,178.1,177.4,167.4,166.6,167.0,167.5,1.0,0.706,UP,6
80333,175.8,179.7,177.8,177.4,167.4,166.6,167.0,167.4,1.1,0.704,UP,6
80366,174.8,179.6,177.2,177.4,166.9,163.7,165.3,166.9,1.1,0.701,UP,6
80400,174.6,179.3,176.9,177.4,166.7,164.0,165.4,166.4,1.2,0.701,UP,6
80433,172.7,179.7,176.2,177.2,165.5,162.1,163.8,165.7,1.2,0.705,UP,6
80466,170.1,175.6,172.9,176.2,163.4,160.3,161.9,164.7,1.1,0.71,UP,6
80500,164.1,171.5,167.8,174.2,159.5,159.1,159.3,163.1,0.8,0.72,UP,6
80533,159.3,173.6,166.5,172.0,157.8,159.1,158.5,161.8,0.9,0.732,UP,6
80566,156.2,173.1,164.7,169.6,156.5,158.1,157.3,160.2,1.3,0.743,UP,6
80600,154.4,173.4,163.9,167.1,155.8,156.3,156.0,158.6,1.3,0.754,UP,6
80633,154.7,171.5,163.1,165.2,154.5,154.2,154.4,157.1,1.4,0.766,UP,6
80666,151.5,166.0,158.8,163.4,152.4,151.3,151.9,155.6,1.7,0.777,UP,6
80700,137.5,100.4,119.0,153.9,144.5,153.4,148.9,153.7,2.2,0.778,UP,6
80733,135.5,164.0,149.7,150.9,139.1,150.8,144.9,151.2,1.6,0.78,UP,6
80766,119.5,178.1,148.8,147.9,139.3,145.0,142.1,148.4,0.7,0.775,UP,6
80800,80.5,86.5,83.5,132.0,121.9,114.5,118.2,141.2,0.2,0.762,UP,6
80833,49.5,81.7,65.6,113.3,90.1,89.0,89.5,128.8,0.3,0.743,DOWN,6
80866,48.5,52.4,50.5,99.6,85.5,81.2,83.3,115.6,0.6,0.724,DOWN,6
80900,56.2,81.8,69.0,83.5,69.7,77.0,73.4,101.3,1.3,0.704,DOWN,6
80933,51.4,74.3,62.9,66.3,57.5,81.8,69.7,86.8,0.7,0.685,DOWN,6
80966,41.9,102.9,72.4,64.1,53.7,72.9,63.3,75.8,0.7,0.674,DOWN,6
81000,35.0,36.9,35.9,58.1,52.1,58.9,55.5,69.0,1.2,0.664,BOTTOM,6
81033,15.7,22.1,18.9,51.8,45.8,55.9,50.9,62.5,0.9,0.662,BOTTOM,6
81066,4.9,22.6,13.7,40.8,32.0,27.4,29.7,53.8,1.3,0.658,BOTTOM,6
81100,0.5,21.1,10.8,30.3,29.4,29.9,29.6,45.8,0.9,0.653,BOTTOM,6
81133,2.1,26.0,14.1,18.7,27.3,31.8,29.6,39.1,0.8,0.649,BOTTOM,6
81166,11.6,36.9,24.2,16.3,30.8,35.2,33.0,34.6,0.5,0.649,BOTTOM,6
81200,22.6,44.9,33.8,19.3,36.0,48.2,42.1,32.8,0.1,0.651,BOTTOM,6
81233,33.5,39.2,36.4,23.9,37.8,50.2,44.0,35.6,0.0,0.652,BOTTOM,6
81266,42.3,57.9,50.1,31.7,45.2,57.5,51.4,40.0,0.4,0.658,BOTTOM,6
81300,48.2,74.5,61.3,41.2,55.0,58.1,56.6,45.4,0.5,0.66,BOTTOM,6
81333,65.4,122.7,94.0,55.1,68.3,106.0,87.2,56.2,1.4,0.659,BOTTOM,6
81366,75.5,135.9,105.7,69.5,77.5,115.5,96.5,67.1,2.2,0.657,BOTTOM,6
81400,93.1,149.7,121.4,86.5,94.7,132.6,113.6,81.0,2.0,0.654,BOTTOM,6
81433,109.1,155.3,132.2,102.9,109.4,150.2,129.8,96.7,2.0,0.646,BOTTOM,6
81466,121.6,101.2,111.4,112.9,121.2,157.0,139.1,113.2,1.7,0.63,BOTTOM,6
81500,129.8,127.9,128.9,119.9,129.0,161.1,145.0,124.8,1.5,0.613,BOTTOM,6
81533,134.9,131.8,133.3,125.4,134.1,161.1,147.6,135.0,1.3,0.595,BOTTOM,6
81566,140.4,152.6,146.5,130.5,139.8,160.6,150.2,142.3,1.3,0.587,DOWN,6
81600,146.9,164.4,155.7,135.2,145.1,160.4,152.7,146.9,1.2,0.588,DOWN,6
81633,151.7,177.9,164.8,145.8,149.0,161.1,155.0,150.1,0.9,0.605,DOWN,6
81666,156.9,177.1,167.0,153.5,152.7,161.9,157.3,152.6,0.7,0.627,DOWN,6
81700,159.7,179.5,169.6,160.7,154.1,162.2,158.2,154.7,0.9,0.654,DOWN,6
81733,163.9,178.9,171.4,165.7,156.4,163.6,160.0,156.6,0.7,0.678,DOWN,6
81766,165.5,170.0,167.8,168.1,158.1,164.1,161.1,158.3,0.1,0.699,DOWN,6
81800,167.5,173.8,170.7,169.3,159.9,164.3,162.1,159.7,0.2,0.715,DOWN,6
81833,169.2,169.9,169.6,169.8,161.5,164.6,163.1,160.9,0.8,0.725,UP,7
81866,175.9,174.8,175.4,170.9,163.7,170.3,167.0,162.6,1.0,0.73,UP,7
81900,171.4,174.8,173.1,171.3,162.2,168.1,165.1,163.7,1.6,0.73,UP,7
81933,173.5,178.3,175.9,172.9,163.7,167.4,165.6,164.6,1.8,0.722,UP,7
81966,174.2,178.9,176.6,174.1,164.5,167.4,166.0,165.3,1.9,0.709,UP,7
82000,173.6,179.3,176.5,175.5,165.1,168.0,166.5,166.0,2.2,0.697,UP,7
82033,174.7,171.6,173.2,175.0,163.8,168.8,166.3,165.9,1.5,0.684,UP,7
82066,174.8,173.2,174.0,175.2,164.1,168.8,166.5,166.2,1.5,0.671,UP,7
82100,172.1,176.2,174.1,174.9,161.0,172.3,166.6,166.4,1.0,0.663,UP,7
82133,173.3,176.8,175.1,174.6,161.4,171.1,166.2,166.4,1.2,0.662,UP,7
82166,174.5,177.5,176.0,174.5,161.1,172.1,166.6,166.4,1.0,0.665,UP,7
82200,169.0,171.6,170.3,173.9,170.2,176.1,173.1,167.8,0.6,0.673,UP,7
82233,177.1,175.4,176.3,174.3,166.0,177.1,171.6,168.8,0.0,0.684,UP,7
82266,165.2,173.0,169.1,173.3,171.1,174.7,172.9,170.1,0.6,0.697,UP,7
82300,164.6,175.9,170.2,172.4,179.2,176.7,177.9,172.4,0.7,0.705,UP,7
82333,164.9,172.3,168.6,170.9,169.0,172.2,170.6,173.2,0.7,0.711,UP,7
82366,156.9,175.8,166.4,170.1,177.2,178.4,177.8,174.2,3.8,0.714,UP,7
82400,157.4,178.9,168.2,168.5,179.1,173.4,176.2,175.1,0.7,0.718,UP,7
82433,161.5,174.4,168.0,168.3,179.2,169.8,174.5,175.4,0.6,0.725,UP,7
82466,178.9,172.4,175.6,169.4,176.6,179.3,177.9,175.4,1.0,0.736,UP,7
82500,171.0,169.6,170.3,169.7,176.7,174.5,175.6,176.4,1.4,0.751,UP,7
82533,167.7,174.9,171.3,170.7,176.8,176.6,176.7,176.2,1.6,0.765,UP,7
82566,171.8,174.7,173.2,171.7,173.9,178.2,176.0,176.2,5.7,0.774,UP,7
82600,173.6,168.0,170.8,172.2,172.6,177.0,174.8,176.2,5.7,0.779,UP,7
82633,171.5,170.6,171.1,171.3,171.5,178.1,174.8,175.6,7.2,0.78,UP,7
82666,172.7,178.2,175.4,172.4,171.1,176.2,173.6,175.2,7.2,0.777,UP,7
82700,175.9,170.9,173.4,172.8,169.3,180.0,174.6,174.8,7.7,0.772,UP,7
82733,178.0,162.5,170.3,172.2,171.4,177.7,174.5,174.5,7.0,0.767,UP,7
82766,179.8,161.2,170.5,172.1,171.8,177.1,174.4,174.4,6.4,0.762,UP,7
82800,179.5,158.5,169.0,171.7,171.8,178.3,175.1,174.5,6.3,0.754,UP,7
82833,177.7,160.8,169.3,170.5,172.1,176.2,174.1,174.6,7.6,0.746,UP,7
82866,177.3,158.3,167.8,169.4,174.2,178.4,176.3,174.9,6.4,0.736,UP,7
82900,175.8,158.3,167.1,168.7,176.2,179.7,178.0,175.6,5.8,0.721,UP,7
82933,176.0,161.8,168.9,168.4,176.3,177.7,177.0,176.1,6.2,0.703,UP,7
82966,175.4,173.0,174.2,169.5,176.9,173.8,175.3,176.2,5.1,0.681,UP,7
83000,174.6,169.9,172.2,170.0,177.0,176.3,176.7,176.7,4.9,0.655,UP,7
83033,174.1,172.8,173.4,171.2,177.7,176.0,176.9,176.8,4.3,0.629,UP,7
83066,173.2,172.0,172.6,172.3,178.2,176.9,177.5,176.7,3.8,0.604,UP,7
83100,174.0,173.6,173.8,173.3,179.9,177.0,178.5,177.0,2.5,0.58,UP,7
83133,173.6,174.1,173.9,173.2,179.2,177.9,178.5,177.6,1.9,0.557,UP,7
83166,173.4,174.2,173.8,173.5,178.4,179.5,179.0,178.1,1.2,0.537,UP,7
83200,172.4,171.7,172.1,173.2,176.4,177.3,176.8,178.1,0.3,0.517,UP,7
83233,,,,,,,,,,0.495,UP,7
83266,,,,,,,,,,0.474,UP,7
83300,,,,,,,,,,0.453,UP,7
83333,,,,,,,,,,0.434,UP,7
83366,,,,,,,,,,0.414,UP,7
83400,,,,,,,,,,0.397,UP,7
83433,,,,,,,,,,0.38,UP,7
83466,,,,,,,,,,0.364,UP,7
83500,,,,,,,,,,0.347,UP,7
83533,,,,,,,,,,0.332,UP,7
83566,,,,,,,,,,0.318,UP,7
83600,,,,,,,,,,0.304,UP,7
83633,,,,,,,,,,0.292,UP,7
83666,,,,,,,,,,0.281,UP,7
83700,,,,,,,,,,0.27,UP,7
83733,,,,,,,,,,0.26,UP,7
83766,,,,,,,,,,0.251,UP,7
83800,,,,,,,,,,0.241,UP,7
83833,,,,,,,,,,0.232,UP,7
83866,,,,,,,,,,0.226,UP,7
83900,,,,,,,,,,0.221,UP,7
83933,,,,,,,,,,0.219,UP,7
83966,,,,,,,,,,0.22,UP,7
84000,,,,,,,,,,0.223,UP,7
84033,,,,,,,,,,0.227,UP,7
84066,,,,,,,,,,0.23,UP,7
84100,,,,,,,,,,0.232,UP,7
84133,,,,,,,,,,0.233,UP,7
84166,,,,,,,,,,0.231,UP,7
84200,,,,,,,,,,0.228,UP,7
84233,,,,,,,,,,0.225,UP,7
84266,,,,,,,,,,0.221,UP,7
84300,,,,,,,,,,0.217,UP,7
84333,,,,,,,,,,0.213,UP,7
84366,,,,,,,,,,0.208,UP,7
84400,,,,,,,,,,0.207,UP,7
84433,,,,,,,,,,0.205,UP,7
84466,,,,,,,,,,0.204,UP,7
84500,,,,,,,,,,0.204,UP,7
84533,,,,,,,,,,0.206,UP,7
84566,,,,,,,,,,0.205,UP,7
84600,,,,,,,,,,0.205,UP,7
84633,,,,,,,,,,0.205,UP,7
84666,,,,,,,,,,0.206,UP,7
84700,,,,,,,,,,0.205,UP,7
84733,,,,,,,,,,0.205,UP,7
84766,,,,,,,,,,0.205,UP,7
84800,,,,,,,,,,0.206,UP,7
84833,,,,,,,,,,0.207,UP,7
84866,,,,,,,,,,0.208,UP,7
84900,,,,,,,,,,0.209,UP,7
84933,,,,,,,,,,0.21,UP,7
84966,,,,,,,,,,0.21,UP,7
85000,,,,,,,,,,0.21,UP,7
85033,,,,,,,,,,0.211,UP,7
85066,,,,,,,,,,0.212,UP,7
85100,,,,,,,,,,0.214,UP,7
85133,,,,,,,,,,0.218,UP,7
85166,,,,,,,,,,0.221,UP,7
85200,,,,,,,,,,0.226,UP,7
85233,,,,,,,,,,0.232,UP,7
85266,,,,,,,,,,0.237,UP,7
85300,,,,,,,,,,0.241,UP,7
85333,,,,,,,,,,0.246,UP,7
85366,,,,,,,,,,0.248,UP,7
85400,,,,,,,,,,0.249,UP,7
85433,,,,,,,,,,0.249,UP,7
85466,,,,,,,,,,0.249,UP,7
85500,,,,,,,,,,0.249,UP,7
85533,,,,,,,,,,0.25,UP,7
85566,,,,,,,,,,0.252,UP,7
85600,,,,,,,,,,0.255,UP,7
85633,,,,,,,,,,0.259,UP,7
85666,,,,,,,,,,0.261,UP,7
85700,,,,,,,,,,0.262,UP,7
85733,,,,,,,,,,0.262,UP,7
85766,,,,,,,,,,0.262,UP,7
85800,,,,,,,,,,0.262,UP,7
85833,,,,,,,,,,0.262,UP,7
85866,,,,,,,,,,0.263,UP,7
85900,,,,,,,,,,0.266,UP,7
85933,,,,,,,,,,0.267,UP,7
85966,,,,,,,,,,0.267,UP,7
86000,,,,,,,,,,0.269,UP,7
86033,,,,,,,,,,0.271,UP,7
86066,,,,,,,,,,0.271,UP,7
86100,,,,,,,,,,0.271,UP,7
86133,,,,,,,,,,0.271,UP,7
86166,,,,,,,,,,0.269,UP,7
86200,,,,,,,,,,0.267,UP,7
86233,,,,,,,,,,0.264,UP,7
86266,,,,,,,,,,0.261,UP,7
86300,,,,,,,,,,0.26,UP,7
86333,,,,,,,,,,0.259,UP,7
86366,,,,,,,,,,0.26,UP,7
86400,,,,,,,,,,0.263,UP,7
86433,,,,,,,,,,0.267,UP,7
86466,,,,,,,,,,0.27,UP,7
86500,,,,,,,,,,0.275,UP,7
86533,,,,,,,,,,0.28,UP,7
86566,,,,,,,,,,0.283,UP,7
86600,,,,,,,,,,0.287,UP,7
86633,,,,,,,,,,0.291,UP,7
86666,,,,,,,,,,0.292,UP,7
86700,,,,,,,,,,0.293,UP,7
86733,,,,,,,,,,0.293,UP,7
86766,,,,,,,,,,0.292,UP,7
86800,,,,,,,,,,0.288,UP,7
86833,,,,,,,,,,0.283,UP,7
86866,,,,,,,,,,0.279,UP,7
86900,,,,,,,,,,0.275,UP,7
86933,,,,,,,,,,0.269,UP,7
86966,,,,,,,,,,0.265,UP,7
87000,,,,,,,,,,0.261,UP,7
87033,,,,,,,,,,0.257,UP,7
87066,,,,,,,,,,0.253,UP,7
87100,,,,,,,,,,0.249,UP,7
87133,,,,,,,,,,0.245,UP,7
87166,,,,,,,,,,0.24,UP,7
87200,,,,,,,,,,0.235,UP,7
87233,,,,,,,,,,0.228,UP,7
87266,,,,,,,,,,0.222,UP,7
87300,,,,,,,,,,0.217,UP,7
87333,,,,,,,,,,0.212,UP,7
87366,,,,,,,,,,0.207,UP,7
87400,,,,,,,,,,0.203,UP,7
87433,,,,,,,,,,0.198,UP,7
87466,,,,,,,,,,0.192,UP,7
87500,,,,,,,,,,0.187,UP,7
87533,,,,,,,,,,0.185,UP,7
87566,,,,,,,,,,0.185,UP,7
87600,,,,,,,,,,0.187,UP,7
87633,,,,,,,,,,0.189,UP,7
87666,,,,,,,,,,0.191,UP,7
87700,,,,,,,,,,0.188,UP,7
87733,,,,,,,,,,0.184,UP,7
87766,,,,,,,,,,0.179,UP,7
87800,,,,,,,,,,0.175,UP,7
87833,,,,,,,,,,0.172,UP,7
87866,,,,,,,,,,0.171,UP,7
87900,,,,,,,,,,0.171,UP,7
87933,,,,,,,,,,0.17,UP,7
87966,,,,,,,,,,0.17,UP,7
88000,,,,,,,,,,0.17,UP,7
88033,,,,,,,,,,0.17,UP,7
88066,,,,,,,,,,0.171,UP,7
88100,,,,,,,,,,0.175,UP,7
88133,,,,,,,,,,0.18,UP,7
88166,,,,,,,,,,0.185,UP,7
88200,,,,,,,,,,0.192,UP,7
88233,,,,,,,,,,0.197,UP,7
88266,,,,,,,,,,0.203,UP,7
88300,,,,,,,,,,0.208,UP,7
88333,,,,,,,,,,0.214,UP,7
88366,,,,,,,,,,0.218,UP,7
88400,,,,,,,,,,0.224,UP,7
88433,,,,,,,,,,0.227,UP,7
88466,,,,,,,,,,0.233,UP,7
88500,,,,,,,,,,0.239,UP,7
88533,,,,,,,,,,0.247,UP,7
88566,,,,,,,,,,0.253,UP,7
88600,,,,,,,,,,0.259,UP,7
88633,,,,,,,,,,0.266,UP,7
88666,,,,,,,,,,0.272,UP,7
88700,,,,,,,,,,0.276,UP,7
88733,,,,,,,,,,0.279,UP,7
88766,,,,,,,,,,0.28,UP,7
88800,,,,,,,,,,0.278,UP,7
88833,,,,,,,,,,0.274,UP,7
88866,,,,,,,,,,0.272,UP,7
88900,,,,,,,,,,0.273,UP,7
88933,,,,,,,,,,0.276,UP,7
88966,,,,,,,,,,0.28,UP,7
89000,,,,,,,,,,0.285,UP,7
89033,,,,,,,,,,0.289,UP,7
89066,,,,,,,,,,0.29,UP,7
89100,,,,,,,,,,0.292,UP,7
89133,,,,,,,,,,0.294,UP,7
89166,,,,,,,,,,0.298,UP,7
89200,,,,,,,,,,0.302,UP,7
89233,,,,,,,,,,0.306,UP,7
89266,,,,,,,,,,0.309,UP,7
89300,,,,,,,,,,0.316,UP,7
89333,,,,,,,,,,0.32,UP,7
89366,,,,,,,,,,0.33,UP,7
89400,,,,,,,,,,0.339,UP,7
89433,,,,,,,,,,0.349,UP,7
89466,,,,,,,,,,0.355,UP,7
89500,,,,,,,,,,0.364,UP,7
89533,,,,,,,,,,0.364,UP,7
89566,,,,,,,,,,0.365,UP,7
89600,,,,,,,,,,0.363,UP,7
89633,,,,,,,,,,0.364,UP,7
89666,,,,,,,,,,0.361,UP,7
89700,,,,,,,,,,0.363,UP,7
89733,,,,,,,,,,0.365,UP,7
89766,,,,,,,,,,0.368,UP,7
89800,,,,,,,,,,0.368,UP,7
89833,,,,,,,,,,0.367,UP,7
89866,,,,,,,,,,0.362,UP,7
89900,,,,,,,,,,0.355,UP,7
89933,,,,,,,,,,0.347,UP,7
89966,,,,,,,,,,0.337,UP,7
90000,,,,,,,,,,0.328,UP,7
90033,,,,,,,,,,0.32,UP,7
90066,,,,,,,,,,0.314,UP,7
90100,,,,,,,,,,0.308,UP,7
90133,,,,,,,,,,0.302,UP,7
90166,,,,,,,,,,0.299,UP,7
90200,,,,,,,,,,0.296,UP,7
90233,,,,,,,,,,0.293,UP,7
90266,,,,,,,,,,0.29,UP,7
90300,,,,,,,,,,0.285,UP,7
90333,,,,,,,,,,0.278,UP,7
90366,,,,,,,,,,0.272,UP,7
90400,,,,,,,,,,0.266,UP,7
90433,,,,,,,,,,0.26,UP,7
90466,,,,,,,,,,0.256,UP,7
90500,,,,,,,,,,0.252,UP,7
90533,,,,,,,,,,0.249,UP,7
90566,,,,,,,,,,0.245,UP,7
90600,,,,,,,,,,0.239,UP,7
90633,,,,,,,,,,0.233,UP,7
90666,,,,,,,,,,0.227,UP,7
90700,,,,,,,,,,0.221,UP,7
90733,,,,,,,,,,0.217,UP,7
90766,,,,,,,,,,0.214,UP,7
90800,,,,,,,,,,0.209,UP,7
90833,,,,,,,,,,0.207,UP,7
90866,,,,,,,,,,0.206,UP,7
90900,,,,,,,,,,0.205,UP,7
90933,,,,,,,,,,0.206,UP,7
90966,,,,,,,,,,0.208,UP,7
91000,,,,,,,,,,0.211,UP,7
91033,,,,,,,,,,0.213,UP,7
91066,,,,,,,,,,0.217,UP,7
91100,,,,,,,,,,0.222,UP,7
91133,,,,,,,,,,0.229,UP,7
91166,,,,,,,,,,0.239,UP,7
91200,,,,,,,,,,0.252,UP,7
91233,,,,,,,,,,0.264,UP,7
91266,,,,,,,,,,0.276,UP,7
91300,,,,,,,,,,0.286,UP,7
91333,,,,,,,,,,0.295,UP,7
91366,,,,,,,,,,0.302,UP,7
91400,,,,,,,,,,0.308,UP,7
91433,,,,,,,,,,0.313,UP,7
91466,,,,,,,,,,0.316,UP,7
91500,,,,,,,,,,0.316,UP,7
91533,,,,,,,,,,0.314,UP,7
91566,,,,,,,,,,0.308,UP,7
91600,,,,,,,,,,0.302,UP,7
91633,,,,,,,,,,0.295,UP,7
91666,,,,,,,,,,0.289,UP,7
91700,,,,,,,,,,0.283,UP,7
91733,,,,,,,,,,0.279,UP,7
91766,,,,,,,,,,0.276,UP,7
91800,,,,,,,,,,0.274,UP,7
91833,,,,,,,,,,0.274,UP,7
91866,,,,,,,,,,0.273,UP,7
91900,,,,,,,,,,0.274,UP,7
91933,,,,,,,,,,0.274,UP,7
91966,,,,,,,,,,0.274,UP,7
92000,,,,,,,,,,0.271,UP,7
92033,,,,,,,,,,0.268,UP,7
92066,,,,,,,,,,0.264,UP,7
92100,,,,,,,,,,0.262,UP,7
92133,,,,,,,,,,0.26,UP,7
92166,,,,,,,,,,0.259,UP,7
92200,,,,,,,,,,0.26,UP,7
92233,,,,,,,,,,0.26,UP,7
92266,,,,,,,,,,0.261,UP,7
92300,,,,,,,,,,0.261,UP,7
92333,,,,,,,,,,0.266,UP,7
92366,,,,,,,,,,0.272,UP,7
92400,,,,,,,,,,0.284,UP,7
92433,,,,,,,,,,0.298,UP,7
92466,,,,,,,,,,0.315,UP,7
92500,,,,,,,,,,0.333,UP,7
92533,,,,,,,,,,0.35,UP,7
92566,,,,,,,,,,0.366,UP,7
92600,,,,,,,,,,0.383,UP,7
92633,,,,,,,,,,0.398,UP,7
92666,,,,,,,,,,0.412,UP,7
92700,,,,,,,,,,0.424,UP,7
92733,,,,,,,,,,0.436,UP,7
92766,,,,,,,,,,0.444,UP,7
92800,,,,,,,,,,0.451,UP,7
92833,,,,,,,,,,0.456,UP,7
92866,,,,,,,,,,0.459,UP,7
92900,,,,,,,,,,0.462,UP,7
92933,,,,,,,,,,0.469,UP,7
92966,,,,,,,,,,0.474,UP,7
93000,,,,,,,,,,0.481,UP,7
93033,,,,,,,,,,0.488,UP,7
93066,,,,,,,,,,0.491,UP,7
93100,,,,,,,,,,0.49,UP,7
93133,,,,,,,,,,0.487,UP,7
93166,,,,,,,,,,0.482,UP,7
93200,,,,,,,,,,0.476,UP,7
93233,,,,,,,,,,0.473,UP,7
93266,,,,,,,,,,0.472,UP,7
93300,,,,,,,,,,0.472,UP,7
93333,,,,,,,,,,0.468,UP,7
93366,,,,,,,,,,0.46,UP,7
93400,,,,,,,,,,0.446,UP,7
93433,,,,,,,,,,0.432,UP,7
93466,,,,,,,,,,0.417,UP,7
93500,,,,,,,,,,0.405,UP,7
93533,,,,,,,,,,0.397,UP,7
93566,,,,,,,,,,0.392,UP,7
93600,,,,,,,,,,0.387,UP,7
93633,,,,,,,,,,0.382,UP,7
93666,,,,,,,,,,0.378,UP,7
93700,,,,,,,,,,0.373,UP,7
93733,,,,,,,,,,0.367,UP,7
93766,,,,,,,,,,0.361,UP,7
93800,,,,,,,,,,0.355,UP,7
93833,,,,,,,,,,0.349,UP,7
93866,,,,,,,,,,0.344,UP,7
93900,,,,,,,,,,0.343,UP,7
93933,,,,,,,,,,0.345,UP,7
93966,,,,,,,,,,0.346,UP,7
94000,,,,,,,,,,0.346,UP,7
94033,,,,,,,,,,0.345,UP,7
94066,,,,,,,,,,0.341,UP,7
94100,,,,,,,,,,0.335,UP,7
94133,,,,,,,,,,0.33,UP,7
94166,,,,,,,,,,0.324,UP,7
94200,,,,,,,,,,0.319,UP,7
94233,,,,,,,,,,0.312,UP,7
94266,,,,,,,,,,0.306,UP,7
94300,,,,,,,,,,0.299,UP,7
94333,,,,,,,,,,0.293,UP,7
94366,,,,,,,,,,0.287,UP,7
94400,,,,,,,,,,0.282,UP,7
94433,,,,,,,,,,0.279,UP,7
94466,,,,,,,,,,0.277,UP,7
94500,,,,,,,,,,0.275,UP,7
94533,,,,,,,,,,0.268,UP,7
94566,,,,,,,,,,0.259,UP,7
94600,,,,,,,,,,0.246,UP,7
94633,,,,,,,,,,0.231,UP,7
94666,,,,,,,,,,0.215,UP,7
94700,,,,,,,,,,0.2,UP,7
94733,,,,,,,,,,0.186,UP,7
94766,,,,,,,,,,0.174,UP,7
94800,,,,,,,,,,0.162,UP,7
94833,,,,,,,,,,0.152,UP,7
94866,,,,,,,,,,0.143,UP,7
94900,,,,,,,,,,0.135,UP,7
94933,,,,,,,,,,0.129,UP,7
94966,,,,,,,,,,0.123,UP,7
95000,,,,,,,,,,0.119,UP,7
95033,,,,,,,,,,0.115,UP,7
95066,,,,,,,,,,0.112,UP,7
95100,,,,,,,,,,0.109,UP,7
95133,,,,,,,,,,0.107,UP,7
95166,,,,,,,,,,0.106,UP,7
95200,,,,,,,,,,0.106,UP,7
95233,,,,,,,,,,0.106,UP,7
95266,,,,,,,,,,0.108,UP,7
95300,,,,,,,,,,0.111,UP,7
95333,,,,,,,,,,0.114,UP,7
95366,,,,,,,,,,0.119,UP,7
95400,,,,,,,,,,0.124,UP,7
95433,,,,,,,,,,0.129,UP,7
95466,,,,,,,,,,0.137,UP,7
95500,,,,,,,,,,0.144,UP,7
95533,,,,,,,,,,0.151,UP,7
95566,,,,,,,,,,0.16,UP,7
95600,,,,,,,,,,0.169,UP,7
95633,,,,,,,,,,0.175,UP,7
95666,,,,,,,,,,0.183,UP,7
95700,,,,,,,,,,0.191,UP,7
95733,,,,,,,,,,0.202,UP,7
95766,,,,,,,,,,0.213,UP,7
95800,,,,,,,,,,0.223,UP,7
95833,,,,,,,,,,0.23,UP,7
95866,,,,,,,,,,0.235,UP,7
95900,,,,,,,,,,0.235,UP,7
95933,,,,,,,,,,0.234,UP,7
95966,,,,,,,,,,0.232,UP,7
96000,,,,,,,,,,0.231,UP,7
96033,,,,,,,,,,0.23,UP,7
96066,,,,,,,,,,0.228,UP,7
96100,,,,,,,,,,0.227,UP,7
96133,,,,,,,,,,0.227,UP,7
96166,,,,,,,,,,0.228,UP,7
96200,,,,,,,,,,0.231,UP,7
96233,,,,,,,,,,0.235,UP,7
96266,,,,,,,,,,0.241,UP,7
96300,,,,,,,,,,0.251,UP,7
96333,,,,,,,,,,0.261,UP,7
96366,,,,,,,,,,0.271,UP,7
96400,,,,,,,,,,0.283,UP,7
96433,,,,,,,,,,0.294,UP,7
96466,,,,,,,,,,0.301,UP,7
96500,,,,,,,,,,0.311,UP,7
96533,,,,,,,,,,0.328,UP,7
96566,,,,,,,,,,0.352,UP,7
96600,,,,,,,,,,0.382,UP,7
96633,,,,,,,,,,0.421,UP,7
96666,,,,,,,,,,0.462,UP,7
96700,176.6,150.5,163.6,171.4,179.8,164.4,172.1,177.0,4.7,0.5,UP,7
96733,176.7,149.9,163.3,169.3,179.0,164.2,171.6,175.6,4.5,0.533,UP,7
96766,177.4,149.7,163.5,167.3,180.0,164.9,172.4,174.4,3.7,0.561,UP,7
96800,177.2,154.9,166.1,165.7,179.5,164.1,171.8,173.0,3.7,0.584,UP,7
96833,178.9,155.8,167.3,164.8,178.1,162.9,170.5,171.7,4.4,0.606,UP,7
96866,179.4,160.3,169.9,166.0,177.7,162.8,170.3,171.3,4.3,0.624,UP,7
96900,177.2,168.2,172.7,167.9,176.8,162.0,169.4,170.9,3.9,0.641,UP,7
96933,176.6,171.8,174.2,170.0,176.0,161.6,168.8,170.1,4.0,0.657,UP,7
96966,176.8,174.9,175.9,172.0,175.3,161.5,168.4,169.5,3.8,0.672,UP,7
97000,177.6,172.8,175.2,173.6,175.0,162.1,168.5,169.1,3.4,0.683,UP,7
97033,178.8,175.4,177.1,175.0,175.3,162.4,168.8,168.8,2.8,0.694,UP,7
97066,179.2,170.8,175.0,175.5,176.8,162.0,169.4,168.8,2.8,0.703,UP,7
97100,178.6,174.8,176.7,176.0,176.4,162.9,169.6,169.0,2.7,0.709,UP,7
97133,179.7,173.1,176.4,176.1,175.3,162.0,168.7,169.0,3.3,0.716,UP,7
97166,179.2,177.7,178.4,176.7,175.3,162.3,168.8,169.1,3.4,0.724,UP,7
97200,178.9,172.3,175.6,176.4,175.0,161.5,168.3,169.0,3.6,0.732,UP,7
97233,179.2,170.5,174.8,176.4,174.8,160.7,167.8,168.6,4.4,0.744,UP,7
97266,179.6,174.4,177.0,176.5,173.7,162.1,167.9,168.3,4.3,0.755,UP,7
97300,179.6,171.0,175.3,176.2,173.4,162.0,167.7,168.1,4.5,0.767,UP,7
97333,178.0,173.5,175.7,175.7,172.6,161.8,167.2,167.8,4.5,0.779,UP,7
97366,177.6,169.2,173.4,175.3,172.5,161.6,167.0,167.5,4.8,0.788,UP,7
97400,177.6,173.4,175.5,175.4,171.8,162.2,167.0,167.4,4.7,0.797,UP,7
97433,178.4,173.1,175.8,175.1,170.1,163.6,166.8,167.1,4.4,0.806,UP,7
97466,179.3,171.0,175.1,175.1,170.7,162.4,166.6,166.9,4.8,0.813,UP,7
97500,179.6,167.7,173.7,174.7,170.7,163.8,167.2,166.9,4.7,0.819,UP,7
97533,178.7,169.4,174.0,174.8,170.8,163.6,167.2,167.0,4.6,0.825,UP,7
97566,177.5,170.2,173.9,174.5,171.4,164.1,167.7,167.1,4.4,0.831,UP,7
97600,177.2,168.6,172.9,173.9,171.6,163.4,167.5,167.2,4.4,0.832,UP,7
97633,176.0,167.7,171.9,173.3,172.3,163.1,167.7,167.5,4.3,0.835,UP,7
97666,176.6,169.2,172.9,173.1,171.8,163.5,167.7,167.6,3.8,0.838,UP,7
97700,175.9,168.3,172.1,172.7,171.5,163.3,167.4,167.6,3.1,0.842,UP,7
97733,175.4,164.4,169.9,171.9,171.9,162.5,167.2,167.5,2.8,0.843,UP,7
97766,175.0,163.6,169.3,171.2,172.2,162.1,167.1,167.4,2.5,0.848,UP,7
97800,175.4,164.5,169.9,170.8,172.3,162.2,167.2,167.3,2.3,0.85,UP,7
97833,176.7,165.1,170.9,170.4,171.4,162.2,166.8,167.2,2.0,0.853,UP,7
97866,177.3,172.6,175.0,171.0,171.0,162.2,166.6,167.0,1.6,0.852,UP,7
97900,178.5,172.4,175.5,172.1,169.9,162.1,166.0,166.8,1.3,0.852,UP,7
97933,178.5,171.9,175.2,173.3,168.8,162.3,165.6,166.4,1.2,0.851,UP,7
97966,178.4,171.7,175.0,174.3,167.8,162.1,165.0,166.0,1.4,0.851,UP,7
98000,173.0,171.0,172.0,174.5,165.4,161.9,163.6,165.4,1.7,0.848,UP,7
98033,168.0,169.4,168.7,173.3,164.2,159.9,162.1,164.5,2.2,0.844,UP,7
98066,165.0,164.2,164.6,171.1,163.4,157.9,160.7,163.4,2.5,0.838,UP,7
98100,162.3,159.1,160.7,168.2,162.1,156.3,159.2,162.1,2.8,0.832,UP,7
98133,159.9,152.1,156.0,164.4,161.2,153.1,157.1,160.5,3.1,0.828,UP,7
98166,155.1,145.2,150.1,160.0,159.1,151.7,155.4,158.9,3.8,0.824,UP,7
98200,154.5,153.8,154.2,157.1,158.8,149.7,154.2,157.3,4.3,0.824,UP,7
98233,149.2,143.4,146.3,153.5,154.7,145.4,150.1,155.2,4.6,0.825,UP,7
98266,146.9,133.2,140.1,149.3,154.0,142.1,148.1,153.0,5.4,0.823,UP,7
98300,142.2,123.7,133.0,144.7,153.5,141.1,147.3,151.0,6.2,0.819,UP,7
98333,140.2,107.3,123.8,139.5,149.8,139.3,144.6,148.8,6.1,0.812,DOWN,7
98366,131.9,172.5,152.2,139.1,142.8,131.7,137.3,145.5,6.2,0.806,DOWN,7
98400,117.2,179.9,148.5,139.5,127.7,133.4,130.5,141.5,5.3,0.803,DOWN,7
98433,106.2,151.9,129.0,137.3,120.9,125.4,123.1,136.6,4.5,0.799,DOWN,7
98466,111.7,132.4,122.1,135.1,127.7,116.2,121.9,131.5,3.5,0.794,DOWN,7
98500,100.1,79.2,89.6,128.3,114.6,113.1,113.8,125.3,3.9,0.783,DOWN,7
98533,59.8,96.4,78.1,113.5,69.0,101.9,85.4,115.0,4.1,0.762,DOWN,7
98566,52.4,81.1,66.8,97.1,67.8,99.7,83.8,105.6,4.4,0.733,DOWN,7
98600,58.5,69.3,63.9,84.1,70.9,88.0,79.4,96.9,4.0,0.704,DOWN,7
98633,47.7,53.6,50.6,69.8,62.4,73.0,67.7,86.0,4.0,0.677,DOWN,7
98666,62.6,39.5,51.1,62.1,75.1,72.2,73.6,78.0,2.8,0.656,DOWN,7
98700,32.1,34.3,33.2,53.1,52.7,78.2,65.5,74.0,1.6,0.635,BOTTOM,7
98733,43.4,49.6,46.5,49.1,59.9,66.1,63.0,69.8,0.9,0.617,BOTTOM,7
98766,42.3,50.8,46.6,45.6,59.9,52.5,56.2,65.2,1.1,0.595,BOTTOM,7
98800,85.6,140.5,113.1,58.1,97.3,136.1,116.7,75.0,0.3,0.567,BOTTOM,7
98833,74.7,109.7,92.2,66.3,88.7,94.1,91.4,78.6,0.1,0.543,BOTTOM,7
98866,91.6,131.7,111.7,82.0,93.5,120.7,107.1,86.9,0.3,0.522,BOTTOM,7
98900,77.5,114.6,96.1,91.9,93.7,108.3,101.0,94.5,0.2,0.506,BOTTOM,7
98933,,,,,,,,,,0.49,BOTTOM,7
98966,,,,,,,,,,0.478,BOTTOM,7
99000,,,,,,,,,,0.467,BOTTOM,7
99033,,,,,,,,,,0.457,BOTTOM,7
99066,,,,,,,,,,0.445,BOTTOM,7
99100,,,,,,,,,,0.44,BOTTOM,7
99133,,,,,,,,,,0.438,BOTTOM,7
99166,,,,,,,,,,0.438,BOTTOM,7
99200,,,,,,,,,,0.437,BOTTOM,7
99233,,,,,,,,,,0.436,BOTTOM,7
99266,,,,,,,,,,0.432,BOTTOM,7
99300,,,,,,,,,,0.423,BOTTOM,7
99333,,,,,,,,,,0.411,BOTTOM,7
99366,,,,,,,,,,0.398,BOTTOM,7
99400,,,,,,,,,,0.386,BOTTOM,7
99433,,,,,,,,,,0.379,BOTTOM,7
99466,,,,,,,,,,0.38,BOTTOM,7
99500,,,,,,,,,,0.383,BOTTOM,7
99533,,,,,,,,,,0.397,BOTTOM,7
99566,,,,,,,,,,0.423,BOTTOM,7
99600,,,,,,,,,,0.451,BOTTOM,7
99633,,,,,,,,,,0.483,BOTTOM,7
99666,151.2,155.4,153.3,113.3,147.4,149.6,148.5,113.0,1.8,0.52,BOTTOM,7
99700,152.2,171.1,161.6,123.0,148.7,153.6,151.1,119.8,1.6,0.556,BOTTOM,7
99733,155.6,160.7,158.1,136.2,152.9,146.4,149.7,131.5,1.8,0.588,BOTTOM,7
99766,157.3,167.9,162.6,146.4,154.6,154.1,154.3,140.9,1.5,0.617,BOTTOM,7
99800,158.4,166.3,162.4,159.6,155.7,155.5,155.6,151.9,1.4,0.645,DOWN,7
99833,160.2,165.1,162.7,161.5,156.4,156.3,156.4,153.4,1.0,0.672,DOWN,7
99866,161.9,158.2,160.1,161.2,156.4,157.6,157.0,154.6,0.3,0.695,DOWN,7
99900,163.4,143.2,153.3,160.2,157.0,159.7,158.3,156.3,0.2,0.711,DOWN,7
99933,165.6,137.4,151.5,158.0,157.7,160.9,159.3,157.3,0.2,0.721,DOWN,7
99966,168.5,141.0,154.8,156.5,159.4,161.6,160.5,158.3,0.4,0.726,DOWN,7
100000,171.3,149.4,160.3,156.0,160.6,163.7,162.1,159.5,0.3,0.728,DOWN,7
100033,174.1,157.6,165.9,157.1,162.7,164.4,163.5,160.8,0.8,0.73,DOWN,7
100066,177.2,164.9,171.1,160.7,164.8,166.4,165.6,162.2,1.1,0.734,DOWN,7
100100,179.8,167.1,173.4,165.1,166.2,166.7,166.5,163.7,1.2,0.739,DOWN,7
100133,180.0,165.6,172.8,168.7,166.8,167.0,166.9,164.9,1.4,0.746,DOWN,7
100166,179.1,166.1,172.6,171.2,167.4,166.7,167.0,165.9,1.6,0.75,DOWN,7
100200,176.9,167.5,172.2,172.4,168.2,167.3,167.7,166.7,1.7,0.754,UP,8
100233,176.6,164.4,170.5,172.3,168.2,166.7,167.5,167.1,1.9,0.756,UP,8
100266,175.8,162.0,168.9,171.4,169.1,166.2,167.7,167.4,2.4,0.758,UP,8
100300,176.7,163.8,170.3,170.9,168.9,166.4,167.6,167.5,2.4,0.762,UP,8
100333,176.3,165.5,170.9,170.5,169.2,166.4,167.8,167.7,2.7,0.768,UP,8
100366,176.2,166.2,171.2,170.3,169.5,166.7,168.1,167.7,3.0,0.773,UP,8
100400,175.9,168.4,172.1,170.7,169.8,167.3,168.6,168.0,3.4,0.779,UP,8
100433,175.0,171.0,173.0,171.5,169.8,167.9,168.9,168.2,3.2,0.786,UP,8
100466,174.7,168.2,171.4,171.7,170.2,166.9,168.6,168.4,3.6,0.789,UP,8
100500,174.5,168.8,171.7,171.9,171.0,166.8,168.9,168.6,3.8,0.793,UP,8
100533,175.0,165.9,170.5,171.7,171.6,166.2,168.9,168.8,4.6,0.792,UP,8
100566,176.0,166.5,171.3,171.6,171.0,166.9,168.9,168.8,4.6,0.791,UP,8
100600,175.7,170.6,173.2,171.6,171.1,168.1,169.6,169.0,4.8,0.791,UP,8
100633,175.9,171.5,173.7,172.0,170.6,168.0,169.3,169.1,4.9,0.795,UP,8
100666,175.8,173.0,174.4,172.6,170.9,168.2,169.6,169.3,5.1,0.801,UP,8
100700,176.2,173.2,174.7,173.4,170.8,168.7,169.7,169.4,5.2,0.807,UP,8
100733,176.1,173.7,174.9,174.2,170.6,169.0,169.8,169.6,5.2,0.814,UP,8
100766,176.3,174.4,175.3,174.6,170.2,169.4,169.8,169.6,5.3,0.82,UP,8
100800,176.5,175.3,175.9,175.0,169.9,170.0,169.9,169.8,5.2,0.826,UP,8
100833,177.2,175.4,176.3,175.4,169.2,169.8,169.5,169.8,5.3,0.828,UP,8
100866,178.0,175.4,176.7,175.8,168.8,170.3,169.6,169.7,5.2,0.833,UP,8
100900,178.1,176.9,177.5,176.4,168.9,170.6,169.8,169.7,5.1,0.834,UP,8
100933,179.3,172.7,176.0,176.5,168.2,169.7,169.0,169.5,4.8,0.831,UP,8
100966,179.7,173.8,176.8,176.6,168.4,169.4,168.9,169.3,5.1,0.828,UP,8
101000,177.9,172.1,175.0,176.4,167.9,168.9,168.4,169.1,5.0,0.828,UP,8
101033,175.2,170.7,172.9,175.6,168.1,168.1,168.1,168.8,5.0,0.824,UP,8
101066,170.9,170.6,170.7,174.3,168.4,168.3,168.3,168.6,4.9,0.82,UP,8
101100,168.5,171.8,170.1,173.1,168.3,169.3,168.8,168.5,4.8,0.82,UP,8
101133,165.3,171.6,168.5,171.5,168.3,169.9,169.1,168.6,4.2,0.815,UP,8
101166,163.9,173.0,168.4,170.1,168.4,170.0,169.2,168.7,3.4,0.81,UP,8
101200,164.0,173.0,168.5,169.3,169.3,170.0,169.6,169.0,3.2,0.805,UP,8
101233,165.1,175.3,170.2,169.2,168.7,170.3,169.5,169.2,2.2,0.801,UP,8
101266,167.3,173.3,170.3,169.2,169.5,171.1,170.3,169.5,1.4,0.796,UP,8
101300,169.7,170.0,169.8,169.5,171.2,170.6,170.9,169.9,1.5,0.791,UP,8
101333,170.3,170.9,170.6,169.9,171.9,171.3,171.6,170.4,1.1,0.789,UP,8
101366,170.7,175.3,173.0,170.8,172.7,172.9,172.8,171.0,0.9,0.79,UP,8
101400,170.9,177.6,174.2,171.6,173.4,172.9,173.1,171.7,1.1,0.789,UP,8
101433,170.7,177.0,173.9,172.3,174.0,171.8,172.9,172.3,1.2,0.784,UP,8
101466,172.4,179.6,176.0,173.5,176.3,170.9,173.6,172.8,1.6,0.776,UP,8
101500,172.4,178.6,175.5,174.5,176.7,171.4,174.1,173.3,1.5,0.763,UP,8
101533,171.1,179.3,175.2,175.0,175.7,171.4,173.5,173.5,1.2,0.751,UP,8
101566,170.5,178.3,174.4,175.0,175.2,172.9,174.0,173.6,0.7,0.742,UP,8
101600,170.6,179.8,175.2,175.3,174.2,172.2,173.2,173.7,0.6,0.732,UP,8
101633,170.6,176.0,173.3,174.7,174.9,173.6,174.3,173.8,0.1,0.725,UP,8
101666,172.0,171.0,171.5,173.9,175.7,173.8,174.7,174.0,0.2,0.718,UP,8
101700,170.3,154.1,162.2,171.3,177.0,171.9,174.4,174.1,0.1,0.707,UP,8
101733,174.6,157.6,166.1,169.7,176.6,171.2,173.9,174.1,0.1,0.693,UP,8
101766,172.9,152.4,162.7,167.1,177.1,175.1,176.1,174.7,0.3,0.68,UP,8
101800,168.5,153.6,161.0,164.7,177.0,178.0,177.5,175.3,1.1,0.664,UP,8
101833,163.2,148.4,155.8,161.6,177.3,178.0,177.6,175.9,1.3,0.645,UP,8
101866,156.7,139.8,148.2,158.8,178.3,179.9,179.1,176.8,1.0,0.622,UP,8
101900,154.3,113.9,134.1,152.4,177.6,178.5,178.1,177.7,1.5,0.591,UP,8
101933,138.1,121.0,129.5,145.7,176.8,179.7,178.3,178.1,1.4,0.556,UP,8
101966,34.1,28.9,31.5,119.8,178.2,179.7,179.0,178.4,1.3,0.518,UP,8
102000,,,,,,,,,,0.48,UP,8
102033,,,,,,,,,,0.446,UP,8
102066,,,,,,,,,,0.414,UP,8
102100,,,,,,,,,,0.385,UP,8
102133,,,,,,,,,,0.36,UP,8
102166,,,,,,,,,,0.337,UP,8
102200,,,,,,,,,,0.316,UP,8
102233,,,,,,,,,,0.298,UP,8
102266,,,,,,,,,,0.282,UP,8
102300,,,,,,,,,,0.27,UP,8
102333,,,,,,,,,,0.262,UP,8
102366,,,,,,,,,,0.255,UP,8
102400,,,,,,,,,,0.246,UP,8
102433,,,,,,,,,,0.242,UP,8
102466,,,,,,,,,,0.238,UP,8
102500,,,,,,,,,,0.233,UP,8
102533,,,,,,,,,,0.229,UP,8
102566,,,,,,,,,,0.23,UP,8
102600,,,,,,,,,,0.229,UP,8
102633,,,,,,,,,,0.23,UP,8
102666,,,,,,,,,,0.233,UP,8
102700,,,,,,,,,,0.237,UP,8
102733,,,,,,,,,,0.239,UP,8
102766,,,,,,,,,,0.243,UP,8
102800,,,,,,,,,,0.249,UP,8
102833,,,,,,,,,,0.254,UP,8
102866,,,,,,,,,,0.259,UP,8
102900,,,,,,,,,,0.264,UP,8
102933,,,,,,,,,,0.267,UP,8
102966,,,,,,,,,,0.269,UP,8
103000,,,,,,,,,,0.271,UP,8
103033,,,,,,,,,,0.274,UP,8
103066,,,,,,,,,,0.276,UP,8
103100,,,,,,,,,,0.277,UP,8
103133,,,,,,,,,,0.276,UP,8
103166,,,,,,,,,,0.275,UP,8
103200,,,,,,,,,,0.273,UP,8
103233,,,,,,,,,,0.271,UP,8
103266,,,,,,,,,,0.27,UP,8
103300,,,,,,,,,,0.268,UP,8
103333,,,,,,,,,,0.264,UP,8
103366,,,,,,,,,,0.259,UP,8
103400,,,,,,,,,,0.254,UP,8
103433,,,,,,,,,,0.249,UP,8
103466,,,,,,,,,,0.245,UP,8
103500,,,,,,,,,,0.243,UP,8
103533,,,,,,,,,,0.239,UP,8
103566,,,,,,,,,,0.237,UP,8
103600,,,,,,,,,,0.235,UP,8
103633,,,,,,,,,,0.232,UP,8
103666,,,,,,,,,,0.23,UP,8
103700,,,,,,,,,,0.23,UP,8
103733,,,,,,,,,,0.229,UP,8
103766,,,,,,,,,,0.23,UP,8
103800,,,,,,,,,,0.229,UP,8
103833,,,,,,,,,,0.229,UP,8
103866,,,,,,,,,,0.227,UP,8
103900,,,,,,,,,,0.227,UP,8
103933,,,,,,,,,,0.226,UP,8
103966,,,,,,,,,,0.226,UP,8
104000,,,,,,,,,,0.227,UP,8
104033,,,,,,,,,,0.228,UP,8
104066,,,,,,,,,,0.228,UP,8
104100,,,,,,,,,,0.23,UP,8
104133,,,,,,,,,,0.23,UP,8
104166,,,,,,,,,,0.231,UP,8
104200,,,,,,,,,,0.233,UP,8
104233,,,,,,,,,,0.234,UP,8
104266,,,,,,,,,,0.234,UP,8
104300,,,,,,,,,,0.235,UP,8
104333,,,,,,,,,,0.236,UP,8
104366,,,,,,,,,,0.237,UP,8
104400,,,,,,,,,,0.238,UP,8
104433,,,,,,,,,,0.242,UP,8
104466,,,,,,,,,,0.245,UP,8
104500,,,,,,,,,,0.248,UP,8
104533,,,,,,,,,,0.251,UP,8
104566,,,,,,,,,,0.254,UP,8
104600,,,,,,,,,,0.257,UP,8
104633,,,,,,,,,,0.262,UP,8
104666,,,,,,,,,,0.267,UP,8
104700,,,,,,,,,,0.274,UP,8
104733,,,,,,,,,,0.279,UP,8
104766,,,,,,,,,,0.284,UP,8
104800,,,,,,,,,,0.288,UP,8
104833,,,,,,,,,,0.291,UP,8
104866,,,,,,,,,,0.293,UP,8
104900,,,,,,,,,,0.293,UP,8
104933,,,,,,,,,,0.293,UP,8
104966,,,,,,,,,,0.294,UP,8
105000,,,,,,,,,,0.295,UP,8
105033,,,,,,,,,,0.297,UP,8
105066,,,,,,,,,,0.239,UP,8
105100,,,,,,,,,,0.245,UP,8
105133,,,,,,,,,,0.254,UP,8
105166,,,,,,,,,,0.275,UP,8
105200,,,,,,,,,,0.303,UP,8
105233,,,,,,,,,,0.396,UP,8
105266,,,,,,,,,,0.426,UP,8
105300,,,,,,,,,,0.448,UP,8
105333,,,,,,,,,,0.457,UP,8
105366,,,,,,,,,,0.456,UP,8
105400,,,,,,,,,,0.45,UP,8
105433,,,,,,,,,,0.444,UP,8
105466,,,,,,,,,,0.438,UP,8
105500,,,,,,,,,,0.434,UP,8
105533,,,,,,,,,,0.432,UP,8
105566,,,,,,,,,,0.431,UP,8
105600,,,,,,,,,,0.434,UP,8
105633,,,,,,,,,,0.438,UP,8
105666,,,,,,,,,,0.441,UP,8
105700,,,,,,,,,,0.447,UP,8
105733,,,,,,,,,,0.453,UP,8
105766,,,,,,,,,,0.456,UP,8
105800,,,,,,,,,,0.458,UP,8
105833,,,,,,,,,,0.459,UP,8
105866,,,,,,,,,,0.46,UP,8
105900,,,,,,,,,,0.459,UP,8
105933,,,,,,,,,,0.458,UP,8
105966,,,,,,,,,,0.458,UP,8
106000,,,,,,,,,,0.46,UP,8
106033,,,,,,,,,,0.461,UP,8
106066,,,,,,,,,,0.462,UP,8
106100,,,,,,,,,,0.467,UP,8
106133,,,,,,,,,,0.475,UP,8
106166,,,,,,,,,,0.483,UP,8
106200,,,,,,,,,,0.492,UP,8
106233,170.6,168.9,169.7,122.6,174.1,175.4,174.7,177.8,1.1,0.501,UP,8
106266,170.1,170.2,170.2,127.0,173.5,176.7,175.1,177.0,1.1,0.507,UP,8
106300,171.4,170.9,171.1,134.4,175.2,177.2,176.2,176.7,0.7,0.512,UP,8
106333,172.5,171.9,172.2,142.9,175.4,177.2,176.3,176.3,1.0,0.516,UP,8
106366,175.0,175.6,175.3,171.7,175.6,178.8,177.2,175.9,1.7,0.52,UP,8
106400,175.5,177.3,176.4,173.0,177.0,179.8,178.4,176.7,1.3,0.524,UP,8
106433,176.7,177.1,176.9,174.4,178.2,178.7,178.4,177.3,0.3,0.53,UP,8
106466,177.1,176.9,177.0,175.5,179.1,178.7,178.9,177.9,0.3,0.538,UP,8
106500,177.7,176.6,177.1,176.5,179.9,178.4,179.2,178.4,0.1,0.548,UP,8
106533,178.4,176.3,177.3,176.9,177.5,178.2,177.9,178.6,1.0,0.558,UP,8
106566,178.6,175.9,177.2,177.1,178.2,178.1,178.2,178.5,0.7,0.571,UP,8
106600,178.4,175.9,177.1,177.2,178.3,179.0,178.6,178.5,1.1,0.58,UP,8
106633,177.4,175.5,176.4,177.1,178.0,179.4,178.7,178.5,1.3,0.584,UP,8
106666,177.0,175.2,176.1,176.9,178.6,179.4,179.0,178.5,0.9,0.587,UP,8
106700,175.6,173.8,174.7,176.3,178.6,180.0,179.3,178.8,0.5,0.588,UP,8
106733,175.0,172.8,173.9,175.6,178.4,179.3,178.8,178.9,0.5,0.585,UP,8
106766,174.5,172.4,173.4,174.9,178.2,178.9,178.6,178.9,0.4,0.583,UP,8
106800,174.0,170.2,172.1,174.0,179.9,177.6,178.8,178.9,0.5,0.58,UP,8
106833,173.5,169.7,171.6,173.1,179.6,177.4,178.5,178.8,0.5,0.574,UP,8
106866,173.3,169.8,171.6,172.5,179.1,177.6,178.3,178.6,0.4,0.567,UP,8
106900,172.5,170.1,171.3,172.0,177.9,177.8,177.8,178.4,0.2,0.562,UP,8
106933,171.1,169.5,170.3,171.4,176.6,177.7,177.2,178.1,0.2,0.559,UP,8
106966,168.4,167.2,167.8,170.5,174.6,176.0,175.3,177.4,0.6,0.561,UP,8
107000,166.7,164.1,165.4,169.3,171.3,175.1,173.2,176.4,1.1,0.568,UP,8
107033,166.5,164.5,165.5,168.1,171.0,174.8,172.9,175.3,1.4,0.576,UP,8
107066,165.7,163.7,164.7,166.7,170.6,173.6,172.1,174.1,1.7,0.581,UP,8
107100,165.5,163.5,164.5,165.6,170.2,172.8,171.5,173.0,1.9,0.584,UP,8
107133,164.5,164.8,164.6,164.9,170.4,172.2,171.3,172.2,2.0,0.583,UP,8
107166,164.4,164.9,164.6,164.8,170.0,172.3,171.1,171.8,2.0,0.578,UP,8
107200,165.1,164.4,164.7,164.6,169.1,172.2,170.6,171.3,2.3,0.574,UP,8
107233,165.1,164.4,164.7,164.6,168.4,172.0,170.2,171.0,2.5,0.569,UP,8
107266,164.8,164.8,164.8,164.7,168.3,170.9,169.6,170.6,2.8,0.567,UP,8
107300,163.7,163.4,163.6,164.5,167.0,169.0,168.0,169.9,3.5,0.565,UP,8
107333,163.6,160.2,161.9,163.9,165.8,167.0,166.4,169.0,4.0,0.563,UP,8
107366,163.2,159.6,161.4,163.3,164.2,165.0,164.6,167.8,5.1,0.557,UP,8
107400,160.0,155.2,157.6,161.9,162.5,161.4,162.0,166.1,5.6,0.551,UP,8
107433,153.6,154.5,154.0,159.7,157.9,160.0,159.0,164.0,6.3,0.546,UP,8
107466,149.9,152.5,151.2,157.2,154.3,158.1,156.2,161.6,7.3,0.542,UP,8
107500,146.0,149.0,147.5,154.3,149.8,155.9,152.9,158.9,7.7,0.54,UP,8
107533,145.2,138.3,141.7,150.4,151.4,149.4,150.4,156.1,7.8,0.536,UP,8
107566,138.3,130.2,134.2,145.7,144.8,143.0,143.9,152.5,8.3,0.532,DOWN,8
107600,134.6,128.1,131.4,141.2,142.8,140.6,141.7,149.0,8.3,0.526,DOWN,8
107633,131.0,125.4,128.2,136.6,138.5,137.5,138.0,145.4,8.4,0.52,DOWN,8
107666,131.9,125.2,128.5,132.8,140.2,135.4,137.8,142.3,9.3,0.506,DOWN,8
107700,125.0,121.0,123.0,129.1,133.0,134.0,133.5,139.0,8.5,0.501,DOWN,8
107733,,,,,,,,,,0.495,DOWN,8
107766,,,,,,,,,,0.487,DOWN,8
107800,,,,,,,,,,0.478,DOWN,8
107833,,,,,,,,,,0.475,DOWN,8
107866,,,,,,,,,,0.469,DOWN,8
107900,,,,,,,,,,0.465,DOWN,8
107933,,,,,,,,,,0.46,DOWN,8
107966,,,,,,,,,,0.456,DOWN,8
108000,,,,,,,,,,0.448,DOWN,8
108033,,,,,,,,,,0.437,DOWN,8
108066,,,,,,,,,,0.424,DOWN,8
108100,,,,,,,,,,0.411,DOWN,8
108133,,,,,,,,,,0.398,DOWN,8
108166,,,,,,,,,,0.386,DOWN,8
108200,,,,,,,,,,0.372,DOWN,8
108233,,,,,,,,,,0.358,DOWN,8
108266,,,,,,,,,,0.345,DOWN,8
108300,,,,,,,,,,0.332,DOWN,8
108333,,,,,,,,,,0.32,DOWN,8
108366,,,,,,,,,,0.308,DOWN,8
108400,,,,,,,,,,0.297,DOWN,8
108433,,,,,,,,,,0.286,DOWN,8
108466,,,,,,,,,,0.274,DOWN,8
108500,,,,,,,,,,0.264,DOWN,8
108533,,,,,,,,,,0.255,DOWN,8
108566,,,,,,,,,,0.248,DOWN,8
108600,,,,,,,,,,0.241,DOWN,8
108633,,,,,,,,,,0.235,DOWN,8
108666,,,,,,,,,,0.228,DOWN,8
108700,,,,,,,,,,0.219,DOWN,8
108733,,,,,,,,,,0.21,DOWN,8
108766,,,,,,,,,,0.202,DOWN,8
108800,,,,,,,,,,0.194,DOWN,8
108833,,,,,,,,,,0.187,DOWN,8
108866,,,,,,,,,,0.181,DOWN,8
108900,,,,,,,,,,0.175,DOWN,8
108933,,,,,,,,,,0.17,DOWN,8
108966,,,,,,,,,,0.166,DOWN,8
109000,,,,,,,,,,0.163,DOWN,8
109033,,,,,,,,,,0.16,DOWN,8
109066,,,,,,,,,,0.159,DOWN,8
109100,,,,,,,,,,0.157,DOWN,8
109133,,,,,,,,,,0.155,DOWN,8
109166,,,,,,,,,,0.153,DOWN,8
109200,,,,,,,,,,0.153,DOWN,8
109233,,,,,,,,,,0.151,DOWN,8
109266,,,,,,,,,,0.151,DOWN,8
109300,,,,,,,,,,0.151,DOWN,8
109333,,,,,,,,,,0.152,DOWN,8
109366,,,,,,,,,,0.152,DOWN,8
109400,,,,,,,,,,0.152,DOWN,8
109433,,,,,,,,,,0.151,DOWN,8
109466,,,,,,,,,,0.151,DOWN,8
109500,,,,,,,,,,0.149,DOWN,8
109533,,,,,,,,,,0.147,DOWN,8
109566,,,,,,,,,,0.145,DOWN,8
109600,,,,,,,,,,0.143,DOWN,8
109633,,,,,,,,,,0.143,DOWN,8
109666,,,,,,,,,,0.142,DOWN,8
109700,,,,,,,,,,0.141,DOWN,8
109733,,,,,,,,,,0.14,DOWN,8
109766,,,,,,,,,,0.138,DOWN,8
109800,,,,,,,,,,0.136,DOWN,8
109833,,,,,,,,,,0.136,DOWN,8
109866,,,,,,,,,,0.141,DOWN,8
109900,,,,,,,,,,0.151,DOWN,8
109933,,,,,,,,,,0.164,DOWN,8
109966,,,,,,,,,,0.182,DOWN,8
110000,,,,,,,,,,0.213,DOWN,8
110033,,,,,,,,,,0.242,DOWN,8
110066,,,,,,,,,,0.264,DOWN,8
110100,,,,,,,,,,0.282,DOWN,8
110133,,,,,,,,,,0.289,DOWN,8
110166,,,,,,,,,,0.278,DOWN,8
110200,,,,,,,,,,0.264,DOWN,8
110233,,,,,,,,,,0.251,DOWN,8
110266,,,,,,,,,,0.237,DOWN,8
110300,,,,,,,,,,0.223,DOWN,8
110333,,,,,,,,,,0.212,DOWN,8
110366,,,,,,,,,,0.201,DOWN,8
110400,,,,,,,,,,0.19,DOWN,8
110433,,,,,,,,,,0.181,DOWN,8
110466,,,,,,,,,,0.172,DOWN,8
110500,,,,,,,,,,0.165,DOWN,8
110533,,,,,,,,,,0.159,DOWN,8
110566,,,,,,,,,,0.153,DOWN,8
110600,,,,,,,,,,0.148,DOWN,8
110633,,,,,,,,,,0.144,DOWN,8
110666,,,,,,,,,,0.139,DOWN,8
110700,,,,,,,,,,0.134,DOWN,8
110733,,,,,,,,,,0.13,DOWN,8
110766,,,,,,,,,,0.126,DOWN,8
110800,,,,,,,,,,0.122,DOWN,8
110833,,,,,,,,,,0.119,DOWN,8
110866,,,,,,,,,,0.116,DOWN,8
110900,,,,,,,,,,0.116,DOWN,8
110933,,,,,,,,,,0.115,DOWN,8
110966,,,,,,,,,,0.115,DOWN,8
111000,,,,,,,,,,0.116,DOWN,8
111033,,,,,,,,,,0.117,DOWN,8
111066,,,,,,,,,,0.118,DOWN,8
111100,,,,,,,,,,0.095,DOWN,8
111133,,,,,,,,,,0.098,DOWN,8
111166,,,,,,,,,,0.075,DOWN,8
111200,,,,,,,,,,0.081,DOWN,8
111233,,,,,,,,,,0.085,DOWN,8
111266,,,,,,,,,,0.114,DOWN,8
111300,,,,,,,,,,0.115,DOWN,8
111333,,,,,,,,,,0.143,DOWN,8
111366,,,,,,,,,,0.14,DOWN,8
111400,,,,,,,,,,0.11,DOWN,8
111433,,,,,,,,,,0.082,DOWN,8
111466,,,,,,,,,,0.091,DOWN,8
111500,,,,,,,,,,0.1,DOWN,8
111533,,,,,,,,,,0.108,DOWN,8
111566,,,,,,,,,,0.143,DOWN,8
111600,,,,,,,,,,0.18,DOWN,8
111633,,,,,,,,,,0.181,DOWN,8
111666,,,,,,,,,,0.181,DOWN,8
111700,,,,,,,,,,0.184,DOWN,8
111733,,,,,,,,,,0.191,DOWN,8
111766,,,,,,,,,,0.197,DOWN,8
111800,,,,,,,,,,0.202,DOWN,8
111833,,,,,,,,,,0.209,DOWN,8
111866,,,,,,,,,,0.215,DOWN,8
111900,,,,,,,,,,0.219,DOWN,8
111933,,,,,,,,,,0.222,DOWN,8
111966,,,,,,,,,,0.226,DOWN,8
112000,,,,,,,,,,0.228,DOWN,8
112033,,,,,,,,,,0.232,DOWN,8
112066,,,,,,,,,,0.235,DOWN,8
112100,,,,,,,,,,0.237,DOWN,8
112133,,,,,,,,,,0.24,DOWN,8
112166,,,,,,,,,,0.244,DOWN,8
112200,,,,,,,,,,0.247,DOWN,8
112233,,,,,,,,,,0.251,DOWN,8
112266,,,,,,,,,,0.255,DOWN,8
112300,,,,,,,,,,0.257,DOWN,8
112333,,,,,,,,,,0.258,DOWN,8
112366,,,,,,,,,,0.259,DOWN,8
112400,,,,,,,,,,0.259,DOWN,8
112433,,,,,,,,,,0.26,DOWN,8
112466,,,,,,,,,,0.26,DOWN,8
112500,,,,,,,,,,0.258,DOWN,8
112533,,,,,,,,,,0.254,DOWN,8
112566,,,,,,,,,,0.248,DOWN,8
112600,,,,,,,,,,0.238,DOWN,8
112633,,,,,,,,,,0.229,DOWN,8
112666,,,,,,,,,,0.221,DOWN,8
112700,,,,,,,,,,0.213,DOWN,8
112733,,,,,,,,,,0.207,DOWN,8
112766,,,,,,,,,,0.205,DOWN,8
112800,,,,,,,,,,0.203,DOWN,8
112833,,,,,,,,,,0.203,DOWN,8
112866,,,,,,,,,,0.206,DOWN,8
112900,,,,,,,,,,0.211,DOWN,8
112933,,,,,,,,,,0.217,DOWN,8
112966,,,,,,,,,,0.226,DOWN,8
113000,,,,,,,,,,0.237,DOWN,8
113033,,,,,,,,,,0.25,DOWN,8
113066,,,,,,,,,,0.265,DOWN,8
113100,,,,,,,,,,0.279,DOWN,8
113133,,,,,,,,,,0.291,DOWN,8
113166,,,,,,,,,,0.3,DOWN,8
113200,,,,,,,,,,0.307,DOWN,8
113233,,,,,,,,,,0.312,DOWN,8
113266,,,,,,,,,,0.316,DOWN,8
113300,,,,,,,,,,0.319,DOWN,8
113333,,,,,,,,,,0.325,DOWN,8
113366,,,,,,,,,,0.333,DOWN,8
113400,,,,,,,,,,0.34,DOWN,8
113433,,,,,,,,,,0.35,DOWN,8
113466,,,,,,,,,,0.362,DOWN,8
113500,,,,,,,,,,0.374,DOWN,8
113533,,,,,,,,,,0.386,DOWN,8
113566,,,,,,,,,,0.398,DOWN,8
113600,,,,,,,,,,0.409,DOWN,8
113633,,,,,,,,,,0.418,DOWN,8
113666,,,,,,,,,,0.424,DOWN,8
113700,,,,,,,,,,0.429,DOWN,8
113733,,,,,,,,,,0.431,DOWN,8
113766,,,,,,,,,,0.432,DOWN,8
113800,,,,,,,,,,0.433,DOWN,8
113833,,,,,,,,,,0.433,DOWN,8
113866,,,,,,,,,,0.432,DOWN,8
113900,,,,,,,,,,0.43,DOWN,8
113933,,,,,,,,,,0.427,DOWN,8
113966,,,,,,,,,,0.423,DOWN,8
114000,,,,,,,,,,0.418,DOWN,8
114033,,,,,,,,,,0.413,DOWN,8
114066,,,,,,,,,,0.409,DOWN,8
114100,,,,,,,,,,0.407,DOWN,8
114133,,,,,,,,,,0.406,DOWN,8
114166,,,,,,,,,,0.406,DOWN,8
114200,,,,,,,,,,0.406,DOWN,8
114233,,,,,,,,,,0.406,DOWN,8
114266,,,,,,,,,,0.405,DOWN,8
114300,,,,,,,,,,0.404,DOWN,8
114333,,,,,,,,,,0.402,DOWN,8
114366,,,,,,,,,,0.401,DOWN,8
114400,,,,,,,,,,0.398,DOWN,8
114433,,,,,,,,,,0.395,DOWN,8
114466,,,,,,,,,,0.392,DOWN,8
114500,,,,,,,,,,0.389,DOWN,8
114533,,,,,,,,,,0.387,DOWN,8
114566,,,,,,,,,,0.383,DOWN,8
114600,,,,,,,,,,0.377,DOWN,8
114633,,,,,,,,,,0.371,DOWN,8
114666,,,,,,,,,,0.367,DOWN,8
114700,,,,,,,,,,0.364,DOWN,8
114733,,,,,,,,,,0.363,DOWN,8
114766,,,,,,,,,,0.364,DOWN,8
114800,,,,,,,,,,0.366,DOWN,8
114833,,,,,,,,,,0.369,DOWN,8
114866,,,,,,,,,,0.373,DOWN,8
114900,,,,,,,,,,0.377,DOWN,8
114933,,,,,,,,,,0.382,DOWN,8
114966,,,,,,,,,,0.387,DOWN,8
115000,,,,,,,,,,0.391,DOWN,8
115033,,,,,,,,,,0.393,DOWN,8
115066,,,,,,,,,,0.395,DOWN,8
115100,,,,,,,,,,0.396,DOWN,8
115133,,,,,,,,,,0.396,DOWN,8
115166,,,,,,,,,,0.396,DOWN,8
115200,,,,,,,,,,0.395,DOWN,8
115233,,,,,,,,,,0.395,DOWN,8
115266,,,,,,,,,,0.394,DOWN,8
115300,,,,,,,,,,0.392,DOWN,8
115333,,,,,,,,,,0.39,DOWN,8
115366,,,,,,,,,,0.39,DOWN,8
115400,,,,,,,,,,0.389,DOWN,8
115433,,,,,,,,,,0.389,DOWN,8
115466,,,,,,,,,,0.391,DOWN,8
115500,,,,,,,,,,0.393,DOWN,8
115533,,,,,,,,,,0.393,DOWN,8
115566,,,,,,,,,,0.392,DOWN,8
115600,,,,,,,,,,0.391,DOWN,8
115633,,,,,,,,,,0.388,DOWN,8
115666,,,,,,,,,,0.386,DOWN,8
115700,,,,,,,,,,0.386,DOWN,8
115733,,,,,,,,,,0.387,DOWN,8
115766,,,,,,,,,,0.386,DOWN,8
115800,,,,,,,,,,0.385,DOWN,8
115833,,,,,,,,,,0.382,DOWN,8
115866,,,,,,,,,,0.379,DOWN,8
115900,,,,,,,,,,0.375,DOWN,8
115933,,,,,,,,,,0.372,DOWN,8
115966,,,,,,,,,,0.37,DOWN,8
116000,,,,,,,,,,0.368,DOWN,8
116033,,,,,,,,,,0.367,DOWN,8
116066,,,,,,,,,,0.367,DOWN,8
116100,,,,,,,,,,0.366,DOWN,8
116133,,,,,,,,,,0.363,DOWN,8
116166,,,,,,,,,,0.359,DOWN,8
116200,,,,,,,,,,0.355,DOWN,8
116233,,,,,,,,,,0.351,DOWN,8
116266,,,,,,,,,,0.348,DOWN,8
116300,,,,,,,,,,0.347,DOWN,8
116333,,,,,,,,,,0.348,DOWN,8
116366,,,,,,,,,,0.349,DOWN,8
116400,,,,,,,,,,0.349,DOWN,8
116433,,,,,,,,,,0.35,DOWN,8
116466,,,,,,,,,,0.35,DOWN,8
116500,,,,,,,,,,0.349,DOWN,8
116533,,,,,,,,,,0.345,DOWN,8
116566,,,,,,,,,,0.341,DOWN,8
116600,,,,,,,,,,0.336,DOWN,8
116633,,,,,,,,,,0.33,DOWN,8
116666,,,,,,,,,,0.324,DOWN,8
116700,,,,,,,,,,0.321,DOWN,8
116733,,,,,,,,,,0.318,DOWN,8
116766,,,,,,,,,,0.316,DOWN,8
116800,,,,,,,,,,0.314,DOWN,8
116833,,,,,,,,,,0.312,DOWN,8
116866,,,,,,,,,,0.31,DOWN,8
116900,,,,,,,,,,0.307,DOWN,8
116933,,,,,,,,,,0.304,DOWN,8
116966,,,,,,,,,,0.302,DOWN,8
117000,,,,,,,,,,0.3,DOWN,8
117033,,,,,,,,,,0.3,DOWN,8
117066,,,,,,,,,,0.3,DOWN,8
117100,,,,,,,,,,0.299,DOWN,8
117133,,,,,,,,,,0.297,DOWN,8
117166,,,,,,,,,,0.295,DOWN,8
117200,,,,,,,,,,0.289,DOWN,8
117233,,,,,,,,,,0.283,DOWN,8
117266,,,,,,,,,,0.277,DOWN,8
117300,,,,,,,,,,0.272,DOWN,8
117333,,,,,,,,,,0.265,DOWN,8
117366,,,,,,,,,,0.259,DOWN,8
117400,,,,,,,,,,0.253,DOWN,8
117433,,,,,,,,,,0.246,DOWN,8
117466,,,,,,,,,,0.239,DOWN,8
117500,,,,,,,,,,0.232,DOWN,8
117533,,,,,,,,,,0.226,DOWN,8
117566,,,,,,,,,,0.22,DOWN,8
117600,,,,,,,,,,0.216,DOWN,8
117633,,,,,,,,,,0.211,DOWN,8
117666,,,,,,,,,,0.209,DOWN,8
117700,,,,,,,,,,0.207,DOWN,8
117733,,,,,,,,,,0.206,DOWN,8
117766,,,,,,,,,,0.203,DOWN,8
117800,,,,,,,,,,0.201,DOWN,8
117833,,,,,,,,,,0.203,DOWN,8
117866,,,,,,,,,,0.215,DOWN,8
117900,,,,,,,,,,0.234,DOWN,8
117933,,,,,,,,,,0.258,DOWN,8
117966,,,,,,,,,,0.287,DOWN,8
118000,,,,,,,,,,0.313,DOWN,8
118033,,,,,,,,,,0.328,DOWN,8
118066,,,,,,,,,,0.343,DOWN,8
118100,,,,,,,,,,0.363,DOWN,8
118133,,,,,,,,,,0.386,DOWN,8
118166,,,,,,,,,,0.414,DOWN,8
118200,,,,,,,,,,0.451,DOWN,8
118233,,,,,,,,,,0.488,DOWN,8
118266,177.7,177.4,177.6,137.7,174.9,169.6,172.2,144.6,4.3,0.525,DOWN,8
118300,177.2,172.8,175.0,146.5,173.9,166.2,170.1,150.3,4.9,0.558,DOWN,8
118333,179.3,173.8,176.6,156.1,174.6,166.5,170.6,156.8,5.0,0.59,DOWN,8
118366,178.8,174.4,176.6,165.7,175.1,166.7,170.9,163.5,4.8,0.618,DOWN,8
118400,179.6,174.7,177.1,176.6,176.0,166.9,171.4,171.0,4.5,0.64,DOWN,8
118433,180.0,174.5,177.2,176.5,176.3,167.5,171.9,171.0,4.2,0.655,DOWN,8
118466,179.8,174.0,176.9,176.9,176.2,168.8,172.5,171.4,3.6,0.664,DOWN,8
118500,179.1,174.1,176.6,176.9,176.9,170.6,173.7,172.1,2.7,0.664,UP,8
118533,178.3,171.9,175.1,176.6,177.4,171.0,174.2,172.7,2.2,0.653,UP,8
118566,179.6,172.6,176.1,176.4,175.5,171.7,173.6,173.2,1.3,0.633,UP,8
118600,178.2,172.0,175.1,175.9,176.4,171.3,173.8,173.6,1.5,0.612,UP,8
118633,178.0,177.4,177.7,176.1,175.1,171.7,173.4,173.8,0.8,0.59,UP,8
118666,177.7,175.5,176.6,176.1,174.0,169.5,171.7,173.4,1.4,0.573,UP,8
118700,176.7,174.7,175.7,176.2,172.9,170.4,171.6,172.8,1.1,0.56,UP,8
118733,175.7,175.5,175.6,176.1,171.7,169.6,170.7,172.3,1.5,0.55,UP,8
118766,175.5,177.2,176.3,176.4,169.2,174.1,171.7,171.8,0.3,0.538,UP,8
118800,174.5,177.4,175.9,176.0,167.6,174.9,171.2,171.4,0.4,0.522,UP,8
118833,171.8,178.1,174.9,175.7,168.0,175.7,171.9,171.4,0.2,0.503,UP,8
118866,,,,,,,,,,0.48,UP,8
118900,,,,,,,,,,0.458,UP,8
118933,,,,,,,,,,0.437,UP,8
118966,,,,,,,,,,0.417,UP,8
119000,,,,,,,,,,0.394,UP,8
119033,,,,,,,,,,0.372,UP,8
119066,,,,,,,,,,0.348,UP,8
119100,,,,,,,,,,0.322,UP,8
119133,,,,,,,,,,0.296,UP,8
119166,,,,,,,,,,0.273,UP,8
119200,,,,,,,,,,0.254,UP,8
119233,,,,,,,,,,0.238,UP,8
119266,,,,,,,,,,0.228,UP,8
119300,,,,,,,,,,0.224,UP,8
119333,,,,,,,,,,0.227,UP,8
119366,,,,,,,,,,0.231,UP,8
119400,,,,,,,,,,0.24,UP,8
119433,,,,,,,,,,0.247,UP,8
119466,,,,,,,,,,0.25,UP,8
119500,,,,,,,,,,0.248,UP,8
119533,,,,,,,,,,0.245,UP,8
119566,,,,,,,,,,0.244,UP,8
119600,,,,,,,,,,0.247,UP,8
119633,,,,,,,,,,0.249,UP,8
119666,,,,,,,,,,0.254,UP,8
119700,,,,,,,,,,0.258,UP,8
119733,,,,,,,,,,0.258,UP,8
119766,,,,,,,,,,0.255,UP,8
119800,,,,,,,,,,0.251,UP,8
119833,,,,,,,,,,0.249,UP,8
119866,,,,,,,,,,0.247,UP,8
119900,,,,,,,,,,0.242,UP,8
119933,,,,,,,,,,0.236,UP,8
119966,,,,,,,,,,0.232,UP,8
120000,,,,,,,,,,0.221,UP,8
120033,,,,,,,,,,0.212,UP,8
120066,,,,,,,,,,0.204,UP,8
120100,,,,,,,,,,0.197,UP,8
120133,,,,,,,,,,0.188,UP,8
120166,,,,,,,,,,0.183,UP,8
120200,,,,,,,,,,0.181,UP,8
120233,,,,,,,,,,0.182,UP,8
120266,,,,,,,,,,0.183,UP,8
120300,,,,,,,,,,0.186,UP,8
120333,,,,,,,,,,0.187,UP,8
120366,,,,,,,,,,0.188,UP,8
120400,,,,,,,,,,0.189,UP,8
120433,,,,,,,,,,0.19,UP,8
120466,,,,,,,,,,0.191,UP,8
120500,,,,,,,,,,0.192,UP,8
120533,,,,,,,,,,0.191,UP,8
120566,,,,,,,,,,0.187,UP,8
120600,,,,,,,,,,0.183,UP,8
120633,,,,,,,,,,0.18,UP,8
120666,,,,,,,,,,0.177,UP,8
120700,,,,,,,,,,0.173,UP,8
120733,,,,,,,,,,0.169,UP,8
120766,,,,,,,,,,0.163,UP,8
120800,,,,,,,,,,0.157,UP,8
120833,,,,,,,,,,0.151,UP,8
120866,,,,,,,,,,0.147,UP,8
120900,,,,,,,,,,0.143,UP,8
120933,,,,,,,,,,0.144,UP,8
120966,,,,,,,,,,0.146,UP,8
121000,,,,,,,,,,0.146,UP,8
121033,,,,,,,,,,0.148,UP,8
121066,,,,,,,,,,0.158,UP,8
121100,,,,,,,,,,0.165,UP,8
121133,,,,,,,,,,0.171,UP,8
121166,,,,,,,,,,0.176,UP,8
121200,,,,,,,,,,0.183,UP,8
121233,,,,,,,,,,0.186,UP,8
121266,,,,,,,,,,0.187,UP,8
121300,,,,,,,,,,0.188,UP,8
121333,,,,,,,,,,0.189,UP,8
121366,,,,,,,,,,0.188,UP,8
121400,,,,,,,,,,0.185,UP,8
121433,,,,,,,,,,0.187,UP,8
121466,,,,,,,,,,0.185,UP,8
121500,,,,,,,,,,0.183,UP,8
121533,,,,,,,,,,0.181,UP,8
121566,,,,,,,,,,0.18,UP,8
121600,,,,,,,,,,0.176,UP,8
121633,,,,,,,,,,0.175,UP,8
121666,,,,,,,,,,0.174,UP,8
121700,,,,,,,,,,0.171,UP,8
121733,,,,,,,,,,0.166,UP,8
121766,,,,,,,,,,0.159,UP,8
121800,,,,,,,,,,0.152,UP,8
121833,,,,,,,,,,0.143,UP,8
121866,,,,,,,,,,0.135,UP,8
121900,,,,,,,,,,0.128,UP,8
121933,,,,,,,,,,0.125,UP,8
121966,,,,,,,,,,0.122,UP,8
122000,,,,,,,,,,0.122,UP,8
122033,,,,,,,,,,0.12,UP,8
122066,,,,,,,,,,0.119,UP,8
122100,,,,,,,,,,0.117,UP,8
122133,,,,,,,,,,0.113,UP,8
122166,,,,,,,,,,0.109,UP,8
122200,,,,,,,,,,0.087,UP,8
122233,,,,,,,,,,0.064,UP,8
122266,,,,,,,,,,0.042,UP,8
122300,,,,,,,,,,0.021,UP,8
122333,,,,,,,,,,0.0,UP,8
122366,,,,,,,,,,0.0,UP,8
122400,,,,,,,,,,0.0,UP,8
122433,,,,,,,,,,0.0,UP,8
122466,,,,,,,,,,0.0,UP,8
122500,,,,,,,,,,0.0,UP,8
122533,,,,,,,,,,0.0,UP,8
122566,,,,,,,,,,0.0,UP,8
122600,,,,,,,,,,0.0,UP,8
122633,,,,,,,,,,0.0,UP,8
122666,,,,,,,,,,0.0,UP,8
122700,,,,,,,,,,0.0,UP,8
122733,,,,,,,,,,0.0,UP,8
122766,,,,,,,,,,0.0,UP,8
122800,,,,,,,,,,0.0,UP,8
122833,,,,,,,,,,0.0,UP,8
122866,,,,,,,,,,0.0,UP,8
122900,,,,,,,,,,0.0,UP,8
122933,,,,,,,,,,0.0,UP,8
122966,,,,,,,,,,0.0,UP,8
123000,,,,,,,,,,0.0,UP,8
123033,,,,,,,,,,0.0,UP,8
123066,,,,,,,,,,0.0,UP,8
123100,,,,,,,,,,0.0,UP,8
123133,,,,,,,,,,0.0,UP,8
123166,,,,,,,,,,0.0,UP,8
123200,,,,,,,,,,0.0,UP,8
123233,,,,,,,,,,0.0,UP,8
123266,,,,,,,,,,0.0,UP,8
123300,,,,,,,,,,0.0,UP,8
123333,,,,,,,,,,0.0,UP,8
123366,,,,,,,,,,0.0,UP,8
123400,,,,,,,,,,0.0,UP,8
123433,,,,,,,,,,0.0,UP,8
123466,,,,,,,,,,0.0,UP,8
123500,,,,,,,,,,0.0,UP,8
123533,,,,,,,,,,0.0,UP,8
123566,,,,,,,,,,0.0,UP,8
123600,,,,,,,,,,0.0,UP,8
123633,,,,,,,,,,0.0,UP,8
123666,,,,,,,,,,0.0,UP,8
123700,,,,,,,,,,0.0,UP,8
123733,,,,,,,,,,0.0,UP,8
123766,,,,,,,,,,0.0,UP,8
123800,,,,,,,,,,0.0,UP,8
123833,,,,,,,,,,0.0,UP,8
123866,,,,,,,,,,0.0,UP,8
123900,,,,,,,,,,0.0,UP,8
123933,,,,,,,,,,0.0,UP,8
123966,,,,,,,,,,0.0,UP,8
124000,,,,,,,,,,0.0,UP,8
124033,,,,,,,,,,0.0,UP,8
124066,,,,,,,,,,0.0,UP,8
124100,,,,,,,,,,0.0,UP,8
124133,,,,,,,,,,0.0,UP,8
124166,,,,,,,,,,0.0,UP,8
124200,,,,,,,,,,0.0,UP,8
124233,,,,,,,,,,0.0,UP,8
124266,,,,,,,,,,0.0,UP,8
124300,,,,,,,,,,0.0,UP,8
124333,,,,,,,,,,0.0,UP,8
124366,,,,,,,,,,0.0,UP,8
124400,,,,,,,,,,0.0,UP,8
124433,,,,,,,,,,0.0,UP,8
124466,,,,,,,,,,0.0,UP,8
124500,,,,,,,,,,0.0,UP,8
124533,,,,,,,,,,0.0,UP,8
124566,,,,,,,,,,0.0,UP,8
124600,,,,,,,,,,0.0,UP,8
124633,,,,,,,,,,0.0,UP,8
124666,,,,,,,,,,0.0,UP,8
124700,,,,,,,,,,0.0,UP,8
124733,,,,,,,,,,0.0,UP,8
124766,,,,,,,,,,0.0,UP,8
124800,,,,,,,,,,0.0,UP,8
124833,,,,,,,,,,0.0,UP,8
124866,,,,,,,,,,0.0,UP,8
124900,,,,,,,,,,0.0,UP,8
124933,,,,,,,,,,0.0,UP,8
124966,,,,,,,,,,0.0,UP,8
125000,,,,,,,,,,0.0,UP,8
125033,,,,,,,,,,0.0,UP,8
125066,,,,,,,,,,0.0,UP,8
125100,,,,,,,,,,0.0,UP,8
125133,,,,,,,,,,0.0,UP,8
125166,,,,,,,,,,0.0,UP,8
125200,,,,,,,,,,0.0,UP,8
125233,,,,,,,,,,0.0,UP,8
125266,,,,,,,,,,0.0,UP,8
125300,,,,,,,,,,0.0,UP,8
125333,,,,,,,,,,0.0,UP,8
125366,,,,,,,,,,0.0,UP,8
125400,,,,,,,,,,0.0,UP,8
125433,,,,,,,,,,0.0,UP,8
125466,,,,,,,,,,0.0,UP,8
125500,,,,,,,,,,0.0,UP,8
125533,,,,,,,,,,0.0,UP,8
125566,,,,,,,,,,0.0,UP,8
125600,,,,,,,,,,0.0,UP,8
125633,,,,,,,,,,0.0,UP,8
125666,,,,,,,,,,0.0,UP,8
125700,,,,,,,,,,0.0,UP,8
125733,,,,,,,,,,0.0,UP,8
125766,,,,,,,,,,0.0,UP,8
125800,,,,,,,,,,0.0,UP,8
125833,,,,,,,,,,0.0,UP,8
125866,,,,,,,,,,0.0,UP,8
125900,,,,,,,,,,0.0,UP,8
125933,,,,,,,,,,0.0,UP,8
125966,,,,,,,,,,0.0,UP,8
126000,,,,,,,,,,0.0,UP,8
126033,,,,,,,,,,0.0,UP,8
126066,,,,,,,,,,0.0,UP,8
126100,,,,,,,,,,0.0,UP,8
126133,,,,,,,,,,0.0,UP,8
126166,,,,,,,,,,0.0,UP,8
126200,,,,,,,,,,0.023,UP,8
126233,,,,,,,,,,0.023,UP,8
126266,,,,,,,,,,0.063,UP,8
126300,,,,,,,,,,0.117,UP,8
126333,,,,,,,,,,0.184,UP,8
126366,,,,,,,,,,0.24,UP,8
126400,,,,,,,,,,0.329,UP,8
126433,,,,,,,,,,0.387,UP,8
126466,,,,,,,,,,0.431,UP,8
126500,,,,,,,,,,0.455,UP,8
126533,,,,,,,,,,0.471,UP,8
126566,,,,,,,,,,0.486,UP,8
126600,,,,,,,,,,0.496,UP,8
126633,,,,,,,,,,0.5,UP,8
126666,,,,,,,,,,0.408,UP,8
126700,,,,,,,,,,0.313,UP,8
126733,,,,,,,,,,0.21,UP,8
126766,,,,,,,,,,0.102,UP,8
126800,,,,,,,,,,0.0,UP,8
126833,,,,,,,,,,0.0,UP,8
126866,,,,,,,,,,0.0,UP,8
126900,,,,,,,,,,0.0,UP,8
126933,,,,,,,,,,0.0,UP,8
126966,,,,,,,,,,0.0,UP,8
127000,,,,,,,,,,0.0,UP,8
127033,,,,,,,,,,0.0,UP,8
127066,,,,,,,,,,0.0,UP,8
127100,,,,,,,,,,0.0,UP,8
127133,,,,,,,,,,0.0,UP,8
127166,,,,,,,,,,0.0,UP,8
127200,,,,,,,,,,0.0,UP,8
127233,,,,,,,,,,0.0,UP,8
127266,,,,,,,,,,0.0,UP,8
127300,,,,,,,,,,0.0,UP,8
127333,,,,,,,,,,0.0,UP,8
127366,,,,,,,,,,0.0,UP,8
127400,,,,,,,,,,0.0,UP,8
127433,,,,,,,,,,0.0,UP,8
127466,,,,,,,,,,0.0,UP,8
127500,,,,,,,,,,0.0,UP,8
127533,,,,,,,,,,0.0,UP,8
127566,,,,,,,,,,0.0,UP,8
127600,,,,,,,,,,0.0,UP,8
127633,,,,,,,,,,0.0,UP,8
127666,,,,,,,,,,0.0,UP,8
127700,,,,,,,,,,0.0,UP,8
127733,,,,,,,,,,0.0,UP,8
127766,,,,,,,,,,0.0,UP,8
127800,,,,,,,,,,0.0,UP,8
127833,,,,,,,,,,0.0,UP,8
127866,,,,,,,,,,0.0,UP,8
127900,,,,,,,,,,0.0,UP,8
127933,,,,,,,,,,0.0,UP,8
127966,,,,,,,,,,0.0,UP,8
128000,,,,,,,,,,0.0,UP,8
128033,,,,,,,,,,0.0,UP,8
128066,,,,,,,,,,0.0,UP,8
128100,,,,,,,,,,0.0,UP,8
128133,,,,,,,,,,0.0,UP,8
128166,,,,,,,,,,0.0,UP,8
128200,,,,,,,,,,0.0,UP,8
128233,,,,,,,,,,0.0,UP,8
128266,,,,,,,,,,0.0,UP,8
128300,,,,,,,,,,0.0,UP,8
128333,,,,,,,,,,0.0,UP,8
128366,,,,,,,,,,0.0,UP,8
128400,,,,,,,,,,0.0,UP,8
128433,,,,,,,,,,0.0,UP,8
128466,,,,,,,,,,0.0,UP,8
128500,,,,,,,,,,0.0,UP,8
128533,,,,,,,,,,0.0,UP,8
128566,,,,,,,,,,0.0,UP,8
128600,,,,,,,,,,0.0,UP,8
128633,,,,,,,,,,0.0,UP,8
128666,,,,,,,,,,0.0,UP,8
128700,,,,,,,,,,0.0,UP,8
128733,,,,,,,,,,0.0,UP,8
128766,,,,,,,,,,0.0,UP,8
128800,,,,,,,,,,0.0,UP,8
128833,,,,,,,,,,0.0,UP,8
128866,,,,,,,,,,0.0,UP,8
128900,,,,,,,,,,0.0,UP,8
128933,,,,,,,,,,0.0,UP,8
128966,,,,,,,,,,0.0,UP,8
129000,,,,,,,,,,0.0,UP,8
129033,,,,,,,,,,0.0,UP,8
129066,,,,,,,,,,0.0,UP,8
129100,,,,,,,,,,0.0,UP,8
129133,,,,,,,,,,0.0,UP,8
129166,,,,,,,,,,0.0,UP,8
129200,,,,,,,,,,0.0,UP,8
129233,,,,,,,,,,0.0,UP,8
129266,,,,,,,,,,0.0,UP,8
129300,,,,,,,,,,0.0,UP,8
129333,,,,,,,,,,0.0,UP,8
129366,,,,,,,,,,0.0,UP,8
129400,,,,,,,,,,0.0,UP,8
129433,,,,,,,,,,0.0,UP,8
129466,,,,,,,,,,0.0,UP,8
129500,,,,,,,,,,0.0,UP,8
129533,,,,,,,,,,0.0,UP,8
129566,,,,,,,,,,0.0,UP,8
129600,,,,,,,,,,0.0,UP,8
129633,,,,,,,,,,0.0,UP,8
129666,,,,,,,,,,0.0,UP,8
129700,,,,,,,,,,0.0,UP,8
129733,,,,,,,,,,0.0,UP,8
129766,,,,,,,,,,0.0,UP,8
129800,,,,,,,,,,0.0,UP,8
129833,,,,,,,,,,0.0,UP,8
129866,,,,,,,,,,0.0,UP,8
129900,,,,,,,,,,0.0,UP,8
129933,,,,,,,,,,0.0,UP,8
129966,,,,,,,,,,0.0,UP,8
130000,,,,,,,,,,0.0,UP,8
130033,,,,,,,,,,0.0,UP,8
130066,,,,,,,,,,0.0,UP,8
130100,,,,,,,,,,0.0,UP,8
130133,,,,,,,,,,0.0,UP,8
130166,,,,,,,,,,0.0,UP,8
130200,,,,,,,,,,0.0,UP,8
130233,,,,,,,,,,0.0,UP,8
130266,,,,,,,,,,0.0,UP,8
130300,,,,,,,,,,0.0,UP,8
130333,,,,,,,,,,0.0,UP,8
130366,,,,,,,,,,0.0,UP,8
130400,,,,,,,,,,0.0,UP,8
130433,,,,,,,,,,0.0,UP,8
130466,,,,,,,,,,0.0,UP,8
130500,,,,,,,,,,0.0,UP,8
130533,,,,,,,,,,0.0,UP,8
130566,,,,,,,,,,0.0,UP,8
130600,,,,,,,,,,0.0,UP,8
130633,,,,,,,,,,0.0,UP,8
130666,,,,,,,,,,0.0,UP,8
130700,,,,,,,,,,0.0,UP,8
130733,,,,,,,,,,0.0,UP,8
130766,,,,,,,,,,0.0,UP,8
130800,,,,,,,,,,0.0,UP,8
130833,,,,,,,,,,0.0,UP,8
130866,,,,,,,,,,0.0,UP,8
130900,,,,,,,,,,0.0,UP,8
130933,,,,,,,,,,0.0,UP,8
130966,,,,,,,,,,0.0,UP,8
131000,,,,,,,,,,0.0,UP,8
131033,,,,,,,,,,0.0,UP,8
131066,,,,,,,,,,0.0,UP,8
131100,,,,,,,,,,0.0,UP,8
131133,,,,,,,,,,0.0,UP,8
131166,,,,,,,,,,0.0,UP,8
131200,,,,,,,,,,0.0,UP,8
131233,,,,,,,,,,0.0,UP,8
131266,,,,,,,,,,0.0,UP,8
131300,,,,,,,,,,0.0,UP,8
131333,,,,,,,,,,0.0,UP,8
131366,,,,,,,,,,0.0,UP,8
131400,,,,,,,,,,0.0,UP,8
131433,,,,,,,,,,0.0,UP,8
131466,,,,,,,,,,0.0,UP,8
131500,,,,,,,,,,0.0,UP,8
131533,,,,,,,,,,0.0,UP,8
131566,,,,,,,,,,0.0,UP,8
131600,,,,,,,,,,0.0,UP,8
131633,,,,,,,,,,0.0,UP,8
131666,,,,,,,,,,0.0,UP,8
131700,,,,,,,,,,0.0,UP,8
131733,,,,,,,,,,0.0,UP,8
131766,,,,,,,,,,0.0,UP,8
131800,,,,,,,,,,0.0,UP,8
131833,,,,,,,,,,0.0,UP,8
131866,,,,,,,,,,0.0,UP,8
131900,,,,,,,,,,0.0,UP,8
131933,,,,,,,,,,0.0,UP,8
131966,,,,,,,,,,0.0,UP,8
132000,,,,,,,,,,0.0,UP,8
132033,,,,,,,,,,0.0,UP,8
132066,,,,,,,,,,0.0,UP,8
132100,,,,,,,,,,0.0,UP,8
132133,,,,,,,,,,0.0,UP,8
132166,,,,,,,,,,0.0,UP,8
132200,,,,,,,,,,0.0,UP,8
132233,,,,,,,,,,0.0,UP,8
132266,,,,,,,,,,0.0,UP,8
132300,,,,,,,,,,0.0,UP,8
132333,,,,,,,,,,0.0,UP,8
132366,,,,,,,,,,0.0,UP,8
132400,,,,,,,,,,0.0,UP,8
132433,,,,,,,,,,0.0,UP,8
132466,,,,,,,,,,0.0,UP,8
132500,,,,,,,,,,0.0,UP,8
132533,,,,,,,,,,0.0,UP,8
132566,,,,,,,,,,0.0,UP,8
132600,,,,,,,,,,0.0,UP,8
132633,,,,,,,,,,0.0,UP,8
132666,,,,,,,,,,0.0,UP,8
132700,,,,,,,,,,0.0,UP,8
132733,,,,,,,,,,0.0,UP,8
132766,,,,,,,,,,0.0,UP,8
132800,,,,,,,,,,0.0,UP,8
132833,,,,,,,,,,0.0,UP,8
132866,,,,,,,,,,0.0,UP,8
132900,,,,,,,,,,0.0,UP,8
132933,,,,,,,,,,0.0,UP,8
132966,,,,,,,,,,0.0,UP,8
133000,,,,,,,,,,0.0,UP,8
133033,,,,,,,,,,0.0,UP,8
133066,,,,,,,,,,0.0,UP,8
133100,,,,,,,,,,0.0,UP,8
133133,,,,,,,,,,0.0,UP,8
133166,,,,,,,,,,0.0,UP,8
133200,,,,,,,,,,0.0,UP,8
133233,,,,,,,,,,0.0,UP,8
133266,,,,,,,,,,0.0,UP,8
133300,,,,,,,,,,0.0,UP,8
133333,,,,,,,,,,0.0,UP,8
133366,,,,,,,,,,0.0,UP,8
133400,,,,,,,,,,0.0,UP,8
133433,,,,,,,,,,0.0,UP,8
133466,,,,,,,,,,0.0,UP,8
133500,,,,,,,,,,0.0,UP,8
133533,,,,,,,,,,0.0,UP,8
133566,,,,,,,,,,0.0,UP,8
133600,,,,,,,,,,0.0,UP,8
133633,,,,,,,,,,0.0,UP,8
133666,,,,,,,,,,0.0,UP,8
133700,,,,,,,,,,0.0,UP,8
133733,,,,,,,,,,0.0,UP,8
133766,,,,,,,,,,0.0,UP,8
133800,,,,,,,,,,0.0,UP,8
133833,,,,,,,,,,0.0,UP,8
133866,,,,,,,,,,0.0,UP,8
133900,,,,,,,,,,0.0,UP,8
133933,,,,,,,,,,0.0,UP,8
133966,,,,,,,,,,0.0,UP,8
134000,,,,,,,,,,0.0,UP,8
134033,,,,,,,,,,0.0,UP,8
134066,,,,,,,,,,0.0,UP,8
134100,,,,,,,,,,0.0,UP,8
134133,,,,,,,,,,0.0,UP,8
134166,,,,,,,,,,0.0,UP,8
134200,,,,,,,,,,0.0,UP,8
134233,,,,,,,,,,0.0,UP,8
134266,,,,,,,,,,0.0,UP,8
134300,,,,,,,,,,0.0,UP,8
134333,,,,,,,,,,0.0,UP,8
134366,,,,,,,,,,0.0,UP,8
134400,,,,,,,,,,0.0,UP,8
134433,,,,,,,,,,0.0,UP,8
134466,,,,,,,,,,0.0,UP,8
134500,,,,,,,,,,0.0,UP,8
134533,,,,,,,,,,0.0,UP,8
134566,,,,,,,,,,0.0,UP,8
134600,,,,,,,,,,0.0,UP,8
134633,,,,,,,,,,0.0,UP,8
134666,,,,,,,,,,0.0,UP,8
134700,,,,,,,,,,0.0,UP,8
134733,,,,,,,,,,0.0,UP,8
134766,,,,,,,,,,0.0,UP,8
134800,,,,,,,,,,0.0,UP,8
134833,,,,,,,,,,0.0,UP,8
134866,,,,,,,,,,0.0,UP,8
134900,,,,,,,,,,0.0,UP,8
134933,,,,,,,,,,0.0,UP,8
134966,,,,,,,,,,0.0,UP,8
135000,,,,,,,,,,0.0,UP,8
135033,,,,,,,,,,0.0,UP,8
135066,,,,,,,,,,0.0,UP,8
135100,,,,,,,,,,0.0,UP,8
135133,,,,,,,,,,0.0,UP,8
135166,,,,,,,,,,0.0,UP,8
135200,,,,,,,,,,0.0,UP,8
135233,,,,,,,,,,0.0,UP,8
135266,,,,,,,,,,0.0,UP,8
135300,,,,,,,,,,0.0,UP,8
135333,,,,,,,,,,0.0,UP,8
135366,,,,,,,,,,0.0,UP,8
135400,,,,,,,,,,0.0,UP,8
135433,,,,,,,,,,0.0,UP,8
135466,,,,,,,,,,0.0,UP,8
135500,,,,,,,,,,0.0,UP,8
135533,,,,,,,,,,0.0,UP,8
135566,,,,,,,,,,0.0,UP,8
135600,,,,,,,,,,0.0,UP,8
135633,,,,,,,,,,0.0,UP,8
135666,,,,,,,,,,0.0,UP,8
135700,,,,,,,,,,0.0,UP,8
135733,,,,,,,,,,0.0,UP,8
135766,,,,,,,,,,0.0,UP,8
135800,,,,,,,,,,0.0,UP,8
135833,,,,,,,,,,0.0,UP,8
135866,,,,,,,,,,0.0,UP,8
135900,,,,,,,,,,0.0,UP,8
135933,,,,,,,,,,0.0,UP,8
135966,,,,,,,,,,0.0,UP,8
136000,,,,,,,,,,0.0,UP,8
136033,,,,,,,,,,0.0,UP,8
136066,,,,,,,,,,0.094,UP,8
136100,,,,,,,,,,0.179,UP,8
136133,,,,,,,,,,0.256,UP,8
136166,,,,,,,,,,0.328,UP,8
136200,,,,,,,,,,0.396,UP,8
136233,,,,,,,,,,0.366,UP,8
136266,,,,,,,,,,0.342,UP,8
136300,,,,,,,,,,0.321,UP,8
136333,,,,,,,,,,0.306,UP,8
136366,,,,,,,,,,0.297,UP,8
136400,,,,,,,,,,0.291,UP,8
136433,,,,,,,,,,0.293,UP,8
136466,,,,,,,,,,0.301,UP,8
136500,,,,,,,,,,0.31,UP,8
136533,,,,,,,,,,0.315,UP,8
136566,,,,,,,,,,0.328,UP,8
136600,,,,,,,,,,0.341,UP,8
136633,,,,,,,,,,0.355,UP,8
136666,,,,,,,,,,0.375,UP,8
136700,,,,,,,,,,0.401,UP,8
136733,,,,,,,,,,0.426,UP,8
136766,,,,,,,,,,0.451,UP,8
136800,,,,,,,,,,0.476,UP,8
136833,,,,,,,,,,0.499,UP,8
136866,179.6,172.2,175.9,175.7,172.3,162.8,167.6,170.6,5.2,0.517,UP,8
136900,178.4,173.1,175.8,175.8,173.9,166.7,170.3,170.5,5.2,0.531,UP,8
136933,179.5,173.5,176.5,175.8,173.4,167.8,170.6,170.3,5.3,0.547,UP,8
136966,180.0,169.7,174.8,175.6,172.6,168.5,170.5,170.2,5.1,0.56,UP,8
137000,177.5,170.0,173.8,175.4,173.2,168.9,171.1,170.0,5.3,0.576,UP,8
137033,177.3,168.3,172.8,174.7,174.2,167.9,171.1,170.7,5.7,0.594,UP,8
137066,177.9,167.5,172.7,174.1,173.2,168.2,170.7,170.8,5.1,0.616,UP,8
137100,179.6,170.8,175.2,173.9,171.7,170.3,171.0,170.9,5.2,0.637,UP,8
137133,179.2,168.7,174.0,173.7,172.2,168.3,170.2,170.8,5.2,0.656,UP,8
137166,178.9,165.1,172.0,173.3,172.0,167.0,169.5,170.5,5.4,0.668,UP,8
137200,179.9,170.4,175.2,173.8,173.5,167.9,170.7,170.4,5.5,0.677,UP,8
137233,179.0,170.7,174.8,174.2,172.2,168.5,170.4,170.4,5.1,0.684,UP,8
137266,179.1,171.7,175.4,174.3,173.0,169.7,171.3,170.4,5.0,0.687,UP,8
137300,177.2,171.2,174.2,174.3,172.1,169.5,170.8,170.6,5.0,0.693,UP,8
137333,177.7,170.6,174.2,174.7,173.1,169.1,171.1,170.9,5.5,0.705,UP,8
137366,176.3,170.5,173.4,174.4,173.2,168.7,171.0,170.9,5.6,0.719,UP,8
137400,176.4,171.6,174.0,174.2,173.3,169.5,171.4,171.1,5.3,0.733,UP,8
137433,176.4,172.3,174.3,174.0,173.5,169.6,171.6,171.2,5.1,0.748,UP,8
137466,175.7,171.9,173.8,173.9,174.1,168.5,171.3,171.3,5.0,0.759,UP,8
137500,175.4,172.4,173.9,173.9,174.6,169.4,172.0,171.4,4.6,0.767,UP,8
137533,174.6,173.8,174.2,174.0,174.3,170.6,172.5,171.7,4.3,0.771,UP,8
137566,174.3,174.2,174.3,174.1,174.4,171.4,172.9,172.0,3.5,0.771,UP,8
137600,173.8,176.6,175.2,174.3,174.5,172.7,173.6,172.4,3.3,0.768,UP,8
137633,174.8,177.0,175.9,174.7,173.8,173.6,173.7,172.9,2.6,0.764,UP,8
137666,175.2,176.9,176.0,175.1,174.2,173.1,173.7,173.3,2.2,0.752,UP,8
137700,174.4,178.5,176.4,175.6,174.3,172.2,173.3,173.4,1.9,0.741,UP,8
137733,176.5,177.1,176.8,176.1,174.8,172.1,173.5,173.5,1.8,0.726,UP,8
137766,176.7,174.9,175.8,176.2,174.6,172.0,173.3,173.5,1.5,0.713,UP,8
137800,176.7,175.1,175.9,176.2,174.2,172.5,173.4,173.4,1.6,0.703,UP,8
137833,176.7,175.1,175.9,176.2,173.5,172.4,173.0,173.3,1.1,0.698,UP,8
137866,177.1,176.5,176.8,176.2,174.0,172.2,173.1,173.3,1.3,0.694,UP,8
137900,177.7,177.7,177.7,176.4,174.2,172.2,173.2,173.2,1.3,0.695,UP,8
137933,177.6,177.8,177.7,176.8,174.0,173.4,173.7,173.3,1.0,0.697,UP,8
137966,177.8,177.4,177.6,177.1,174.0,172.9,173.5,173.3,1.2,0.697,UP,8
138000,178.4,178.1,178.3,177.6,174.3,173.1,173.7,173.4,1.0,0.7,UP,8
138033,178.2,178.5,178.4,177.9,174.4,173.3,173.8,173.6,1.0,0.706,UP,8
138066,177.8,177.3,177.6,177.9,173.7,173.5,173.6,173.7,0.8,0.71,UP,8
138100,177.7,177.2,177.5,177.8,173.5,173.7,173.6,173.6,0.6,0.717,UP,8
138133,178.0,179.4,178.7,178.1,174.0,173.9,173.9,173.7,0.7,0.726,UP,8
138166,178.0,179.9,178.9,178.2,174.1,173.5,173.8,173.8,0.7,0.734,UP,8
138200,179.1,178.8,179.0,178.3,174.9,172.5,173.7,173.7,1.0,0.741,UP,8
138233,179.9,178.7,179.3,178.7,175.5,172.3,173.9,173.8,1.0,0.749,UP,8
138266,179.5,178.5,179.0,179.0,175.7,171.2,173.5,173.8,1.6,0.752,UP,8
138300,179.6,179.6,179.6,179.1,176.4,169.2,172.8,173.5,2.3,0.755,UP,8
138333,179.1,178.6,178.9,179.1,176.4,169.0,172.7,173.3,2.7,0.759,UP,8
138366,177.1,178.6,177.8,178.9,177.3,168.2,172.8,173.1,2.8,0.764,UP,8
138400,177.2,177.7,177.5,178.5,177.0,167.6,172.3,172.8,2.8,0.767,UP,8
138433,176.3,177.9,177.1,178.2,177.4,166.7,172.0,172.5,3.4,0.773,UP,8
138466,176.8,179.0,177.9,177.8,176.6,167.2,171.9,172.3,4.0,0.776,UP,8
138500,179.1,178.9,179.0,177.9,176.1,166.5,171.3,172.1,5.3,0.778,UP,8
138533,180.0,180.0,180.0,178.3,174.1,169.5,171.8,171.9,4.4,0.78,UP,8
138566,178.4,179.2,178.8,178.6,175.1,168.3,171.7,171.8,4.9,0.785,UP,8
138600,179.4,178.4,178.9,178.9,174.8,170.2,172.5,171.9,4.9,0.79,UP,8
138633,179.8,176.9,178.4,179.0,175.0,170.0,172.5,172.0,5.5,0.798,UP,8
138666,178.3,179.4,178.9,179.0,176.5,169.6,173.0,172.3,5.7,0.807,UP,8
138700,177.9,179.9,178.9,178.8,176.4,169.2,172.8,172.5,5.8,0.816,UP,8
138733,177.0,179.5,178.2,178.7,176.6,169.8,173.2,172.8,5.9,0.824,UP,8
138766,177.1,179.5,178.3,178.5,177.0,169.5,173.3,173.0,6.3,0.832,UP,8
138800,177.5,179.3,178.4,178.5,176.9,169.7,173.3,173.1,6.5,0.84,UP,8
138833,178.0,179.9,179.0,178.6,176.6,169.8,173.2,173.1,6.4,0.848,UP,8
138866,178.4,178.4,178.4,178.5,176.1,169.3,172.7,173.1,6.3,0.855,UP,8
138900,178.9,178.4,178.7,178.5,176.0,169.6,172.8,173.1,6.3,0.863,UP,8
138933,179.8,178.9,179.4,178.8,175.2,169.6,172.4,172.9,6.2,0.87,UP,8
138966,180.0,177.6,178.8,178.8,175.2,169.6,172.4,172.7,6.2,0.879,UP,8
139000,179.6,177.7,178.7,178.8,174.6,169.6,172.1,172.5,6.3,0.887,UP,8
139033,178.6,175.2,176.9,178.5,173.8,170.0,171.9,172.3,6.2,0.895,UP,8
139066,178.4,175.5,176.9,178.1,173.9,170.1,172.0,172.2,6.3,0.902,UP,8
139100,177.9,178.5,178.2,177.9,173.9,170.2,172.1,172.1,6.5,0.909,UP,8
139133,177.3,176.7,177.0,177.5,173.6,170.4,172.0,172.0,6.5,0.916,UP,8
139166,176.0,176.4,176.2,177.0,173.1,171.2,172.1,172.0,6.6,0.922,UP,8
139200,174.8,176.9,175.8,176.8,172.9,172.0,172.5,172.1,6.6,0.927,UP,8
139233,174.2,176.9,175.5,176.6,172.9,172.3,172.6,172.3,6.1,0.931,UP,8
139266,174.2,177.1,175.7,176.1,173.8,172.2,173.0,172.4,6.1,0.934,UP,8
139300,173.4,177.2,175.3,175.7,174.9,172.1,173.5,172.7,6.0,0.935,UP,8
139333,173.3,177.0,175.2,175.5,174.9,172.0,173.4,173.0,5.5,0.936,UP,8
139366,172.8,176.4,174.6,175.3,175.0,171.9,173.4,173.2,5.5,0.935,UP,8
139400,174.2,177.0,175.6,175.3,176.1,172.3,174.2,173.5,5.0,0.935,UP,8
139433,174.8,179.6,177.2,175.6,175.1,168.5,171.8,173.3,4.5,0.934,UP,8
139466,174.3,178.7,176.5,175.8,175.2,166.9,171.1,172.8,4.1,0.93,UP,8
139500,176.4,179.0,177.7,176.3,174.9,167.8,171.3,172.4,3.1,0.926,UP,8
139533,180.0,179.8,179.9,177.4,179.5,167.8,173.7,172.4,4.1,0.921,UP,8
139566,179.4,178.3,178.9,178.0,178.2,168.3,173.3,172.2,3.4,0.915,UP,8
139600,177.2,178.2,177.7,178.1,173.6,174.7,174.2,172.7,1.4,0.905,UP,8
139633,174.0,175.3,174.6,177.8,177.3,180.0,178.6,174.2,0.2,0.898,UP,8
139666,178.3,174.2,176.2,177.5,174.0,174.0,174.0,174.8,0.5,0.889,UP,8
139700,179.7,167.1,173.4,176.2,177.8,179.6,178.7,175.8,0.5,0.882,UP,8
139733,179.9,171.5,175.7,175.5,178.6,179.5,179.0,176.9,0.7,0.877,UP,8
139766,179.7,173.7,176.7,175.3,176.8,179.8,178.3,177.8,1.8,0.877,UP,8
139800,177.4,176.4,176.9,175.8,173.1,175.3,174.2,176.9,0.5,0.876,UP,8
139833,178.2,179.6,178.9,176.3,177.9,169.1,173.5,176.8,1.4,0.878,UP,8
139866,179.1,178.4,178.8,177.4,178.3,171.6,175.0,176.0,0.9,0.879,UP,8
139900,177.3,179.6,178.4,177.9,168.9,173.5,171.2,174.4,0.8,0.877,UP,8
139933,177.3,176.3,176.8,178.0,170.1,174.1,172.1,173.2,1.2,0.871,UP,8
139966,176.2,176.1,176.2,177.8,172.3,176.2,174.2,173.2,1.4,0.866,UP,8
140000,178.0,171.2,174.6,176.9,175.9,169.9,172.9,173.1,1.4,0.86,UP,8
140033,175.5,177.3,176.4,176.5,169.1,175.9,172.5,172.6,1.3,0.849,UP,8
140066,175.7,178.1,176.9,176.2,170.9,174.7,172.8,172.9,1.1,0.838,UP,8
140100,175.1,178.5,176.8,176.2,169.2,173.8,171.5,172.8,1.6,0.823,UP,8
140133,177.2,174.3,175.7,176.1,169.9,174.7,172.3,172.4,1.9,0.809,UP,8
140166,180.0,177.8,178.9,177.0,166.3,175.6,171.0,172.0,2.1,0.796,UP,8
140200,172.4,178.3,175.3,176.7,178.3,175.1,176.7,172.9,2.7,0.788,UP,8
140233,175.5,178.2,176.8,176.7,175.3,178.4,176.8,173.7,2.5,0.783,UP,8
140266,179.8,179.8,179.8,177.3,168.4,179.2,173.8,174.1,3.6,0.783,UP,8
140300,174.6,179.9,177.3,177.6,168.9,177.1,173.0,174.3,3.6,0.783,UP,8
140333,177.8,179.8,178.8,177.6,178.9,177.0,177.9,175.7,3.5,0.779,UP,8
140366,179.0,179.3,179.1,178.4,178.4,179.8,179.1,176.1,2.5,0.775,UP,8
140400,179.0,179.8,179.4,178.9,172.6,177.4,175.0,175.8,4.8,0.767,UP,8
140433,179.2,179.4,179.3,178.8,173.7,174.1,173.9,175.8,3.3,0.758,UP,8
140466,178.1,178.7,178.4,179.0,175.3,172.9,174.1,176.0,1.9,0.752,UP,8
140500,177.2,178.5,177.8,178.8,173.4,170.8,172.1,174.8,1.5,0.748,UP,8
140533,176.0,175.9,176.0,178.2,170.6,172.3,171.4,173.3,0.7,0.748,UP,8
140566,177.7,175.5,176.6,177.6,171.2,176.0,173.6,173.0,0.2,0.754,UP,8
140600,177.2,175.2,176.2,177.0,169.4,177.5,173.5,172.9,0.9,0.765,UP,8
140633,174.8,176.3,175.5,176.4,177.4,179.5,178.4,173.8,2.8,0.776,UP,8
140666,173.8,175.7,174.8,175.8,177.1,179.0,178.0,175.0,3.1,0.786,UP,8
140700,174.2,174.1,174.2,175.5,174.4,179.0,176.7,176.0,2.0,0.795,UP,8
140733,173.0,177.8,175.4,175.2,169.2,170.9,170.1,175.3,2.0,0.803,UP,8
140766,172.6,176.8,174.7,174.9,173.7,175.2,174.4,175.5,0.2,0.807,UP,8
140800,173.4,177.6,175.5,174.9,175.6,176.5,176.0,175.1,1.7,0.811,UP,8
140833,174.8,174.1,174.5,174.9,173.9,178.1,176.0,174.7,1.8,0.816,UP,8
140866,175.1,177.5,176.3,175.3,173.9,177.8,175.9,174.5,1.3,0.819,UP,8
140900,179.1,176.4,177.8,175.8,175.1,166.1,170.6,174.6,0.2,0.818,UP,8
140933,170.8,178.0,174.4,175.7,175.1,169.5,172.3,174.2,1.0,0.816,UP,8
140966,175.3,176.4,175.8,175.8,174.4,167.9,171.2,173.2,1.1,0.811,UP,8
141000,175.3,170.0,172.6,175.4,179.6,173.2,176.4,173.3,1.6,0.805,UP,8
141033,178.5,170.1,174.3,175.0,178.0,172.1,175.0,173.1,0.9,0.799,UP,8
141066,178.5,170.7,174.6,174.3,179.5,177.1,178.3,174.6,2.1,0.798,UP,8
141100,176.5,170.3,173.4,174.1,177.5,176.7,177.1,175.6,1.2,0.798,UP,8
141133,178.1,170.9,174.5,173.9,177.7,176.4,177.1,176.8,1.0,0.803,UP,8
141166,179.5,174.8,177.1,174.8,180.0,178.9,179.4,177.4,3.2,0.809,UP,8
141200,179.5,174.9,177.2,175.4,176.9,178.5,177.7,177.9,2.8,0.814,UP,8
141233,178.7,179.8,179.3,176.3,175.8,174.7,175.3,177.3,1.6,0.817,UP,8
141266,179.2,178.1,178.6,177.4,169.7,173.4,171.6,176.2,3.1,0.819,UP,8
141300,177.8,176.6,177.2,177.9,169.5,175.3,172.4,175.3,3.6,0.818,UP,8
141333,177.5,177.9,177.7,178.0,170.6,174.3,172.5,173.9,3.1,0.814,UP,8
141366,179.1,179.0,179.0,178.4,174.8,179.3,177.1,173.8,3.6,0.812,UP,8
141400,179.9,177.5,178.7,178.3,170.7,178.0,174.4,173.6,4.1,0.81,UP,8
141433,179.0,178.3,178.6,178.3,170.8,175.6,173.2,173.9,3.7,0.807,UP,8
141466,178.9,179.9,179.4,178.7,171.3,173.2,172.2,173.9,2.9,0.804,UP,8
141500,179.6,180.0,179.8,179.1,172.1,172.8,172.4,173.9,3.0,0.803,UP,8
141533,177.4,179.6,178.5,179.0,174.4,175.7,175.0,173.4,3.0,0.801,UP,8
141566,177.7,178.7,178.2,178.9,174.3,176.4,175.4,173.6,3.1,0.8,UP,8
141600,176.8,174.7,175.8,178.3,179.1,179.7,179.4,174.9,2.3,0.802,UP,8
141633,178.3,177.9,178.1,178.1,175.7,172.7,174.2,175.3,2.5,0.808,UP,8
141666,175.6,177.9,176.7,177.5,170.3,171.6,170.9,175.0,2.4,0.814,UP,8
141700,176.7,177.7,177.2,177.2,170.3,174.4,172.4,174.5,3.1,0.819,UP,8
141733,176.0,178.2,177.1,177.0,171.1,174.2,172.6,173.9,2.8,0.824,UP,8
141766,178.1,178.4,178.2,177.5,171.9,173.9,172.9,172.6,2.7,0.828,UP,8
141800,177.5,178.4,177.9,177.4,173.6,175.0,174.3,172.6,2.7,0.83,UP,8
141833,177.5,178.5,178.0,177.7,173.9,174.9,174.4,173.3,2.6,0.833,UP,8
141866,173.6,178.2,175.9,177.4,172.4,174.8,173.6,173.6,2.6,0.835,UP,8
141900,170.3,176.5,173.4,176.7,172.0,175.0,173.5,173.7,2.6,0.837,UP,8
141933,171.1,176.5,173.8,175.8,172.3,174.5,173.4,173.8,2.4,0.84,UP,8
141966,173.8,176.8,175.3,175.3,172.0,174.3,173.2,173.6,2.0,0.842,UP,8
142000,179.9,179.4,179.7,175.6,172.8,173.1,173.0,173.3,1.7,0.843,UP,8
142033,179.2,179.8,179.5,176.3,173.3,172.5,172.9,173.2,1.8,0.843,UP,8
142066,178.9,179.0,179.0,177.5,173.1,171.3,172.2,172.9,1.6,0.84,UP,8
142100,176.0,171.7,173.8,177.4,176.0,170.9,173.4,172.9,2.0,0.838,UP,8
142133,178.2,173.0,175.6,177.5,170.9,167.9,169.4,172.2,2.5,0.837,UP,8
142166,179.4,173.3,176.3,176.8,170.1,166.0,168.0,171.2,2.5,0.834,UP,8
142200,179.7,171.1,175.4,176.0,169.8,162.7,166.3,169.9,2.3,0.832,UP,8
142233,178.9,171.5,175.2,175.3,168.3,162.3,165.3,168.5,2.1,0.834,UP,8
142266,178.8,175.5,177.1,175.9,168.1,162.6,165.4,166.9,2.3,0.835,UP,8
142300,179.4,172.9,176.2,176.0,174.0,165.3,169.7,166.9,2.3,0.836,UP,8
142333,179.9,173.8,176.9,176.1,179.7,173.1,176.4,168.6,3.4,0.84,UP,8
142366,177.4,176.3,176.8,176.4,176.5,172.3,174.4,170.2,4.2,0.843,UP,8
142400,179.1,179.7,179.4,177.3,174.1,165.0,169.5,171.1,2.6,0.844,UP,8
142433,178.2,176.0,177.1,177.3,172.9,169.5,171.2,172.2,3.5,0.845,UP,8
142466,178.1,176.3,177.2,177.5,170.3,169.6,170.0,172.3,3.8,0.847,UP,8
142500,177.4,177.2,177.3,177.6,169.3,167.5,168.4,170.7,3.2,0.846,UP,8
142533,175.9,176.1,176.0,177.4,166.8,169.1,167.9,169.4,3.4,0.847,UP,8
142566,175.2,177.4,176.3,176.8,165.3,169.9,167.6,169.0,3.8,0.848,UP,8
142600,174.7,176.6,175.7,176.5,165.8,173.6,169.7,168.7,3.8,0.848,UP,8
142633,173.2,175.0,174.1,175.9,160.5,176.4,168.4,168.4,4.6,0.847,UP,8
142666,169.9,176.3,173.1,175.0,157.9,174.2,166.1,167.9,3.8,0.848,UP,8
142700,174.0,164.8,169.4,173.7,170.2,179.9,175.0,169.4,1.7,0.85,UP,8
142733,174.5,168.6,171.5,172.8,177.6,178.9,178.3,171.5,0.8,0.856,UP,8
142766,176.4,167.2,171.8,172.0,175.3,156.6,166.0,170.7,3.2,0.864,UP,8
142800,179.6,167.9,173.8,171.9,172.7,156.3,164.5,170.0,3.2,0.873,UP,8
142833,176.5,163.6,170.0,171.3,174.2,157.7,165.9,169.9,2.1,0.882,UP,8
142866,176.3,163.6,170.0,171.4,175.3,159.7,167.5,168.4,2.4,0.89,UP,8
142900,176.7,162.7,169.7,171.1,175.0,159.4,167.2,166.2,2.1,0.895,UP,8
142933,175.2,161.3,168.2,170.3,174.1,161.3,167.7,166.6,0.9,0.9,UP,8
142966,176.8,170.8,173.8,170.3,174.3,171.5,172.9,168.2,1.0,0.902,UP,8
143000,177.8,172.9,175.3,171.4,173.0,174.4,173.7,169.8,0.6,0.903,UP,8
143033,175.4,171.1,173.3,172.1,176.3,172.4,174.4,171.2,1.8,0.903,UP,8
143066,176.2,170.6,173.4,172.8,175.4,171.0,173.2,172.4,1.6,0.903,UP,8
143100,176.1,174.8,175.5,174.2,178.1,179.0,178.6,174.5,1.5,0.902,UP,8
143133,177.2,173.2,175.2,174.5,176.8,171.8,174.3,174.8,1.9,0.902,UP,8
143166,177.1,173.1,175.1,174.5,176.1,173.9,175.0,175.1,0.8,0.902,UP,8
143200,176.1,173.1,174.6,174.7,176.3,170.9,173.6,174.9,1.9,0.904,UP,8
143233,179.9,174.2,177.0,175.5,175.2,178.9,177.1,175.7,1.9,0.906,UP,8
143266,179.5,172.7,176.1,175.6,172.9,179.8,176.4,175.3,2.6,0.91,UP,8
143300,179.3,174.1,176.7,175.9,177.5,179.9,178.7,176.1,1.3,0.912,UP,8
143333,177.3,176.1,176.7,176.2,174.8,173.7,174.3,176.0,0.8,0.914,UP,8
143366,179.0,174.6,176.8,176.7,174.0,175.9,174.9,176.3,0.5,0.915,UP,8
143400,176.0,178.2,177.1,176.7,178.6,177.6,178.1,176.5,1.1,0.915,UP,8
143433,175.2,176.6,175.9,176.6,178.9,179.5,179.2,177.0,0.5,0.912,UP,8
143466,173.0,173.3,173.1,175.9,175.5,174.9,175.2,176.3,1.1,0.904,UP,8
143500,168.6,172.0,170.3,174.6,178.0,172.7,175.4,176.6,1.0,0.897,UP,8
143533,170.0,168.0,169.0,173.1,172.1,174.8,173.5,176.3,0.5,0.884,UP,8
143566,164.1,170.5,167.3,171.1,176.5,176.5,176.5,176.0,1.5,0.87,UP,8
143600,167.2,166.5,166.9,169.3,177.4,174.7,176.0,175.3,2.3,0.851,UP,8
143633,167.5,170.9,169.2,168.5,173.4,178.9,176.1,175.5,1.5,0.838,UP,8
143666,168.1,172.7,170.4,168.5,171.9,174.8,173.3,175.1,1.4,0.829,UP,8
143700,168.4,173.8,171.1,169.0,172.3,174.8,173.6,175.1,1.0,0.827,UP,8
143733,168.3,174.1,171.2,169.7,171.7,174.8,173.3,174.5,1.4,0.827,UP,8
143766,168.8,176.6,172.7,170.9,173.3,175.4,174.4,174.1,1.0,0.834,UP,8
143800,169.2,177.7,173.5,171.8,174.7,177.3,176.0,174.1,0.5,0.836,UP,8
143833,170.2,176.8,173.5,172.4,178.2,179.3,178.8,175.2,1.0,0.834,UP,8
143866,170.3,175.0,172.6,172.7,178.4,176.0,177.2,175.9,0.0,0.83,UP,8
143900,172.4,170.0,171.2,172.7,178.3,173.2,175.7,176.4,0.8,0.821,UP,8
143933,169.6,168.7,169.2,172.0,178.4,171.7,175.1,176.6,1.3,0.813,UP,8
143966,167.8,168.0,167.9,170.9,176.3,170.6,173.5,176.1,1.8,0.806,UP,8
144000,171.4,167.2,169.3,170.0,178.5,172.7,175.6,175.4,1.6,0.8,UP,8
144033,167.3,167.2,167.2,169.0,176.0,172.7,174.4,174.8,1.6,0.793,UP,8
144066,153.6,166.1,159.9,166.7,167.6,172.9,170.3,173.8,1.9,0.788,UP,8
144100,152.1,164.0,158.0,164.5,166.9,172.2,169.5,172.6,1.8,0.781,UP,8
144133,151.1,165.6,158.4,162.6,166.7,173.9,170.3,172.0,1.6,0.774,UP,8
144166,157.5,173.9,165.7,161.8,169.8,178.5,174.2,171.7,2.0,0.763,UP,8
144200,165.1,176.6,170.8,162.6,174.6,179.5,177.0,172.3,1.7,0.75,UP,8
144233,170.2,178.7,174.5,165.5,177.9,178.4,178.2,173.8,1.9,0.734,UP,8
144266,172.2,179.1,175.6,169.0,178.9,178.1,178.5,175.6,2.1,0.716,UP,8
144300,174.4,179.6,177.0,172.7,180.0,178.3,179.1,177.4,2.3,0.696,UP,8
144333,176.9,179.9,178.4,175.3,179.5,178.6,179.0,178.4,2.5,0.676,UP,8
144366,177.1,179.5,178.3,176.8,179.1,179.5,179.3,178.8,3.2,0.659,UP,8
144400,177.2,179.7,178.5,177.6,178.0,179.9,179.0,179.0,3.8,0.641,UP,8
144433,176.7,179.9,178.3,178.1,176.4,178.5,177.5,178.8,4.4,0.625,UP,8
144466,176.4,179.7,178.0,178.3,176.6,178.6,177.6,178.5,4.2,0.61,UP,8
144500,175.7,178.0,176.9,178.0,175.9,177.2,176.5,178.0,4.5,0.596,UP,8
144533,174.6,176.9,175.8,177.5,174.7,176.2,175.4,177.2,4.7,0.581,UP,8
144566,170.4,176.2,173.3,176.4,171.0,176.4,173.7,176.2,5.0,0.565,UP,8
144600,168.3,172.9,170.6,174.9,170.3,173.9,172.1,175.1,5.1,0.549,UP,8
144633,163.9,170.5,167.2,172.7,167.6,172.1,169.9,173.5,5.3,0.532,UP,8
144666,160.5,169.2,164.8,170.3,165.7,171.8,168.7,172.0,5.5,0.518,UP,8
144700,160.1,172.5,166.3,168.5,164.8,173.9,169.4,170.8,5.4,0.506,UP,8
144733,,,,,,,,,,0.496,UP,8
144766,,,,,,,,,,0.488,UP,8
144800,,,,,,,,,,0.483,UP,8
144833,,,,,,,,,,0.477,UP,8
144866,,,,,,,,,,0.471,UP,8
144900,,,,,,,,,,0.468,UP,8
144933,,,,,,,,,,0.465,UP,8
144966,,,,,,,,,,0.462,UP,8
145000,,,,,,,,,,0.461,UP,8
145033,,,,,,,,,,0.461,UP,8
145066,,,,,,,,,,0.461,UP,8
145100,,,,,,,,,,0.46,UP,8
145133,,,,,,,,,,0.456,UP,8
145166,,,,,,,,,,0.452,UP,8
145200,,,,,,,,,,0.449,UP,8
145233,,,,,,,,,,0.446,UP,8
145266,,,,,,,,,,0.444,UP,8
145300,,,,,,,,,,0.443,UP,8
145333,,,,,,,,,,0.444,UP,8
145366,,,,,,,,,,0.445,UP,8
145400,,,,,,,,,,0.445,UP,8
145433,,,,,,,,,,0.446,UP,8
145466,,,,,,,,,,0.444,UP,8
145500,,,,,,,,,,0.441,UP,8
145533,,,,,,,,,,0.439,UP,8
145566,,,,,,,,,,0.438,UP,8
145600,,,,,,,,,,0.439,UP,8
145633,,,,,,,,,,0.442,UP,8
145666,,,,,,,,,,0.447,UP,8
145700,,,,,,,,,,0.453,UP,8
145733,,,,,,,,,,0.458,UP,8
145766,,,,,,,,,,0.464,UP,8
145800,,,,,,,,,,0.473,UP,8
145833,,,,,,,,,,0.484,UP,8
145866,,,,,,,,,,0.497,UP,8
145900,174.5,178.0,176.3,169.0,175.5,178.5,177.0,171.4,3.3,0.512,UP,8
145933,174.6,178.1,176.3,170.2,176.2,178.8,177.5,172.5,2.8,0.53,UP,8
145966,173.0,177.9,175.5,171.8,175.7,178.8,177.2,174.0,2.7,0.546,UP,8
146000,171.5,177.7,174.6,173.8,174.8,178.6,176.7,175.6,2.6,0.563,UP,8
146033,170.6,177.0,173.8,175.3,174.6,177.9,176.2,176.9,2.5,0.574,UP,8
146066,171.6,174.2,172.9,174.6,174.2,176.2,175.2,176.6,2.8,0.578,UP,8
146100,171.1,174.8,172.9,173.9,174.2,176.8,175.5,176.2,2.5,0.571,UP,8
146133,171.5,175.0,173.3,173.5,174.2,176.6,175.4,175.8,2.9,0.557,UP,8
146166,170.7,172.0,171.4,172.9,173.8,174.8,174.3,175.3,2.8,0.535,UP,8
146200,170.0,171.1,170.6,172.2,172.5,173.7,173.1,174.7,3.2,0.512,UP,8
146233,,,,,,,,,,0.489,UP,8
146266,,,,,,,,,,0.468,UP,8
146300,,,,,,,,,,0.452,UP,8
146333,,,,,,,,,,0.438,UP,8
146366,,,,,,,,,,0.428,UP,8
146400,,,,,,,,,,0.421,UP,8
146433,,,,,,,,,,0.418,UP,8
146466,,,,,,,,,,0.414,UP,8
146500,,,,,,,,,,0.411,UP,8
146533,,,,,,,,,,0.408,UP,8
146566,,,,,,,,,,0.406,UP,8
146600,,,,,,,,,,0.405,UP,8
146633,,,,,,,,,,0.405,UP,8
146666,,,,,,,,,,0.407,UP,8
146700,,,,,,,,,,0.409,UP,8
146733,,,,,,,,,,0.411,UP,8
146766,,,,,,,,,,0.409,UP,8
146800,,,,,,,,,,0.404,UP,8
146833,,,,,,,,,,0.399,UP,8
146866,,,,,,,,,,0.394,UP,8
146900,,,,,,,,,,0.39,UP,8
146933,,,,,,,,,,0.388,UP,8
146966,,,,,,,,,,0.388,UP,8
147000,,,,,,,,,,0.389,UP,8
147033,,,,,,,,,,0.391,UP,8
147066,,,,,,,,,,0.391,UP,8
147100,,,,,,,,,,0.392,UP,8
147133,,,,,,,,,,0.396,UP,8
147166,,,,,,,,,,0.401,UP,8
147200,,,,,,,,,,0.404,UP,8
147233,,,,,,,,,,0.407,UP,8
147266,,,,,,,,,,0.406,UP,8
147300,,,,,,,,,,0.401,UP,8
147333,,,,,,,,,,0.394,UP,8
147366,,,,,,,,,,0.387,UP,8
147400,,,,,,,,,,0.382,UP,8
147433,,,,,,,,,,0.38,UP,8
147466,,,,,,,,,,0.379,UP,8
147500,,,,,,,,,,0.379,UP,8
147533,,,,,,,,,,0.377,UP,8
147566,,,,,,,,,,0.373,UP,8
147600,,,,,,,,,,0.367,UP,8
147633,,,,,,,,,,0.359,UP,8
147666,,,,,,,,,,0.35,UP,8
147700,,,,,,,,,,0.342,UP,8
147733,,,,,,,,,,0.334,UP,8
147766,,,,,,,,,,0.326,UP,8
147800,,,,,,,,,,0.318,UP,8
147833,,,,,,,,,,0.311,UP,8
147866,,,,,,,,,,0.304,UP,8
147900,,,,,,,,,,0.298,UP,8
147933,,,,,,,,,,0.293,UP,8
147966,,,,,,,,,,0.291,UP,8
148000,,,,,,,,,,0.29,UP,8
148033,,,,,,,,,,0.289,UP,8
148066,,,,,,,,,,0.287,UP,8
148100,,,,,,,,,,0.288,UP,8
148133,,,,,,,,,,0.292,UP,8
148166,,,,,,,,,,0.293,UP,8
148200,,,,,,,,,,0.294,UP,8
148233,,,,,,,,,,0.294,UP,8
148266,,,,,,,,,,0.292,UP,8
148300,,,,,,,,,,0.286,UP,8
148333,,,,,,,,,,0.282,UP,8
148366,,,,,,,,,,0.277,UP,8
148400,,,,,,,,,,0.274,UP,8
148433,,,,,,,,,,0.271,UP,8
148466,,,,,,,,,,0.269,UP,8
148500,,,,,,,,,,0.268,UP,8
148533,,,,,,,,,,0.266,UP,8
148566,,,,,,,,,,0.265,UP,8
148600,,,,,,,,,,0.263,UP,8
148633,,,,,,,,,,0.263,UP,8
148666,,,,,,,,,,0.262,UP,8
148700,,,,,,,,,,0.26,UP,8
148733,,,,,,,,,,0.256,UP,8
148766,,,,,,,,,,0.251,UP,8
148800,,,,,,,,,,0.243,UP,8
148833,,,,,,,,,,0.235,UP,8
148866,,,,,,,,,,0.231,UP,8
148900,,,,,,,,,,0.227,UP,8
148933,,,,,,,,,,0.225,UP,8
148966,,,,,,,,,,0.224,UP,8
149000,,,,,,,,,,0.223,UP,8
149033,,,,,,,,,,0.221,UP,8
149066,,,,,,,,,,0.219,UP,8
149100,,,,,,,,,,0.215,UP,8
149133,,,,,,,,,,0.211,UP,8
149166,,,,,,,,,,0.207,UP,8
149200,,,,,,,,,,0.202,UP,8
149233,,,,,,,,,,0.197,UP,8
149266,,,,,,,,,,0.192,UP,8
149300,,,,,,,,,,0.188,UP,8
149333,,,,,,,,,,0.184,UP,8
149366,,,,,,,,,,0.18,UP,8
149400,,,,,,,,,,0.177,UP,8
149433,,,,,,,,,,0.174,UP,8
149466,,,,,,,,,,0.17,UP,8
149500,,,,,,,,,,0.167,UP,8
149533,,,,,,,,,,0.165,UP,8
149566,,,,,,,,,,0.163,UP,8
149600,,,,,,,,,,0.16,UP,8
149633,,,,,,,,,,0.158,UP,8
149666,,,,,,,,,,0.155,UP,8
149700,,,,,,,,,,0.152,UP,8
149733,,,,,,,,,,0.149,UP,8
149766,,,,,,,,,,0.146,UP,8
149800,,,,,,,,,,0.143,UP,8
149833,,,,,,,,,,0.142,UP,8
149866,,,,,,,,,,0.141,UP,8
149900,,,,,,,,,,0.141,UP,8
149933,,,,,,,,,,0.141,UP,8
149966,,,,,,,,,,0.141,UP,8
150000,,,,,,,,,,0.143,UP,8
150033,,,,,,,,,,0.145,UP,8
150066,,,,,,,,,,0.148,UP,8
150100,,,,,,,,,,0.152,UP,8
150133,,,,,,,,,,0.154,UP,8
150166,,,,,,,,,,0.156,UP,8
150200,,,,,,,,,,0.157,UP,8
150233,,,,,,,,,,0.158,UP,8
150266,,,,,,,,,,0.157,UP,8
150300,,,,,,,,,,0.156,UP,8
150333,,,,,,,,,,0.156,UP,8
150366,,,,,,,,,,0.155,UP,8
150400,,,,,,,,,,0.155,UP,8
150433,,,,,,,,,,0.156,UP,8
150466,,,,,,,,,,0.158,UP,8
150500,,,,,,,,,,0.16,UP,8
150533,,,,,,,,,,0.163,UP,8
150566,,,,,,,,,,0.165,UP,8
150600,,,,,,,,,,0.168,UP,8
150633,,,,,,,,,,0.17,UP,8
150666,,,,,,,,,,0.171,UP,8
150700,,,,,,,,,,0.174,UP,8
150733,,,,,,,,,,0.176,UP,8
150766,,,,,,,,,,0.177,UP,8
150800,,,,,,,,,,0.178,UP,8
150833,,,,,,,,,,0.18,UP,8
150866,,,,,,,,,,0.182,UP,8
150900,,,,,,,,,,0.183,UP,8
150933,,,,,,,,,,0.183,UP,8
150966,,,,,,,,,,0.184,UP,8
151000,,,,,,,,,,0.185,UP,8
151033,,,,,,,,,,0.185,UP,8
151066,,,,,,,,,,0.186,UP,8
151100,,,,,,,,,,0.19,UP,8
151133,,,,,,,,,,0.198,UP,8
151166,,,,,,,,,,0.205,UP,8
151200,,,,,,,,,,0.213,UP,8
151233,,,,,,,,,,0.221,UP,8
151266,,,,,,,,,,0.226,UP,8
151300,,,,,,,,,,0.227,UP,8
151333,,,,,,,,,,0.23,UP,8
151366,,,,,,,,,,0.236,UP,8
151400,,,,,,,,,,0.244,UP,8
151433,,,,,,,,,,0.252,UP,8
151466,,,,,,,,,,0.26,UP,8
151500,,,,,,,,,,0.266,UP,8
151533,,,,,,,,,,0.269,UP,8
151566,,,,,,,,,,0.271,UP,8
151600,,,,,,,,,,0.274,UP,8
151633,,,,,,,,,,0.279,UP,8
151666,,,,,,,,,,0.287,UP,8
151700,,,,,,,,,,0.293,UP,8
151733,,,,,,,,,,0.3,UP,8
151766,,,,,,,,,,0.305,UP,8
151800,,,,,,,,,,0.307,UP,8
151833,,,,,,,,,,0.303,UP,8
151866,,,,,,,,,,0.297,UP,8
151900,,,,,,,,,,0.287,UP,8
151933,,,,,,,,,,0.276,UP,8
151966,,,,,,,,,,0.265,UP,8
152000,,,,,,,,,,0.253,UP,8
152033,,,,,,,,,,0.243,UP,8
152066,,,,,,,,,,0.234,UP,8
152100,,,,,,,,,,0.226,UP,8
152133,,,,,,,,,,0.219,UP,8
152166,,,,,,,,,,0.214,UP,8
152200,,,,,,,,,,0.211,UP,8
152233,,,,,,,,,,0.208,UP,8
152266,,,,,,,,,,0.206,UP,8
152300,,,,,,,,,,0.207,UP,8
152333,,,,,,,,,,0.209,UP,8
152366,,,,,,,,,,0.213,UP,8
152400,,,,,,,,,,0.22,UP,8
152433,,,,,,,,,,0.229,UP,8
152466,,,,,,,,,,0.238,UP,8
152500,,,,,,,,,,0.248,UP,8
152533,,,,,,,,,,0.257,UP,8
152566,,,,,,,,,,0.263,UP,8
152600,,,,,,,,,,0.267,UP,8
152633,,,,,,,,,,0.27,UP,8
152666,,,,,,,,,,0.273,UP,8
152700,,,,,,,,,,0.278,UP,8
152733,,,,,,,,,,0.285,UP,8
152766,,,,,,,,,,0.294,UP,8
152800,,,,,,,,,,0.304,UP,8
152833,,,,,,,,,,0.313,UP,8
152866,,,,,,,,,,0.321,UP,8
152900,,,,,,,,,,0.33,UP,8
152933,,,,,,,,,,0.337,UP,8
152966,,,,,,,,,,0.341,UP,8
153000,,,,,,,,,,0.346,UP,8
153033,,,,,,,,,,0.35,UP,8
153066,,,,,,,,,,0.355,UP,8
153100,,,,,,,,,,0.36,UP,8
153133,,,,,,,,,,0.367,UP,8
153166,,,,,,,,,,0.373,UP,8
153200,,,,,,,,,,0.38,UP,8
153233,,,,,,,,,,0.388,UP,8
153266,,,,,,,,,,0.398,UP,8
153300,,,,,,,,,,0.412,UP,8
153333,,,,,,,,,,0.431,UP,8
153366,,,,,,,,,,0.453,UP,8
153400,,,,,,,,,,0.476,UP,8
153433,,,,,,,,,,0.497,UP,8
153466,142.8,164.7,153.7,168.4,155.9,165.0,160.4,171.7,9.8,0.515,UP,8
153500,144.8,165.0,154.9,164.8,156.3,166.5,161.4,168.9,8.9,0.529,UP,8
153533,152.7,165.8,159.3,162.0,158.5,166.5,162.5,166.3,8.7,0.538,UP,8
153566,154.4,166.7,160.6,159.8,159.1,166.7,162.9,164.1,8.7,0.545,UP,8
153600,159.9,167.5,163.7,158.4,162.0,167.0,164.5,162.3,8.9,0.545,UP,8
153633,164.2,167.7,166.0,160.9,159.5,167.8,163.7,163.0,10.5,0.539,UP,8
153666,164.0,167.8,165.9,163.1,159.9,167.9,163.9,163.5,9.9,0.528,UP,8
153700,165.3,168.8,167.1,164.6,165.6,167.9,166.7,164.3,7.6,0.516,UP,8
153733,165.1,168.9,167.0,165.9,167.1,167.7,167.4,165.2,6.8,0.502,UP,8
153766,,,,,,,,,,0.493,UP,8
153800,,,,,,,,,,0.486,UP,8
153833,,,,,,,,,,0.485,UP,8
153866,,,,,,,,,,0.485,UP,8
153900,,,,,,,,,,0.483,UP,8
153933,,,,,,,,,,0.48,UP,8
153966,,,,,,,,,,0.477,UP,8
154000,,,,,,,,,,0.47,UP,8
154033,,,,,,,,,,0.46,UP,8
154066,,,,,,,,,,0.449,UP,8
154100,,,,,,,,,,0.44,UP,8
154133,,,,,,,,,,0.434,UP,8
154166,,,,,,,,,,0.433,UP,8
154200,,,,,,,,,,0.437,UP,8
154233,,,,,,,,,,0.446,UP,8
154266,,,,,,,,,,0.459,UP,8
154300,,,,,,,,,,0.473,UP,8
154333,,,,,,,,,,0.486,UP,8
154366,,,,,,,,,,0.497,UP,8
154400,159.3,168.1,163.7,165.9,168.0,169.0,168.5,166.0,5.5,0.506,UP,8
154433,162.1,169.9,166.0,165.9,170.0,170.0,170.0,167.3,5.2,0.514,UP,8
154466,167.6,171.9,169.7,166.7,173.6,171.4,172.5,169.0,4.9,0.519,UP,8
154500,170.9,174.9,172.9,167.9,175.8,172.8,174.3,170.5,5.3,0.527,UP,8
154533,172.9,175.9,174.4,169.4,177.3,173.7,175.5,172.1,5.2,0.532,UP,8
154566,174.5,178.2,176.3,171.9,179.2,175.8,177.5,174.0,4.9,0.54,UP,8
154600,174.5,178.7,176.6,174.0,178.9,177.6,178.3,175.6,4.4,0.549,UP,8
154633,178.6,174.9,176.8,175.4,172.8,178.0,175.4,176.2,6.5,0.553,UP,8
154666,175.7,175.4,175.6,175.9,171.7,176.6,174.2,176.2,6.6,0.554,UP,8
154700,175.9,175.8,175.8,176.2,174.1,176.2,175.2,176.1,5.7,0.554,UP,8
154733,175.4,175.3,175.3,176.0,174.4,176.8,175.6,175.7,4.9,0.55,UP,8
154766,174.2,178.0,176.1,175.9,175.9,177.5,176.7,175.4,4.6,0.545,UP,8
154800,171.1,177.3,174.2,175.4,171.9,176.7,174.3,175.2,5.2,0.546,UP,8
154833,171.5,179.5,175.5,175.4,174.7,177.6,176.2,175.6,5.1,0.553,UP,8
154866,172.3,179.4,175.8,175.4,175.2,178.9,177.0,176.0,4.4,0.561,UP,8
154900,172.5,179.1,175.8,175.5,176.4,178.7,177.5,176.3,3.9,0.574,UP,8
154933,173.2,178.6,175.9,175.4,177.3,178.3,177.8,176.6,3.7,0.585,UP,8
154966,175.5,177.3,176.4,175.9,176.0,179.4,177.7,177.2,3.2,0.591,UP,8
155000,175.2,178.5,176.9,176.2,179.4,177.0,178.2,177.7,3.8,0.593,UP,8
155033,175.3,176.7,176.0,176.2,179.4,176.4,177.9,177.8,3.6,0.595,UP,8
155066,175.8,177.1,176.4,176.3,179.8,176.8,178.3,178.0,3.6,0.594,UP,8
155100,175.6,174.9,175.2,176.2,176.1,176.7,176.4,177.7,4.2,0.592,UP,8
155133,175.7,174.9,175.3,176.0,177.3,176.0,176.7,177.5,4.1,0.592,UP,8
155166,176.0,175.4,175.7,175.7,176.1,178.2,177.2,177.3,3.8,0.587,UP,8
155200,175.9,175.1,175.5,175.6,176.2,176.5,176.4,177.0,4.4,0.581,UP,8
155233,175.3,175.1,175.2,175.4,177.8,175.0,176.4,176.6,4.2,0.574,UP,8
155266,174.9,175.2,175.0,175.3,178.1,171.8,175.0,176.3,5.5,0.57,UP,8
155300,175.3,175.4,175.3,175.3,175.7,172.5,174.1,175.8,6.8,0.567,UP,8
155333,175.4,174.2,174.8,175.2,174.8,176.6,175.7,175.5,4.9,0.564,UP,8
155366,176.6,174.8,175.7,175.2,171.9,176.8,174.3,175.1,6.4,0.559,UP,8
155400,176.9,175.0,175.9,175.4,172.6,176.6,174.6,174.7,6.3,0.551,UP,8
155433,177.1,174.9,176.0,175.6,173.9,176.5,175.2,174.8,5.8,0.539,UP,8
155466,177.2,175.5,176.3,175.8,174.4,176.3,175.3,175.0,5.7,0.525,UP,8
155500,176.7,176.4,176.5,176.1,176.2,174.2,175.2,174.9,5.8,0.516,UP,8
155533,176.2,175.6,175.9,176.1,176.7,173.3,175.0,175.1,5.7,0.51,UP,8
155566,175.3,176.1,175.7,176.1,175.6,174.3,175.0,175.1,6.0,0.506,UP,8
155600,173.6,174.4,174.0,175.7,175.4,174.0,174.7,175.0,5.5,0.503,UP,8
155633,171.7,172.6,172.1,174.9,174.2,172.9,173.6,174.7,6.0,0.5,UP,8
155666,,,,,,,,,,0.497,UP,8
155700,,,,,,,,,,0.494,UP,8
155733,,,,,,,,,,0.493,UP,8
155766,,,,,,,,,,0.492,UP,8
155800,,,,,,,,,,0.493,UP,8
155833,166.0,159.1,162.5,172.1,175.7,170.0,172.9,174.2,2.7,0.5,UP,8
155866,165.4,156.0,160.7,169.0,176.7,168.1,172.4,173.7,2.4,0.512,UP,8
155900,166.1,155.0,160.5,166.0,176.9,167.3,172.1,173.1,2.3,0.527,UP,8
155933,166.6,148.1,157.3,162.6,178.6,162.4,170.5,172.3,2.4,0.547,UP,8
155966,166.9,146.7,156.8,159.6,180.0,160.1,170.0,171.6,2.5,0.573,UP,8
156000,166.9,144.2,155.6,158.2,179.9,158.5,169.2,170.9,2.6,0.599,UP,8
156033,167.5,143.9,155.7,157.2,179.9,159.9,169.9,170.4,1.6,0.624,UP,8
156066,169.6,147.7,158.6,156.8,179.8,161.4,170.6,170.1,1.0,0.649,UP,8
156100,172.2,151.0,161.6,157.7,179.3,165.9,172.6,170.5,0.6,0.664,DOWN,8
156133,171.7,155.1,163.4,159.0,177.7,166.5,172.1,170.9,0.8,0.672,DOWN,8
156166,168.8,159.1,164.0,160.7,178.9,166.2,172.6,171.6,0.7,0.67,DOWN,8
156200,163.3,168.2,165.7,162.7,162.9,177.9,170.4,171.7,1.8,0.66,DOWN,8
156233,165.0,163.9,164.5,163.8,171.9,167.7,169.8,171.5,3.5,0.647,DOWN,8
156266,163.6,172.6,168.1,165.1,167.6,177.9,172.7,171.5,3.9,0.631,DOWN,8
156300,154.9,159.8,157.4,163.9,169.1,167.5,168.3,170.8,4.5,0.614,UP,8
156333,156.6,152.9,154.8,162.1,167.5,171.9,169.7,170.2,4.3,0.597,UP,8
156366,157.2,151.8,154.5,159.8,173.3,171.0,172.2,170.5,4.2,0.582,UP,8
156400,156.5,154.0,155.3,158.0,175.6,173.2,174.4,171.5,3.8,0.566,UP,8
156433,155.9,156.6,156.3,155.6,177.7,175.9,176.8,172.3,2.9,0.552,UP,8
156466,160.5,156.0,158.2,155.8,171.2,176.4,173.8,173.4,3.0,0.538,UP,8
156500,155.1,157.3,156.2,156.1,171.6,174.9,173.3,174.1,3.1,0.526,DOWN,8
156533,162.7,155.1,158.9,157.0,171.9,176.2,174.1,174.5,2.3,0.513,DOWN,8
156566,,,,,,,,,,0.496,DOWN,8
156600,,,,,,,,,,0.48,DOWN,8
156633,,,,,,,,,,0.462,DOWN,8
156666,,,,,,,,,,0.444,DOWN,8
156700,,,,,,,,,,0.428,DOWN,8
156733,,,,,,,,,,0.414,DOWN,8
156766,,,,,,,,,,0.402,DOWN,8
156800,,,,,,,,,,0.391,DOWN,8
156833,,,,,,,,,,0.381,DOWN,8
156866,,,,,,,,,,0.301,DOWN,8
156900,,,,,,,,,,0.223,DOWN,8
156933,,,,,,,,,,0.146,DOWN,8
156966,,,,,,,,,,0.073,DOWN,8
157000,,,,,,,,,,0.071,DOWN,8
157033,,,,,,,,,,0.139,DOWN,8
157066,,,,,,,,,,0.208,DOWN,8
157100,,,,,,,,,,0.275,DOWN,8
157133,,,,,,,,,,0.341,DOWN,8
157166,,,,,,,,,,0.334,DOWN,8
157200,,,,,,,,,,0.33,DOWN,8
157233,,,,,,,,,,0.327,DOWN,8
157266,,,,,,,,,,0.321,DOWN,8
157300,,,,,,,,,,0.313,DOWN,8
157333,,,,,,,,,,0.307,DOWN,8
157366,,,,,,,,,,0.299,DOWN,8
157400,,,,,,,,,,0.29,DOWN,8
157433,,,,,,,,,,0.283,DOWN,8
157466,,,,,,,,,,0.275,DOWN,8
157500,,,,,,,,,,0.269,DOWN,8
157533,,,,,,,,,,0.262,DOWN,8
157566,,,,,,,,,,0.254,DOWN,8
157600,,,,,,,,,,0.248,DOWN,8
157633,,,,,,,,,,0.249,DOWN,8
157666,,,,,,,,,,0.25,DOWN,8
157700,,,,,,,,,,0.251,DOWN,8
157733,,,,,,,,,,0.254,DOWN,8
157766,,,,,,,,,,0.256,DOWN,8
157800,,,,,,,,,,0.204,DOWN,8
157833,,,,,,,,,,0.201,DOWN,8
157866,,,,,,,,,,0.199,DOWN,8
157900,,,,,,,,,,0.197,DOWN,8
157933,,,,,,,,,,0.196,DOWN,8
157966,,,,,,,,,,0.246,DOWN,8
158000,,,,,,,,,,0.246,DOWN,8
158033,,,,,,,,,,0.249,DOWN,8
158066,,,,,,,,,,0.251,DOWN,8
158100,,,,,,,,,,0.257,DOWN,8
158133,,,,,,,,,,0.261,DOWN,8
158166,,,,,,,,,,0.263,DOWN,8
158200,,,,,,,,,,0.271,DOWN,8
158233,,,,,,,,,,0.286,DOWN,8
158266,,,,,,,,,,0.3,DOWN,8
158300,,,,,,,,,,0.324,DOWN,8
158333,,,,,,,,,,0.346,DOWN,8
158366,,,,,,,,,,0.358,DOWN,8
158400,,,,,,,,,,0.372,DOWN,8
158433,,,,,,,,,,0.39,DOWN,8
158466,,,,,,,,,,0.397,DOWN,8
158500,,,,,,,,,,0.401,DOWN,8
158533,,,,,,,,,,0.403,DOWN,8
158566,,,,,,,,,,0.398,DOWN,8
158600,,,,,,,,,,0.381,DOWN,8
158633,,,,,,,,,,0.366,DOWN,8
158666,,,,,,,,,,0.354,DOWN,8
158700,,,,,,,,,,0.344,DOWN,8
158733,,,,,,,,,,0.339,DOWN,8
158766,,,,,,,,,,0.338,DOWN,8
158800,,,,,,,,,,0.334,DOWN,8
158833,,,,,,,,,,0.342,DOWN,8
158866,,,,,,,,,,0.36,DOWN,8
158900,,,,,,,,,,0.367,DOWN,8
158933,,,,,,,,,,0.372,DOWN,8
158966,,,,,,,,,,0.381,DOWN,8
159000,,,,,,,,,,0.376,DOWN,8
159033,,,,,,,,,,0.36,DOWN,8
159066,,,,,,,,,,0.344,DOWN,8
159100,,,,,,,,,,0.336,DOWN,8
159133,,,,,,,,,,0.335,DOWN,8
159166,,,,,,,,,,0.338,DOWN,8
159200,,,,,,,,,,0.342,DOWN,8
159233,,,,,,,,,,0.349,DOWN,8
159266,,,,,,,,,,0.35,DOWN,8
159300,,,,,,,,,,0.343,DOWN,8
159333,,,,,,,,,,0.335,DOWN,8
159366,,,,,,,,,,0.328,DOWN,8
159400,,,,,,,,,,0.319,DOWN,8
159433,,,,,,,,,,0.252,DOWN,8
159466,,,,,,,,,,0.246,DOWN,8
159500,,,,,,,,,,0.242,DOWN,8
159533,,,,,,,,,,0.242,DOWN,8
159566,,,,,,,,,,0.247,DOWN,8
159600,,,,,,,,,,0.31,DOWN,8
159633,,,,,,,,,,0.319,DOWN,8
159666,,,,,,,,,,0.337,DOWN,8
159700,,,,,,,,,,0.352,DOWN,8
159733,,,,,,,,,,0.363,DOWN,8
159766,,,,,,,,,,0.375,DOWN,8
159800,,,,,,,,,,0.38,DOWN,8
159833,,,,,,,,,,0.375,DOWN,8
159866,,,,,,,,,,0.37,DOWN,8
159900,,,,,,,,,,0.364,DOWN,8
159933,,,,,,,,,,0.353,DOWN,8
159966,,,,,,,,,,0.34,DOWN,8
160000,,,,,,,,,,0.322,DOWN,8
160033,,,,,,,,,,0.305,DOWN,8
160066,,,,,,,,,,0.289,DOWN,8
160100,,,,,,,,,,0.274,DOWN,8
160133,,,,,,,,,,0.263,DOWN,8
160166,,,,,,,,,,0.254,DOWN,8
160200,,,,,,,,,,0.249,DOWN,8
160233,,,,,,,,,,0.245,DOWN,8
160266,,,,,,,,,,0.243,DOWN,8
160300,,,,,,,,,,0.241,DOWN,8
160333,,,,,,,,,,0.241,DOWN,8
160366,,,,,,,,,,0.238,DOWN,8
160400,,,,,,,,,,0.236,DOWN,8
160433,,,,,,,,,,0.234,DOWN,8
160466,,,,,,,,,,0.23,DOWN,8
160500,,,,,,,,,,0.227,DOWN,8
160533,,,,,,,,,,0.225,DOWN,8
160566,,,,,,,,,,0.223,DOWN,8
160600,,,,,,,,,,0.222,DOWN,8
160633,,,,,,,,,,0.224,DOWN,8
160666,,,,,,,,,,0.225,DOWN,8
160700,,,,,,,,,,0.226,DOWN,8
160733,,,,,,,,,,0.225,DOWN,8
160766,,,,,,,,,,0.223,DOWN,8
160800,,,,,,,,,,0.22,DOWN,8
160833,,,,,,,,,,0.22,DOWN,8
160866,,,,,,,,,,0.218,DOWN,8
160900,,,,,,,,,,0.219,DOWN,8
160933,,,,,,,,,,0.219,DOWN,8
160966,,,,,,,,,,0.215,DOWN,8
161000,,,,,,,,,,0.208,DOWN,8
161033,,,,,,,,,,0.164,DOWN,8
161066,,,,,,,,,,0.157,DOWN,8
161100,,,,,,,,,,0.151,DOWN,8
161133,,,,,,,,,,0.146,DOWN,8
161166,,,,,,,,,,0.14,DOWN,8
161200,,,,,,,,,,0.17,DOWN,8
161233,,,,,,,,,,0.163,DOWN,8
161266,,,,,,,,,,0.155,DOWN,8
161300,,,,,,,,,,0.149,DOWN,8
161333,,,,,,,,,,0.15,DOWN,8
161366,,,,,,,,,,0.157,DOWN,8
161400,,,,,,,,,,0.166,DOWN,8
161433,,,,,,,,,,0.176,DOWN,8
161466,,,,,,,,,,0.187,DOWN,8
161500,,,,,,,,,,0.198,DOWN,8
161533,,,,,,,,,,0.211,DOWN,8
161566,,,,,,,,,,0.229,DOWN,8
161600,,,,,,,,,,0.256,DOWN,8
161633,,,,,,,,,,0.29,DOWN,8
161666,,,,,,,,,,0.328,DOWN,8
161700,,,,,,,,,,0.365,DOWN,8
161733,,,,,,,,,,0.403,DOWN,8
161766,,,,,,,,,,0.437,DOWN,8
161800,,,,,,,,,,0.469,DOWN,8
161833,167.7,164.4,166.0,159.1,179.6,173.2,176.4,174.9,3.1,0.5,DOWN,8
161866,172.7,169.7,171.2,162.1,175.7,174.1,174.9,174.5,3.6,0.534,DOWN,8
161900,175.1,172.1,173.6,165.2,172.3,175.8,174.1,174.5,2.6,0.565,DOWN,8
161933,175.7,177.3,176.5,169.2,171.0,178.4,174.7,174.8,3.0,0.598,DOWN,8
161966,176.3,175.7,176.0,172.7,170.9,178.2,174.6,174.9,3.3,0.631,DOWN,8
162000,176.1,173.9,175.0,174.5,170.9,178.0,174.5,174.5,3.5,0.662,UP,8
162033,177.4,174.0,175.7,175.3,169.9,178.5,174.2,174.4,3.1,0.691,UP,8
162066,178.1,176.2,177.2,176.1,168.9,179.5,174.2,174.4,2.9,0.719,UP,8
162100,179.2,177.6,178.4,176.5,169.7,178.5,174.1,174.3,3.9,0.744,UP,8
162133,178.9,178.7,178.8,177.0,175.3,173.9,174.6,174.3,3.7,0.767,UP,8
162166,177.0,171.7,174.4,176.9,175.8,165.9,170.9,173.6,4.2,0.787,UP,8
162200,176.1,171.3,173.7,176.5,177.8,166.6,172.2,173.2,3.1,0.803,UP,8
162233,176.2,173.3,174.7,176.0,179.3,171.4,175.3,173.4,3.5,0.817,UP,8
162266,179.8,174.0,176.9,175.7,177.3,173.3,175.3,173.7,5.4,0.829,UP,8
162300,175.8,177.6,176.7,175.3,172.7,176.7,174.7,173.7,4.2,0.84,UP,8
162333,174.9,174.4,174.6,175.3,177.4,178.7,178.0,175.1,4.2,0.851,UP,8
162366,178.3,176.7,177.5,176.1,168.7,174.5,171.6,175.0,5.6,0.859,UP,8
162400,174.5,178.3,176.4,176.4,171.9,174.2,173.0,174.5,3.4,0.867,UP,8
162433,175.6,178.7,177.1,176.5,173.4,174.5,173.9,174.3,3.5,0.875,UP,8
162466,179.1,179.8,179.5,177.0,172.8,175.1,173.9,174.1,2.7,0.878,UP,8
162500,177.6,174.2,175.9,177.3,177.5,168.3,172.9,173.1,0.7,0.879,UP,8
162533,175.6,175.7,175.7,176.9,174.4,174.2,174.3,173.6,2.6,0.882,UP,8
162566,177.4,179.6,178.5,177.3,176.7,173.9,175.3,174.1,2.6,0.884,UP,8
162600,178.9,179.6,179.2,177.7,176.2,175.7,175.9,174.5,2.5,0.887,UP,8
162633,177.1,178.9,178.0,177.5,176.6,176.1,176.3,175.0,2.2,0.893,UP,8
162666,177.1,178.1,177.6,177.8,176.5,176.3,176.4,175.7,1.8,0.901,UP,8
162700,173.5,175.2,174.3,177.5,175.5,175.2,175.4,175.9,1.6,0.909,UP,8
162733,173.7,174.3,174.0,176.6,175.7,174.7,175.2,175.9,1.6,0.915,UP,8
162766,174.2,175.2,174.7,175.7,175.5,174.9,175.2,175.7,1.4,0.92,UP,8
162800,175.6,174.0,174.8,175.1,175.6,173.0,174.3,175.3,1.0,0.923,UP,8
162833,176.9,177.6,177.2,175.0,176.4,173.6,175.0,175.0,0.9,0.926,UP,8
162866,178.1,177.6,177.8,175.7,176.9,173.1,175.0,175.0,1.0,0.928,UP,8
162900,177.9,178.7,178.3,176.6,176.6,174.0,175.3,175.0,0.6,0.93,UP,8
162933,179.9,178.6,179.2,177.5,177.4,173.4,175.4,175.0,0.6,0.932,UP,8
162966,179.5,177.3,178.4,178.2,176.9,173.2,175.1,175.2,0.1,0.933,UP,8
163000,179.8,173.5,176.6,178.1,176.8,172.2,174.5,175.1,0.2,0.935,UP,8
163033,179.8,174.0,176.9,177.9,175.5,172.3,173.9,174.8,0.2,0.937,UP,8
163066,177.9,174.3,176.1,177.4,175.3,172.9,174.1,174.6,0.5,0.938,UP,8
163100,179.5,179.1,179.3,177.5,179.8,178.0,178.9,175.3,0.1,0.937,UP,8
163133,173.8,177.2,175.5,176.9,177.8,177.6,177.7,175.8,0.0,0.935,UP,8
163166,176.3,176.4,176.3,176.8,179.3,176.9,178.1,176.5,0.4,0.931,UP,8
163200,179.9,180.0,179.9,177.4,173.0,171.7,172.4,176.2,0.0,0.927,UP,8
163233,179.2,178.9,179.0,178.0,174.1,173.0,173.6,176.1,0.2,0.924,UP,8
163266,178.7,177.5,178.1,177.8,174.1,174.0,174.1,175.2,0.1,0.922,UP,8
163300,178.0,177.4,177.7,178.2,172.6,169.2,170.9,173.8,0.3,0.922,UP,8
163333,179.4,177.6,178.5,178.6,174.0,169.2,171.6,172.5,0.8,0.922,UP,8
163366,178.5,175.9,177.2,178.1,174.1,168.7,171.4,172.3,1.0,0.921,UP,8
163400,179.0,177.8,178.4,178.0,173.2,174.8,174.0,172.4,0.1,0.914,UP,8
163433,179.6,177.8,178.7,178.1,175.6,171.0,173.3,172.3,1.7,0.907,UP,8
163466,176.9,177.9,177.4,178.0,174.3,169.3,171.8,172.4,2.1,0.902,UP,8
163500,177.6,178.8,178.2,178.0,172.7,170.0,171.4,172.4,1.3,0.898,UP,8
163533,177.5,177.6,177.6,178.0,173.7,169.3,171.5,172.4,2.3,0.896,UP,8
163566,179.4,179.9,179.7,178.3,173.0,170.2,171.6,171.9,2.0,0.901,UP,8
163600,179.4,179.8,179.6,178.5,173.3,170.9,172.1,171.7,2.3,0.906,UP,8
163633,179.3,179.7,179.5,178.9,173.0,170.6,171.8,171.7,2.1,0.91,UP,8
163666,178.7,177.9,178.3,178.9,171.6,169.5,170.6,171.5,2.2,0.914,UP,8
163700,178.9,179.0,179.0,179.2,171.8,171.1,171.4,171.5,2.1,0.919,UP,8
163733,179.3,178.0,178.7,179.0,171.8,170.1,170.9,171.4,2.3,0.924,UP,8
163766,179.1,179.6,179.4,179.0,172.0,170.5,171.2,171.2,2.5,0.928,UP,8
163800,179.5,178.7,179.1,178.9,172.4,170.6,171.5,171.1,2.7,0.933,UP,8
163833,177.6,178.1,177.8,178.8,171.9,171.8,171.8,171.4,3.0,0.936,UP,8
163866,177.2,179.4,178.3,178.7,171.4,171.4,171.4,171.4,3.1,0.939,UP,8
163900,176.5,179.7,178.1,178.5,171.4,171.0,171.2,171.4,3.3,0.942,UP,8
163933,175.4,179.7,177.6,178.2,170.7,171.1,170.9,171.4,3.3,0.944,UP,8
163966,174.1,177.1,175.6,177.5,170.1,171.1,170.6,171.2,3.4,0.947,UP,8
164000,172.5,178.4,175.4,177.0,169.6,170.9,170.3,170.9,3.7,0.949,UP,8
164033,171.4,179.2,175.3,176.4,168.9,170.9,169.9,170.6,3.7,0.952,UP,8
164066,168.6,179.4,174.0,175.6,167.8,170.7,169.2,170.2,3.7,0.954,UP,8
164100,167.3,179.7,173.5,174.8,166.7,170.5,168.6,169.7,3.8,0.956,UP,8
164133,166.9,178.6,172.7,174.2,166.1,170.3,168.2,169.2,3.7,0.957,UP,8
164166,166.6,178.2,172.4,173.6,165.6,170.4,168.0,168.8,3.7,0.958,UP,8
164200,166.5,179.0,172.8,173.1,165.0,170.4,167.7,168.3,3.6,0.958,UP,8
164233,166.1,178.6,172.3,172.7,164.3,170.2,167.3,168.0,3.6,0.959,UP,8
164266,167.4,178.9,173.1,172.7,165.0,170.3,167.6,167.8,3.7,0.96,UP,8
164300,166.4,179.7,173.1,172.7,164.3,170.5,167.4,167.6,3.7,0.961,UP,8
164333,167.6,178.9,173.3,172.9,163.3,170.3,166.8,167.4,3.3,0.963,UP,8
164366,168.4,179.4,173.9,173.1,163.4,170.2,166.8,167.2,3.1,0.964,UP,8
164400,169.8,179.6,174.7,173.6,164.2,170.0,167.1,167.1,2.5,0.964,UP,8
164433,170.1,178.9,174.5,173.9,164.2,168.6,166.4,166.9,2.7,0.965,UP,8
164466,170.9,179.9,175.4,174.4,164.8,169.8,167.3,166.9,2.1,0.965,UP,8
164500,172.1,176.2,174.2,174.5,166.3,169.5,167.9,167.1,2.0,0.966,UP,8
164533,172.8,177.2,175.0,174.8,166.4,169.2,167.8,167.3,1.4,0.966,UP,8
164566,173.2,179.1,176.1,175.0,167.1,169.7,168.4,167.6,0.6,0.967,UP,8
164600,173.1,179.2,176.2,175.4,166.8,168.9,167.9,167.9,0.7,0.968,UP,8
164633,173.0,175.8,174.4,175.2,167.1,170.6,168.8,168.2,0.4,0.968,UP,8
164666,170.5,173.7,172.1,174.8,167.5,170.9,169.2,168.4,0.0,0.97,UP,8
164700,170.7,171.7,171.2,174.0,167.6,171.6,169.6,168.8,0.2,0.971,UP,8
164733,170.5,175.5,173.0,173.4,167.3,170.0,168.7,168.8,0.4,0.972,UP,8
164766,171.1,173.2,172.2,172.6,169.0,171.2,170.1,169.3,0.7,0.974,UP,8
164800,170.0,171.0,170.5,171.8,169.3,172.1,170.7,169.7,0.9,0.975,UP,8
164833,170.5,168.4,169.5,171.3,170.4,173.1,171.8,170.2,0.9,0.976,UP,8
164866,171.7,166.0,168.9,170.8,170.9,174.2,172.6,170.8,0.5,0.977,UP,8
164900,171.3,163.5,167.4,169.7,170.5,176.0,173.2,171.7,0.3,0.977,UP,8
164933,171.1,160.2,165.6,168.4,170.4,178.6,174.5,172.6,0.2,0.977,UP,8
164966,171.3,157.4,164.3,167.1,170.7,179.6,175.2,173.4,0.1,0.977,UP,8
165000,170.2,151.3,160.8,165.4,170.5,178.7,174.6,174.0,0.2,0.976,UP,8
165033,163.7,152.2,158.0,163.2,167.1,178.5,172.8,174.1,0.4,0.974,UP,8
165066,165.4,152.6,159.0,161.5,168.4,178.3,173.3,174.1,0.6,0.973,UP,8
165100,171.2,157.7,164.5,161.3,172.2,179.1,175.6,174.3,0.5,0.969,UP,8
165133,173.5,159.2,166.3,161.7,174.0,177.8,175.9,174.5,0.4,0.962,UP,8
165166,176.5,162.9,169.7,163.5,175.5,177.3,176.4,174.8,0.3,0.952,UP,8
165200,176.4,166.1,171.3,166.2,177.1,177.4,177.3,175.7,1.1,0.939,UP,8
165233,175.4,165.0,170.2,168.4,177.1,177.9,177.5,176.5,1.3,0.923,UP,8
165266,174.6,167.7,171.1,169.7,178.8,178.4,178.6,177.1,2.0,0.903,UP,8
165300,176.6,170.9,173.8,171.2,179.2,178.6,178.9,177.7,2.5,0.88,UP,8
165333,175.6,169.2,172.4,171.8,178.7,178.2,178.5,178.1,2.0,0.858,UP,8
165366,173.8,170.8,172.3,172.0,178.4,176.1,177.2,178.1,2.3,0.832,UP,8
165400,175.4,163.0,169.2,171.8,177.3,177.8,177.5,178.1,2.2,0.808,UP,8
165433,175.9,163.1,169.5,171.4,176.3,176.9,176.6,177.8,1.7,0.787,UP,8
165466,176.6,164.6,170.6,170.8,176.4,177.0,176.7,177.3,1.5,0.77,UP,8
165500,175.3,162.9,169.1,170.2,175.1,176.6,175.9,176.8,1.2,0.754,UP,8
165533,173.5,164.2,168.9,169.5,173.0,176.5,174.7,176.3,0.7,0.742,UP,8
165566,171.6,167.6,169.6,169.5,173.0,177.0,175.0,175.8,0.7,0.727,UP,8
165600,168.6,166.7,167.6,169.2,173.4,176.1,174.8,175.4,1.2,0.708,UP,8
165633,166.8,166.3,166.5,168.4,172.7,175.5,174.1,174.9,0.9,0.689,UP,8
165666,164.4,166.9,165.7,167.7,172.5,176.0,174.2,174.6,1.2,0.671,UP,8
165700,163.4,168.5,166.0,167.1,172.2,175.6,173.9,174.4,1.0,0.651,UP,8
165733,167.3,169.6,168.4,166.8,175.0,173.9,174.4,174.3,0.6,0.631,UP,8
165766,166.2,170.3,168.3,167.0,175.4,174.1,174.8,174.3,0.6,0.612,UP,8
165800,167.7,169.6,168.7,167.4,176.0,173.9,175.0,174.5,1.2,0.593,UP,8
165833,169.7,169.8,169.7,168.2,178.0,174.0,176.0,174.8,1.4,0.569,UP,8
165866,173.0,170.0,171.5,169.3,179.8,174.4,177.1,175.4,1.8,0.546,UP,8
165900,174.1,170.7,172.4,170.1,178.9,175.0,177.0,175.9,2.1,0.524,UP,8
165933,175.0,171.4,173.2,171.1,178.5,175.8,177.1,176.4,2.2,0.504,UP,8
165966,,,,,,,,,,0.484,UP,8
166000,,,,,,,,,,0.468,UP,8
166033,,,,,,,,,,0.452,UP,8
166066,,,,,,,,,,0.438,UP,8
166100,,,,,,,,,,0.423,UP,8
166133,,,,,,,,,,0.41,UP,8
166166,,,,,,,,,,0.397,UP,8
166200,,,,,,,,,,0.385,UP,8
166233,,,,,,,,,,0.376,UP,8
166266,,,,,,,,,,0.369,UP,8
166300,,,,,,,,,,0.363,UP,8
166333,,,,,,,,,,0.36,UP,8
166366,,,,,,,,,,0.358,UP,8
166400,,,,,,,,,,0.357,UP,8
166433,,,,,,,,,,0.357,UP,8
166466,,,,,,,,,,0.358,UP,8
166500,,,,,,,,,,0.358,UP,8
166533,,,,,,,,,,0.357,UP,8
166566,,,,,,,,,,0.354,UP,8
166600,,,,,,,,,,0.35,UP,8
166633,,,,,,,,,,0.344,UP,8
166666,,,,,,,,,,0.338,UP,8
166700,,,,,,,,,,0.331,UP,8
166733,,,,,,,,,,0.326,UP,8
166766,,,,,,,,,,0.321,UP,8
166800,,,,,,,,,,0.316,UP,8
166833,,,,,,,,,,0.312,UP,8
166866,,,,,,,,,,0.308,UP,8
166900,,,,,,,,,,0.304,UP,8
166933,,,,,,,,,,0.3,UP,8
166966,,,,,,,,,,0.297,UP,8
167000,,,,,,,,,,0.295,UP,8
167033,,,,,,,,,,0.293,UP,8
167066,,,,,,,,,,0.292,UP,8
167100,,,,,,,,,,0.289,UP,8
167133,,,,,,,,,,0.288,UP,8
167166,,,,,,,,,,0.286,UP,8
167200,,,,,,,,,,0.284,UP,8
167233,,,,,,,,,,0.284,UP,8
167266,,,,,,,,,,0.283,UP,8
167300,,,,,,,,,,0.282,UP,8
167333,,,,,,,,,,0.279,UP,8
167366,,,,,,,,,,0.276,UP,8
167400,,,,,,,,,,0.273,UP,8
167433,,,,,,,,,,0.269,UP,8
167466,,,,,,,,,,0.266,UP,8
167500,,,,,,,,,,0.264,UP,8
167533,,,,,,,,,,0.263,UP,8
167566,,,,,,,,,,0.264,UP,8
167600,,,,,,,,,,0.265,UP,8
167633,,,,,,,,,,0.269,UP,8
167666,,,,,,,,,,0.274,UP,8
167700,,,,,,,,,,0.28,UP,8
167733,,,,,,,,,,0.285,UP,8
167766,,,,,,,,,,0.292,UP,8
167800,,,,,,,,,,0.297,UP,8
167833,,,,,,,,,,0.303,UP,8
167866,,,,,,,,,,0.306,UP,8
167900,,,,,,,,,,0.311,UP,8
167933,,,,,,,,,,0.313,UP,8
167966,,,,,,,,,,0.315,UP,8
168000,,,,,,,,,,0.316,UP,8
168033,,,,,,,,,,0.316,UP,8
168066,,,,,,,,,,0.314,UP,8
168100,,,,,,,,,,0.312,UP,8
168133,,,,,,,,,,0.308,UP,8
168166,,,,,,,,,,0.305,UP,8
168200,,,,,,,,,,0.302,UP,8
168233,,,,,,,,,,0.299,UP,8
168266,,,,,,,,,,0.297,UP,8
168300,,,,,,,,,,0.296,UP,8
168333,,,,,,,,,,0.296,UP,8
168366,,,,,,,,,,0.297,UP,8
168400,,,,,,,,,,0.299,UP,8
168433,,,,,,,,,,0.304,UP,8
168466,,,,,,,,,,0.31,UP,8
168500,,,,,,,,,,0.315,UP,8
168533,,,,,,,,,,0.321,UP,8
168566,,,,,,,,,,0.326,UP,8
168600,,,,,,,,,,0.331,UP,8
168633,,,,,,,,,,0.334,UP,8
168666,,,,,,,,,,0.336,UP,8
168700,,,,,,,,,,0.335,UP,8
168733,,,,,,,,,,0.333,UP,8
168766,,,,,,,,,,0.327,UP,8
168800,,,,,,,,,,0.322,UP,8
168833,,,,,,,,,,0.318,UP,8
168866,,,,,,,,,,0.315,UP,8
168900,,,,,,,,,,0.313,UP,8
168933,,,,,,,,,,0.312,UP,8
168966,,,,,,,,,,0.314,UP,8
169000,,,,,,,,,,0.316,UP,8
169033,,,,,,,,,,0.315,UP,8
169066,,,,,,,,,,0.314,UP,8
169100,,,,,,,,,,0.313,UP,8
169133,,,,,,,,,,0.309,UP,8
169166,,,,,,,,,,0.302,UP,8
169200,,,,,,,,,,0.295,UP,8
169233,,,,,,,,,,0.287,UP,8
169266,,,,,,,,,,0.278,UP,8
169300,,,,,,,,,,0.27,UP,8
169333,,,,,,,,,,0.266,UP,8
169366,,,,,,,,,,0.264,UP,8
169400,,,,,,,,,,0.265,UP,8
169433,,,,,,,,,,0.267,UP,8
169466,,,,,,,,,,0.269,UP,8
169500,,,,,,,,,,0.272,UP,8
169533,,,,,,,,,,0.275,UP,8
169566,,,,,,,,,,0.276,UP,8
169600,,,,,,,,,,0.276,UP,8
169633,,,,,,,,,,0.277,UP,8
169666,,,,,,,,,,0.279,UP,8
169700,,,,,,,,,,0.281,UP,8
169733,,,,,,,,,,0.283,UP,8
169766,,,,,,,,,,0.284,UP,8
169800,,,,,,,,,,0.284,UP,8
169833,,,,,,,,,,0.284,UP,8
169866,,,,,,,,,,0.286,UP,8
169900,,,,,,,,,,0.29,UP,8
169933,,,,,,,,,,0.294,UP,8
169966,,,,,,,,,,0.297,UP,8
170000,,,,,,,,,,0.295,UP,8
170033,,,,,,,,,,0.288,UP,8
170066,,,,,,,,,,0.281,UP,8
170100,,,,,,,,,,0.274,UP,8
170133,,,,,,,,,,0.274,UP,8
170166,,,,,,,,,,0.276,UP,8
170200,,,,,,,,,,0.28,UP,8
170233,,,,,,,,,,0.284,UP,8
170266,,,,,,,,,,0.291,UP,8
170300,,,,,,,,,,0.298,UP,8
170333,,,,,,,,,,0.304,UP,8
170366,,,,,,,,,,0.309,UP,8
170400,,,,,,,,,,0.312,UP,8
170433,,,,,,,,,,0.316,UP,8
170466,,,,,,,,,,0.318,UP,8
170500,,,,,,,,,,0.323,UP,8
170533,,,,,,,,,,0.331,UP,8
170566,,,,,,,,,,0.339,UP,8
170600,,,,,,,,,,0.344,UP,8
170633,,,,,,,,,,0.345,UP,8
170666,,,,,,,,,,0.34,UP,8
170700,,,,,,,,,,0.331,UP,8
170733,,,,,,,,,,0.319,UP,8
170766,,,,,,,,,,0.306,UP,8
170800,,,,,,,,,,0.294,UP,8
170833,,,,,,,,,,0.286,UP,8
170866,,,,,,,,,,0.278,UP,8
170900,,,,,,,,,,0.277,UP,8
170933,,,,,,,,,,0.276,UP,8
170966,,,,,,,,,,0.276,UP,8
171000,,,,,,,,,,0.277,UP,8
171033,,,,,,,,,,0.278,UP,8
171066,,,,,,,,,,0.274,UP,8
171100,,,,,,,,,,0.27,UP,8
171133,,,,,,,,,,0.267,UP,8
171166,,,,,,,,,,0.264,UP,8
171200,,,,,,,,,,0.261,UP,8
171233,,,,,,,,,,0.259,UP,8
171266,,,,,,,,,,0.258,UP,8
171300,,,,,,,,,,0.255,UP,8
171333,,,,,,,,,,0.249,UP,8
171366,,,,,,,,,,0.25,UP,8
171400,,,,,,,,,,0.253,UP,8
171433,,,,,,,,,,0.26,UP,8
171466,,,,,,,,,,0.281,UP,8
171500,,,,,,,,,,0.316,UP,8
171533,,,,,,,,,,0.357,UP,8
171566,,,,,,,,,,0.407,UP,8
171600,,,,,,,,,,0.462,UP,8
171633,174.8,176.9,175.8,172.5,175.1,171.4,173.2,176.1,3.1,0.512,UP,8
171666,175.0,177.4,176.2,173.8,174.8,171.8,173.3,175.5,2.9,0.558,UP,8
171700,175.4,175.9,175.7,174.7,175.2,171.8,173.5,174.8,3.2,0.599,UP,8
171733,175.6,176.8,176.2,175.4,174.4,171.4,172.9,174.0,2.6,0.637,UP,8
171766,176.3,176.3,176.3,176.0,174.8,171.5,173.1,173.2,2.5,0.67,UP,8
171800,177.1,175.7,176.4,176.2,175.0,171.7,173.3,173.2,2.1,0.7,UP,8
171833,176.4,175.6,176.0,176.1,174.7,172.0,173.4,173.2,1.7,0.728,UP,8
171866,176.9,174.9,175.9,176.2,174.3,172.4,173.4,173.2,1.2,0.753,UP,8
171900,178.1,177.4,177.8,176.5,174.8,171.5,173.2,173.3,1.2,0.776,UP,8
171933,177.9,175.3,176.6,176.5,174.5,172.2,173.4,173.3,0.5,0.797,UP,8
171966,176.5,175.0,175.8,176.4,172.5,177.6,175.1,173.7,0.3,0.815,UP,8
172000,177.0,178.3,177.7,176.7,173.2,176.3,174.8,174.0,6.7,0.832,UP,8
172033,179.1,178.0,178.5,177.3,176.9,178.3,177.6,174.8,4.0,0.846,UP,8
172066,177.8,177.5,177.7,177.3,170.8,173.1,171.9,174.6,3.0,0.86,UP,8
172100,179.0,174.1,176.5,177.2,171.9,170.0,171.0,174.1,1.3,0.872,UP,8
172133,178.2,174.0,176.1,177.3,171.4,170.2,170.8,173.2,1.4,0.883,UP,8
172166,178.2,175.2,176.7,177.1,171.7,169.8,170.8,172.4,0.8,0.894,UP,8
172200,177.9,177.8,177.8,177.0,172.7,168.3,170.5,171.0,0.2,0.903,UP,8
172233,177.7,179.3,178.5,177.1,173.0,169.7,171.4,170.9,1.2,0.912,UP,8
172266,177.7,178.8,178.2,177.5,172.8,168.5,170.6,170.8,0.7,0.919,UP,8
172300,177.9,176.9,177.4,177.7,172.5,171.5,172.0,171.1,1.5,0.926,UP,8
172333,178.4,177.1,177.7,177.9,173.1,172.2,172.6,171.4,1.5,0.933,UP,8
172366,178.5,176.8,177.7,177.9,173.0,172.3,172.7,171.9,1.3,0.938,UP,8
172400,178.5,176.0,177.2,177.7,173.1,173.7,173.4,172.3,1.6,0.943,UP,8
172433,178.3,176.0,177.1,177.4,172.8,173.5,173.1,172.8,1.5,0.947,UP,8
172466,177.4,176.2,176.8,177.3,171.8,173.3,172.5,172.9,1.5,0.951,UP,8
172500,177.4,175.9,176.7,177.1,172.0,173.7,172.8,172.9,1.4,0.954,UP,8
172533,178.0,176.0,177.0,177.0,171.6,173.7,172.7,172.9,1.6,0.958,UP,8
172566,178.1,176.1,177.1,176.9,171.2,173.7,172.4,172.7,1.6,0.961,UP,8
172600,178.4,176.5,177.4,177.0,170.1,173.5,171.8,172.5,1.9,0.964,UP,8
172633,178.4,176.6,177.5,177.2,170.4,172.9,171.7,172.3,1.3,0.966,UP,8
172666,179.0,176.9,177.9,177.4,170.7,173.0,171.8,172.1,1.3,0.969,UP,8
172700,178.7,177.0,177.9,177.6,170.2,173.6,171.9,171.9,1.5,0.971,UP,8
172733,179.2,176.5,177.8,177.7,171.1,174.1,172.6,172.0,1.3,0.973,UP,8
172766,179.9,175.9,177.9,177.8,171.4,174.5,173.0,172.2,1.3,0.975,UP,8
172800,180.0,177.0,178.5,178.0,171.9,173.9,172.9,172.4,0.9,0.977,UP,8
172833,180.0,177.2,178.6,178.1,171.8,174.0,172.9,172.7,0.7,0.978,UP,8
172866,178.7,177.9,178.3,178.2,172.9,173.8,173.3,172.9,0.5,0.979,UP,8
172900,178.6,176.7,177.7,178.2,172.9,174.9,173.9,173.2,0.3,0.98,UP,8
172933,179.3,176.2,177.7,178.2,172.2,175.4,173.8,173.4,0.1,0.98,UP,8
172966,179.5,176.2,177.9,178.0,172.4,174.7,173.6,173.5,0.7,0.981,UP,8
173000,178.8,175.8,177.3,177.8,172.2,175.5,173.8,173.7,0.8,0.981,UP,8
173033,178.5,176.2,177.4,177.6,172.5,175.4,174.0,173.8,1.0,0.981,UP,8
173066,177.0,176.7,176.8,177.4,173.7,175.0,174.3,173.9,1.6,0.98,UP,8
173100,173.9,176.6,175.2,176.9,174.5,174.8,174.6,174.1,1.6,0.979,UP,8
173133,171.9,177.0,174.5,176.2,174.4,174.8,174.6,174.3,1.5,0.978,UP,8
173166,169.9,177.2,173.5,175.5,175.0,174.7,174.8,174.5,1.5,0.976,UP,8
173200,167.6,177.5,172.5,174.5,175.2,174.1,174.6,174.6,1.4,0.974,UP,8
173233,165.6,178.3,172.0,173.6,176.0,173.7,174.8,174.7,1.4,0.972,UP,8
173266,165.3,178.4,171.8,172.9,176.2,173.6,174.9,174.8,1.5,0.969,UP,8
173300,166.2,177.0,171.6,172.3,175.7,171.6,173.6,174.6,1.4,0.967,UP,8
173333,165.9,177.4,171.6,171.9,175.9,171.1,173.5,174.3,1.5,0.965,UP,8
173366,166.2,177.3,171.7,171.8,176.4,171.6,174.0,174.2,1.7,0.962,UP,8
173400,166.2,177.0,171.6,171.7,177.0,170.8,173.9,174.0,2.0,0.961,UP,8
173433,166.8,176.0,171.4,171.6,177.9,170.3,174.1,173.8,2.2,0.959,UP,8
173466,167.4,175.9,171.6,171.6,179.0,170.8,174.9,174.1,2.5,0.956,UP,8
173500,168.4,174.8,171.6,171.6,179.8,169.6,174.7,174.3,3.1,0.953,UP,8
173533,169.2,175.7,172.5,171.7,179.3,169.2,174.2,174.4,3.6,0.949,UP,8
173566,170.5,176.7,173.6,172.1,177.7,168.1,172.9,174.2,4.7,0.945,UP,8
173600,171.2,174.2,172.7,172.4,177.9,168.7,173.3,174.0,4.7,0.94,UP,8
173633,170.7,173.3,172.0,172.5,176.2,168.7,172.5,173.5,5.0,0.934,UP,8
173666,170.9,171.6,171.3,172.4,176.1,171.7,173.9,173.4,4.7,0.924,UP,8
173700,173.6,171.9,172.7,172.4,177.6,171.2,174.4,173.4,4.6,0.909,UP,8
173733,173.1,171.1,172.1,172.2,177.4,172.1,174.8,173.8,4.5,0.89,UP,8
173766,173.6,172.4,173.0,172.2,178.1,173.4,175.7,174.3,4.3,0.869,UP,8
173800,173.8,170.4,172.1,172.2,178.0,173.5,175.8,174.9,3.8,0.85,UP,8
173833,174.0,169.8,171.9,172.4,178.1,173.2,175.7,175.3,4.0,0.835,UP,8
173866,173.8,169.7,171.8,172.2,177.3,174.9,176.1,175.6,3.3,0.822,UP,8
173900,176.0,171.3,173.7,172.5,177.0,176.8,176.9,176.0,2.9,0.809,UP,8
173933,173.0,173.5,173.3,172.5,176.3,177.8,177.1,176.3,3.1,0.793,UP,8
173966,171.3,172.1,171.7,172.5,175.6,176.3,175.9,176.3,3.7,0.773,UP,8
174000,170.7,173.3,172.0,172.5,175.0,177.2,176.1,176.4,3.7,0.748,UP,8
174033,171.1,173.5,172.3,172.6,174.9,177.5,176.2,176.4,3.4,0.72,UP,8
174066,171.2,174.4,172.8,172.4,175.4,177.8,176.6,176.4,3.6,0.695,UP,8
174100,171.4,174.8,173.1,172.4,175.6,177.7,176.7,176.3,3.8,0.673,UP,8
174133,171.7,175.4,173.5,172.8,175.5,178.2,176.9,176.5,3.9,0.654,UP,8
174166,172.1,177.3,174.7,173.3,175.5,179.3,177.4,176.7,3.8,0.637,UP,8
174200,172.5,176.7,174.6,173.8,176.3,179.3,177.8,177.1,3.5,0.624,UP,8
174233,173.3,175.3,174.3,174.1,176.7,179.3,178.0,177.3,3.0,0.611,UP,8
174266,175.2,176.2,175.7,174.6,178.1,179.1,178.6,177.7,3.0,0.598,UP,8
174300,175.7,176.4,176.1,175.1,178.5,179.3,178.9,178.1,3.0,0.585,UP,8
174333,174.8,176.2,175.5,175.2,178.4,179.7,179.0,178.5,2.9,0.575,UP,8
174366,175.8,176.6,176.2,175.6,179.8,179.4,179.6,178.8,2.6,0.565,UP,8
174400,175.9,176.6,176.3,175.9,179.5,179.6,179.5,179.1,2.7,0.556,UP,8
174433,175.1,177.1,176.1,176.0,179.1,179.4,179.3,179.3,2.6,0.551,UP,8
174466,174.6,177.3,176.0,176.0,179.2,178.8,179.0,179.3,2.3,0.547,UP,8
174500,173.0,175.9,174.4,175.8,178.2,180.0,179.1,179.3,2.8,0.544,UP,8
174533,172.6,176.1,174.3,175.4,178.0,178.4,178.2,179.0,2.4,0.543,UP,8
174566,171.0,175.0,173.0,174.8,176.7,179.5,178.1,178.7,2.7,0.543,UP,8
174600,169.2,174.1,171.7,173.9,175.1,179.9,177.5,178.4,2.9,0.54,UP,8
174633,169.0,174.1,171.5,173.0,175.7,180.0,177.8,178.1,2.6,0.537,UP,8
174666,169.6,173.9,171.7,172.5,175.7,179.5,177.6,177.8,2.6,0.53,UP,8
174700,171.2,174.4,172.8,172.2,176.5,179.7,178.1,177.8,2.4,0.523,UP,8
174733,172.4,174.7,173.6,172.3,176.1,179.0,177.5,177.7,2.8,0.513,UP,8
174766,173.5,176.0,174.8,172.9,174.8,179.0,176.9,177.6,3.7,0.502,UP,8
174800,,,,,,,,,,0.491,UP,8
174833,,,,,,,,,,0.481,UP,8
174866,,,,,,,,,,0.471,UP,8
174900,,,,,,,,,,0.465,UP,8
174933,,,,,,,,,,0.46,UP,8
174966,,,,,,,,,,0.456,UP,8
175000,,,,,,,,,,0.453,UP,8
175033,,,,,,,,,,0.45,UP,8
175066,,,,,,,,,,0.447,UP,8
175100,,,,,,,,,,0.444,UP,8
175133,,,,,,,,,,0.442,UP,8
175166,,,,,,,,,,0.442,UP,8
175200,,,,,,,,,,0.441,UP,8
175233,,,,,,,,,,0.44,UP,8
175266,,,,,,,,,,0.438,UP,8
175300,,,,,,,,,,0.435,UP,8
175333,,,,,,,,,,0.432,UP,8
175366,,,,,,,,,,0.429,UP,8
175400,,,,,,,,,,0.426,UP,8
175433,,,,,,,,,,0.425,UP,8
175466,,,,,,,,,,0.424,UP,8
175500,,,,,,,,,,0.423,UP,8
175533,,,,,,,,,,0.423,UP,8
175566,,,,,,,,,,0.424,UP,8
175600,,,,,,,,,,0.425,UP,8
175633,,,,,,,,,,0.428,UP,8
175666,,,,,,,,,,0.432,UP,8
175700,,,,,,,,,,0.435,UP,8
175733,,,,,,,,,,0.437,UP,8
175766,,,,,,,,,,0.44,UP,8
175800,,,,,,,,,,0.441,UP,8
175833,,,,,,,,,,0.442,UP,8
175866,,,,,,,,,,0.44,UP,8
175900,,,,,,,,,,0.439,UP,8
175933,,,,,,,,,,0.438,UP,8
175966,,,,,,,,,,0.438,UP,8
176000,,,,,,,,,,0.437,UP,8
176033,,,,,,,,,,0.438,UP,8
176066,,,,,,,,,,0.438,UP,8
176100,,,,,,,,,,0.439,UP,8
176133,,,,,,,,,,0.439,UP,8
176166,,,,,,,,,,0.44,UP,8
176200,,,,,,,,,,0.442,UP,8
176233,,,,,,,,,,0.445,UP,8
176266,,,,,,,,,,0.45,UP,8
176300,,,,,,,,,,0.459,UP,8
176333,,,,,,,,,,0.467,UP,8
176366,,,,,,,,,,0.473,UP,8
176400,,,,,,,,,,0.479,UP,8
176433,,,,,,,,,,0.483,UP,8
176466,,,,,,,,,,0.486,UP,8
176500,,,,,,,,,,0.491,UP,8
176533,,,,,,,,,,0.497,UP,8
176566,177.5,179.8,178.7,174.3,179.1,175.5,177.3,177.5,1.0,0.505,UP,8
176600,177.7,178.3,178.0,175.6,177.7,175.8,176.7,177.3,1.3,0.512,UP,8
176633,177.4,178.0,177.7,176.5,178.3,175.4,176.9,177.1,1.5,0.521,UP,8
176666,177.7,178.6,178.1,177.5,178.0,176.6,177.3,177.0,1.8,0.527,UP,8
176700,179.0,179.2,179.1,178.3,176.6,175.5,176.1,176.8,0.6,0.533,UP,8
176733,177.8,179.8,178.8,178.3,177.8,176.5,177.2,176.8,1.0,0.54,UP,8
176766,177.9,179.0,178.5,178.4,177.8,175.6,176.7,176.8,0.9,0.547,UP,8
176800,177.8,178.6,178.2,178.5,177.6,175.1,176.4,176.7,1.1,0.553,UP,8
176833,178.0,179.9,179.0,178.7,177.3,174.5,175.9,176.4,0.5,0.559,UP,8
176866,177.8,179.9,178.8,178.6,176.8,176.0,176.4,176.5,1.2,0.567,UP,8
176900,177.8,180.0,178.9,178.7,177.0,174.7,175.8,176.2,0.6,0.575,UP,8
176933,178.1,179.8,178.9,178.8,176.4,175.1,175.7,176.0,0.6,0.583,UP,8
176966,178.1,179.0,178.5,178.8,177.0,176.3,176.7,176.1,0.7,0.588,UP,8
177000,177.8,179.9,178.9,178.8,176.7,174.6,175.7,176.1,0.6,0.594,UP,8
177033,178.0,179.2,178.6,178.8,176.8,173.0,174.9,175.8,0.1,0.598,UP,8
177066,177.9,179.3,178.6,178.7,176.8,174.4,175.6,175.7,0.6,0.601,UP,8
177100,177.7,179.4,178.6,178.6,177.5,174.5,176.0,175.8,0.6,0.604,UP,8
177133,176.7,179.9,178.3,178.6,177.6,174.5,176.1,175.6,0.7,0.609,UP,8
177166,177.3,180.0,178.6,178.5,177.8,174.9,176.3,175.8,0.9,0.613,UP,8
177200,177.4,179.3,178.4,178.5,178.2,174.8,176.5,176.1,0.4,0.618,UP,8
177233,177.9,177.9,177.9,178.4,177.4,175.8,176.6,176.3,0.7,0.623,UP,8
177266,177.7,177.1,177.4,178.1,177.4,175.7,176.5,176.4,0.3,0.626,UP,8
177300,177.5,176.8,177.2,177.9,177.3,177.1,177.2,176.6,1.1,0.628,UP,8
177333,176.5,175.5,176.0,177.4,178.6,179.6,179.1,177.2,1.9,0.631,UP,8
177366,176.6,176.0,176.3,177.0,178.0,177.7,177.8,177.5,1.3,0.634,UP,8
177400,176.4,177.4,176.9,176.8,178.2,177.5,177.8,177.7,1.3,0.637,UP,8
177433,176.9,178.8,177.9,176.8,177.5,176.4,177.0,177.8,1.1,0.64,UP,8
177466,177.1,179.0,178.0,177.0,177.6,174.1,175.9,177.5,0.3,0.643,UP,8
177500,177.6,179.8,178.7,177.6,177.3,174.9,176.1,176.9,1.0,0.644,UP,8
177533,177.7,179.6,178.7,178.0,177.8,175.1,176.5,176.6,1.2,0.643,UP,8
177566,178.5,179.9,179.2,178.5,177.5,175.3,176.4,176.4,1.3,0.642,UP,8
177600,178.1,179.1,178.6,178.6,178.7,176.7,177.7,176.5,1.9,0.643,UP,8
177633,178.4,179.4,178.9,178.8,178.3,176.4,177.4,176.8,1.8,0.644,UP,8
177666,177.5,180.0,178.8,178.8,178.8,176.7,177.8,177.1,2.0,0.645,UP,8
177700,175.8,179.7,177.7,178.6,179.5,176.7,178.1,177.5,2.4,0.646,UP,8
177733,175.4,179.7,177.6,178.3,179.6,177.9,178.8,177.9,2.9,0.647,UP,8
177766,174.7,178.3,176.5,177.9,179.6,179.2,179.4,178.3,2.8,0.646,UP,8
177800,174.1,178.3,176.2,177.4,179.0,178.8,178.9,178.6,2.7,0.643,UP,8
177833,173.1,178.5,175.8,176.8,179.0,178.7,178.9,178.8,2.6,0.639,UP,8
177866,173.0,177.4,175.2,176.3,179.1,178.3,178.7,178.9,2.5,0.632,UP,8
177900,172.1,175.6,173.9,175.5,179.4,178.7,179.1,179.0,2.0,0.624,UP,8
177933,172.8,175.7,174.3,175.1,179.6,178.7,179.1,178.9,2.1,0.618,UP,8
177966,174.2,175.2,174.7,174.8,179.6,178.4,179.0,178.9,1.7,0.612,UP,8
178000,175.4,176.3,175.8,174.8,179.2,178.2,178.7,178.9,1.8,0.607,UP,8
178033,179.6,179.1,179.3,175.6,175.4,176.2,175.8,178.3,0.9,0.604,UP,8
178066,179.8,179.5,179.7,176.8,176.4,176.1,176.3,177.8,1.2,0.601,UP,8
178100,177.9,177.9,177.9,177.5,175.7,174.7,175.2,177.0,0.9,0.597,UP,8
178133,177.8,177.2,177.5,178.0,175.1,174.0,174.6,176.1,0.7,0.593,UP,8
178166,177.1,177.1,177.1,178.3,175.4,173.9,174.7,175.3,0.8,0.591,UP,8
178200,177.2,177.1,177.2,177.9,175.9,173.9,174.9,175.1,1.0,0.588,UP,8
178233,177.6,176.5,177.0,177.3,175.8,173.7,174.7,174.8,1.0,0.585,UP,8
178266,177.8,176.5,177.2,177.2,175.5,173.4,174.5,174.7,0.7,0.585,UP,8
178300,177.4,177.0,177.2,177.1,175.4,173.3,174.3,174.6,0.8,0.585,UP,8
178333,177.4,177.2,177.3,177.2,175.5,174.1,174.8,174.6,1.1,0.585,UP,8
178366,178.6,177.2,177.9,177.3,176.1,174.3,175.2,174.7,1.3,0.587,UP,8
178400,176.9,177.4,177.1,177.3,178.5,174.4,176.4,175.0,1.2,0.589,UP,8
178433,179.4,177.6,178.5,177.6,177.2,175.0,176.1,175.4,1.4,0.59,UP,8
178466,179.5,178.5,179.0,178.0,177.2,174.8,176.0,175.7,1.4,0.59,UP,8
178500,179.9,179.4,179.6,178.4,177.5,174.5,176.0,176.0,1.3,0.59,UP,8
178533,178.7,179.5,179.1,178.7,176.7,174.3,175.5,176.0,1.2,0.589,UP,8
178566,177.1,179.0,178.0,178.8,176.3,174.0,175.2,175.8,1.1,0.588,UP,8
178600,178.8,179.4,179.1,179.0,176.3,174.5,175.4,175.6,1.2,0.587,UP,8
178633,179.6,179.4,179.5,179.1,176.2,175.0,175.6,175.5,1.4,0.586,UP,8
178666,178.5,178.7,178.6,178.9,175.9,175.0,175.4,175.4,1.7,0.585,UP,8
178700,177.9,178.6,178.3,178.7,176.0,174.7,175.4,175.4,1.6,0.585,UP,8
178733,179.1,178.2,178.7,178.8,176.3,174.7,175.5,175.4,1.7,0.585,UP,8
178766,178.6,177.4,178.0,178.6,176.0,174.5,175.3,175.4,2.0,0.585,UP,8
178800,178.5,177.7,178.1,178.3,176.0,174.6,175.3,175.4,2.0,0.587,UP,8
178833,177.7,177.7,177.7,178.2,175.9,173.9,174.9,175.3,1.8,0.591,UP,8
178866,179.2,179.8,179.5,178.4,178.4,175.5,176.9,175.6,2.4,0.594,UP,8
178900,177.9,178.7,178.3,178.3,175.9,174.2,175.1,175.5,1.2,0.597,UP,8
178933,179.0,178.2,178.6,178.4,177.6,174.5,176.0,175.6,1.6,0.6,UP,8
178966,180.0,179.2,179.6,178.7,178.7,175.5,177.1,176.0,1.8,0.599,UP,8
179000,179.9,179.9,179.9,179.2,179.3,175.5,177.4,176.5,2.1,0.595,UP,8
179033,179.6,179.3,179.5,179.2,179.7,176.7,178.2,176.8,2.5,0.591,UP,8
179066,179.8,179.4,179.6,179.4,178.7,176.4,177.5,177.3,2.0,0.587,UP,8
179100,179.9,178.8,179.4,179.6,179.3,177.1,178.2,177.7,2.2,0.581,UP,8
179133,179.8,175.2,177.5,179.2,179.5,176.9,178.2,177.9,2.2,0.574,UP,8
179166,179.2,174.7,177.0,178.6,179.8,177.5,178.7,178.2,2.5,0.567,UP,8
179200,178.6,176.0,177.3,178.1,179.9,177.6,178.8,178.3,2.4,0.558,UP,8
179233,177.2,175.9,176.5,177.5,179.6,178.8,179.2,178.6,2.4,0.546,UP,8
179266,176.8,174.9,175.9,176.8,179.0,179.2,179.1,178.8,3.0,0.531,UP,8
179300,173.8,173.2,173.5,176.0,175.8,177.8,176.8,178.5,3.9,0.515,UP,8
179333,,,,,,,,,,0.499,UP,8
179366,,,,,,,,,,0.483,UP,8
179400,,,,,,,,,,0.471,UP,8
179433,,,,,,,,,,0.461,UP,8
179466,,,,,,,,,,0.449,UP,8
179500,,,,,,,,,,0.436,UP,8
179533,,,,,,,,,,0.422,UP,8
179566,,,,,,,,,,0.406,UP,8
179600,,,,,,,,,,0.39,UP,8
179633,,,,,,,,,,0.375,UP,8
179666,,,,,,,,,,0.364,UP,8
179700,,,,,,,,,,0.354,UP,8
179733,,,,,,,,,,0.346,UP,8
179766,,,,,,,,,,0.339,UP,8
179800,,,,,,,,,,0.334,UP,8
179833,,,,,,,,,,0.329,UP,8
179866,,,,,,,,,,0.324,UP,8
179900,,,,,,,,,,0.32,UP,8
179933,,,,,,,,,,0.317,UP,8
179966,,,,,,,,,,0.315,UP,8
180000,,,,,,,,,,0.314,UP,8
180033,,,,,,,,,,0.313,UP,8
180066,,,,,,,,,,0.31,UP,8
180100,,,,,,,,,,0.306,UP,8
180133,,,,,,,,,,0.301,UP,8
180166,,,,,,,,,,0.296,UP,8
180200,,,,,,,,,,0.291,UP,8
180233,,,,,,,,,,0.288,UP,8
180266,,,,,,,,,,0.287,UP,8
180300,,,,,,,,,,0.285,UP,8
180333,,,,,,,,,,0.288,UP,8
180366,,,,,,,,,,0.293,UP,8
180400,,,,,,,,,,0.299,UP,8
180433,,,,,,,,,,0.308,UP,8
180466,,,,,,,,,,0.322,UP,8
180500,,,,,,,,,,0.335,UP,8
180533,,,,,,,,,,0.35,UP,8
180566,,,,,,,,,,0.364,UP,8
180600,,,,,,,,,,0.375,UP,8
180633,,,,,,,,,,0.385,UP,8
180666,,,,,,,,,,0.393,UP,8
180700,,,,,,,,,,0.397,UP,8
180733,,,,,,,,,,0.402,UP,8
180766,,,,,,,,,,0.403,UP,8
180800,,,,,,,,,,0.403,UP,8
180833,,,,,,,,,,0.4,UP,8
180866,,,,,,,,,,0.397,UP,8
180900,,,,,,,,,,0.392,UP,8
180933,,,,,,,,,,0.389,UP,8
180966,,,,,,,,,,0.386,UP,8
181000,,,,,,,,,,0.382,UP,8
181033,,,,,,,,,,0.379,UP,8
181066,,,,,,,,,,0.376,UP,8
181100,,,,,,,,,,0.373,UP,8
181133,,,,,,,,,,0.37,UP,8
181166,,,,,,,,,,0.366,UP,8
181200,,,,,,,,,,0.362,UP,8
181233,,,,,,,,,,0.36,UP,8
181266,,,,,,,,,,0.358,UP,8
181300,,,,,,,,,,0.357,UP,8
181333,,,,,,,,,,0.356,UP,8
181366,,,,,,,,,,0.355,UP,8
181400,,,,,,,,,,0.354,UP,8
181433,,,,,,,,,,0.353,UP,8
181466,,,,,,,,,,0.352,UP,8
181500,,,,,,,,,,0.352,UP,8
181533,,,,,,,,,,0.353,UP,8
181566,,,,,,,,,,0.357,UP,8
181600,,,,,,,,,,0.361,UP,8
181633,,,,,,,,,,0.365,UP,8
181666,,,,,,,,,,0.369,UP,8
181700,,,,,,,,,,0.373,UP,8
181733,,,,,,,,,,0.374,UP,8
181766,,,,,,,,,,0.374,UP,8
181800,,,,,,,,,,0.373,UP,8
181833,,,,,,,,,,0.377,UP,8
181866,,,,,,,,,,0.385,UP,8
181900,,,,,,,,,,0.392,UP,8
181933,,,,,,,,,,0.404,UP,8
181966,,,,,,,,,,0.42,UP,8
182000,,,,,,,,,,0.43,UP,8
182033,,,,,,,,,,0.437,UP,8
182066,,,,,,,,,,0.448,UP,8
182100,,,,,,,,,,0.457,UP,8
182133,,,,,,,,,,0.464,UP,8
182166,,,,,,,,,,0.475,UP,8
182200,,,,,,,,,,0.487,UP,8
182233,,,,,,,,,,0.499,UP,8
182266,174.8,176.0,175.4,175.7,179.7,176.6,178.1,178.4,0.9,0.51,UP,8
182300,175.6,176.9,176.3,175.5,179.4,176.2,177.8,178.2,0.9,0.522,UP,8
182333,175.9,177.1,176.5,175.5,179.2,175.6,177.4,177.8,0.4,0.529,UP,8
182366,176.9,177.1,177.0,175.7,179.0,174.7,176.8,177.4,0.0,0.534,UP,8
182400,177.8,176.5,177.1,176.4,178.7,174.8,176.8,177.4,0.1,0.534,UP,8
182433,177.5,177.5,177.5,176.9,178.4,174.8,176.6,177.1,0.0,0.535,UP,8
182466,177.3,177.4,177.3,177.1,178.7,174.8,176.8,176.9,0.0,0.532,UP,8
182500,177.9,177.2,177.6,177.3,177.6,174.5,176.1,176.6,0.5,0.529,UP,8
182533,177.4,178.3,177.9,177.5,176.8,173.9,175.4,176.3,0.6,0.524,UP,8
182566,177.8,179.1,178.5,177.8,176.0,173.2,174.6,175.9,1.2,0.518,UP,8
182600,179.1,179.9,179.5,178.2,174.5,172.9,173.7,175.3,1.2,0.51,UP,8
182633,,,,,,,,,,0.5,UP,8
182666,,,,,,,,,,0.492,UP,8
182700,,,,,,,,,,0.486,UP,8
182733,,,,,,,,,,0.485,UP,8
182766,,,,,,,,,,0.486,UP,8
182800,,,,,,,,,,0.492,UP,8
182833,179.8,178.5,179.2,178.5,173.8,172.0,172.9,174.5,3.0,0.5,UP,8
182866,179.2,178.7,179.0,178.8,174.5,172.4,173.4,174.0,2.8,0.51,UP,8
182900,178.9,178.6,178.8,179.0,174.7,173.1,173.9,173.7,2.6,0.519,UP,8
182933,178.6,178.1,178.4,179.0,174.9,173.8,174.4,173.7,2.5,0.525,UP,8
182966,178.8,177.9,178.3,178.7,175.3,174.2,174.7,173.9,2.4,0.529,UP,8
183000,178.2,178.0,178.1,178.5,175.6,174.0,174.8,174.2,2.4,0.532,UP,8
183033,177.3,177.5,177.4,178.2,176.2,174.9,175.6,174.7,2.2,0.534,UP,8
183066,177.3,176.4,176.9,177.8,177.1,175.0,176.1,175.1,2.1,0.535,UP,8
183100,177.3,175.7,176.5,177.4,177.7,175.6,176.6,175.6,1.9,0.537,UP,8
183133,177.0,175.2,176.1,177.0,178.0,175.7,176.9,176.0,2.0,0.538,UP,8
183166,176.9,174.0,175.4,176.5,178.4,176.5,177.4,176.5,1.9,0.538,UP,8
183200,179.4,172.8,176.1,176.2,178.4,176.5,177.5,176.9,2.2,0.539,UP,8
183233,178.7,173.0,175.8,176.0,178.4,177.3,177.8,177.2,1.8,0.539,UP,8
183266,177.9,173.1,175.5,175.8,178.2,177.2,177.7,177.5,1.9,0.536,UP,8
183300,178.1,172.6,175.3,175.6,178.3,177.8,178.0,177.7,1.7,0.532,UP,8
183333,177.9,172.2,175.0,175.6,178.1,178.0,178.0,177.8,1.7,0.528,UP,8
183366,178.8,173.1,175.9,175.5,177.6,177.2,177.4,177.8,1.7,0.523,UP,8
183400,178.5,172.7,175.6,175.5,177.1,177.2,177.2,177.7,2.0,0.518,UP,8
183433,177.8,173.0,175.4,175.5,177.1,176.5,176.8,177.5,2.1,0.519,UP,8
183466,177.7,173.0,175.4,175.5,176.2,176.7,176.5,177.2,2.4,0.52,UP,8
183500,177.3,173.9,175.6,175.6,175.8,176.3,176.1,176.8,2.5,0.521,UP,8
183533,178.1,174.5,176.3,175.7,175.6,175.6,175.6,176.4,2.2,0.523,UP,8
183566,178.4,174.9,176.6,175.9,175.1,174.7,174.9,176.0,2.5,0.525,UP,8
183600,178.3,175.3,176.8,176.1,176.1,173.9,175.0,175.6,2.5,0.524,UP,8
183633,179.9,175.7,177.8,176.6,175.4,173.6,174.5,175.2,2.0,0.526,UP,8
183666,179.3,175.9,177.6,177.0,175.0,174.7,174.8,175.0,1.7,0.527,UP,8
183700,179.9,177.4,178.6,177.5,174.5,174.1,174.3,174.7,1.7,0.531,UP,8
183733,179.5,177.1,178.3,177.8,174.7,174.0,174.3,174.6,1.7,0.538,UP,8
183766,178.7,176.7,177.7,178.0,174.5,174.1,174.3,174.4,1.8,0.549,UP,8
183800,178.0,175.5,176.8,177.8,173.6,174.5,174.0,174.3,2.0,0.559,UP,8
183833,178.2,174.9,176.6,177.6,172.8,173.2,173.0,174.0,3.0,0.57,UP,8
183866,178.6,174.4,176.5,177.2,172.9,173.1,173.0,173.7,3.1,0.577,UP,8
183900,178.3,173.1,175.7,176.6,172.4,174.4,173.4,173.5,3.1,0.584,UP,8
183933,178.1,174.2,176.2,176.3,172.1,173.4,172.8,173.2,3.6,0.591,UP,8
183966,177.9,174.0,176.0,176.2,172.2,173.1,172.6,173.0,3.9,0.594,UP,8
184000,178.4,174.4,176.4,176.1,172.5,173.5,173.0,173.0,3.8,0.599,UP,8
184033,178.1,176.5,177.3,176.3,173.5,171.8,172.7,172.9,3.8,0.604,UP,8
184066,178.1,175.8,176.9,176.5,173.2,171.9,172.6,172.7,4.0,0.607,UP,8
184100,178.6,175.9,177.2,176.8,173.4,172.3,172.8,172.7,3.8,0.609,UP,8
184133,178.8,173.9,176.3,176.8,172.5,173.3,172.9,172.8,4.3,0.614,UP,8
184166,178.6,176.6,177.6,177.1,172.9,172.6,172.7,172.7,4.1,0.617,UP,8
184200,177.8,176.3,177.1,177.0,173.6,172.7,173.2,172.8,4.1,0.62,UP,8
184233,178.1,175.7,176.9,177.0,174.0,173.1,173.6,173.0,3.9,0.624,UP,8
184266,179.5,176.2,177.9,177.2,173.0,172.3,172.7,173.0,4.2,0.632,UP,8
184300,177.2,176.0,176.6,177.2,173.1,172.6,172.9,173.0,4.2,0.638,UP,8
184333,177.3,176.0,176.6,177.0,173.1,172.4,172.7,173.0,4.5,0.646,UP,8
184366,177.2,175.4,176.3,176.9,173.1,172.8,172.9,173.0,4.4,0.656,UP,8
184400,177.4,175.9,176.6,176.8,173.3,173.0,173.2,172.9,4.4,0.665,UP,8
184433,177.7,176.0,176.8,176.6,173.4,173.2,173.3,173.0,4.2,0.673,UP,8
184466,176.8,176.1,176.5,176.6,173.5,173.2,173.4,173.1,4.1,0.681,UP,8
184500,176.9,176.0,176.4,176.5,173.9,172.8,173.3,173.2,4.1,0.689,UP,8
184533,176.5,175.6,176.0,176.5,174.0,173.3,173.6,173.4,4.0,0.696,UP,8
184566,177.0,175.3,176.2,176.4,173.9,174.0,173.9,173.5,3.9,0.703,UP,8
184600,177.4,175.6,176.5,176.3,173.9,174.2,174.1,173.7,3.6,0.71,UP,8
184633,177.6,175.3,176.4,176.3,174.7,174.5,174.6,173.9,3.2,0.714,UP,8
184666,178.9,175.1,177.0,176.4,174.7,174.2,174.5,174.1,3.2,0.719,UP,8
184700,179.1,175.2,177.1,176.7,174.8,174.0,174.4,174.3,3.2,0.725,UP,8
184733,179.7,174.8,177.3,176.9,175.0,174.5,174.8,174.5,3.0,0.729,UP,8
184766,179.9,174.6,177.3,177.0,175.0,174.4,174.7,174.6,3.0,0.733,UP,8
184800,179.6,174.8,177.2,177.2,175.1,174.8,174.9,174.7,2.6,0.737,UP,8
184833,179.2,174.3,176.8,177.1,174.9,174.6,174.7,174.7,2.6,0.741,UP,8
184866,179.4,175.3,177.4,177.2,174.9,174.2,174.6,174.7,2.6,0.745,UP,8
184900,179.6,175.3,177.5,177.2,174.9,174.0,174.4,174.7,2.6,0.746,UP,8
184933,179.8,175.3,177.5,177.3,174.9,174.5,174.7,174.7,2.3,0.746,UP,8
184966,179.8,175.3,177.5,177.3,174.9,174.2,174.5,174.6,2.3,0.745,UP,8
185000,179.7,175.4,177.5,177.5,174.1,174.2,174.1,174.5,2.4,0.744,UP,8
185033,180.0,176.9,178.5,177.7,174.2,173.6,173.9,174.3,2.5,0.743,UP,8
185066,179.8,177.3,178.5,177.9,174.4,173.0,173.7,174.2,2.6,0.744,UP,8
185100,179.6,178.0,178.8,178.2,174.4,172.3,173.3,173.9,2.8,0.745,UP,8
185133,178.9,179.7,179.3,178.5,174.3,171.3,172.8,173.6,2.8,0.746,UP,8
185166,179.1,179.3,179.2,178.9,174.4,171.5,172.9,173.3,2.9,0.747,UP,8
185200,179.4,179.3,179.3,179.0,174.4,171.4,172.9,173.1,2.9,0.747,UP,8
185233,179.6,179.8,179.7,179.3,174.8,171.6,173.2,173.0,2.7,0.745,UP,8
185266,178.5,179.5,179.0,179.3,175.7,171.9,173.8,173.1,2.6,0.742,UP,8
185300,178.1,178.1,178.1,179.1,175.5,172.3,173.9,173.3,2.6,0.738,UP,8
185333,178.7,177.7,178.2,178.9,175.3,172.6,174.0,173.5,2.5,0.733,UP,8
185366,178.3,177.7,178.0,178.6,175.7,172.9,174.3,173.8,2.3,0.727,UP,8
185400,177.6,176.1,176.9,178.0,176.0,174.0,175.0,174.2,2.0,0.723,UP,8
185433,177.2,175.9,176.6,177.5,176.7,175.0,175.9,174.6,1.5,0.718,UP,8
185466,176.9,175.1,176.0,177.1,176.9,176.4,176.7,175.2,0.8,0.713,UP,8
185500,176.8,174.8,175.8,176.6,177.2,176.7,177.0,175.8,0.7,0.706,UP,8
185533,176.4,174.2,175.3,176.1,177.5,177.6,177.5,176.4,0.2,0.699,UP,8
185566,176.1,173.9,175.0,175.7,178.5,178.9,178.7,177.1,0.6,0.684,UP,8
185600,174.7,173.5,174.1,175.2,179.4,179.5,179.5,177.9,1.0,0.667,UP,8
185633,173.3,172.4,172.9,174.6,178.0,178.3,178.2,178.2,1.6,0.644,UP,8
185666,173.4,172.1,172.7,174.0,177.1,176.5,176.8,178.1,2.5,0.621,UP,8
185700,171.9,170.0,171.0,173.1,175.6,175.1,175.3,177.7,2.9,0.598,UP,8
185733,171.1,169.0,170.0,172.1,174.5,173.4,173.9,176.7,3.7,0.584,UP,8
185766,169.9,166.6,168.3,171.0,173.2,171.0,172.1,175.3,4.5,0.573,UP,8
185800,169.2,166.4,167.8,170.0,171.6,170.5,171.0,173.8,5.0,0.567,UP,8
185833,172.4,163.9,168.2,169.1,171.9,167.9,169.9,172.5,5.8,0.562,UP,8
185866,168.1,161.6,164.9,167.8,169.0,166.2,167.6,170.9,6.2,0.554,UP,8
185900,168.6,160.8,164.7,166.8,169.1,165.3,167.2,169.6,6.5,0.538,UP,8
185933,169.2,160.8,165.0,166.1,168.4,164.9,166.6,168.5,6.8,0.521,UP,8
185966,168.8,162.4,165.6,165.7,167.9,165.5,166.7,167.6,6.8,0.501,UP,8
186000,,,,,,,,,,0.481,UP,8
186033,,,,,,,,,,0.464,UP,8
186066,,,,,,,,,,0.449,UP,8
186100,,,,,,,,,,0.438,UP,8
186133,,,,,,,,,,0.43,UP,8
186166,,,,,,,,,,0.424,UP,8
186200,,,,,,,,,,0.417,UP,8
186233,,,,,,,,,,0.412,UP,8
186266,,,,,,,,,,0.406,UP,8
186300,,,,,,,,,,0.4,UP,8
186333,,,,,,,,,,0.395,UP,8
186366,,,,,,,,,,0.393,UP,8
186400,,,,,,,,,,0.392,UP,8
186433,,,,,,,,,,0.392,UP,8
186466,,,,,,,,,,0.391,UP,8
186500,,,,,,,,,,0.391,UP,8
186533,,,,,,,,,,0.393,UP,8
186566,,,,,,,,,,0.394,UP,8
186600,,,,,,,,,,0.398,UP,8
186633,,,,,,,,,,0.404,UP,8
186666,,,,,,,,,,0.409,UP,8
186700,,,,,,,,,,0.414,UP,8
186733,,,,,,,,,,0.422,UP,8
186766,,,,,,,,,,0.425,UP,8
186800,,,,,,,,,,0.425,UP,8
186833,,,,,,,,,,0.423,UP,8
186866,,,,,,,,,,0.422,UP,8
186900,,,,,,,,,,0.421,UP,8
186933,,,,,,,,,,0.427,UP,8
186966,,,,,,,,,,0.435,UP,8
187000,,,,,,,,,,0.449,UP,8
187033,,,,,,,,,,0.463,UP,8
187066,,,,,,,,,,0.475,UP,8
187100,,,,,,,,,,0.487,UP,8
187133,,,,,,,,,,0.498,UP,8
187166,176.8,176.0,176.4,167.3,175.0,173.9,174.5,168.5,1.6,0.508,UP,8
187200,176.7,176.3,176.5,169.6,174.9,173.6,174.2,169.8,1.8,0.517,UP,8
187233,177.1,177.7,177.4,172.2,174.8,172.5,173.6,171.1,2.1,0.525,UP,8
187266,177.1,177.6,177.3,174.6,174.5,172.4,173.5,172.5,2.3,0.533,UP,8
187300,177.3,175.9,176.6,176.8,174.4,173.3,173.9,173.9,2.3,0.54,UP,8
187333,177.5,175.7,176.6,176.9,174.4,174.1,174.3,173.9,2.1,0.546,UP,8
187366,178.1,176.6,177.3,177.0,173.8,173.9,173.9,173.8,2.1,0.551,UP,8
187400,178.1,176.1,177.1,177.0,173.8,174.1,174.0,173.9,2.1,0.556,UP,8
187433,176.8,175.6,176.2,176.8,173.6,174.1,173.8,174.0,2.2,0.562,UP,8
187466,177.7,175.5,176.6,176.8,173.1,174.3,173.7,173.9,2.2,0.567,UP,8
187500,179.0,175.8,177.4,176.9,172.8,174.4,173.6,173.8,2.0,0.573,UP,8
187533,179.0,175.7,177.3,176.9,172.7,173.9,173.3,173.7,2.2,0.58,UP,8
187566,179.0,180.0,179.5,177.4,173.0,171.8,172.4,173.4,2.2,0.586,UP,8
187600,179.3,177.2,178.3,177.8,173.0,173.3,173.1,173.2,2.1,0.591,UP,8
187633,179.3,178.2,178.8,178.3,173.0,172.6,172.8,173.1,2.3,0.596,UP,8
187666,179.6,177.3,178.5,178.5,173.0,173.0,173.0,172.9,2.2,0.599,UP,8
187700,179.6,178.4,179.0,178.8,172.7,172.1,172.4,172.8,2.4,0.602,UP,8
187733,179.4,178.5,178.9,178.7,172.8,172.2,172.5,172.8,2.3,0.605,UP,8
187766,178.2,178.6,178.4,178.7,173.1,171.9,172.5,172.6,2.5,0.608,UP,8
187800,179.1,179.7,179.4,178.8,173.5,171.4,172.5,172.6,2.4,0.607,UP,8
187833,179.8,179.7,179.8,179.1,173.7,171.5,172.6,172.5,2.4,0.606,UP,8
187866,178.7,179.9,179.3,179.2,173.4,171.6,172.5,172.5,2.5,0.606,UP,8
187900,176.4,178.4,177.4,178.8,174.6,171.7,173.2,172.6,2.5,0.603,UP,8
187933,176.4,177.3,176.9,178.5,174.3,171.4,172.9,172.7,3.0,0.599,UP,8
187966,175.5,176.5,176.0,177.9,174.9,172.0,173.4,172.9,3.0,0.592,UP,8
188000,173.4,175.5,174.5,176.8,174.7,171.9,173.3,173.1,3.6,0.582,UP,8
188033,173.1,173.5,173.3,175.6,174.8,172.8,173.8,173.3,3.5,0.569,UP,8
188066,169.7,171.9,170.8,174.3,175.6,173.5,174.5,173.6,3.8,0.553,UP,8
188100,169.7,170.4,170.1,172.9,175.6,173.5,174.6,173.9,4.4,0.533,UP,8
188133,170.1,170.2,170.1,171.7,176.5,172.9,174.7,174.2,4.6,0.514,UP,8
188166,,,,,,,,,,0.496,UP,8
188200,,,,,,,,,,0.476,UP,8
188233,,,,,,,,,,0.46,UP,8
188266,,,,,,,,,,0.446,UP,8
188300,,,,,,,,,,0.435,UP,8
188333,,,,,,,,,,0.425,UP,8
188366,,,,,,,,,,0.418,UP,8
188400,,,,,,,,,,0.41,UP,8
188433,,,,,,,,,,0.403,UP,8
188466,,,,,,,,,,0.396,UP,8
188500,,,,,,,,,,0.389,UP,8
188533,,,,,,,,,,0.384,UP,8
188566,,,,,,,,,,0.38,UP,8
188600,,,,,,,,,,0.377,UP,8
188633,,,,,,,,,,0.375,UP,8
188666,,,,,,,,,,0.373,UP,8
188700,,,,,,,,,,0.371,UP,8
188733,,,,,,,,,,0.369,UP,8
188766,,,,,,,,,,0.367,UP,8
188800,,,,,,,,,,0.366,UP,8
188833,,,,,,,,,,0.365,UP,8
188866,,,,,,,,,,0.364,UP,8
188900,,,,,,,,,,0.363,UP,8
188933,,,,,,,,,,0.363,UP,8
188966,,,,,,,,,,0.364,UP,8
189000,,,,,,,,,,0.364,UP,8
189033,,,,,,,,,,0.365,UP,8
189066,,,,,,,,,,0.365,UP,8
189100,,,,,,,,,,0.364,UP,8
189133,,,,,,,,,,0.364,UP,8
189166,,,,,,,,,,0.362,UP,8
189200,,,,,,,,,,0.362,UP,8
189233,,,,,,,,,,0.36,UP,8
189266,,,,,,,,,,0.36,UP,8
189300,,,,,,,,,,0.358,UP,8
189333,,,,,,,,,,0.357,UP,8
189366,,,,,,,,,,0.354,UP,8
189400,,,,,,,,,,0.353,UP,8
189433,,,,,,,,,,0.352,UP,8
189466,,,,,,,,,,0.354,UP,8
189500,,,,,,,,,,0.357,UP,8
189533,,,,,,,,,,0.362,UP,8
189566,,,,,,,,,,0.365,UP,8
189600,,,,,,,,,,0.367,UP,8
189633,,,,,,,,,,0.369,UP,8
189666,,,,,,,,,,0.369,UP,8
189700,,,,,,,,,,0.369,UP,8
189733,,,,,,,,,,0.37,UP,8
189766,,,,,,,,,,0.371,UP,8
189800,,,,,,,,,,0.371,UP,8
189833,,,,,,,,,,0.371,UP,8
189866,,,,,,,,,,0.374,UP,8
189900,,,,,,,,,,0.375,UP,8
189933,,,,,,,,,,0.375,UP,8
189966,,,,,,,,,,0.376,UP,8
190000,,,,,,,,,,0.378,UP,8
190033,,,,,,,,,,0.379,UP,8
190066,,,,,,,,,,0.382,UP,8
190100,,,,,,,,,,0.386,UP,8
190133,,,,,,,,,,0.393,UP,8
190166,,,,,,,,,,0.398,UP,8
190200,,,,,,,,,,0.403,UP,8
190233,,,,,,,,,,0.411,UP,8
190266,,,,,,,,,,0.419,UP,8
190300,,,,,,,,,,0.428,UP,8
190333,,,,,,,,,,0.441,UP,8
190366,,,,,,,,,,0.452,UP,8
190400,,,,,,,,,,0.462,UP,8
190433,,,,,,,,,,0.471,UP,8
190466,,,,,,,,,,0.477,UP,8
190500,,,,,,,,,,0.484,UP,8
190533,,,,,,,,,,0.492,UP,8
190566,126.3,114.1,120.2,160.9,134.7,123.6,129.2,165.4,15.7,0.502,UP,8
190600,124.1,112.1,118.1,149.9,130.3,120.7,125.5,155.7,17.3,0.514,UP,8
190633,123.3,115.6,119.5,139.6,128.6,121.2,124.9,145.8,18.2,0.528,UP,8
190666,121.4,115.5,118.5,129.3,126.5,120.6,123.6,135.6,18.9,0.541,UP,8
190700,121.6,116.9,119.2,119.1,125.9,121.3,123.6,125.4,19.2,0.553,UP,8
190733,121.2,116.2,118.7,118.8,124.2,120.2,122.2,124.0,19.8,0.562,DOWN,8
190766,119.2,115.7,117.5,118.7,122.1,119.8,121.0,123.0,20.1,0.568,DOWN,8
190800,117.2,115.4,116.3,118.0,120.4,119.0,119.7,122.0,20.2,0.573,DOWN,8
190833,117.4,115.0,116.2,117.6,120.5,119.0,119.8,121.2,20.1,0.578,DOWN,8
190866,118.8,116.6,117.7,117.3,121.1,119.5,120.3,120.6,20.2,0.585,DOWN,8
190900,118.6,117.0,117.8,117.1,120.8,119.4,120.1,120.2,20.5,0.592,DOWN,8
190933,119.3,119.7,119.5,117.5,121.1,119.6,120.4,120.1,20.5,0.602,DOWN,8
190966,118.1,119.0,118.6,118.0,120.1,119.4,119.7,120.1,20.4,0.612,DOWN,8
191000,119.3,119.2,119.2,118.6,121.2,119.7,120.5,120.2,20.4,0.621,DOWN,8
191033,118.7,119.4,119.0,118.8,120.0,120.0,120.0,120.1,20.4,0.629,DOWN,8
191066,119.9,119.0,119.5,119.2,120.9,119.5,120.2,120.2,20.5,0.637,DOWN,8
191100,121.4,119.6,120.5,119.4,121.4,119.0,120.2,120.1,20.8,0.644,DOWN,8
191133,120.8,119.6,120.2,119.7,121.2,119.7,120.5,120.3,20.6,0.65,DOWN,8
191166,120.4,118.3,119.3,119.7,121.5,120.4,121.0,120.4,20.6,0.653,DOWN,8
191200,120.0,118.1,119.0,119.7,121.9,120.8,121.4,120.6,20.7,0.658,DOWN,8
191233,120.3,117.6,118.9,119.6,122.1,121.2,121.7,120.9,20.7,0.659,DOWN,8
191266,121.6,118.5,120.0,119.5,123.9,121.4,122.7,121.4,20.7,0.66,DOWN,8
191300,121.0,117.5,119.2,119.3,123.4,121.5,122.5,121.8,20.7,0.66,DOWN,8
191333,124.7,119.7,122.2,119.9,125.2,120.8,123.0,122.2,21.3,0.662,DOWN,8
191366,124.6,120.3,122.5,120.6,124.6,120.4,122.5,122.5,21.4,0.665,DOWN,8
191400,121.8,119.6,120.7,120.9,121.7,119.4,120.5,122.2,21.7,0.666,DOWN,8
191433,117.3,115.5,116.4,120.2,118.9,117.7,118.3,121.4,21.9,0.666,DOWN,8
191466,111.8,110.8,111.3,118.6,115.0,113.5,114.2,119.7,22.3,0.662,DOWN,8
191500,105.7,101.0,103.4,114.9,108.6,107.9,108.3,116.8,23.2,0.652,DOWN,8
191533,105.3,98.8,102.0,110.8,106.2,105.3,105.8,113.4,23.8,0.637,DOWN,8
191566,104.7,94.3,99.5,106.5,105.1,101.4,103.3,110.0,24.6,0.621,DOWN,8
191600,103.2,91.1,97.2,102.7,103.6,97.8,100.7,106.5,25.0,0.603,DOWN,8
191633,99.5,86.2,92.9,99.0,99.6,93.5,96.6,102.9,25.3,0.584,DOWN,8
191666,93.2,79.1,86.1,95.6,94.1,87.5,90.8,99.4,25.3,0.568,DOWN,8
191700,97.1,74.2,85.6,92.3,94.9,83.9,89.4,96.1,24.9,0.551,DOWN,8
191733,92.1,66.4,79.2,88.2,89.2,78.3,83.7,92.2,25.4,0.536,DOWN,8
191766,82.4,60.2,71.3,83.0,79.1,71.0,75.1,87.1,26.9,0.519,BOTTOM,8
191800,72.6,55.4,64.0,77.3,71.8,66.8,69.3,81.7,25.8,0.503,BOTTOM,8
191833,,,,,,,,,,0.487,BOTTOM,8
191866,,,,,,,,,,0.472,BOTTOM,8
191900,,,,,,,,,,0.455,BOTTOM,8
191933,,,,,,,,,,0.441,BOTTOM,8
191966,,,,,,,,,,0.427,BOTTOM,8
192000,,,,,,,,,,0.417,BOTTOM,8
192033,,,,,,,,,,0.41,BOTTOM,8
192066,,,,,,,,,,0.407,BOTTOM,8
192100,,,,,,,,,,0.406,BOTTOM,8
192133,,,,,,,,,,0.406,BOTTOM,8
192166,,,,,,,,,,0.407,BOTTOM,8
192200,,,,,,,,,,0.405,BOTTOM,8
192233,,,,,,,,,,0.402,BOTTOM,8
192266,,,,,,,,,,0.399,BOTTOM,8
192300,,,,,,,,,,0.395,BOTTOM,8
192333,,,,,,,,,,0.388,BOTTOM,8
192366,,,,,,,,,,0.381,BOTTOM,8
192400,,,,,,,,,,0.373,BOTTOM,8
192433,,,,,,,,,,0.366,BOTTOM,8
192466,,,,,,,,,,0.361,BOTTOM,8
192500,,,,,,,,,,0.365,BOTTOM,8
192533,,,,,,,,,,0.372,BOTTOM,8
192566,,,,,,,,,,0.38,BOTTOM,8
192600,,,,,,,,,,0.384,BOTTOM,8
192633,,,,,,,,,,0.385,BOTTOM,8
192666,,,,,,,,,,0.376,BOTTOM,8
192700,,,,,,,,,,0.365,BOTTOM,8
192733,,,,,,,,,,0.353,BOTTOM,8
192766,,,,,,,,,,0.343,BOTTOM,8
192800,,,,,,,,,,0.336,BOTTOM,8
192833,,,,,,,,,,0.328,BOTTOM,8
192866,,,,,,,,,,0.321,BOTTOM,8
192900,,,,,,,,,,0.314,BOTTOM,8
192933,,,,,,,,,,0.307,BOTTOM,8
192966,,,,,,,,,,0.3,BOTTOM,8
193000,,,,,,,,,,0.296,BOTTOM,8
193033,,,,,,,,,,0.297,BOTTOM,8
193066,,,,,,,,,,0.302,BOTTOM,8
193100,,,,,,,,,,0.307,BOTTOM,8
193133,,,,,,,,,,0.315,BOTTOM,8
193166,,,,,,,,,,0.323,BOTTOM,8
193200,,,,,,,,,,0.331,BOTTOM,8
193233,,,,,,,,,,0.336,BOTTOM,8
193266,,,,,,,,,,0.344,BOTTOM,8
193300,,,,,,,,,,0.353,BOTTOM,8
193333,,,,,,,,,,0.36,BOTTOM,8
193366,,,,,,,,,,0.367,BOTTOM,8
193400,,,,,,,,,,0.375,BOTTOM,8
193433,,,,,,,,,,0.385,BOTTOM,8
193466,,,,,,,,,,0.399,BOTTOM,8
193500,,,,,,,,,,0.419,BOTTOM,8
193533,,,,,,,,,,0.445,BOTTOM,8
193566,,,,,,,,,,0.472,BOTTOM,8
193600,,,,,,,,,,0.499,BOTTOM,8
193633,142.4,133.0,137.7,87.6,139.0,132.2,135.6,90.6,16.6,0.522,BOTTOM,8
193666,150.2,137.1,143.7,99.2,142.4,136.8,139.6,100.7,15.5,0.538,BOTTOM,8
193700,144.4,138.5,141.4,111.6,144.0,140.0,142.0,112.3,14.1,0.544,BOTTOM,8
193733,145.4,141.0,143.2,126.0,146.0,142.9,144.5,126.2,12.9,0.543,BOTTOM,8
193766,152.0,145.3,148.7,142.9,151.5,148.8,150.2,142.4,11.1,0.536,BOTTOM,8
193800,155.1,147.3,151.2,145.6,154.8,151.6,153.2,145.9,10.4,0.526,BOTTOM,8
193833,159.6,150.9,155.2,147.9,160.1,154.9,157.5,149.5,9.0,0.518,DOWN,8
193866,162.6,155.8,159.2,151.5,163.5,159.5,161.5,153.4,7.5,0.514,DOWN,8
193900,167.1,157.6,162.4,155.3,168.5,164.3,166.4,157.8,5.1,0.514,DOWN,8
193933,171.5,160.3,165.9,158.8,171.3,166.8,169.1,161.5,5.0,0.52,DOWN,8
193966,174.1,163.0,168.6,162.2,175.3,171.5,173.4,165.6,3.5,0.524,DOWN,8
194000,173.6,166.7,170.1,165.2,177.0,173.9,175.5,169.2,3.3,0.531,DOWN,8
194033,173.7,170.7,172.2,167.8,179.1,177.2,178.1,172.5,2.3,0.541,DOWN,8
194066,175.6,172.5,174.1,170.2,178.9,178.1,178.5,174.9,1.8,0.555,DOWN,8
194100,175.7,172.7,174.2,171.8,177.9,178.2,178.0,176.7,1.5,0.57,UP,9
194133,175.8,171.3,173.6,172.8,177.7,178.0,177.9,177.6,1.6,0.586,UP,9
194166,176.3,172.6,174.4,173.7,176.7,179.1,177.9,178.1,1.4,0.599,UP,9
194200,176.3,174.4,175.4,174.3,177.2,179.4,178.3,178.1,1.7,0.61,UP,9
194233,176.9,175.4,176.2,174.8,176.8,178.5,177.6,177.9,1.5,0.619,UP,9
194266,177.0,175.0,176.0,175.1,175.7,178.8,177.3,177.8,1.4,0.624,UP,9
194300,178.2,176.3,177.3,175.9,176.9,179.8,178.3,177.9,2.9,0.631,UP,9
194333,177.0,176.0,176.5,176.3,177.5,179.3,178.4,178.0,2.8,0.639,UP,9
194366,176.0,177.1,176.6,176.5,177.5,178.8,178.2,178.0,3.2,0.647,UP,9
194400,176.2,176.3,176.2,176.5,177.7,179.4,178.5,178.1,2.8,0.656,UP,9
194433,175.9,178.3,177.1,176.7,177.7,177.2,177.4,178.2,4.9,0.669,UP,9
194466,174.9,177.5,176.2,176.5,178.1,177.3,177.7,178.0,4.7,0.681,UP,9
194500,174.0,177.4,175.7,176.4,177.6,179.3,178.4,178.1,3.7,0.69,UP,9
194533,172.2,177.4,174.8,176.0,179.2,179.1,179.1,178.2,4.0,0.697,UP,9
194566,170.1,176.9,173.5,175.5,179.7,179.9,179.8,178.5,3.6,0.698,UP,9
194600,171.0,176.3,173.7,174.8,179.5,180.0,179.7,179.0,3.3,0.691,UP,9
194633,170.5,176.0,173.2,174.2,178.7,179.4,179.1,179.2,3.3,0.679,UP,9
194666,172.0,175.8,173.9,173.8,178.3,178.6,178.5,179.2,3.4,0.665,UP,9
194700,171.9,175.1,173.5,173.6,177.1,174.8,175.9,178.6,4.8,0.65,UP,9
194733,171.3,175.3,173.3,173.5,177.4,174.2,175.8,177.8,4.8,0.637,UP,9
194766,172.2,174.9,173.6,173.5,177.7,173.5,175.6,177.0,4.7,0.628,UP,9
194800,174.4,176.4,175.4,173.9,178.3,174.0,176.2,176.4,4.6,0.621,UP,9
194833,174.0,176.1,175.0,174.2,178.2,174.6,176.4,176.0,4.2,0.614,UP,9
194866,174.0,177.2,175.6,174.6,177.8,175.4,176.6,176.1,3.9,0.606,UP,9
194900,172.5,175.6,174.0,174.7,177.5,175.1,176.3,176.2,3.9,0.597,UP,9
194933,173.7,176.2,174.9,175.0,178.3,175.4,176.8,176.5,3.6,0.586,UP,9
194966,174.0,173.8,173.9,174.7,178.5,174.7,176.6,176.6,3.3,0.578,UP,9
195000,173.5,169.8,171.6,174.0,178.1,172.7,175.4,176.4,3.0,0.578,UP,9
195033,175.3,170.3,172.8,173.5,178.8,173.1,175.9,176.2,2.7,0.587,UP,9
195066,175.2,168.8,172.0,173.1,180.0,173.2,176.6,176.3,1.9,0.602,UP,9
195100,175.7,168.2,172.0,172.5,179.3,173.6,176.4,176.2,1.3,0.625,UP,9
195133,175.4,158.9,167.2,171.1,179.0,169.3,174.1,175.7,1.1,0.652,UP,9
195166,176.6,154.5,165.6,169.9,178.0,167.9,173.0,175.2,0.8,0.679,UP,9
195200,176.5,151.3,163.9,168.1,177.6,166.3,172.0,174.4,0.6,0.704,UP,9
195233,176.5,149.8,163.1,166.3,177.4,165.7,171.6,173.4,0.3,0.728,UP,9
195266,177.1,152.4,164.8,164.9,176.5,166.9,171.7,172.5,0.5,0.75,UP,9
195300,177.7,155.6,166.7,164.8,176.0,166.9,171.5,171.9,0.7,0.77,UP,9
195333,178.2,160.5,169.3,165.6,175.6,168.4,172.0,171.7,1.1,0.789,UP,9
195366,178.3,164.0,171.1,167.0,175.5,168.6,172.0,171.8,1.1,0.806,UP,9
195400,179.0,167.2,173.1,169.0,175.0,169.7,172.4,171.9,1.2,0.822,UP,9
195433,179.5,169.3,174.4,170.9,175.1,169.9,172.5,172.1,0.9,0.835,UP,9
195466,179.8,174.1,176.9,173.0,175.0,169.6,172.3,172.2,0.6,0.846,UP,9
195500,179.2,173.2,176.2,174.4,174.7,169.1,171.9,172.2,0.3,0.854,UP,9
195533,178.9,173.6,176.3,175.4,174.7,168.9,171.8,172.2,0.3,0.859,UP,9
195566,179.2,173.3,176.3,176.0,175.0,169.0,172.0,172.1,0.9,0.862,UP,9
195600,179.2,174.2,176.7,176.5,175.1,169.5,172.3,172.1,1.4,0.865,UP,9
195633,179.3,174.5,176.9,176.5,175.1,170.5,172.8,172.2,1.5,0.867,UP,9
195666,179.0,173.7,176.3,176.5,174.9,169.9,172.4,172.3,2.1,0.867,UP,9
195700,179.3,173.2,176.2,176.5,175.2,169.9,172.5,172.4,2.3,0.868,UP,9
195733,178.8,173.9,176.3,176.5,174.9,169.5,172.2,172.4,2.7,0.868,UP,9
195766,178.5,173.8,176.2,176.4,174.6,168.9,171.7,172.3,2.8,0.867,UP,9
195800,178.1,173.4,175.7,176.2,174.6,167.2,170.9,172.0,3.6,0.863,UP,9
195833,178.2,171.8,175.0,175.9,175.4,165.9,170.6,171.6,4.4,0.857,UP,9
195866,178.0,167.6,172.8,175.2,175.3,164.6,169.9,171.1,5.1,0.85,UP,9
195900,177.6,172.0,174.8,174.9,174.1,167.1,170.6,170.8,4.0,0.84,UP,9
195933,177.0,169.9,173.4,174.4,173.9,163.5,168.7,170.2,4.6,0.824,UP,9
195966,177.3,167.1,172.2,173.7,174.1,164.0,169.1,169.8,3.9,0.806,UP,9
196000,177.4,162.5,169.9,172.6,173.7,162.1,167.9,169.3,3.8,0.789,UP,9
196033,179.7,162.8,171.3,172.3,174.1,162.9,168.5,169.0,4.0,0.772,UP,9
196066,178.4,164.2,171.3,171.6,173.4,162.2,167.8,168.4,4.4,0.752,UP,9
196100,178.4,164.9,171.6,171.3,173.2,161.9,167.5,168.2,4.6,0.738,UP,9
196133,177.6,165.6,171.6,171.1,172.8,161.9,167.4,167.8,4.7,0.723,UP,9
196166,179.5,169.7,174.6,172.1,173.4,162.4,167.9,167.8,4.6,0.702,UP,9
196200,177.2,177.7,177.4,173.3,179.6,179.2,179.4,170.0,1.9,0.677,UP,9
196233,177.9,176.9,177.4,174.5,172.8,172.6,172.7,171.0,1.1,0.652,UP,9
196266,174.9,174.5,174.7,175.1,173.6,170.8,172.2,171.9,1.0,0.619,UP,9
196300,175.8,175.2,175.5,175.9,176.6,168.6,172.6,173.0,2.4,0.586,UP,9
196333,177.5,174.3,175.9,176.2,175.4,169.0,172.2,173.8,1.9,0.556,UP,9
196366,176.7,174.1,175.4,175.8,175.4,168.0,171.7,172.3,2.4,0.528,UP,9
196400,178.4,176.8,177.6,175.8,175.0,167.0,171.0,171.9,2.5,0.5,UP,9
196433,,,,,,,,,,0.473,UP,9
196466,,,,,,,,,,0.448,UP,9
196500,,,,,,,,,,0.423,UP,9
196533,,,,,,,,,,0.396,UP,9
196566,,,,,,,,,,0.371,UP,9
196600,,,,,,,,,,0.35,UP,9
196633,,,,,,,,,,0.327,UP,9
196666,,,,,,,,,,0.305,UP,9
196700,,,,,,,,,,0.284,UP,9
196733,,,,,,,,,,0.263,UP,9
196766,,,,,,,,,,0.243,UP,9
196800,,,,,,,,,,0.23,UP,9
196833,,,,,,,,,,0.221,UP,9
196866,,,,,,,,,,0.215,UP,9
196900,,,,,,,,,,0.212,UP,9
196933,,,,,,,,,,0.215,UP,9
196966,,,,,,,,,,0.216,UP,9
197000,,,,,,,,,,0.215,UP,9
197033,,,,,,,,,,0.216,UP,9
197066,,,,,,,,,,0.218,UP,9
197100,,,,,,,,,,0.217,UP,9
197133,,,,,,,,,,0.219,UP,9
197166,,,,,,,,,,0.226,UP,9
197200,,,,,,,,,,0.23,UP,9
197233,,,,,,,,,,0.239,UP,9
197266,,,,,,,,,,0.251,UP,9
197300,,,,,,,,,,0.266,UP,9
197333,,,,,,,,,,0.28,UP,9
197366,,,,,,,,,,0.302,UP,9
197400,,,,,,,,,,0.318,UP,9
197433,,,,,,,,,,0.332,UP,9
197466,,,,,,,,,,0.343,UP,9
197500,,,,,,,,,,0.355,UP,9
197533,,,,,,,,,,0.365,UP,9
197566,,,,,,,,,,0.38,UP,9
197600,,,,,,,,,,0.399,UP,9
197633,,,,,,,,,,0.411,UP,9
197666,,,,,,,,,,0.421,UP,9
197700,,,,,,,,,,0.429,UP,9
197733,,,,,,,,,,0.429,UP,9
197766,,,,,,,,,,0.422,UP,9
197800,,,,,,,,,,0.415,UP,9
197833,,,,,,,,,,0.406,UP,9
197866,,,,,,,,,,0.393,UP,9
197900,,,,,,,,,,0.381,UP,9
197933,,,,,,,,,,0.374,UP,9
197966,,,,,,,,,,0.365,UP,9
198000,,,,,,,,,,0.356,UP,9
198033,,,,,,,,,,0.353,UP,9
198066,,,,,,,,,,0.356,UP,9
198100,,,,,,,,,,0.361,UP,9
198133,,,,,,,,,,0.374,UP,9
198166,,,,,,,,,,0.391,UP,9
198200,,,,,,,,,,0.408,UP,9
198233,,,,,,,,,,0.424,UP,9
198266,,,,,,,,,,0.435,UP,9
198300,,,,,,,,,,0.442,UP,9
198333,,,,,,,,,,0.445,UP,9
198366,,,,,,,,,,0.45,UP,9
198400,,,,,,,,,,0.457,UP,9
198433,,,,,,,,,,0.471,UP,9
198466,,,,,,,,,,0.49,UP,9
198500,171.1,171.7,171.4,175.1,174.4,167.5,170.9,171.7,3.9,0.515,UP,9
198533,171.9,173.9,172.9,174.6,174.3,168.1,171.2,171.4,3.4,0.536,UP,9
198566,172.5,178.5,175.5,174.6,174.7,168.2,171.4,171.3,3.4,0.554,UP,9
198600,172.1,179.3,175.7,174.6,174.3,168.1,171.2,171.2,3.1,0.57,UP,9
198633,173.9,178.3,176.1,174.3,175.7,168.6,172.1,171.4,2.9,0.585,UP,9
198666,175.8,175.7,175.8,175.2,176.8,167.2,172.0,171.6,2.8,0.596,UP,9
198700,175.7,177.0,176.4,175.9,176.4,167.2,171.8,171.7,2.5,0.612,UP,9
198733,175.5,175.5,175.5,175.9,176.0,166.6,171.3,171.7,2.4,0.627,UP,9
198766,175.8,177.9,176.8,176.1,176.3,164.8,170.5,171.5,2.4,0.641,UP,9
198800,176.3,179.6,178.0,176.5,176.1,164.3,170.2,171.2,2.1,0.653,UP,9
198833,176.0,179.0,177.5,176.8,175.7,164.2,169.9,170.8,1.9,0.666,UP,9
198866,176.1,177.9,177.0,177.0,175.0,163.9,169.5,170.3,1.7,0.678,UP,9
198900,176.1,179.3,177.7,177.4,174.4,164.5,169.5,169.9,1.3,0.692,UP,9
198933,177.0,179.3,178.1,177.7,174.9,164.2,169.5,169.7,1.5,0.706,UP,9
198966,177.3,180.0,178.7,177.8,175.0,164.3,169.7,169.6,1.9,0.717,UP,9
199000,176.0,176.7,176.3,177.6,173.9,163.7,168.8,169.4,2.0,0.726,UP,9
199033,175.3,177.3,176.3,177.4,173.2,163.6,168.4,169.2,2.0,0.735,UP,9
199066,174.9,177.8,176.4,177.2,172.4,164.7,168.5,169.0,1.8,0.74,UP,9
199100,178.8,171.8,175.3,176.6,174.1,166.2,170.1,169.1,1.6,0.737,UP,9
199133,179.8,167.6,173.7,175.6,174.3,164.7,169.5,169.1,1.8,0.726,UP,9
199166,178.8,165.0,171.9,174.7,175.6,164.7,170.1,169.3,2.2,0.711,UP,9
199200,179.2,170.1,174.7,174.4,175.2,166.8,171.0,169.9,2.1,0.687,UP,9
199233,179.4,171.2,175.3,174.2,175.7,167.4,171.6,170.5,2.2,0.66,UP,9
199266,178.1,171.8,174.9,174.1,175.8,167.5,171.7,170.8,2.4,0.635,UP,9
199300,177.3,171.3,174.3,174.2,175.7,167.1,171.4,171.2,2.4,0.617,UP,9
199333,178.0,171.0,174.5,174.7,175.6,167.7,171.6,171.4,2.2,0.6,UP,9
199366,179.8,172.0,175.9,175.0,174.7,168.8,171.7,171.6,2.1,0.587,UP,9
199400,179.6,173.9,176.7,175.3,173.9,171.0,172.4,171.8,1.6,0.574,UP,9
199433,179.4,173.5,176.4,175.6,172.6,170.8,171.7,171.8,1.2,0.563,UP,9
199466,179.5,174.6,177.1,176.1,172.6,171.4,172.0,171.9,1.3,0.551,UP,9
199500,179.3,175.9,177.6,176.7,173.1,171.0,172.1,172.0,1.5,0.538,UP,9
199533,179.1,175.3,177.2,177.0,172.8,170.3,171.5,171.9,1.6,0.526,UP,9
199566,179.1,175.3,177.2,177.1,173.3,170.2,171.7,171.8,1.8,0.512,UP,9
199600,,,,,,,,,,0.497,UP,9
199633,,,,,,,,,,0.486,UP,9
199666,,,,,,,,,,0.481,UP,9
199700,,,,,,,,,,0.486,UP,9
199733,,,,,,,,,,0.495,UP,9
199766,178.7,172.8,175.7,177.0,171.7,170.2,171.0,171.7,2.1,0.509,UP,9
199800,178.9,172.4,175.6,176.7,171.6,170.5,171.1,171.5,2.0,0.523,UP,9
199833,179.1,174.1,176.6,176.5,171.3,170.8,171.1,171.3,1.9,0.535,UP,9
199866,179.2,175.2,177.2,176.5,171.1,171.4,171.3,171.2,1.7,0.549,UP,9
199900,179.0,176.3,177.7,176.6,171.3,171.5,171.4,171.2,1.6,0.567,UP,9
199933,179.5,177.2,178.4,177.1,170.6,171.8,171.2,171.2,1.5,0.589,UP,9
199966,179.7,177.4,178.5,177.7,170.1,171.5,170.8,171.1,1.4,0.611,UP,9
200000,179.8,178.0,178.9,178.1,170.1,171.7,170.9,171.1,1.5,0.634,UP,9
200033,179.6,177.7,178.6,178.4,170.2,170.9,170.5,171.0,1.8,0.651,UP,9
200066,179.5,176.0,177.8,178.4,170.2,170.8,170.5,170.8,1.8,0.666,UP,9
200100,179.5,177.5,178.5,178.5,170.4,169.1,169.8,170.5,2.2,0.676,UP,9
200133,179.5,177.8,178.6,178.5,170.5,169.2,169.8,170.3,2.2,0.691,UP,9
200166,179.2,176.9,178.1,178.3,170.7,169.4,170.0,170.1,2.3,0.702,UP,9
200200,179.4,174.4,176.9,178.0,170.9,170.0,170.4,170.1,2.4,0.714,UP,9
200233,179.5,170.7,175.1,177.4,171.0,169.9,170.5,170.1,2.5,0.719,UP,9
200266,179.4,171.2,175.3,176.8,171.3,169.9,170.6,170.3,2.6,0.718,UP,9
200300,178.7,171.5,175.1,176.1,172.7,167.5,170.1,170.3,3.0,0.712,UP,9
200333,178.5,172.4,175.4,175.6,174.3,167.6,171.0,170.5,3.3,0.702,UP,9
200366,177.6,171.3,174.4,175.1,174.6,167.8,171.2,170.7,3.2,0.686,UP,9
200400,177.6,168.9,173.3,174.7,175.4,167.9,171.7,170.9,3.4,0.668,UP,9
200433,179.0,168.8,173.9,174.4,175.3,167.9,171.6,171.1,3.6,0.653,UP,9
200466,179.5,169.4,174.4,174.3,175.4,167.4,171.4,171.4,3.6,0.637,UP,9
200500,179.7,168.4,174.0,174.0,174.9,167.3,171.1,171.4,3.4,0.624,UP,9
200533,179.6,170.9,175.2,174.2,174.6,167.8,171.2,171.4,3.2,0.619,UP,9
200566,179.4,171.5,175.5,174.6,174.9,168.4,171.6,171.4,3.3,0.619,UP,9
200600,179.3,171.8,175.5,174.9,174.7,168.7,171.7,171.4,3.1,0.619,UP,9
200633,179.2,174.9,177.0,175.5,174.4,169.4,171.9,171.5,2.9,0.62,UP,9
200666,177.3,174.8,176.1,175.9,174.3,169.6,172.0,171.7,2.8,0.619,UP,9
200700,177.1,173.6,175.4,175.9,174.2,169.8,172.0,171.8,2.7,0.618,UP,9
200733,177.1,174.1,175.6,175.9,174.2,169.9,172.0,171.9,2.7,0.616,UP,9
200766,176.6,173.9,175.2,175.9,174.4,169.7,172.1,172.0,2.8,0.62,UP,9
200800,176.9,172.3,174.6,175.4,174.6,169.3,172.0,172.0,2.8,0.622,UP,9
200833,177.4,171.4,174.4,175.1,174.4,169.3,171.8,172.0,2.7,0.623,UP,9
200866,176.4,169.2,172.8,174.5,175.1,169.0,172.1,172.0,2.9,0.623,UP,9
200900,176.0,169.3,172.6,173.9,175.7,167.7,171.7,171.9,3.2,0.62,UP,9
200933,177.8,168.0,172.9,173.5,175.3,167.5,171.4,171.8,3.4,0.615,UP,9
200966,176.8,169.2,173.0,173.1,175.7,167.7,171.7,171.7,3.4,0.608,UP,9
201000,176.7,169.6,173.1,172.9,176.1,167.2,171.7,171.7,3.5,0.6,UP,9
201033,179.7,170.3,175.0,173.3,175.1,167.4,171.3,171.5,3.6,0.589,UP,9
201066,179.6,171.3,175.4,173.9,174.9,167.9,171.4,171.5,3.2,0.587,UP,9
201100,179.7,172.7,176.2,174.6,174.2,169.0,171.6,171.5,2.5,0.585,UP,9
201133,179.3,173.2,176.3,175.2,174.0,167.6,170.8,171.3,2.4,0.587,UP,9
201166,179.8,174.6,177.2,176.0,173.6,167.1,170.3,171.1,2.0,0.599,UP,9
201200,178.0,175.8,176.9,176.4,173.6,166.6,170.1,170.8,2.7,0.615,UP,9
201233,179.8,174.0,176.9,176.7,175.1,165.1,170.1,170.6,2.9,0.63,UP,9
201266,179.1,173.6,176.4,176.7,175.8,163.5,169.6,170.2,3.3,0.648,UP,9
201300,178.9,173.8,176.4,176.7,175.0,163.4,169.2,169.9,2.2,0.669,UP,9
201333,178.7,176.1,177.4,176.8,175.8,164.1,169.9,169.8,1.7,0.689,UP,9
201366,178.1,179.3,178.7,177.1,175.4,164.5,170.0,169.8,1.2,0.709,UP,9
201400,177.6,180.0,178.8,177.5,176.7,163.7,170.2,169.8,1.8,0.728,UP,9
201433,177.3,179.2,178.2,177.9,177.3,163.5,170.4,169.9,1.6,0.748,UP,9
201466,178.3,180.0,179.1,178.4,176.5,164.5,170.5,170.2,1.1,0.767,UP,9
201500,178.5,179.7,179.1,178.8,177.6,164.6,171.1,170.4,1.3,0.784,UP,9
201533,179.9,178.3,179.1,178.9,176.6,165.4,171.0,170.6,1.3,0.797,UP,9
201566,179.2,178.2,178.7,178.9,175.9,166.6,171.3,170.9,0.9,0.808,UP,9
201600,179.0,177.0,178.0,178.8,175.3,167.7,171.5,171.1,0.6,0.818,UP,9
201633,176.6,176.9,176.7,178.3,174.3,169.6,171.9,171.4,0.6,0.822,UP,9
201666,176.0,173.5,174.8,177.5,173.5,170.9,172.2,171.6,0.3,0.823,UP,9
201700,175.3,173.7,174.5,176.6,173.6,171.2,172.4,171.8,0.6,0.819,UP,9
201733,175.8,176.1,176.0,176.0,174.1,171.4,172.7,172.1,0.9,0.815,UP,9
201766,176.0,174.2,175.1,175.4,174.4,171.6,173.0,172.4,1.0,0.804,UP,9
201800,175.3,175.9,175.6,175.2,174.3,170.7,172.5,172.6,1.6,0.793,UP,9
201833,174.9,174.4,174.7,175.2,174.9,170.3,172.6,172.6,2.6,0.78,UP,9
201866,174.3,178.4,176.4,175.5,175.2,171.2,173.2,172.8,3.0,0.766,UP,9
201900,176.1,178.6,177.4,175.8,176.0,170.8,173.4,172.9,3.7,0.741,UP,9
201933,175.8,179.4,177.6,176.3,176.3,170.2,173.3,173.0,4.0,0.711,UP,9
201966,175.2,177.2,176.2,176.4,177.6,168.5,173.1,173.1,4.9,0.674,UP,9
202000,174.7,176.6,175.7,176.6,177.6,167.1,172.4,173.1,5.8,0.632,UP,9
202033,173.8,176.3,175.1,176.4,176.3,166.8,171.6,172.8,5.9,0.588,UP,9
202066,172.8,173.3,173.0,175.5,175.7,164.5,170.1,172.1,5.8,0.544,UP,9
202100,176.3,174.0,175.2,175.0,175.5,164.5,170.0,171.4,5.5,0.504,UP,9
202133,,,,,,,,,,0.465,UP,9
202166,,,,,,,,,,0.428,UP,9
202200,,,,,,,,,,0.393,UP,9
202233,,,,,,,,,,0.362,UP,9
202266,,,,,,,,,,0.337,UP,9
202300,,,,,,,,,,0.316,UP,9
202333,,,,,,,,,,0.3,UP,9
202366,,,,,,,,,,0.286,UP,9
202400,,,,,,,,,,0.273,UP,9
202433,,,,,,,,,,0.262,UP,9
202466,,,,,,,,,,0.25,UP,9
202500,,,,,,,,,,0.24,UP,9
202533,,,,,,,,,,0.233,UP,9
202566,,,,,,,,,,0.23,UP,9
202600,,,,,,,,,,0.227,UP,9
202633,,,,,,,,,,0.226,UP,9
202666,,,,,,,,,,0.225,UP,9
202700,,,,,,,,,,0.225,UP,9
202733,,,,,,,,,,0.225,UP,9
202766,,,,,,,,,,0.225,UP,9
202800,,,,,,,,,,0.227,UP,9
202833,,,,,,,,,,0.228,UP,9
202866,,,,,,,,,,0.229,UP,9
202900,,,,,,,,,,0.228,UP,9
202933,,,,,,,,,,0.224,UP,9
202966,,,,,,,,,,0.224,UP,9
203000,,,,,,,,,,0.221,UP,9
203033,,,,,,,,,,0.22,UP,9
203066,,,,,,,,,,0.219,UP,9
203100,,,,,,,,,,0.217,UP,9
203133,,,,,,,,,,0.212,UP,9
203166,,,,,,,,,,0.209,UP,9
203200,,,,,,,,,,0.205,UP,9
203233,,,,,,,,,,0.202,UP,9
203266,,,,,,,,,,0.2,UP,9
203300,,,,,,,,,,0.198,UP,9
203333,,,,,,,,,,0.194,UP,9
203366,,,,,,,,,,0.19,UP,9
203400,,,,,,,,,,0.187,UP,9
203433,,,,,,,,,,0.184,UP,9
203466,,,,,,,,,,0.183,UP,9
203500,,,,,,,,,,0.181,UP,9
203533,,,,,,,,,,0.179,UP,9
203566,,,,,,,,,,0.176,UP,9
203600,,,,,,,,,,0.172,UP,9
203633,,,,,,,,,,0.167,UP,9
203666,,,,,,,,,,0.161,UP,9
203700,,,,,,,,,,0.156,UP,9
203733,,,,,,,,,,0.151,UP,9
203766,,,,,,,,,,0.146,UP,9
203800,,,,,,,,,,0.143,UP,9
203833,,,,,,,,,,0.142,UP,9
203866,,,,,,,,,,0.142,UP,9
203900,,,,,,,,,,0.145,UP,9
203933,,,,,,,,,,0.148,UP,9
203966,,,,,,,,,,0.151,UP,9
204000,,,,,,,,,,0.153,UP,9
204033,,,,,,,,,,0.155,UP,9
204066,,,,,,,,,,0.155,UP,9
204100,,,,,,,,,,0.154,UP,9
204133,,,,,,,,,,0.153,UP,9
204166,,,,,,,,,,0.15,UP,9
204200,,,,,,,,,,0.148,UP,9
204233,,,,,,,,,,0.146,UP,9
204266,,,,,,,,,,0.144,UP,9
204300,,,,,,,,,,0.142,UP,9
204333,,,,,,,,,,0.139,UP,9
204366,,,,,,,,,,0.137,UP,9
204400,,,,,,,,,,0.134,UP,9
204433,,,,,,,,,,0.131,UP,9
204466,,,,,,,,,,0.129,UP,9
204500,,,,,,,,,,0.127,UP,9
204533,,,,,,,,,,0.126,UP,9
204566,,,,,,,,,,0.123,UP,9
204600,,,,,,,,,,0.12,UP,9
204633,,,,,,,,,,0.117,UP,9
204666,,,,,,,,,,0.113,UP,9
204700,,,,,,,,,,0.11,UP,9
204733,,,,,,,,,,0.107,UP,9
204766,,,,,,,,,,0.104,UP,9
204800,,,,,,,,,,0.102,UP,9
204833,,,,,,,,,,0.101,UP,9
204866,,,,,,,,,,0.099,UP,9
204900,,,,,,,,,,0.098,UP,9
204933,,,,,,,,,,0.097,UP,9
204966,,,,,,,,,,0.096,UP,9
205000,,,,,,,,,,0.094,UP,9
205033,,,,,,,,,,0.094,UP,9
205066,,,,,,,,,,0.094,UP,9
205100,,,,,,,,,,0.094,UP,9
205133,,,,,,,,,,0.095,UP,9
205166,,,,,,,,,,0.096,UP,9
205200,,,,,,,,,,0.096,UP,9
205233,,,,,,,,,,0.095,UP,9
205266,,,,,,,,,,0.093,UP,9
205300,,,,,,,,,,0.091,UP,9
205333,,,,,,,,,,0.09,UP,9
205366,,,,,,,,,,0.088,UP,9
205400,,,,,,,,,,0.088,UP,9
205433,,,,,,,,,,0.087,UP,9
205466,,,,,,,,,,0.086,UP,9
205500,,,,,,,,,,0.085,UP,9
205533,,,,,,,,,,0.085,UP,9
205566,,,,,,,,,,0.083,UP,9
205600,,,,,,,,,,0.083,UP,9
205633,,,,,,,,,,0.083,UP,9
205666,,,,,,,,,,0.083,UP,9
205700,,,,,,,,,,0.083,UP,9
205733,,,,,,,,,,0.082,UP,9
205766,,,,,,,,,,0.081,UP,9
205800,,,,,,,,,,0.079,UP,9
205833,,,,,,,,,,0.078,UP,9
205866,,,,,,,,,,0.076,UP,9
205900,,,,,,,,,,0.076,UP,9
205933,,,,,,,,,,0.077,UP,9
205966,,,,,,,,,,0.077,UP,9
206000,,,,,,,,,,0.078,UP,9
206033,,,,,,,,,,0.079,UP,9
206066,,,,,,,,,,0.08,UP,9
206100,,,,,,,,,,0.081,UP,9
206133,,,,,,,,,,0.082,UP,9
206166,,,,,,,,,,0.082,UP,9
206200,,,,,,,,,,0.083,UP,9
206233,,,,,,,,,,0.084,UP,9
206266,,,,,,,,,,0.084,UP,9
206300,,,,,,,,,,0.084,UP,9
206333,,,,,,,,,,0.085,UP,9
206366,,,,,,,,,,0.084,UP,9
206400,,,,,,,,,,0.083,UP,9
206433,,,,,,,,,,0.083,UP,9
206466,,,,,,,,,,0.082,UP,9
206500,,,,,,,,,,0.082,UP,9
206533,,,,,,,,,,0.082,UP,9
206566,,,,,,,,,,0.082,UP,9
206600,,,,,,,,,,0.082,UP,9
206633,,,,,,,,,,0.081,UP,9
206666,,,,,,,,,,0.082,UP,9
206700,,,,,,,,,,0.082,UP,9
206733,,,,,,,,,,0.082,UP,9
206766,,,,,,,,,,0.083,UP,9
206800,,,,,,,,,,0.083,UP,9
206833,,,,,,,,,,0.083,UP,9
206866,,,,,,,,,,0.081,UP,9
206900,,,,,,,,,,0.08,UP,9
206933,,,,,,,,,,0.079,UP,9
206966,,,,,,,,,,0.077,UP,9
207000,,,,,,,,,,0.077,UP,9
207033,,,,,,,,,,0.076,UP,9
207066,,,,,,,,,,0.076,UP,9
207100,,,,,,,,,,0.075,UP,9
207133,,,,,,,,,,0.074,UP,9
207166,,,,,,,,,,0.072,UP,9
207200,,,,,,,,,,0.071,UP,9
207233,,,,,,,,,,0.07,UP,9
207266,,,,,,,,,,0.069,UP,9
207300,,,,,,,,,,0.069,UP,9
207333,,,,,,,,,,0.069,UP,9
207366,,,,,,,,,,0.069,UP,9
207400,,,,,,,,,,0.069,UP,9
207433,,,,,,,,,,0.069,UP,9
207466,,,,,,,,,,0.068,UP,9
207500,,,,,,,,,,0.067,UP,9
207533,,,,,,,,,,0.067,UP,9
207566,,,,,,,,,,0.066,UP,9
207600,,,,,,,,,,0.065,UP,9
207633,,,,,,,,,,0.065,UP,9
207666,,,,,,,,,,0.065,UP,9
207700,,,,,,,,,,0.064,UP,9
207733,,,,,,,,,,0.064,UP,9
207766,,,,,,,,,,0.065,UP,9
207800,,,,,,,,,,0.067,UP,9
207833,,,,,,,,,,0.071,UP,9
207866,,,,,,,,,,0.075,UP,9
207900,,,,,,,,,,0.078,UP,9
207933,,,,,,,,,,0.081,UP,9
207966,,,,,,,,,,0.081,UP,9
208000,,,,,,,,,,0.081,UP,9
208033,,,,,,,,,,0.08,UP,9
208066,,,,,,,,,,0.08,UP,9
208100,,,,,,,,,,0.079,UP,9
208133,,,,,,,,,,0.077,UP,9
208166,,,,,,,,,,0.076,UP,9
208200,,,,,,,,,,0.073,UP,9
208233,,,,,,,,,,0.071,UP,9
208266,,,,,,,,,,0.07,UP,9
208300,,,,,,,,,,0.069,UP,9
208333,,,,,,,,,,0.068,UP,9
208366,,,,,,,,,,0.067,UP,9
208400,,,,,,,,,,0.066,UP,9
208433,,,,,,,,,,0.065,UP,9
208466,,,,,,,,,,0.064,UP,9
208500,,,,,,,,,,0.063,UP,9
208533,,,,,,,,,,0.062,UP,9
208566,,,,,,,,,,0.061,UP,9
208600,,,,,,,,,,0.059,UP,9
208633,,,,,,,,,,0.058,UP,9
208666,,,,,,,,,,0.056,UP,9
208700,,,,,,,,,,0.054,UP,9
208733,,,,,,,,,,0.052,UP,9
208766,,,,,,,,,,0.051,UP,9
208800,,,,,,,,,,0.05,UP,9
208833,,,,,,,,,,0.049,UP,9
208866,,,,,,,,,,0.048,UP,9
208900,,,,,,,,,,0.048,UP,9
208933,,,,,,,,,,0.048,UP,9
208966,,,,,,,,,,0.048,UP,9
209000,,,,,,,,,,0.048,UP,9
209033,,,,,,,,,,0.049,UP,9
209066,,,,,,,,,,0.049,UP,9
0,,,,,,,,,,0.0,UP,0
33,,,,,,,,,,0.0,UP,0
66,,,,,,,,,,0.0,UP,0
100,,,,,,,,,,0.0,UP,0
133,,,,,,,,,,0.0,UP,0
166,,,,,,,,,,0.0,UP,0
200,,,,,,,,,,0.0,UP,0
233,,,,,,,,,,0.0,UP,0
266,,,,,,,,,,0.0,UP,0
300,,,,,,,,,,0.0,UP,0
333,,,,,,,,,,0.0,UP,0
366,,,,,,,,,,0.0,UP,0
400,,,,,,,,,,0.0,UP,0
433,,,,,,,,,,0.0,UP,0
466,,,,,,,,,,0.0,UP,0
500,,,,,,,,,,0.0,UP,0
533,,,,,,,,,,0.0,UP,0
566,,,,,,,,,,0.0,UP,0
600,,,,,,,,,,0.0,UP,0
633,,,,,,,,,,0.0,UP,0
666,,,,,,,,,,0.0,UP,0
700,,,,,,,,,,0.0,UP,0
733,,,,,,,,,,0.0,UP,0
766,,,,,,,,,,0.027,UP,0
800,,,,,,,,,,0.052,UP,0
833,,,,,,,,,,0.052,UP,0
866,,,,,,,,,,0.052,UP,0
900,,,,,,,,,,0.052,UP,0
933,,,,,,,,,,0.025,UP,0
966,,,,,,,,,,0.0,UP,0
1000,,,,,,,,,,0.0,UP,0
1033,,,,,,,,,,0.0,UP,0
1066,,,,,,,,,,0.0,UP,0
1100,,,,,,,,,,0.0,UP,0
1133,,,,,,,,,,0.0,UP,0
1166,,,,,,,,,,0.0,UP,0
1200,,,,,,,,,,0.0,UP,0
1233,,,,,,,,,,0.0,UP,0
1266,,,,,,,,,,0.0,UP,0
1300,,,,,,,,,,0.024,UP,0
1333,,,,,,,,,,0.048,UP,0
1366,,,,,,,,,,0.073,UP,0
1400,,,,,,,,,,0.097,UP,0
1433,,,,,,,,,,0.119,UP,0
1466,,,,,,,,,,0.114,UP,0
1500,,,,,,,,,,0.109,UP,0
1533,,,,,,,,,,0.104,UP,0
1566,,,,,,,,,,0.101,UP,0
1600,,,,,,,,,,0.098,UP,0
1633,,,,,,,,,,0.102,UP,0
1666,,,,,,,,,,0.116,UP,0
1700,,,,,,,,,,0.133,UP,0
1733,,,,,,,,,,0.157,UP,0
1766,,,,,,,,,,0.191,UP,0
1800,,,,,,,,,,0.219,UP,0
1833,,,,,,,,,,0.235,UP,0
1866,,,,,,,,,,0.244,UP,0
1900,,,,,,,,,,0.243,UP,0
1933,,,,,,,,,,0.229,UP,0
1966,,,,,,,,,,0.213,UP,0
2000,,,,,,,,,,0.199,UP,0
2033,,,,,,,,,,0.185,UP,0
2066,,,,,,,,,,0.173,UP,0
2100,,,,,,,,,,0.162,UP,0
2133,,,,,,,,,,0.152,UP,0
2166,,,,,,,,,,0.142,UP,0
2200,,,,,,,,,,0.133,UP,0
2233,,,,,,,,,,0.124,UP,0
2266,,,,,,,,,,0.115,UP,0
2300,,,,,,,,,,0.106,UP,0
2333,,,,,,,,,,0.098,UP,0
2366,,,,,,,,,,0.092,UP,0
2400,,,,,,,,,,0.086,UP,0
2433,,,,,,,,,,0.081,UP,0
2466,,,,,,,,,,0.078,UP,0
2500,,,,,,,,,,0.075,UP,0
2533,,,,,,,,,,0.073,UP,0
2566,,,,,,,,,,0.072,UP,0
2600,,,,,,,,,,0.071,UP,0
2633,,,,,,,,,,0.072,UP,0
2666,,,,,,,,,,0.072,UP,0
2700,,,,,,,,,,0.072,UP,0
2733,,,,,,,,,,0.071,UP,0
2766,,,,,,,,,,0.07,UP,0
2800,,,,,,,,,,0.067,UP,0
2833,,,,,,,,,,0.064,UP,0
2866,,,,,,,,,,0.061,UP,0
2900,,,,,,,,,,0.059,UP,0
2933,,,,,,,,,,0.057,UP,0
2966,,,,,,,,,,0.056,UP,0
3000,,,,,,,,,,0.055,UP,0
3033,,,,,,,,,,0.053,UP,0
3066,,,,,,,,,,0.052,UP,0
3100,,,,,,,,,,0.05,UP,0
3133,,,,,,,,,,0.049,UP,0
3166,,,,,,,,,,0.047,UP,0
3200,,,,,,,,,,0.045,UP,0
3233,,,,,,,,,,0.044,UP,0
3266,,,,,,,,,,0.043,UP,0
3300,,,,,,,,,,0.044,UP,0
3333,,,,,,,,,,0.047,UP,0
3366,,,,,,,,,,0.051,UP,0
3400,,,,,,,,,,0.056,UP,0
3433,,,,,,,,,,0.059,UP,0
3466,,,,,,,,,,0.061,UP,0
3500,,,,,,,,,,0.061,UP,0
3533,,,,,,,,,,0.06,UP,0
3566,,,,,,,,,,0.058,UP,0
3600,,,,,,,,,,0.056,UP,0
3633,,,,,,,,,,0.054,UP,0
3666,,,,,,,,,,0.052,UP,0
3700,,,,,,,,,,0.049,UP,0
3733,,,,,,,,,,0.047,UP,0
3766,,,,,,,,,,0.047,UP,0
3800,,,,,,,,,,0.047,UP,0
3833,,,,,,,,,,0.047,UP,0
3866,,,,,,,,,,0.048,UP,0
3900,,,,,,,,,,0.049,UP,0
3933,,,,,,,,,,0.049,UP,0
3966,,,,,,,,,,0.051,UP,0
4000,,,,,,,,,,0.053,UP,0
4033,,,,,,,,,,0.055,UP,0
4066,,,,,,,,,,0.055,UP,0
4100,,,,,,,,,,0.056,UP,0
4133,,,,,,,,,,0.054,UP,0
4166,,,,,,,,,,0.052,UP,0
4200,,,,,,,,,,0.05,UP,0
4233,,,,,,,,,,0.05,UP,0
4266,,,,,,,,,,0.051,UP,0
4300,,,,,,,,,,0.053,UP,0
4333,,,,,,,,,,0.054,UP,0
4366,,,,,,,,,,0.055,UP,0
4400,,,,,,,,,,0.053,UP,0
4433,,,,,,,,,,0.052,UP,0
4466,,,,,,,,,,0.052,UP,0
4500,,,,,,,,,,0.052,UP,0
4533,,,,,,,,,,0.055,UP,0
4566,,,,,,,,,,0.057,UP,0
4600,,,,,,,,,,0.059,UP,0
4633,,,,,,,,,,0.067,UP,0
4666,,,,,,,,,,0.075,UP,0
4700,,,,,,,,,,0.086,UP,0
4733,,,,,,,,,,0.097,UP,0
4766,,,,,,,,,,0.107,UP,0
4800,,,,,,,,,,0.109,UP,0
4833,,,,,,,,,,0.111,UP,0
4866,,,,,,,,,,0.108,UP,0
4900,,,,,,,,,,0.107,UP,0
4933,,,,,,,,,,0.107,UP,0
4966,,,,,,,,,,0.107,UP,0
5000,,,,,,,,,,0.108,UP,0
5033,,,,,,,,,,0.109,UP,0
5066,,,,,,,,,,0.109,UP,0
5100,,,,,,,,,,0.111,UP,0
5133,,,,,,,,,,0.113,UP,0
5166,,,,,,,,,,0.114,UP,0
5200,,,,,,,,,,0.113,UP,0
5233,,,,,,,,,,0.115,UP,0
5266,,,,,,,,,,0.116,UP,0
5300,,,,,,,,,,0.116,UP,0
5333,,,,,,,,,,0.115,UP,0
5366,,,,,,,,,,0.113,UP,0
5400,,,,,,,,,,0.107,UP,0
5433,,,,,,,,,,0.1,UP,0
5466,,,,,,,,,,0.094,UP,0
5500,,,,,,,,,,0.09,UP,0
5533,,,,,,,,,,0.087,UP,0
5566,,,,,,,,,,0.084,UP,0
5600,,,,,,,,,,0.081,UP,0
5633,,,,,,,,,,0.078,UP,0
5666,,,,,,,,,,0.074,UP,0
5700,,,,,,,,,,0.07,UP,0
5733,,,,,,,,,,0.066,UP,0
5766,,,,,,,,,,0.062,UP,0
5800,,,,,,,,,,0.06,UP,0
5833,,,,,,,,,,0.058,UP,0
5866,,,,,,,,,,0.058,UP,0
5900,,,,,,,,,,0.058,UP,0
5933,,,,,,,,,,0.059,UP,0
5966,,,,,,,,,,0.06,UP,0
6000,,,,,,,,,,0.062,UP,0
6033,,,,,,,,,,0.065,UP,0
6066,,,,,,,,,,0.067,UP,0
6100,,,,,,,,,,0.068,UP,0
6133,,,,,,,,,,0.07,UP,0
6166,,,,,,,,,,0.073,UP,0
6200,,,,,,,,,,0.079,UP,0
6233,,,,,,,,,,0.085,UP,0
6266,,,,,,,,,,0.092,UP,0
6300,,,,,,,,,,0.1,UP,0
6333,,,,,,,,,,0.109,UP,0
6366,,,,,,,,,,0.118,UP,0
6400,,,,,,,,,,0.125,UP,0
6433,,,,,,,,,,0.135,UP,0
6466,,,,,,,,,,0.145,UP,0
6500,,,,,,,,,,0.152,UP,0
6533,,,,,,,,,,0.159,UP,0
6566,,,,,,,,,,0.168,UP,0
6600,,,,,,,,,,0.179,UP,0
6633,,,,,,,,,,0.193,UP,0
6666,,,,,,,,,,0.206,UP,0
6700,,,,,,,,,,0.221,UP,0
6733,,,,,,,,,,0.24,UP,0
6766,,,,,,,,,,0.261,UP,0
6800,,,,,,,,,,0.279,UP,0
6833,,,,,,,,,,0.297,UP,0
6866,,,,,,,,,,0.323,UP,0
6900,,,,,,,,,,0.35,UP,0
6933,,,,,,,,,,0.38,UP,0
6966,,,,,,,,,,0.415,UP,0
7000,,,,,,,,,,0.453,UP,0
7033,,,,,,,,,,0.484,UP,0
7066,178.1,174.3,176.2,176.2,171.8,169.8,170.8,170.8,1.6,0.507,UP,0
7100,177.4,174.5,176.0,176.1,169.0,170.6,169.8,170.3,1.4,0.526,UP,0
7133,178.4,175.6,177.0,176.4,170.1,171.9,171.0,170.5,1.0,0.542,UP,0
7166,178.6,179.5,179.1,177.1,172.8,174.5,173.7,171.3,1.4,0.556,UP,0
7200,179.6,172.7,176.2,176.9,176.5,178.8,177.7,172.6,3.9,0.57,UP,0
7233,178.6,177.7,178.2,177.3,171.7,176.5,174.1,173.2,2.1,0.584,UP,0
7266,178.3,176.9,177.6,177.6,171.9,176.6,174.3,174.1,2.0,0.598,UP,0
7300,179.0,178.6,178.8,178.0,171.3,176.6,174.0,174.7,2.2,0.609,UP,0
7333,177.7,179.9,178.8,177.9,172.7,174.6,173.6,174.7,3.2,0.622,UP,0
7366,177.6,178.3,177.9,178.3,179.9,170.9,175.4,174.3,2.2,0.637,UP,0
7400,177.7,179.4,178.6,178.4,176.5,175.8,176.1,174.7,3.5,0.653,UP,0
7433,178.5,175.8,177.1,178.3,173.4,176.8,175.1,174.9,5.1,0.664,UP,0
7466,179.3,177.2,178.2,178.1,174.2,175.6,174.9,175.0,6.4,0.673,UP,0
7500,179.1,176.7,177.9,178.0,174.5,175.5,175.0,175.3,6.4,0.678,UP,0
7533,179.4,179.5,179.4,178.3,179.4,171.3,175.4,175.3,3.4,0.68,UP,0
7566,178.9,178.3,178.6,178.2,179.3,175.0,177.2,175.5,4.7,0.68,UP,0
7600,179.6,177.6,178.6,178.5,177.8,173.3,175.5,175.6,4.3,0.681,UP,0
7633,179.8,178.3,179.0,178.7,176.6,176.7,176.6,175.9,6.3,0.678,UP,0
7666,176.7,178.3,177.5,178.6,178.1,176.0,177.0,176.3,5.2,0.675,UP,0
7700,179.0,174.7,176.8,178.1,173.0,172.3,172.7,175.8,5.5,0.669,UP,0
7733,179.9,180.0,179.9,178.4,175.3,175.0,175.1,175.4,5.5,0.661,UP,0
7766,178.3,175.7,177.0,178.1,172.9,172.6,172.8,174.8,5.6,0.652,UP,0
7800,176.9,178.9,177.9,177.8,175.7,177.7,176.7,174.9,5.6,0.645,UP,0
7833,179.2,177.7,178.5,178.0,173.4,171.0,172.2,173.9,4.7,0.639,UP,0
7866,177.5,178.6,178.1,178.3,176.3,174.2,175.3,174.4,6.3,0.633,UP,0
7900,179.0,177.1,178.1,177.9,175.1,171.1,173.1,174.0,4.3,0.628,UP,0
7933,178.9,175.5,177.2,177.9,176.1,173.4,174.7,174.4,5.0,0.628,UP,0
7966,179.5,179.0,179.2,178.2,178.7,175.7,177.2,174.5,6.5,0.626,UP,0
8000,179.8,177.4,178.6,178.2,176.9,171.8,174.4,174.9,6.2,0.624,UP,0
8033,179.0,175.7,177.4,178.1,171.3,173.1,172.2,174.3,3.6,0.624,UP,0
8066,178.7,178.4,178.5,178.2,177.0,172.0,174.5,174.6,2.1,0.625,UP,0
8100,178.6,177.4,178.0,178.3,176.7,169.5,173.1,174.3,1.1,0.625,UP,0
8133,177.7,177.1,177.4,178.0,177.2,174.9,176.1,174.1,3.5,0.628,UP,0
8166,178.4,176.7,177.5,177.8,175.3,170.6,172.9,173.8,4.1,0.634,UP,0
8200,177.3,179.5,178.4,178.0,170.9,178.2,174.6,174.2,5.1,0.641,UP,0
8233,177.5,178.3,177.9,177.8,170.6,172.5,171.6,173.6,2.4,0.651,UP,0
8266,173.3,179.0,176.1,177.5,168.0,172.7,170.4,173.1,2.9,0.663,UP,0
8300,173.5,179.2,176.3,177.3,166.0,172.4,169.2,171.7,2.7,0.674,UP,0
8333,176.0,179.6,177.8,177.3,169.2,173.7,171.5,171.4,2.6,0.685,UP,0
8366,171.8,179.5,175.7,176.8,165.5,174.0,169.8,170.5,3.0,0.691,UP,0
8400,173.6,179.4,176.5,176.5,167.1,173.5,170.3,170.2,2.5,0.697,UP,0
8433,172.6,179.3,176.0,176.5,165.1,173.4,169.2,170.0,3.0,0.699,UP,0
8466,172.7,177.4,175.0,176.2,167.7,172.9,170.3,170.2,2.3,0.699,UP,0
8500,179.5,180.0,179.7,176.6,176.6,180.0,178.3,171.6,2.4,0.699,UP,0
8533,176.5,175.4,175.9,176.6,174.7,170.8,172.7,172.2,3.0,0.698,UP,0
8566,177.4,171.5,174.4,176.2,176.5,169.4,173.0,172.7,1.3,0.697,UP,0
8600,175.0,178.4,176.7,176.4,172.7,171.8,172.3,173.3,3.4,0.694,UP,0
8633,178.7,172.9,175.8,176.5,174.1,168.6,171.3,173.5,3.7,0.692,UP,0
8666,179.5,177.7,178.6,176.3,178.2,173.0,175.6,173.0,4.6,0.69,UP,0
8700,178.4,173.2,175.8,176.3,174.2,166.7,170.5,172.5,0.7,0.692,UP,0
8733,178.1,176.4,177.2,176.8,173.0,169.0,171.0,172.1,0.7,0.692,UP,0
8766,175.3,174.5,174.9,176.5,169.5,169.0,169.3,171.5,1.9,0.693,UP,0
8800,176.9,179.0,178.0,176.9,171.2,167.6,169.4,171.1,1.3,0.693,UP,0
8833,175.5,178.2,176.9,176.6,168.0,169.2,168.6,169.8,2.2,0.689,UP,0
8866,176.7,177.4,177.0,176.8,167.4,171.3,169.4,169.5,2.9,0.681,UP,0
8900,178.0,176.6,177.3,176.8,167.7,172.0,169.8,169.3,3.2,0.673,UP,0
8933,175.8,176.0,175.9,177.0,167.1,172.4,169.8,169.4,3.4,0.667,UP,0
8966,175.3,177.0,176.1,176.7,167.1,172.7,169.9,169.5,3.7,0.66,UP,0
9000,176.6,179.1,177.8,176.8,166.8,172.2,169.5,169.7,3.8,0.656,UP,0
9033,173.8,177.7,175.7,176.6,166.6,172.2,169.4,169.7,3.8,0.653,UP,0
9066,170.3,179.8,175.0,176.1,166.7,172.4,169.6,169.6,3.9,0.651,UP,0
9100,171.4,178.4,174.9,175.9,167.1,172.1,169.6,169.6,3.7,0.651,UP,0
9133,177.3,166.7,172.0,175.1,175.1,176.4,175.7,170.8,3.6,0.646,UP,0
9166,179.6,178.9,179.3,175.4,178.5,172.4,175.4,171.9,3.3,0.642,UP,0
9200,173.5,177.9,175.7,175.4,170.4,170.5,170.5,172.2,3.3,0.633,UP,0
9233,175.6,174.8,175.2,175.4,170.8,172.1,171.4,172.5,2.9,0.623,UP,0
9266,176.7,174.6,175.6,175.6,171.2,172.2,171.7,173.0,2.8,0.61,UP,0
9300,178.0,173.7,175.9,176.3,170.4,173.5,171.9,172.2,3.2,0.603,UP,0
9333,176.2,174.2,175.2,175.5,169.6,173.3,171.5,171.4,3.3,0.595,UP,0
9366,178.2,174.6,176.4,175.6,169.6,173.0,171.3,171.6,3.3,0.591,UP,0
9400,176.7,174.1,175.4,175.7,169.7,173.2,171.5,171.6,3.1,0.591,UP,0
9433,176.6,173.9,175.3,175.6,169.9,173.1,171.5,171.5,3.0,0.592,UP,0
9466,178.7,174.2,176.4,175.7,169.6,173.2,171.4,171.4,3.2,0.593,UP,0
9500,178.0,174.6,176.3,176.0,169.0,172.2,170.6,171.3,3.1,0.593,UP,0
9533,178.1,175.1,176.6,176.0,169.5,172.1,170.8,171.2,3.1,0.593,UP,0
9566,177.5,178.1,177.8,176.5,169.7,172.1,170.9,171.1,3.0,0.587,UP,0
9600,176.3,177.6,177.0,176.8,170.0,172.1,171.1,171.0,2.9,0.58,UP,0
9633,175.2,177.4,176.3,176.8,169.5,172.0,170.7,170.8,3.1,0.569,UP,0
9666,176.8,176.5,176.6,176.9,169.9,172.1,171.0,170.9,3.1,0.556,UP,0
9700,177.6,176.7,177.1,177.0,170.0,172.1,171.1,171.0,3.4,0.541,UP,0
9733,177.1,176.3,176.7,176.7,170.3,172.2,171.3,171.0,3.3,0.528,UP,0
9766,178.8,177.4,178.1,177.0,169.6,172.5,171.1,171.0,3.9,0.516,UP,0
9800,177.9,170.6,174.2,176.6,171.4,165.7,168.6,170.6,3.1,0.512,UP,0
9833,179.6,170.3,174.9,176.2,170.8,165.8,168.3,170.1,3.4,0.515,UP,0
9866,176.8,167.9,172.4,175.3,168.1,165.2,166.7,169.2,3.3,0.525,UP,0
9900,173.6,165.4,169.5,173.8,170.5,163.7,167.1,168.4,3.2,0.536,UP,0
9933,178.1,170.4,174.2,173.0,172.2,163.5,167.9,167.7,2.9,0.55,UP,0
9966,176.8,173.3,175.1,173.2,173.3,165.1,169.2,167.8,3.2,0.558,UP,0
10000,176.1,175.2,175.7,173.4,173.1,166.0,169.5,168.1,3.0,0.564,UP,0
10033,178.9,170.6,174.7,173.8,172.8,167.2,170.0,168.7,3.2,0.565,UP,0
10066,179.0,169.0,174.0,174.7,171.1,166.8,169.0,169.1,2.7,0.566,UP,0
10100,178.0,168.9,173.5,174.6,170.3,168.0,169.1,169.4,2.8,0.57,UP,0
10133,172.6,170.8,171.7,173.9,170.7,174.2,172.5,170.0,4.4,0.575,UP,0
10166,169.9,171.5,170.7,172.9,171.9,172.8,172.3,170.6,1.6,0.581,UP,0
10200,174.0,179.7,176.9,173.3,175.6,171.2,173.4,171.3,2.0,0.587,UP,0
10233,179.9,170.3,175.1,173.6,173.4,175.1,174.2,172.3,3.7,0.598,UP,0
10266,178.4,170.0,174.2,173.7,174.5,170.5,172.5,173.0,1.1,0.605,UP,0
10300,178.6,170.1,174.3,174.2,175.1,170.5,172.8,173.0,0.7,0.61,UP,0
10333,177.7,177.4,177.6,175.6,173.2,171.1,172.1,173.0,0.9,0.614,UP,0
10366,178.6,178.5,178.5,176.0,171.0,170.4,170.7,172.5,1.1,0.618,UP,0
10400,177.6,178.3,177.9,176.5,170.6,170.9,170.7,171.8,1.7,0.617,UP,0
10433,179.4,178.8,179.1,177.5,170.3,171.0,170.6,171.4,1.9,0.616,UP,0
10466,180.0,179.2,179.6,178.6,170.6,170.9,170.8,171.0,2.2,0.616,UP,0
10500,177.7,178.2,177.9,178.6,172.0,168.5,170.3,170.6,1.4,0.613,UP,0
10533,176.1,173.9,175.0,177.9,171.6,170.1,170.8,170.6,1.8,0.611,UP,0
10566,175.4,173.2,174.3,177.2,171.2,170.6,170.9,170.7,2.4,0.609,UP,0
10600,177.6,172.3,174.9,176.4,173.0,171.2,172.1,171.0,2.4,0.608,UP,0
10633,177.6,173.5,175.5,175.5,171.1,171.3,171.2,171.1,2.6,0.604,UP,0
10666,176.9,172.2,174.6,174.9,171.4,172.5,172.0,171.4,2.9,0.605,UP,0
10700,176.9,172.6,174.8,174.8,171.7,171.5,171.6,171.5,2.6,0.601,UP,0
10733,177.9,178.2,178.0,175.6,177.6,177.3,177.4,172.8,4.1,0.596,UP,0
10766,175.9,176.0,176.0,175.8,171.2,172.2,171.7,172.8,2.6,0.59,UP,0
10800,179.6,175.3,177.5,176.2,170.5,168.8,169.6,172.5,1.7,0.587,UP,0
10833,177.7,177.1,177.4,176.7,172.6,168.5,170.5,172.2,1.4,0.577,UP,0
10866,179.8,176.9,178.4,177.4,172.4,168.7,170.6,172.0,1.2,0.569,UP,0
10900,175.9,170.7,173.3,176.5,176.3,172.9,174.6,171.4,1.9,0.563,UP,0
10933,179.9,179.5,179.7,177.2,179.8,171.9,175.9,172.2,1.1,0.551,UP,0
10966,179.9,177.9,178.9,177.5,177.4,170.0,173.7,173.1,1.7,0.537,UP,0
11000,179.9,175.2,177.6,177.6,177.0,171.9,174.5,173.8,2.5,0.527,UP,0
11033,175.5,179.3,177.4,177.4,177.1,170.9,174.0,174.5,1.6,0.52,UP,0
11066,176.3,169.0,172.6,177.2,178.7,174.8,176.8,175.0,3.4,0.511,UP,0
11100,173.2,171.0,172.1,175.7,177.4,168.3,172.8,174.3,1.4,0.507,UP,0
11133,177.0,172.8,174.9,174.9,171.9,167.3,169.6,173.5,1.1,0.501,UP,0
11166,,,,,,,,,,0.491,UP,0
11200,,,,,,,,,,0.482,UP,0
11233,,,,,,,,,,0.475,UP,0
11266,,,,,,,,,,0.47,UP,0
11300,,,,,,,,,,0.468,UP,0
11333,,,,,,,,,,0.47,UP,0
11366,,,,,,,,,,0.47,UP,0
11400,,,,,,,,,,0.47,UP,0
11433,,,,,,,,,,0.471,UP,0
11466,,,,,,,,,,0.474,UP,0
11500,,,,,,,,,,0.478,UP,0
11533,,,,,,,,,,0.486,UP,0
11566,,,,,,,,,,0.492,UP,0
11600,,,,,,,,,,0.498,UP,0
11633,178.9,179.8,179.3,175.3,171.4,173.3,172.4,173.1,3.8,0.501,UP,0
11666,176.8,177.9,177.4,175.3,169.2,172.1,170.6,172.4,3.5,0.508,UP,0
11700,179.6,178.2,178.9,176.5,170.3,171.4,170.8,171.3,3.0,0.513,UP,0
11733,179.2,177.7,178.4,177.8,170.0,171.7,170.9,170.9,3.1,0.522,UP,0
11766,179.8,176.7,178.3,178.5,169.5,171.7,170.6,171.1,3.2,0.532,UP,0
11800,175.2,178.7,177.0,178.0,169.2,172.9,171.1,170.8,3.4,0.543,UP,0
11833,177.0,178.7,177.8,178.1,168.1,173.3,170.7,170.8,3.6,0.555,UP,0
11866,179.9,178.5,179.2,178.2,167.8,172.1,169.9,170.6,3.5,0.568,UP,0
11900,176.5,179.6,178.1,178.1,167.9,173.1,170.5,170.6,3.7,0.579,UP,0
11933,178.0,179.9,179.0,178.2,167.7,172.9,170.3,170.5,3.7,0.588,UP,0
11966,178.5,179.7,179.1,178.6,167.6,172.0,169.8,170.2,3.6,0.598,UP,0
12000,177.1,179.8,178.4,178.8,167.9,172.4,170.2,170.1,3.6,0.606,UP,0
12033,176.8,179.6,178.2,178.5,169.2,172.2,170.7,170.3,3.2,0.612,UP,0
12066,178.7,176.6,177.6,178.5,169.3,172.3,170.8,170.3,3.1,0.619,UP,0
12100,179.1,178.7,178.9,178.4,169.2,172.2,170.7,170.4,3.1,0.626,UP,0
12133,178.1,179.6,178.9,178.4,169.2,171.9,170.5,170.6,3.0,0.633,UP,0
12166,179.5,179.8,179.7,178.6,170.5,170.8,170.7,170.7,2.5,0.642,UP,0
12200,177.4,176.1,176.7,178.4,171.6,170.9,171.3,170.8,2.2,0.654,UP,0
12233,176.9,177.9,177.4,178.3,170.8,170.9,170.8,170.8,2.5,0.663,UP,0
12266,175.8,179.1,177.5,178.0,170.0,170.8,170.4,170.7,2.5,0.673,UP,0
12300,174.8,179.7,177.3,177.7,169.7,170.9,170.3,170.7,2.7,0.682,UP,0
12333,179.6,180.0,179.8,177.7,169.1,171.2,170.1,170.6,2.8,0.688,UP,0
12366,178.0,178.8,178.4,178.1,168.7,171.4,170.0,170.4,2.8,0.694,UP,0
12400,178.7,178.6,178.7,178.3,168.1,172.1,170.1,170.2,3.3,0.699,UP,0
12433,178.2,178.5,178.3,178.5,167.5,172.0,169.7,170.1,3.4,0.705,UP,0
12466,178.0,172.3,175.1,178.1,170.3,168.7,169.5,169.9,1.9,0.708,UP,0
12500,176.5,172.3,174.4,177.0,169.9,168.9,169.4,169.7,2.1,0.71,UP,0
12533,176.2,172.2,174.2,176.1,169.2,167.5,168.3,169.4,2.2,0.711,UP,0
12566,179.0,177.9,178.5,176.1,169.0,169.7,169.4,169.3,2.3,0.71,UP,0
12600,179.0,179.2,179.1,176.3,169.2,169.9,169.5,169.2,2.4,0.706,UP,0
12633,179.6,179.2,179.4,177.1,168.7,169.8,169.3,169.2,2.4,0.701,UP,0
12666,179.9,179.4,179.7,178.2,169.0,169.9,169.5,169.2,2.4,0.696,UP,0
12700,179.3,178.7,179.0,179.1,169.9,170.8,170.4,169.6,2.2,0.691,UP,0
12733,178.5,177.0,177.7,179.0,170.2,170.7,170.5,169.8,2.1,0.688,UP,0
12766,176.1,173.8,175.0,178.1,169.4,169.0,169.2,169.8,2.1,0.686,UP,0
12800,176.1,173.7,174.9,177.2,169.3,169.6,169.5,169.8,2.3,0.687,UP,0
12833,178.9,173.0,175.9,176.5,169.3,169.3,169.3,169.8,2.4,0.686,UP,0
12866,176.1,172.8,174.5,175.6,167.8,169.1,168.4,169.4,2.4,0.685,UP,0
12900,178.9,174.7,176.8,175.4,167.7,168.7,168.2,168.9,2.4,0.683,UP,0
12933,180.0,178.0,179.0,176.2,170.2,171.3,170.7,169.2,2.0,0.683,UP,0
12966,177.1,174.2,175.6,176.4,170.7,167.5,169.1,169.1,1.2,0.685,UP,0
13000,176.4,169.5,172.9,175.8,170.0,165.2,167.6,168.8,1.3,0.691,UP,0
13033,179.0,164.9,172.0,175.3,179.8,166.8,173.3,169.8,1.2,0.695,UP,0
13066,171.2,174.8,173.0,174.5,164.9,173.8,169.4,170.0,1.7,0.695,UP,0
13100,179.5,159.5,169.5,172.6,176.9,157.9,167.4,169.3,2.7,0.695,UP,0
13133,179.8,170.7,175.3,172.5,167.6,178.1,172.8,170.1,1.1,0.688,UP,0
13166,167.7,172.1,169.9,171.9,159.6,169.7,164.6,169.5,1.2,0.68,UP,0
13200,163.7,175.6,169.7,171.5,158.4,168.8,163.6,167.6,2.6,0.67,UP,0
13233,157.6,179.6,168.6,170.6,156.0,172.5,164.3,166.5,2.5,0.662,UP,0
13266,155.9,173.4,164.7,169.6,158.0,169.6,163.8,165.8,2.9,0.648,UP,0
13300,156.3,177.6,167.0,168.0,157.0,170.9,164.0,164.0,2.3,0.635,UP,0
13333,153.6,173.0,163.3,166.6,155.9,166.8,161.4,163.4,2.1,0.623,UP,0
13366,157.2,169.3,163.2,165.4,157.3,166.8,162.0,163.1,2.1,0.61,UP,0
13400,156.3,172.6,164.4,164.5,156.7,167.3,162.0,162.6,2.2,0.597,UP,0
13433,169.0,172.3,170.7,165.7,160.4,167.4,163.9,162.7,2.3,0.587,UP,0
13466,179.3,176.6,178.0,167.9,173.0,177.7,175.3,164.9,0.4,0.576,UP,0
13500,179.4,172.7,176.0,170.5,172.0,175.7,173.9,167.4,0.0,0.561,UP,0
13533,178.2,178.4,178.3,173.5,170.9,176.5,173.7,169.8,0.3,0.544,UP,0
13566,162.5,174.4,168.4,174.3,163.8,168.8,166.3,170.6,1.4,0.523,UP,0
13600,170.8,173.5,172.2,174.6,171.5,165.1,168.3,171.5,0.9,0.503,UP,0
13633,,,,,,,,,,0.479,UP,0
13666,,,,,,,,,,0.457,UP,0
13700,,,,,,,,,,0.439,UP,0
13733,,,,,,,,,,0.422,UP,0
13766,,,,,,,,,,0.405,UP,0
13800,,,,,,,,,,0.389,UP,0
13833,,,,,,,,,,0.373,UP,0
13866,,,,,,,,,,0.355,UP,0
13900,,,,,,,,,,0.339,UP,0
13933,,,,,,,,,,0.321,UP,0
13966,,,,,,,,,,0.306,UP,0
14000,,,,,,,,,,0.293,UP,0
14033,,,,,,,,,,0.28,UP,0
14066,,,,,,,,,,0.269,UP,0
14100,,,,,,,,,,0.261,UP,0
14133,,,,,,,,,,0.252,UP,0
14166,,,,,,,,,,0.243,UP,0
14200,,,,,,,,,,0.232,UP,0
14233,,,,,,,,,,0.222,UP,0
14266,,,,,,,,,,0.213,UP,0
14300,,,,,,,,,,0.206,UP,0
14333,,,,,,,,,,0.2,UP,0
14366,,,,,,,,,,0.197,UP,0
14400,,,,,,,,,,0.194,UP,0
14433,,,,,,,,,,0.191,UP,0
14466,,,,,,,,,,0.188,UP,0
14500,,,,,,,,,,0.189,UP,0
14533,,,,,,,,,,0.19,UP,0
14566,,,,,,,,,,0.199,UP,0
14600,,,,,,,,,,0.219,UP,0
14633,,,,,,,,,,0.245,UP,0
14666,,,,,,,,,,0.273,UP,0
14700,,,,,,,,,,0.311,UP,0
14733,,,,,,,,,,0.349,UP,0
14766,,,,,,,,,,0.385,UP,0
14800,,,,,,,,,,0.416,UP,0
14833,,,,,,,,,,0.449,UP,0
14866,,,,,,,,,,0.473,UP,0
14900,,,,,,,,,,0.496,UP,0
14933,173.4,171.8,172.6,173.5,170.3,164.9,167.6,169.9,0.4,0.516,UP,0
14966,177.4,171.6,174.5,173.2,175.1,169.6,172.3,169.6,0.3,0.538,UP,0
15000,179.8,171.6,175.7,172.7,174.8,164.3,169.6,168.8,1.8,0.559,UP,0
15033,176.0,174.7,175.3,174.1,173.0,164.9,168.9,169.3,1.7,0.58,UP,0
15066,177.3,175.0,176.2,174.9,170.2,165.9,168.0,169.3,1.4,0.598,UP,0
15100,175.7,177.1,176.4,175.6,169.0,167.2,168.1,169.4,1.2,0.614,UP,0
15133,176.3,174.8,175.6,175.8,177.8,174.0,175.9,170.1,4.4,0.627,UP,0
15166,177.0,179.6,178.3,176.4,177.3,175.6,176.4,171.5,3.5,0.638,UP,0
15200,176.4,175.3,175.9,176.5,164.3,170.0,167.2,171.1,2.6,0.649,UP,0
15233,177.3,173.7,175.5,176.3,166.9,167.6,167.3,171.0,1.7,0.659,UP,0
15266,178.3,170.6,174.5,175.9,171.4,165.0,168.2,171.0,1.5,0.671,UP,0
15300,176.8,177.1,177.0,176.2,170.3,174.1,172.2,170.3,3.7,0.672,UP,0
15333,169.0,179.6,174.3,175.4,161.6,176.9,169.3,168.8,1.3,0.662,UP,0
15366,178.9,176.7,177.8,175.8,179.7,179.8,179.7,171.3,1.8,0.642,UP,0
15400,179.5,170.3,174.9,175.7,171.5,179.0,175.3,172.9,6.5,0.612,UP,0
15433,176.9,171.3,174.1,175.6,171.5,179.7,175.6,174.4,3.7,0.572,UP,0
15466,175.8,173.9,174.9,175.2,171.2,177.4,174.3,174.8,2.2,0.534,UP,0
15500,,,,,,,,,,0.499,UP,0
15533,,,,,,,,,,0.464,UP,0
15566,,,,,,,,,,0.432,UP,0
15600,,,,,,,,,,0.402,UP,0
15633,,,,,,,,,,0.372,UP,0
15666,,,,,,,,,,0.345,UP,0
15700,,,,,,,,,,0.321,UP,0
15733,,,,,,,,,,0.3,UP,0
15766,,,,,,,,,,0.284,UP,0
15800,,,,,,,,,,0.269,UP,0
15833,,,,,,,,,,0.256,UP,0
15866,,,,,,,,,,0.243,UP,0
15900,,,,,,,,,,0.189,UP,0
15933,,,,,,,,,,0.176,UP,0
15966,,,,,,,,,,0.164,UP,0
16000,,,,,,,,,,0.152,UP,0
16033,,,,,,,,,,0.141,UP,0
16066,,,,,,,,,,0.17,UP,0
16100,,,,,,,,,,0.158,UP,0
16133,,,,,,,,,,0.146,UP,0
16166,,,,,,,,,,0.136,UP,0
16200,,,,,,,,,,0.127,UP,0
16233,,,,,,,,,,0.121,UP,0
16266,,,,,,,,,,0.094,UP,0
16300,,,,,,,,,,0.069,UP,0
16333,,,,,,,,,,0.045,UP,0
16366,,,,,,,,,,0.023,UP,0
16400,,,,,,,,,,0.0,UP,0
16433,,,,,,,,,,0.0,UP,0
16466,,,,,,,,,,0.0,UP,0
16500,,,,,,,,,,0.0,UP,0
16533,,,,,,,,,,0.0,UP,0
16566,,,,,,,,,,0.0,UP,0
16600,,,,,,,,,,0.0,UP,0
16633,,,,,,,,,,0.0,UP,0
16666,,,,,,,,,,0.0,UP,0
16700,,,,,,,,,,0.0,UP,0
16733,,,,,,,,,,0.0,UP,0
16766,,,,,,,,,,0.0,UP,0
16800,,,,,,,,,,0.0,UP,0
16833,,,,,,,,,,0.0,UP,0
16866,,,,,,,,,,0.0,UP,0
16900,,,,,,,,,,0.0,UP,0
16933,,,,,,,,,,0.0,UP,0
16966,,,,,,,,,,0.0,UP,0
17000,,,,,,,,,,0.0,UP,0
17033,,,,,,,,,,0.0,UP,0
17066,,,,,,,,,,0.0,UP,0
17100,,,,,,,,,,0.0,UP,0
17133,,,,,,,,,,0.0,UP,0
17166,,,,,,,,,,0.0,UP,0
17200,,,,,,,,,,0.0,UP,0
17233,,,,,,,,,,0.0,UP,0
17266,,,,,,,,,,0.0,UP,0
17300,,,,,,,,,,0.0,UP,0
17333,,,,,,,,,,0.0,UP,0
17366,,,,,,,,,,0.0,UP,0
17400,,,,,,,,,,0.0,UP,0
17433,,,,,,,,,,0.0,UP,0
17466,,,,,,,,,,0.0,UP,0
17500,,,,,,,,,,0.0,UP,0
17533,,,,,,,,,,0.0,UP,0
17566,,,,,,,,,,0.0,UP,0
17600,,,,,,,,,,0.0,UP,0
17633,,,,,,,,,,0.0,UP,0
17666,,,,,,,,,,0.0,UP,0
17700,,,,,,,,,,0.0,UP,0
17733,,,,,,,,,,0.0,UP,0
17766,,,,,,,,,,0.0,UP,0
17800,,,,,,,,,,0.0,UP,0
17833,,,,,,,,,,0.0,UP,0
17866,,,,,,,,,,0.0,UP,0
17900,,,,,,,,,,0.0,UP,0
17933,,,,,,,,,,0.0,UP,0
17966,,,,,,,,,,0.0,UP,0
18000,,,,,,,,,,0.0,UP,0
18033,,,,,,,,,,0.0,UP,0
18066,,,,,,,,,,0.0,UP,0
18100,,,,,,,,,,0.0,UP,0
18133,,,,,,,,,,0.0,UP,0
18166,,,,,,,,,,0.0,UP,0
18200,,,,,,,,,,0.0,UP,0
18233,,,,,,,,,,0.0,UP,0
18266,,,,,,,,,,0.0,UP,0
18300,,,,,,,,,,0.0,UP,0
18333,,,,,,,,,,0.0,UP,0
18366,,,,,,,,,,0.0,UP,0
18400,,,,,,,,,,0.0,UP,0
18433,,,,,,,,,,0.0,UP,0
18466,,,,,,,,,,0.0,UP,0
18500,,,,,,,,,,0.0,UP,0
18533,,,,,,,,,,0.0,UP,0
18566,,,,,,,,,,0.0,UP,0
18600,,,,,,,,,,0.0,UP,0
18633,,,,,,,,,,0.0,UP,0
18666,,,,,,,,,,0.0,UP,0
18700,,,,,,,,,,0.0,UP,0
18733,,,,,,,,,,0.0,UP,0
18766,,,,,,,,,,0.0,UP,0
18800,,,,,,,,,,0.0,UP,0
18833,,,,,,,,,,0.0,UP,0
18866,,,,,,,,,,0.0,UP,0
18900,,,,,,,,,,0.0,UP,0
18933,,,,,,,,,,0.0,UP,0
18966,,,,,,,,,,0.0,UP,0
19000,,,,,,,,,,0.0,UP,0
19033,,,,,,,,,,0.0,UP,0
19066,,,,,,,,,,0.0,UP,0
19100,,,,,,,,,,0.0,UP,0
19133,,,,,,,,,,0.0,UP,0
19166,,,,,,,,,,0.0,UP,0
19200,,,,,,,,,,0.0,UP,0
19233,,,,,,,,,,0.0,UP,0
19266,,,,,,,,,,0.0,UP,0
19300,,,,,,,,,,0.0,UP,0
19333,,,,,,,,,,0.0,UP,0
19366,,,,,,,,,,0.0,UP,0
19400,,,,,,,,,,0.0,UP,0
19433,,,,,,,,,,0.0,UP,0
19466,,,,,,,,,,0.0,UP,0
19500,,,,,,,,,,0.0,UP,0
19533,,,,,,,,,,0.0,UP,0
19566,,,,,,,,,,0.0,UP,0
19600,,,,,,,,,,0.0,UP,0
19633,,,,,,,,,,0.0,UP,0
19666,,,,,,,,,,0.0,UP,0
19700,,,,,,,,,,0.0,UP,0
19733,,,,,,,,,,0.0,UP,0
19766,,,,,,,,,,0.022,UP,0
19800,,,,,,,,,,0.043,UP,0
19833,,,,,,,,,,0.063,UP,0
19866,,,,,,,,,,0.082,UP,0
19900,,,,,,,,,,0.1,UP,0
19933,,,,,,,,,,0.096,UP,0
19966,,,,,,,,,,0.091,UP,0
20000,,,,,,,,,,0.086,UP,0
20033,,,,,,,,,,0.081,UP,0
20066,,,,,,,,,,0.076,UP,0
20100,,,,,,,,,,0.073,UP,0
20133,,,,,,,,,,0.069,UP,0
20166,,,,,,,,,,0.066,UP,0
20200,,,,,,,,,,0.064,UP,0
20233,,,,,,,,,,0.061,UP,0
20266,,,,,,,,,,0.058,UP,0
20300,,,,,,,,,,0.056,UP,0
20333,,,,,,,,,,0.053,UP,0
20366,,,,,,,,,,0.05,UP,0
20400,,,,,,,,,,0.048,UP,0
20433,,,,,,,,,,0.045,UP,0
20466,,,,,,,,,,0.043,UP,0
20500,,,,,,,,,,0.041,UP,0
20533,,,,,,,,,,0.04,UP,0
20566,,,,,,,,,,0.038,UP,0
20600,,,,,,,,,,0.037,UP,0
20633,,,,,,,,,,0.035,UP,0
20666,,,,,,,,,,0.034,UP,0
20700,,,,,,,,,,0.033,UP,0
20733,,,,,,,,,,0.032,UP,0
20766,,,,,,,,,,0.03,UP,0
20800,,,,,,,,,,0.029,UP,0
20833,,,,,,,,,,0.029,UP,0
20866,,,,,,,,,,0.028,UP,0
20900,,,,,,,,,,0.027,UP,0
20933,,,,,,,,,,0.027,UP,0
20966,,,,,,,,,,0.026,UP,0
21000,,,,,,,,,,0.025,UP,0
21033,,,,,,,,,,0.025,UP,0
21066,,,,,,,,,,0.024,UP,0
21100,,,,,,,,,,0.024,UP,0
21133,,,,,,,,,,0.024,UP,0
21166,,,,,,,,,,0.024,UP,0
21200,,,,,,,,,,0.025,UP,0
21233,,,,,,,,,,0.025,UP,0
21266,,,,,,,,,,0.025,UP,0
21300,,,,,,,,,,0.026,UP,0
21333,,,,,,,,,,0.025,UP,0
21366,,,,,,,,,,0.025,UP,0
21400,,,,,,,,,,0.025,UP,0
21433,,,,,,,,,,0.024,UP,0
21466,,,,,,,,,,0.023,UP,0
21500,,,,,,,,,,0.023,UP,0
21533,,,,,,,,,,0.022,UP,0
21566,,,,,,,,,,0.022,UP,0
21600,,,,,,,,,,0.022,UP,0
21633,,,,,,,,,,0.022,UP,0
21666,,,,,,,,,,0.022,UP,0
21700,,,,,,,,,,0.023,UP,0
21733,,,,,,,,,,0.023,UP,0
21766,,,,,,,,,,0.023,UP,0
21800,,,,,,,,,,0.023,UP,0
21833,,,,,,,,,,0.024,UP,0
21866,,,,,,,,,,0.024,UP,0
21900,,,,,,,,,,0.024,UP,0
21933,,,,,,,,,,0.025,UP,0
21966,,,,,,,,,,0.025,UP,0
22000,,,,,,,,,,0.029,UP,0
22033,,,,,,,,,,0.045,UP,0
22066,,,,,,,,,,0.075,UP,0
22100,,,,,,,,,,0.114,UP,0
22133,,,,,,,,,,0.156,UP,0
22166,,,,,,,,,,0.195,UP,0
22200,,,,,,,,,,0.223,UP,0
22233,,,,,,,,,,0.24,UP,0
22266,,,,,,,,,,0.25,UP,0
22300,,,,,,,,,,0.26,UP,0
22333,,,,,,,,,,0.272,UP,0
22366,,,,,,,,,,0.283,UP,0
22400,,,,,,,,,,0.294,UP,0
22433,,,,,,,,,,0.309,UP,0
22466,,,,,,,,,,0.321,UP,0
22500,,,,,,,,,,0.334,UP,0
22533,,,,,,,,,,0.35,UP,0
22566,,,,,,,,,,0.369,UP,0
22600,,,,,,,,,,0.387,UP,0
22633,,,,,,,,,,0.403,UP,0
22666,,,,,,,,,,0.416,UP,0
22700,,,,,,,,,,0.425,UP,0
22733,,,,,,,,,,0.43,UP,0
22766,,,,,,,,,,0.438,UP,0
22800,,,,,,,,,,0.449,UP,0
22833,,,,,,,,,,0.463,UP,0
22866,,,,,,,,,,0.483,UP,0
22900,176.4,177.8,177.1,175.7,169.5,174.5,172.0,175.4,4.4,0.505,UP,0
22933,176.8,179.2,178.0,175.8,169.9,174.9,172.4,173.9,4.3,0.523,UP,0
22966,176.8,178.4,177.6,176.3,170.1,174.3,172.2,173.3,4.2,0.542,UP,0
23000,177.2,178.0,177.6,177.0,170.3,173.6,171.9,172.6,4.2,0.561,UP,0
23033,177.7,177.9,177.8,177.6,170.9,174.2,172.6,172.2,4.4,0.576,UP,0
23066,178.6,178.1,178.4,177.9,171.0,174.1,172.6,172.3,4.8,0.589,UP,0
23100,177.6,177.4,177.5,177.8,169.9,173.1,171.5,172.2,4.8,0.6,UP,0
23133,178.8,178.6,178.7,178.0,171.6,173.4,172.5,172.2,4.5,0.606,UP,0
23166,179.1,178.8,179.0,178.3,171.6,173.4,172.5,172.3,4.8,0.612,UP,0
23200,179.6,179.7,179.7,178.6,172.6,174.1,173.4,172.5,5.0,0.62,UP,0
23233,179.5,180.0,179.7,178.9,171.7,174.9,173.3,172.6,5.5,0.627,UP,0
23266,179.6,179.2,179.4,179.3,171.1,174.7,172.9,172.9,5.7,0.635,UP,0
23300,179.7,179.5,179.6,179.5,170.5,175.1,172.8,173.0,6.5,0.644,UP,0
23333,179.9,177.0,178.5,179.4,170.3,175.0,172.7,173.0,6.5,0.65,UP,0
23366,179.5,176.3,177.9,179.0,170.1,174.8,172.5,172.8,6.6,0.655,UP,0
23400,179.6,177.5,178.5,178.8,170.3,174.9,172.6,172.7,7.1,0.66,UP,0
23433,179.2,176.1,177.6,178.4,170.3,174.1,172.2,172.6,7.0,0.665,UP,0
23466,179.7,177.3,178.5,178.2,170.6,173.1,171.9,172.4,6.8,0.668,UP,0
23500,178.0,179.5,178.8,178.3,171.5,172.0,171.7,172.2,6.8,0.673,UP,0
23533,177.6,179.7,178.6,178.4,171.0,172.4,171.7,172.0,7.2,0.675,UP,0
23566,177.9,178.9,178.4,178.4,171.0,172.2,171.6,171.8,6.8,0.677,UP,0
23600,177.4,179.9,178.7,178.6,171.0,172.7,171.9,171.8,6.9,0.677,UP,0
23633,178.7,179.0,178.9,178.7,170.4,174.2,172.3,171.9,6.9,0.675,UP,0
23666,178.5,177.7,178.1,178.5,170.2,173.7,172.0,171.9,6.2,0.673,UP,0
23700,179.5,177.8,178.7,178.5,171.1,173.4,172.2,172.0,5.2,0.672,UP,0
23733,179.4,179.6,179.5,178.8,171.3,173.9,172.6,172.2,4.6,0.671,UP,0
23766,179.3,179.9,179.6,178.9,171.3,173.8,172.5,172.3,4.0,0.671,UP,0
23800,179.3,179.7,179.5,179.1,172.6,172.4,172.5,172.4,2.4,0.673,UP,0
23833,179.4,179.4,179.4,179.3,173.7,172.5,173.1,172.6,1.9,0.674,UP,0
23866,177.7,178.7,178.2,179.2,173.2,172.4,172.8,172.7,1.7,0.673,UP,0
23900,178.2,179.4,178.8,179.1,172.2,172.5,172.3,172.7,1.9,0.677,UP,0
23933,179.1,178.8,178.9,179.0,172.7,172.3,172.5,172.7,1.3,0.683,UP,0
23966,178.6,178.7,178.7,178.8,173.2,171.9,172.5,172.7,0.7,0.688,UP,0
24000,178.0,177.9,177.9,178.5,172.3,171.5,171.9,172.4,0.5,0.696,UP,0
24033,179.5,178.6,179.1,178.7,173.0,171.0,172.0,172.2,0.3,0.703,UP,0
24066,179.1,178.7,178.9,178.7,172.3,171.2,171.7,172.1,0.4,0.709,UP,0
24100,172.6,178.9,175.8,178.1,172.2,170.7,171.5,171.9,0.1,0.715,UP,0
24133,176.0,178.8,177.4,177.8,172.3,170.8,171.5,171.7,0.1,0.722,UP,0
24166,175.7,178.4,177.0,177.6,171.9,170.9,171.4,171.6,0.1,0.728,UP,0
24200,177.4,178.3,177.8,177.4,172.2,171.0,171.6,171.5,0.1,0.734,UP,0
24233,177.5,178.2,177.8,177.2,172.2,171.3,171.8,171.6,0.1,0.742,UP,0
24266,177.6,177.8,177.7,177.6,172.1,171.4,171.8,171.6,0.0,0.746,UP,0
24300,176.8,178.0,177.4,177.6,171.8,171.5,171.7,171.6,0.1,0.749,UP,0
24333,178.4,178.1,178.3,177.8,171.4,171.6,171.5,171.7,0.2,0.75,UP,0
24366,178.9,178.0,178.5,177.9,170.4,171.6,171.0,171.5,0.3,0.751,UP,0
24400,179.9,178.1,179.0,178.2,169.4,172.2,170.8,171.3,0.6,0.749,UP,0
24433,179.8,177.9,178.9,178.4,168.4,172.9,170.6,171.1,1.1,0.747,UP,0
24466,179.3,179.6,179.5,178.8,167.9,173.1,170.5,170.9,1.2,0.745,UP,0
24500,178.8,179.8,179.3,179.0,168.2,173.3,170.8,170.7,1.5,0.745,UP,0
24533,178.8,179.4,179.1,179.2,168.2,173.2,170.7,170.7,1.7,0.746,UP,0
24566,178.0,179.2,178.6,179.1,169.4,173.0,171.2,170.8,1.8,0.747,UP,0
24600,176.2,178.8,177.5,178.8,170.8,171.6,171.2,170.9,1.6,0.751,UP,0
24633,176.4,179.9,178.1,178.5,171.1,171.5,171.3,171.0,2.1,0.755,UP,0
24666,177.9,179.7,178.8,178.4,170.3,172.0,171.2,171.1,2.9,0.757,UP,0
24700,177.9,179.5,178.7,178.3,169.4,172.1,170.7,171.1,3.3,0.759,UP,0
24733,178.7,176.6,177.7,178.2,169.3,173.3,171.3,171.1,3.7,0.763,UP,0
24766,177.5,178.0,177.8,178.2,170.8,173.0,171.9,171.3,3.8,0.766,UP,0
24800,178.5,178.5,178.5,178.3,171.4,172.4,171.9,171.4,4.1,0.768,UP,0
24833,178.8,179.9,179.3,178.4,171.4,172.2,171.8,171.5,4.6,0.771,UP,0
24866,177.5,179.2,178.3,178.3,171.4,172.9,172.1,171.8,5.2,0.772,UP,0
24900,178.9,178.7,178.8,178.5,171.7,172.6,172.2,172.0,5.5,0.771,UP,0
24933,179.1,178.5,178.8,178.8,172.5,172.6,172.5,172.1,5.5,0.768,UP,0
24966,179.9,179.0,179.5,178.9,173.1,172.7,172.9,172.3,5.8,0.764,UP,0
25000,179.4,179.3,179.4,179.0,171.7,173.2,172.5,172.4,6.6,0.759,UP,0
25033,179.8,179.0,179.4,179.2,171.6,173.7,172.6,172.5,6.8,0.754,UP,0
25066,179.7,179.6,179.7,179.3,171.9,173.5,172.7,172.6,7.1,0.747,UP,0
25100,179.6,179.9,179.8,179.5,170.8,173.4,172.1,172.6,7.0,0.74,UP,0
25133,178.8,179.8,179.3,179.5,171.3,173.4,172.4,172.5,7.3,0.733,UP,0
25166,179.7,179.3,179.5,179.5,171.2,173.7,172.4,172.5,7.2,0.723,UP,0
25200,178.3,179.6,178.9,179.4,171.3,173.5,172.4,172.4,7.0,0.715,UP,0
25233,177.2,179.8,178.5,179.2,171.3,173.4,172.4,172.3,6.9,0.71,UP,0
25266,176.2,180.0,178.1,178.9,171.3,173.4,172.4,172.4,6.9,0.707,UP,0
25300,177.1,179.8,178.4,178.7,171.9,173.2,172.6,172.4,6.6,0.706,UP,0
25333,177.0,177.9,177.4,178.3,172.5,173.3,172.9,172.5,6.3,0.708,UP,0
25366,177.1,178.1,177.6,178.0,172.4,173.4,172.9,172.6,5.8,0.712,UP,0
25400,177.8,177.8,177.8,177.9,172.3,173.9,173.1,172.8,5.2,0.714,UP,0
25433,177.7,179.3,178.5,178.0,170.7,174.6,172.7,172.8,4.9,0.717,UP,0
25466,178.4,179.2,178.8,178.0,170.5,175.1,172.8,172.9,4.6,0.721,UP,0
25500,179.9,179.6,179.8,178.5,170.3,175.5,172.9,172.9,4.1,0.725,UP,0
25533,179.8,179.8,179.8,178.9,169.9,175.6,172.7,172.8,3.7,0.729,UP,0
25566,179.8,179.7,179.7,179.3,168.8,176.0,172.4,172.7,3.8,0.734,UP,0
25600,179.9,179.5,179.7,179.6,169.3,175.4,172.4,172.6,3.3,0.739,UP,0
25633,179.9,179.0,179.5,179.7,168.8,176.1,172.5,172.6,3.5,0.743,UP,0
25666,179.2,179.5,179.3,179.6,169.4,175.7,172.5,172.5,3.0,0.749,UP,0
25700,177.0,177.6,177.3,179.1,169.5,175.5,172.5,172.5,3.0,0.755,UP,0
25733,177.4,176.8,177.1,178.6,169.3,175.6,172.5,172.5,3.0,0.759,UP,0
25766,177.4,176.8,177.1,178.1,169.4,175.4,172.4,172.5,2.9,0.762,UP,0
25800,177.4,176.6,177.0,177.6,169.0,175.5,172.2,172.4,3.0,0.764,UP,0
25833,178.2,178.4,178.3,177.4,168.9,175.4,172.2,172.4,3.0,0.763,UP,0
25866,178.3,177.8,178.0,177.5,168.8,175.4,172.1,172.3,3.0,0.761,UP,0
25900,178.2,178.0,178.1,177.7,168.5,175.2,171.9,172.2,3.0,0.756,UP,0
25933,179.7,178.2,179.0,178.1,168.2,175.7,172.0,172.1,3.4,0.747,UP,0
25966,179.2,179.8,179.5,178.6,167.9,175.5,171.7,172.0,3.5,0.737,UP,0
26000,179.3,179.9,179.6,178.9,165.4,176.3,170.9,171.7,4.5,0.724,UP,0
26033,177.7,179.0,178.3,178.9,167.1,175.7,171.4,171.6,4.5,0.709,UP,0
26066,174.8,179.9,177.3,178.8,169.6,175.5,172.5,171.7,5.2,0.694,UP,0
26100,175.8,178.5,177.1,178.4,171.1,173.8,172.4,171.8,4.8,0.678,UP,0
26133,178.4,178.5,178.4,178.2,174.8,172.3,173.6,172.2,4.2,0.665,UP,0
26166,172.7,179.8,176.2,177.5,171.5,173.3,172.4,172.5,4.5,0.657,UP,0
26200,175.8,179.0,177.4,177.3,171.3,173.7,172.5,172.7,5.2,0.652,UP,0
26233,175.4,177.2,176.3,177.1,171.4,174.5,172.9,172.8,6.1,0.649,UP,0
26266,175.9,176.3,176.1,176.9,173.7,172.9,173.3,172.9,5.6,0.65,UP,0
26300,175.7,176.6,176.2,176.4,173.1,173.7,173.4,172.9,5.6,0.65,UP,0
26333,175.3,177.1,176.2,176.4,174.8,170.8,172.8,173.0,5.0,0.65,UP,0
26366,175.1,177.8,176.4,176.2,174.7,169.9,172.3,172.9,4.8,0.649,UP,0
26400,175.7,176.3,176.0,176.2,174.0,170.9,172.4,172.8,5.4,0.651,UP,0
26433,175.7,176.3,176.0,176.2,173.4,171.3,172.3,172.6,5.8,0.65,UP,0
26466,177.1,176.4,176.7,176.3,173.0,171.4,172.2,172.4,5.8,0.65,UP,0
26500,178.4,176.6,177.5,176.5,172.9,171.0,171.9,172.2,5.6,0.648,UP,0
26533,178.4,176.6,177.5,176.8,172.7,171.2,172.0,172.2,5.7,0.648,UP,0
26566,178.9,177.4,178.2,177.2,173.1,170.8,171.9,172.1,5.5,0.65,UP,0
26600,177.6,177.5,177.6,177.5,173.1,170.7,171.9,172.0,5.4,0.655,UP,0
26633,177.7,177.4,177.5,177.7,173.1,170.7,171.9,171.9,5.3,0.66,UP,0
26666,177.7,177.5,177.6,177.7,173.1,170.4,171.7,171.9,5.1,0.666,UP,0
26700,177.6,177.3,177.5,177.7,172.9,170.2,171.5,171.8,5.1,0.674,UP,0
26733,177.7,177.6,177.6,177.6,173.3,169.9,171.6,171.8,4.4,0.683,UP,0
26766,178.3,178.1,178.2,177.7,174.2,169.4,171.8,171.7,3.7,0.692,UP,0
26800,178.8,179.4,179.1,178.0,174.0,169.6,171.8,171.7,3.6,0.699,UP,0
26833,178.0,177.9,177.9,178.1,173.6,170.2,171.9,171.7,3.3,0.706,UP,0
26866,177.0,176.7,176.9,178.0,172.3,171.9,172.1,171.8,3.5,0.713,UP,0
26900,179.2,175.6,177.4,177.9,174.1,171.9,173.0,172.1,3.3,0.716,UP,0
26933,179.4,176.4,177.9,177.8,174.5,172.0,173.3,172.4,2.9,0.719,UP,0
26966,177.5,178.2,177.8,177.6,176.0,171.2,173.6,172.8,2.4,0.723,UP,0
27000,179.2,178.0,178.6,177.7,175.4,170.8,173.1,173.0,1.6,0.73,UP,0
27033,179.0,176.8,177.9,177.9,173.1,171.6,172.4,173.1,2.1,0.735,UP,0
27066,178.6,176.0,177.3,177.9,172.5,173.0,172.7,173.0,2.0,0.742,UP,0
27100,178.7,176.9,177.8,177.9,172.1,173.5,172.8,172.9,2.1,0.749,UP,0
27133,177.6,176.5,177.1,177.7,170.7,174.4,172.6,172.7,2.3,0.757,UP,0
27166,179.6,177.5,178.5,177.7,171.4,174.0,172.7,172.6,2.2,0.763,UP,0
27200,177.7,177.4,177.5,177.6,171.2,174.4,172.8,172.7,2.2,0.763,UP,0
27233,177.5,178.8,178.2,177.8,170.8,173.7,172.3,172.6,2.3,0.76,UP,0
27266,177.6,179.6,178.6,178.0,171.0,173.4,172.2,172.5,2.5,0.753,UP,0
27300,177.1,178.6,177.9,178.1,170.5,174.1,172.3,172.5,2.7,0.743,UP,0
27333,179.8,179.2,179.5,178.3,171.0,172.9,172.0,172.3,2.0,0.731,UP,0
27366,179.4,179.4,179.4,178.7,171.4,172.7,172.0,172.2,1.9,0.719,UP,0
27400,179.0,179.7,179.3,179.0,172.7,172.6,172.6,172.2,1.9,0.705,UP,0
27433,178.9,180.0,179.4,179.1,172.4,172.5,172.4,172.3,1.9,0.69,UP,0
27466,178.2,178.1,178.2,179.2,173.5,172.5,173.0,172.4,1.9,0.672,UP,0
27500,178.8,178.2,178.5,179.0,173.2,172.7,172.9,172.6,2.0,0.656,UP,0
27533,177.7,177.9,177.8,178.6,173.1,172.3,172.7,172.8,1.8,0.638,UP,0
27566,179.3,178.3,178.8,178.5,173.7,172.1,172.9,172.8,2.2,0.624,UP,0
27600,178.8,177.4,178.1,178.3,171.3,170.6,171.0,172.5,2.0,0.612,UP,0
27633,179.8,175.0,177.4,178.1,172.3,170.3,171.3,172.2,1.9,0.6,UP,0
27666,179.6,178.7,179.1,178.2,173.6,171.2,172.4,172.0,2.1,0.593,UP,0
27700,177.9,179.6,178.7,178.4,175.1,172.4,173.7,172.3,2.2,0.593,UP,0
27733,178.6,177.1,177.9,178.3,175.8,170.8,173.3,172.3,2.1,0.591,UP,0
27766,178.1,176.4,177.2,178.1,176.9,169.7,173.3,172.8,2.1,0.589,UP,0
27800,179.9,177.7,178.8,178.4,177.5,169.1,173.3,173.2,2.2,0.593,UP,0
27833,179.2,178.5,178.8,178.3,177.2,168.7,173.0,173.3,2.2,0.593,UP,0
27866,177.6,177.9,177.7,178.1,178.9,168.0,173.5,173.3,1.9,0.586,UP,0
27900,177.3,178.0,177.6,178.0,177.2,168.6,172.9,173.2,2.0,0.583,UP,0
27933,177.3,177.9,177.6,178.1,177.7,168.8,173.2,173.2,2.2,0.58,UP,0
27966,176.2,177.4,176.8,177.7,177.6,168.5,173.1,173.1,2.0,0.579,UP,0
28000,176.5,178.3,177.4,177.4,177.7,168.5,173.1,173.2,2.0,0.58,UP,0
28033,176.7,177.6,177.2,177.3,177.7,168.0,172.8,173.0,2.0,0.584,UP,0
28066,176.7,177.4,177.0,177.2,176.5,167.9,172.2,172.9,2.2,0.588,UP,0
28100,178.9,178.1,178.5,177.4,176.4,168.7,172.5,172.7,1.9,0.592,UP,0
28133,178.5,178.7,178.6,177.8,176.9,168.4,172.6,172.7,1.7,0.593,UP,0
28166,178.8,177.2,178.0,177.9,176.9,167.8,172.3,172.5,1.3,0.591,UP,0
28200,178.3,174.4,176.3,177.7,177.2,167.3,172.2,172.4,0.7,0.587,UP,0
28233,179.0,175.5,177.3,177.7,174.7,168.1,171.4,172.2,1.3,0.584,UP,0
28266,178.6,175.7,177.2,177.5,173.2,168.4,170.8,171.9,1.3,0.578,UP,0
28300,176.4,177.6,177.0,177.2,171.4,169.2,170.3,171.4,1.5,0.576,UP,0
28333,177.0,176.3,176.6,176.9,171.2,168.3,169.8,170.9,1.7,0.575,UP,0
28366,175.5,173.8,174.6,176.5,170.9,167.5,169.2,170.3,1.9,0.576,UP,0
28400,178.6,171.8,175.2,176.1,169.8,166.6,168.2,169.7,1.8,0.578,UP,0
28433,179.2,170.7,174.9,175.7,164.0,166.1,165.0,168.5,1.9,0.583,UP,0
28466,178.4,170.6,174.5,175.2,164.9,165.4,165.2,167.5,1.8,0.586,UP,0
28500,171.8,170.8,171.3,174.1,165.5,165.3,165.4,166.6,1.9,0.59,UP,0
28533,175.9,170.4,173.1,173.8,166.4,164.6,165.5,165.8,1.9,0.599,UP,0
28566,178.9,168.9,173.9,173.6,165.3,163.2,164.3,165.1,2.0,0.609,UP,0
28600,179.8,168.7,174.2,173.4,166.0,163.0,164.5,165.0,2.0,0.621,UP,0
28633,179.6,167.1,173.3,173.2,165.9,161.8,163.8,164.7,2.0,0.632,UP,0
28666,178.6,165.3,172.0,173.3,167.1,160.6,163.9,164.4,1.9,0.645,UP,0
28700,173.1,162.8,168.0,172.3,167.1,159.0,163.0,163.9,1.8,0.654,UP,0
28733,174.3,162.1,168.2,171.1,167.4,158.6,163.0,163.7,1.8,0.662,UP,0
28766,174.6,161.0,167.8,169.8,167.4,158.0,162.7,163.3,1.9,0.669,UP,0
28800,174.6,160.0,167.3,168.6,166.2,157.6,161.9,162.9,2.0,0.675,UP,0
28833,175.7,158.4,167.1,167.7,166.0,157.0,161.5,162.4,2.1,0.679,UP,0
28866,179.6,155.6,167.6,167.6,165.6,155.8,160.7,162.0,2.5,0.683,UP,0
28900,176.4,153.7,165.1,167.0,164.6,154.2,159.4,161.3,2.4,0.687,UP,0
28933,171.9,153.6,162.7,166.0,163.0,153.4,158.2,160.4,2.4,0.691,UP,0
28966,168.5,151.7,160.1,164.5,161.2,152.5,156.8,159.3,2.4,0.697,UP,0
29000,169.0,149.9,159.5,163.0,161.8,151.7,156.7,158.4,2.4,0.704,UP,0
29033,167.5,146.9,157.2,160.9,159.3,150.4,154.9,157.2,2.5,0.709,UP,0
29066,159.9,144.0,152.0,158.3,157.7,148.9,153.3,156.0,2.6,0.715,UP,0
29100,151.0,140.7,145.8,154.9,153.9,147.1,150.5,154.5,2.6,0.72,UP,0
29133,149.1,137.2,143.1,151.5,149.6,145.7,147.7,152.6,2.4,0.721,UP,0
29166,135.8,133.6,134.7,146.6,148.4,144.7,146.6,150.6,2.5,0.717,UP,0
29200,87.9,114.6,101.2,135.4,146.6,142.8,144.7,148.6,2.6,0.705,DOWN,0
29233,119.8,122.9,121.3,129.3,143.9,143.0,143.4,146.6,3.0,0.687,DOWN,0
29266,123.7,115.6,119.7,124.0,140.6,140.0,140.3,144.5,3.6,0.669,DOWN,0
29300,132.7,127.9,130.3,121.5,137.1,142.5,139.8,143.0,4.5,0.652,DOWN,0
29333,129.6,126.4,128.0,120.1,134.0,141.8,137.9,141.2,4.7,0.639,DOWN,0
29366,128.9,121.3,125.1,124.9,132.5,141.2,136.8,139.7,4.7,0.632,DOWN,0
29400,107.7,118.0,112.9,123.2,130.5,139.5,135.0,138.0,4.5,0.622,DOWN,0
29433,106.7,125.6,116.2,122.5,132.1,141.3,136.7,137.2,4.4,0.61,DOWN,0
29466,104.0,126.5,115.2,119.5,130.9,141.3,136.1,136.5,4.5,0.594,DOWN,0
29500,99.8,121.7,110.8,116.0,131.1,138.8,135.0,135.9,4.1,0.574,DOWN,0
29533,93.9,116.0,104.9,112.0,131.5,135.2,133.4,135.2,3.9,0.549,DOWN,0
29566,98.9,111.2,105.1,110.4,131.6,136.0,133.8,135.0,3.6,0.525,DOWN,0
29600,99.5,105.6,102.6,107.7,130.2,135.0,132.6,134.2,3.2,0.5,DOWN,0
29633,,,,,,,,,,0.476,DOWN,0
29666,,,,,,,,,,0.451,DOWN,0
29700,,,,,,,,,,0.429,DOWN,0
29733,,,,,,,,,,0.407,DOWN,0
29766,,,,,,,,,,0.39,DOWN,0
29800,,,,,,,,,,0.371,DOWN,0
29833,,,,,,,,,,0.355,DOWN,0
29866,,,,,,,,,,0.34,DOWN,0
29900,,,,,,,,,,0.33,DOWN,0
29933,,,,,,,,,,0.318,DOWN,0
29966,,,,,,,,,,0.308,DOWN,0
30000,,,,,,,,,,0.297,DOWN,0
30033,,,,,,,,,,0.289,DOWN,0
30066,,,,,,,,,,0.282,DOWN,0
30100,,,,,,,,,,0.277,DOWN,0
30133,,,,,,,,,,0.275,DOWN,0
30166,,,,,,,,,,0.273,DOWN,0
30200,,,,,,,,,,0.272,DOWN,0
30233,,,,,,,,,,0.27,DOWN,0
30266,,,,,,,,,,0.266,DOWN,0
30300,,,,,,,,,,0.261,DOWN,0
30333,,,,,,,,,,0.258,DOWN,0
30366,,,,,,,,,,0.254,DOWN,0
30400,,,,,,,,,,0.25,DOWN,0
30433,,,,,,,,,,0.247,DOWN,0
30466,,,,,,,,,,0.244,DOWN,0
30500,,,,,,,,,,0.238,DOWN,0
30533,,,,,,,,,,0.231,DOWN,0
30566,,,,,,,,,,0.222,DOWN,0
30600,,,,,,,,,,0.212,DOWN,0
30633,,,,,,,,,,0.202,DOWN,0
30666,,,,,,,,,,0.192,DOWN,0
30700,,,,,,,,,,0.183,DOWN,0
30733,,,,,,,,,,0.179,DOWN,0
30766,,,,,,,,,,0.181,DOWN,0
30800,,,,,,,,,,0.187,DOWN,0
30833,,,,,,,,,,0.199,DOWN,0
30866,,,,,,,,,,0.22,DOWN,0
30900,,,,,,,,,,0.244,DOWN,0
30933,,,,,,,,,,0.265,DOWN,0
30966,,,,,,,,,,0.291,DOWN,0
31000,,,,,,,,,,0.32,DOWN,0
31033,,,,,,,,,,0.347,DOWN,0
31066,,,,,,,,,,0.372,DOWN,0
31100,,,,,,,,,,0.402,DOWN,0
31133,,,,,,,,,,0.428,DOWN,0
31166,,,,,,,,,,0.453,DOWN,0
31200,,,,,,,,,,0.478,DOWN,0
31233,172.6,155.2,163.9,117.4,162.4,158.4,160.4,139.0,4.5,0.502,DOWN,0
31266,176.4,157.6,167.0,128.7,162.3,159.2,160.8,144.2,4.4,0.525,DOWN,0
31300,173.4,161.7,167.5,141.2,162.0,161.3,161.6,149.8,4.3,0.546,DOWN,0
31333,170.7,163.6,167.1,153.6,162.9,161.9,162.4,155.6,4.0,0.565,DOWN,0
31366,171.5,166.1,168.8,166.9,164.8,163.6,164.2,161.9,3.9,0.583,DOWN,0
31400,176.5,169.2,172.9,168.7,163.9,164.3,164.1,162.6,3.7,0.597,DOWN,0
31433,179.2,171.9,175.5,170.4,164.3,167.0,165.7,163.6,3.5,0.607,DOWN,0
31466,179.4,170.0,174.7,171.8,165.8,166.2,166.0,164.5,3.1,0.612,DOWN,0
31500,178.7,171.4,175.1,173.4,167.9,166.6,167.2,165.4,3.0,0.613,UP,0
31533,178.5,175.0,176.7,175.0,169.2,169.1,169.2,166.4,2.9,0.609,UP,0
31566,178.8,175.4,177.1,175.8,169.5,168.4,169.0,167.4,2.5,0.605,UP,0
31600,178.7,175.3,177.0,176.1,170.3,168.6,169.4,168.1,2.3,0.603,UP,0
31633,178.9,177.8,178.3,176.8,171.0,170.0,170.5,169.1,2.3,0.605,UP,0
31666,177.7,178.8,178.3,177.5,173.2,171.0,172.1,170.0,2.3,0.603,UP,0
31700,178.0,179.5,178.7,177.9,173.7,171.1,172.4,170.7,2.3,0.603,UP,0
31733,178.4,179.9,179.1,178.3,173.4,170.8,172.1,171.3,2.1,0.601,UP,0
31766,178.3,178.9,178.6,178.6,173.3,171.4,172.3,171.9,2.0,0.599,UP,0
31800,177.1,178.1,177.6,178.5,172.4,171.7,172.0,172.2,2.1,0.598,UP,0
31833,175.2,178.9,177.0,178.2,172.2,171.6,171.9,172.2,2.1,0.602,UP,0
31866,176.8,179.7,178.2,178.1,173.9,171.5,172.7,172.2,2.2,0.607,UP,0
31900,176.7,179.8,178.3,178.0,173.8,171.4,172.6,172.3,2.2,0.611,UP,0
31933,177.6,178.1,177.9,177.8,173.5,171.1,172.3,172.3,2.3,0.613,UP,0
31966,179.5,178.4,179.0,178.1,174.9,171.2,173.1,172.5,2.3,0.612,UP,0
32000,179.6,178.9,179.3,178.5,175.1,171.4,173.3,172.8,2.4,0.606,UP,0
32033,179.7,178.2,179.0,178.7,174.9,171.1,173.0,172.8,2.4,0.6,UP,0
32066,179.6,178.6,179.1,178.8,175.3,171.1,173.2,173.0,2.4,0.594,UP,0
32100,179.6,179.1,179.4,179.1,175.3,171.4,173.4,173.2,2.4,0.588,UP,0
32133,179.1,179.2,179.1,179.2,175.5,171.4,173.4,173.3,2.4,0.584,UP,0
32166,178.3,179.8,179.1,179.1,175.6,171.7,173.6,173.3,2.4,0.58,UP,0
32200,174.7,179.2,177.0,178.7,175.3,171.8,173.6,173.4,2.4,0.577,UP,0
32233,174.8,179.0,176.9,178.3,175.3,171.8,173.6,173.5,2.4,0.575,UP,0
32266,175.4,179.3,177.4,177.9,175.4,171.6,173.5,173.5,2.3,0.574,UP,0
32300,176.1,179.3,177.7,177.6,175.0,171.7,173.3,173.5,2.4,0.572,UP,0
32333,174.5,179.1,176.8,177.1,175.0,171.7,173.4,173.5,2.4,0.576,UP,0
32366,173.7,179.0,176.3,177.0,174.6,171.7,173.1,173.4,2.5,0.58,UP,0
32400,173.9,178.7,176.3,176.9,174.0,171.8,172.9,173.3,2.6,0.585,UP,0
32433,174.9,178.7,176.8,176.8,172.2,171.9,172.0,173.0,2.7,0.592,UP,0
32466,175.1,179.1,177.1,176.7,172.0,171.9,171.9,172.7,2.9,0.598,UP,0
32500,172.3,178.5,175.4,176.4,171.6,172.0,171.8,172.4,3.1,0.605,UP,0
32533,173.0,178.3,175.6,176.2,171.4,172.2,171.8,172.1,3.2,0.611,UP,0
32566,173.7,178.2,175.9,176.2,171.0,172.5,171.7,171.9,3.5,0.618,UP,0
32600,174.2,178.8,176.5,176.1,170.6,172.6,171.6,171.8,3.6,0.626,UP,0
32633,175.3,179.1,177.2,176.1,169.6,172.6,171.1,171.6,3.7,0.634,UP,0
32666,175.4,179.2,177.3,176.5,170.1,172.5,171.3,171.5,3.7,0.642,UP,0
32700,177.8,179.3,178.5,177.1,170.6,172.9,171.7,171.5,4.1,0.651,UP,0
32733,178.3,179.9,179.1,177.7,171.0,172.7,171.9,171.5,4.1,0.657,UP,0
32766,178.5,179.4,178.9,178.2,170.5,172.9,171.7,171.5,4.3,0.66,UP,0
32800,177.9,179.9,178.9,178.5,170.9,173.2,172.0,171.7,4.8,0.663,UP,0
32833,177.1,179.9,178.5,178.8,171.1,173.0,172.0,171.9,5.0,0.666,UP,0
32866,176.0,179.8,177.9,178.7,171.9,172.3,172.1,171.9,5.0,0.67,UP,0
32900,175.8,179.6,177.7,178.4,171.3,173.7,172.5,172.1,5.9,0.674,UP,0
32933,175.2,179.4,177.3,178.1,173.1,173.3,173.2,172.4,5.9,0.68,UP,0
32966,176.1,178.7,177.4,177.8,173.7,173.9,173.8,172.7,6.2,0.684,UP,0
33000,176.6,179.6,178.1,177.7,175.2,173.0,174.1,173.1,5.7,0.685,UP,0
33033,179.0,179.6,179.3,178.0,175.9,172.9,174.4,173.6,5.8,0.686,UP,0
33066,179.0,179.5,179.2,178.3,177.2,172.2,174.7,174.0,5.5,0.683,UP,0
33100,179.7,179.8,179.8,178.8,178.5,172.6,175.6,174.5,5.3,0.679,UP,0
33133,178.2,178.9,178.6,179.0,179.5,171.4,175.5,174.8,4.6,0.675,UP,0
33166,177.2,177.0,177.1,178.8,179.2,171.2,175.2,175.1,4.6,0.67,UP,0
33200,179.9,176.5,178.2,178.6,179.7,171.5,175.6,175.3,5.0,0.66,UP,0
33233,179.0,176.5,177.8,178.3,178.9,171.6,175.3,175.4,5.7,0.649,UP,0
33266,179.8,176.7,178.2,178.0,176.9,172.0,174.4,175.2,6.5,0.636,UP,0
33300,178.8,177.3,178.1,177.9,175.3,172.5,173.9,174.9,6.5,0.62,UP,0
33333,178.8,178.7,178.8,178.2,175.6,173.1,174.3,174.7,6.4,0.599,UP,0
33366,178.1,179.0,178.5,178.3,173.4,172.2,172.8,174.1,6.6,0.584,UP,0
33400,177.6,177.6,177.6,178.2,171.0,174.0,172.5,173.6,6.5,0.57,UP,0
33433,174.2,177.9,176.1,177.8,170.5,173.2,171.8,173.1,6.3,0.557,UP,0
33466,172.3,176.5,174.4,177.1,169.4,173.4,171.4,172.6,6.2,0.554,UP,0
33500,172.8,175.4,174.1,176.1,169.6,173.5,171.5,172.0,6.4,0.559,UP,0
33533,175.6,178.9,177.2,175.9,169.6,173.4,171.5,171.8,6.4,0.563,UP,0
33566,176.5,179.4,178.0,175.9,170.4,173.6,172.0,171.7,6.4,0.572,UP,0
33600,176.2,179.8,178.0,176.3,170.5,173.1,171.8,171.7,6.2,0.58,UP,0
33633,173.3,178.1,175.7,176.6,171.0,173.2,172.1,171.8,5.7,0.586,UP,0
33666,174.4,179.5,177.0,177.2,171.3,172.6,171.9,171.9,5.2,0.585,UP,0
33700,175.1,179.9,177.5,177.2,171.8,172.5,172.2,172.0,5.0,0.583,UP,0
33733,173.7,179.6,176.7,177.0,173.0,172.6,172.8,172.2,4.4,0.584,UP,0
33766,173.3,179.5,176.4,176.6,173.7,172.1,172.9,172.4,3.7,0.591,UP,0
33800,172.6,179.3,176.0,176.7,172.8,172.8,172.8,172.5,3.4,0.598,UP,0
33833,171.1,178.3,174.7,176.2,170.1,173.6,171.9,172.5,3.1,0.609,UP,0
33866,171.0,179.9,175.5,175.8,168.7,174.6,171.7,172.4,2.7,0.62,UP,0
33900,170.9,178.7,174.8,175.5,167.8,173.1,170.5,171.9,1.5,0.629,UP,0
33933,171.1,179.3,175.2,175.2,169.7,172.3,171.0,171.6,0.9,0.633,UP,0
33966,170.0,179.7,174.8,175.0,170.3,172.8,171.6,171.3,0.4,0.634,UP,0
34000,168.1,179.7,173.9,174.8,169.6,172.9,171.2,171.2,0.2,0.633,UP,0
34033,170.6,174.5,172.6,174.3,168.3,175.5,171.9,171.2,0.8,0.625,UP,0
34066,168.3,172.5,170.4,173.4,169.5,174.7,172.1,171.6,0.5,0.613,UP,0
34100,168.3,171.2,169.7,172.3,169.2,173.7,171.5,171.7,1.1,0.605,UP,0
34133,174.2,173.8,174.0,172.1,171.8,172.4,172.1,171.8,1.2,0.598,UP,0
34166,178.1,175.7,176.9,172.7,173.1,175.6,174.4,172.4,1.4,0.593,UP,0
34200,177.1,175.7,176.4,173.5,171.8,174.5,173.2,172.6,1.0,0.587,UP,0
34233,175.5,177.8,176.7,174.8,172.4,176.5,174.5,173.1,0.9,0.576,UP,0
34266,177.4,179.7,178.6,176.5,173.5,172.7,173.1,173.4,0.9,0.556,UP,0
34300,177.4,179.8,178.6,177.4,173.4,171.7,172.6,173.5,0.4,0.533,UP,0
34333,178.4,176.6,177.5,177.5,170.8,169.7,170.2,172.7,0.4,0.507,UP,0
34366,,,,,,,,,,0.482,UP,0
34400,,,,,,,,,,0.457,UP,0
34433,,,,,,,,,,0.431,UP,0
34466,,,,,,,,,,0.403,UP,0
34500,,,,,,,,,,0.373,UP,0
34533,,,,,,,,,,0.348,UP,0
34566,,,,,,,,,,0.327,UP,0
34600,,,,,,,,,,0.309,UP,0
34633,,,,,,,,,,0.294,UP,0
34666,,,,,,,,,,0.28,UP,0
34700,,,,,,,,,,0.266,UP,0
34733,,,,,,,,,,0.252,UP,0
34766,,,,,,,,,,0.24,UP,0
34800,,,,,,,,,,0.234,UP,0
34833,,,,,,,,,,0.234,UP,0
34866,,,,,,,,,,0.236,UP,0
34900,,,,,,,,,,0.244,UP,0
34933,,,,,,,,,,0.257,UP,0
34966,,,,,,,,,,0.268,UP,0
35000,,,,,,,,,,0.275,UP,0
35033,,,,,,,,,,0.282,UP,0
35066,,,,,,,,,,0.283,UP,0
35100,,,,,,,,,,0.279,UP,0
35133,,,,,,,,,,0.275,UP,0
35166,,,,,,,,,,0.269,UP,0
35200,,,,,,,,,,0.263,UP,0
35233,,,,,,,,,,0.261,UP,0
35266,,,,,,,,,,0.264,UP,0
35300,,,,,,,,,,0.267,UP,0
35333,,,,,,,,,,0.272,UP,0
35366,,,,,,,,,,0.282,UP,0
35400,,,,,,,,,,0.293,UP,0
35433,,,,,,,,,,0.303,UP,0
35466,,,,,,,,,,0.317,UP,0
35500,,,,,,,,,,0.333,UP,0
35533,,,,,,,,,,0.352,UP,0
35566,,,,,,,,,,0.372,UP,0
35600,,,,,,,,,,0.391,UP,0
35633,,,,,,,,,,0.407,UP,0
35666,,,,,,,,,,0.423,UP,0
35700,,,,,,,,,,0.431,UP,0
35733,,,,,,,,,,0.432,UP,0
35766,,,,,,,,,,0.433,UP,0
35800,,,,,,,,,,0.431,UP,0
35833,,,,,,,,,,0.425,UP,0
35866,,,,,,,,,,0.421,UP,0
35900,,,,,,,,,,0.419,UP,0
35933,,,,,,,,,,0.414,UP,0
35966,,,,,,,,,,0.407,UP,0
36000,,,,,,,,,,0.399,UP,0
36033,,,,,,,,,,0.386,UP,0
36066,,,,,,,,,,0.369,UP,0
36100,,,,,,,,,,0.35,UP,0
36133,,,,,,,,,,0.329,UP,0
36166,,,,,,,,,,0.306,UP,0
36200,,,,,,,,,,0.287,UP,0
36233,,,,,,,,,,0.269,UP,0
36266,,,,,,,,,,0.253,UP,0
36300,,,,,,,,,,0.238,UP,0
36333,,,,,,,,,,0.226,UP,0
36366,,,,,,,,,,0.216,UP,0
36400,,,,,,,,,,0.207,UP,0
36433,,,,,,,,,,0.2,UP,0
36466,,,,,,,,,,0.195,UP,0
36500,,,,,,,,,,0.188,UP,0
36533,,,,,,,,,,0.179,UP,0
36566,,,,,,,,,,0.169,UP,0
36600,,,,,,,,,,0.158,UP,0
36633,,,,,,,,,,0.146,UP,0
36666,,,,,,,,,,0.136,UP,0
36700,,,,,,,,,,0.126,UP,0
36733,,,,,,,,,,0.117,UP,0
36766,,,,,,,,,,0.11,UP,0
36800,,,,,,,,,,0.103,UP,0
36833,,,,,,,,,,0.097,UP,0
36866,,,,,,,,,,0.092,UP,0
36900,,,,,,,,,,0.087,UP,0
36933,,,,,,,,,,0.083,UP,0
36966,,,,,,,,,,0.08,UP,0
37000,,,,,,,,,,0.077,UP,0
37033,,,,,,,,,,0.075,UP,0
37066,,,,,,,,,,0.074,UP,0
37100,,,,,,,,,,0.074,UP,0
37133,,,,,,,,,,0.074,UP,0
37166,,,,,,,,,,0.075,UP,0
37200,,,,,,,,,,0.077,UP,0
37233,,,,,,,,,,0.078,UP,0
37266,,,,,,,,,,0.079,UP,0
37300,,,,,,,,,,0.08,UP,0
37333,,,,,,,,,,0.081,UP,0
37366,,,,,,,,,,0.082,UP,0
37400,,,,,,,,,,0.082,UP,0
37433,,,,,,,,,,0.083,UP,0
37466,,,,,,,,,,0.085,UP,0
37500,,,,,,,,,,0.086,UP,0
37533,,,,,,,,,,0.086,UP,0
37566,,,,,,,,,,0.088,UP,0
37600,,,,,,,,,,0.088,UP,0
37633,,,,,,,,,,0.089,UP,0
37666,,,,,,,,,,0.091,UP,0
37700,,,,,,,,,,0.094,UP,0
37733,,,,,,,,,,0.097,UP,0
37766,,,,,,,,,,0.1,UP,0
37800,,,,,,,,,,0.103,UP,0
37833,,,,,,,,,,0.11,UP,0
37866,,,,,,,,,,0.12,UP,0
37900,,,,,,,,,,0.13,UP,0
37933,,,,,,,,,,0.143,UP,0
37966,,,,,,,,,,0.153,UP,0
38000,,,,,,,,,,0.159,UP,0
38033,,,,,,,,,,0.16,UP,0
38066,,,,,,,,,,0.161,UP,0
38100,,,,,,,,,,0.159,UP,0
38133,,,,,,,,,,0.162,UP,0
38166,,,,,,,,,,0.169,UP,0
38200,,,,,,,,,,0.177,UP,0
38233,,,,,,,,,,0.184,UP,0
38266,,,,,,,,,,0.188,UP,0
38300,,,,,,,,,,0.189,UP,0
38333,,,,,,,,,,0.189,UP,0
38366,,,,,,,,,,0.192,UP,0
38400,,,,,,,,,,0.198,UP,0
38433,,,,,,,,,,0.207,UP,0
38466,,,,,,,,,,0.216,UP,0
38500,,,,,,,,,,0.219,UP,0
38533,,,,,,,,,,0.218,UP,0
38566,,,,,,,,,,0.214,UP,0
38600,,,,,,,,,,0.209,UP,0
38633,,,,,,,,,,0.206,UP,0
38666,,,,,,,,,,0.208,UP,0
38700,,,,,,,,,,0.214,UP,0
38733,,,,,,,,,,0.225,UP,0
38766,,,,,,,,,,0.24,UP,0
38800,,,,,,,,,,0.253,UP,0
38833,,,,,,,,,,0.267,UP,0
38866,,,,,,,,,,0.282,UP,0
38900,,,,,,,,,,0.294,UP,0
38933,,,,,,,,,,0.299,UP,0
38966,,,,,,,,,,0.297,UP,0
39000,,,,,,,,,,0.288,UP,0
39033,,,,,,,,,,0.273,UP,0
39066,,,,,,,,,,0.256,UP,0
39100,,,,,,,,,,0.242,UP,0
39133,,,,,,,,,,0.234,UP,0
39166,,,,,,,,,,0.227,UP,0
39200,,,,,,,,,,0.221,UP,0
39233,,,,,,,,,,0.214,UP,0
39266,,,,,,,,,,0.207,UP,0
39300,,,,,,,,,,0.196,UP,0
39333,,,,,,,,,,0.184,UP,0
39366,,,,,,,,,,0.175,UP,0
39400,,,,,,,,,,0.167,UP,0
39433,,,,,,,,,,0.16,UP,0
39466,,,,,,,,,,0.155,UP,0
39500,,,,,,,,,,0.162,UP,0
39533,,,,,,,,,,0.178,UP,0
39566,,,,,,,,,,0.204,UP,0
39600,,,,,,,,,,0.24,UP,0
39633,,,,,,,,,,0.284,UP,0
39666,,,,,,,,,,0.328,UP,0
39700,,,,,,,,,,0.362,UP,0
39733,,,,,,,,,,0.385,UP,0
39766,,,,,,,,,,0.399,UP,0
39800,,,,,,,,,,0.411,UP,0
39833,,,,,,,,,,0.411,UP,0
39866,,,,,,,,,,0.41,UP,0
39900,,,,,,,,,,0.409,UP,0
39933,,,,,,,,,,0.404,UP,0
39966,,,,,,,,,,0.387,UP,0
40000,,,,,,,,,,0.37,UP,0
40033,,,,,,,,,,0.354,UP,0
40066,,,,,,,,,,0.34,UP,0
40100,,,,,,,,,,0.329,UP,0
40133,,,,,,,,,,0.321,UP,0
40166,,,,,,,,,,0.318,UP,0
40200,,,,,,,,,,0.311,UP,0
40233,,,,,,,,,,0.308,UP,0
40266,,,,,,,,,,0.307,UP,0
40300,,,,,,,,,,0.32,UP,0
40333,,,,,,,,,,0.344,UP,0
40366,,,,,,,,,,0.383,UP,0
40400,,,,,,,,,,0.428,UP,0
40433,,,,,,,,,,0.47,UP,0
40466,,,,,,,,,,0.498,UP,0
40500,175.0,176.8,175.9,177.4,175.5,156.0,165.7,171.2,1.5,0.509,UP,0
40533,176.2,177.6,176.9,177.5,174.0,151.2,162.6,168.9,0.8,0.508,UP,0
40566,178.0,102.1,140.0,169.8,171.9,90.9,131.4,160.5,0.9,0.505,UP,0
40600,,,,,,,,,,0.498,UP,0
40633,,,,,,,,,,0.497,UP,0
40666,133.6,134.8,134.2,160.9,176.8,122.8,149.8,156.0,0.4,0.506,UP,0
40700,151.8,102.1,127.0,150.8,174.9,92.4,133.7,148.6,0.4,0.522,UP,0
40733,161.1,156.8,159.0,147.4,174.3,140.7,157.5,147.0,0.5,0.528,UP,0
40766,162.8,51.3,107.1,133.4,173.8,41.6,107.7,136.0,0.7,0.545,UP,0
40800,154.7,89.6,122.1,129.9,177.2,79.2,128.2,135.4,1.0,0.559,UP,0
40833,161.6,40.9,101.3,123.3,169.6,35.8,102.7,125.9,1.4,0.573,DOWN,0
40866,168.1,50.2,109.1,119.7,168.6,44.1,106.4,120.5,2.1,0.584,DOWN,0
40900,179.1,39.3,109.2,109.7,158.2,33.4,95.8,108.2,2.9,0.599,DOWN,0
40933,152.8,37.8,95.3,107.4,164.7,31.7,98.2,106.2,2.9,0.613,DOWN,0
40966,168.7,35.2,101.9,103.4,177.6,29.1,103.4,101.3,3.2,0.631,DOWN,0
41000,153.3,46.4,99.8,103.1,153.9,35.8,94.9,99.7,3.3,0.648,DOWN,0
41033,148.2,81.5,114.8,104.2,156.1,65.7,110.9,100.6,3.2,0.666,DOWN,0
41066,149.1,158.4,153.8,113.1,165.0,137.3,151.1,111.7,2.8,0.672,DOWN,0
41100,161.1,174.1,167.6,127.6,168.9,149.9,159.4,123.9,2.6,0.668,DOWN,0
41133,171.8,177.0,174.4,142.1,168.1,175.9,172.0,137.7,1.9,0.656,DOWN,0
41166,177.9,179.3,178.6,157.8,168.8,179.6,174.2,153.5,2.2,0.632,DOWN,0
41200,177.1,176.9,177.0,170.3,171.0,179.1,175.0,166.4,2.1,0.6,DOWN,0
41233,179.4,176.0,177.7,175.1,170.7,179.6,175.2,171.2,2.6,0.569,DOWN,0
41266,178.8,172.8,175.8,176.7,172.7,175.7,174.2,174.1,2.6,0.535,DOWN,0
41300,177.3,179.5,178.4,177.5,172.6,176.2,174.4,174.6,2.2,0.502,DOWN,0
41333,,,,,,,,,,0.471,DOWN,0
41366,,,,,,,,,,0.444,DOWN,0
41400,,,,,,,,,,0.425,DOWN,0
41433,,,,,,,,,,0.413,DOWN,0
41466,,,,,,,,,,0.397,DOWN,0
41500,,,,,,,,,,0.381,DOWN,0
41533,,,,,,,,,,0.367,DOWN,0
41566,,,,,,,,,,0.351,DOWN,0
41600,,,,,,,,,,0.333,DOWN,0
41633,,,,,,,,,,0.318,DOWN,0
41666,,,,,,,,,,0.303,DOWN,0
41700,,,,,,,,,,0.286,DOWN,0
41733,,,,,,,,,,0.268,DOWN,0
41766,,,,,,,,,,0.251,DOWN,0
41800,,,,,,,,,,0.234,DOWN,0
41833,,,,,,,,,,0.22,DOWN,0
41866,,,,,,,,,,0.206,DOWN,0
41900,,,,,,,,,,0.195,DOWN,0
41933,,,,,,,,,,0.186,DOWN,0
41966,,,,,,,,,,0.178,DOWN,0
42000,,,,,,,,,,0.174,DOWN,0
42033,,,,,,,,,,0.17,DOWN,0
42066,,,,,,,,,,0.167,DOWN,0
42100,,,,,,,,,,0.163,DOWN,0
42133,,,,,,,,,,0.159,DOWN,0
42166,,,,,,,,,,0.151,DOWN,0
42200,,,,,,,,,,0.144,DOWN,0
42233,,,,,,,,,,0.136,DOWN,0
42266,,,,,,,,,,0.128,DOWN,0
42300,,,,,,,,,,0.12,DOWN,0
42333,,,,,,,,,,0.113,DOWN,0
42366,,,,,,,,,,0.106,DOWN,0
42400,,,,,,,,,,0.101,DOWN,0
42433,,,,,,,,,,0.098,DOWN,0
42466,,,,,,,,,,0.096,DOWN,0
42500,,,,,,,,,,0.095,DOWN,0
42533,,,,,,,,,,0.093,DOWN,0
42566,,,,,,,,,,0.091,DOWN,0
42600,,,,,,,,,,0.087,DOWN,0
42633,,,,,,,,,,0.085,DOWN,0
42666,,,,,,,,,,0.083,DOWN,0
42700,,,,,,,,,,0.083,DOWN,0
42733,,,,,,,,,,0.086,DOWN,0
42766,,,,,,,,,,0.094,DOWN,0
42800,,,,,,,,,,0.101,DOWN,0
42833,,,,,,,,,,0.114,DOWN,0
42866,,,,,,,,,,0.126,DOWN,0
42900,,,,,,,,,,0.141,DOWN,0
42933,,,,,,,,,,0.154,DOWN,0
42966,,,,,,,,,,0.175,DOWN,0
43000,,,,,,,,,,0.202,DOWN,0
43033,,,,,,,,,,0.24,DOWN,0
43066,,,,,,,,,,0.281,DOWN,0
43100,,,,,,,,,,0.329,DOWN,0
43133,,,,,,,,,,0.378,DOWN,0
43166,,,,,,,,,,0.425,DOWN,0
43200,,,,,,,,,,0.464,DOWN,0
43233,,,,,,,,,,0.497,DOWN,0
43266,160.6,117.0,138.8,169.5,171.2,98.4,134.8,166.7,2.4,0.517,DOWN,0
43300,170.8,173.9,172.4,168.6,172.1,166.5,169.3,165.6,2.2,0.529,DOWN,0
43333,174.7,155.4,165.0,166.1,171.7,146.4,159.1,162.4,1.7,0.537,DOWN,0
43366,177.3,148.9,163.1,163.5,170.2,134.5,152.4,158.0,1.8,0.546,DOWN,0
43400,176.2,146.1,161.1,160.1,170.1,131.1,150.6,153.2,1.5,0.555,UP,0
43433,176.6,144.8,160.7,164.5,169.1,131.4,150.2,156.3,2.0,0.566,UP,0
43466,176.5,140.6,158.6,161.7,168.7,125.6,147.1,151.9,1.9,0.574,UP,0
43500,172.2,51.9,112.1,151.1,164.2,38.3,101.3,140.3,2.3,0.584,UP,0
43533,171.4,64.0,117.7,142.0,162.8,51.2,107.0,131.2,2.5,0.594,UP,0
43566,168.9,62.8,115.9,133.0,169.9,50.4,110.1,123.1,2.7,0.599,UP,0
43600,170.1,47.5,108.8,122.6,171.3,37.3,104.3,113.9,3.1,0.606,UP,0
43633,176.1,46.6,111.3,113.1,169.6,35.2,102.4,105.0,3.1,0.619,DOWN,0
43666,177.5,48.3,112.9,113.3,168.4,35.7,102.0,105.2,2.8,0.631,DOWN,0
43700,171.2,47.2,109.2,111.6,163.4,33.9,98.6,103.5,2.5,0.644,DOWN,0
43733,171.2,51.2,111.2,110.7,162.3,37.6,100.0,101.5,2.4,0.665,DOWN,0
43766,171.4,53.8,112.6,111.4,160.8,39.2,100.0,100.6,1.8,0.688,DOWN,0
43800,159.2,50.8,105.0,110.2,153.8,35.7,94.8,99.1,1.3,0.712,DOWN,0
43833,154.0,54.1,104.0,108.4,149.7,35.4,92.6,97.2,1.2,0.732,DOWN,0
43866,153.6,55.4,104.5,107.5,150.2,36.6,93.4,96.1,0.8,0.75,DOWN,0
43900,172.5,176.4,174.4,120.1,166.2,177.0,171.6,110.5,0.4,0.755,DOWN,0
43933,173.0,172.9,172.9,132.2,166.7,159.1,162.9,123.0,0.8,0.748,DOWN,0
43966,174.0,145.6,159.8,143.1,167.5,135.1,151.3,134.3,0.7,0.727,DOWN,0
44000,179.1,173.3,176.2,157.6,170.1,163.3,166.7,149.2,1.1,0.692,DOWN,0
44033,178.0,178.0,178.0,172.3,172.4,169.6,171.0,164.7,1.1,0.643,DOWN,0
44066,174.0,144.7,159.4,169.3,169.3,141.5,155.4,161.5,1.6,0.601,DOWN,0
44100,174.0,78.6,126.3,159.9,167.9,79.3,123.6,153.6,2.8,0.567,DOWN,0
44133,175.2,155.2,165.2,161.0,168.9,158.2,163.6,156.1,2.6,0.535,DOWN,0
44166,176.7,175.2,175.9,161.0,169.7,172.6,171.1,157.0,3.7,0.506,DOWN,0
44200,,,,,,,,,,0.482,DOWN,0
44233,,,,,,,,,,0.456,DOWN,0
44266,,,,,,,,,,0.426,DOWN,0
44300,,,,,,,,,,0.405,DOWN,0
44333,,,,,,,,,,0.387,DOWN,0
44366,,,,,,,,,,0.372,DOWN,0
44400,,,,,,,,,,0.359,DOWN,0
44433,,,,,,,,,,0.345,DOWN,0
44466,,,,,,,,,,0.328,DOWN,0
44500,,,,,,,,,,0.312,DOWN,0
44533,,,,,,,,,,0.299,DOWN,0
44566,,,,,,,,,,0.286,DOWN,0
44600,,,,,,,,,,0.275,DOWN,0
44633,,,,,,,,,,0.266,DOWN,0
44666,,,,,,,,,,0.258,DOWN,0
44700,,,,,,,,,,0.251,DOWN,0
44733,,,,,,,,,,0.247,DOWN,0
44766,,,,,,,,,,0.249,DOWN,0
44800,,,,,,,,,,0.249,DOWN,0
44833,,,,,,,,,,0.252,DOWN,0
44866,,,,,,,,,,0.252,DOWN,0
44900,,,,,,,,,,0.248,DOWN,0
44933,,,,,,,,,,0.24,DOWN,0
44966,,,,,,,,,,0.235,DOWN,0
45000,,,,,,,,,,0.225,DOWN,0
45033,,,,,,,,,,0.215,DOWN,0
45066,,,,,,,,,,0.209,DOWN,0
45100,,,,,,,,,,0.203,DOWN,0
45133,,,,,,,,,,0.202,DOWN,0
45166,,,,,,,,,,0.205,DOWN,0
45200,,,,,,,,,,0.213,DOWN,0
45233,,,,,,,,,,0.223,DOWN,0
45266,,,,,,,,,,0.236,DOWN,0
45300,,,,,,,,,,0.247,DOWN,0
45333,,,,,,,,,,0.259,DOWN,0
45366,,,,,,,,,,0.269,DOWN,0
45400,,,,,,,,,,0.275,DOWN,0
45433,,,,,,,,,,0.279,DOWN,0
45466,,,,,,,,,,0.281,DOWN,0
45500,,,,,,,,,,0.276,DOWN,0
45533,,,,,,,,,,0.268,DOWN,0
45566,,,,,,,,,,0.257,DOWN,0
45600,,,,,,,,,,0.241,DOWN,0
45633,,,,,,,,,,0.223,DOWN,0
45666,,,,,,,,,,0.205,DOWN,0
45700,,,,,,,,,,0.19,DOWN,0
45733,,,,,,,,,,0.178,DOWN,0
45766,,,,,,,,,,0.168,DOWN,0
45800,,,,,,,,,,0.162,DOWN,0
45833,,,,,,,,,,0.157,DOWN,0
45866,,,,,,,,,,0.153,DOWN,0
45900,,,,,,,,,,0.151,DOWN,0
45933,,,,,,,,,,0.151,DOWN,0
45966,,,,,,,,,,0.152,DOWN,0
46000,,,,,,,,,,0.157,DOWN,0
46033,,,,,,,,,,0.165,DOWN,0
46066,,,,,,,,,,0.172,DOWN,0
46100,,,,,,,,,,0.176,DOWN,0
46133,,,,,,,,,,0.183,DOWN,0
46166,,,,,,,,,,0.187,DOWN,0
46200,,,,,,,,,,0.188,DOWN,0
46233,,,,,,,,,,0.193,DOWN,0
46266,,,,,,,,,,0.203,DOWN,0
46300,,,,,,,,,,0.217,DOWN,0
46333,,,,,,,,,,0.228,DOWN,0
46366,,,,,,,,,,0.241,DOWN,0
46400,,,,,,,,,,0.248,DOWN,0
46433,,,,,,,,,,0.254,DOWN,0
46466,,,,,,,,,,0.253,DOWN,0
46500,,,,,,,,,,0.254,DOWN,0
46533,,,,,,,,,,0.25,DOWN,0
46566,,,,,,,,,,0.245,DOWN,0
46600,,,,,,,,,,0.235,DOWN,0
46633,,,,,,,,,,0.229,DOWN,0
46666,,,,,,,,,,0.223,DOWN,0
46700,,,,,,,,,,0.218,DOWN,0
46733,,,,,,,,,,0.214,DOWN,0
46766,,,,,,,,,,0.21,DOWN,0
46800,,,,,,,,,,0.205,DOWN,0
46833,,,,,,,,,,0.201,DOWN,0
46866,,,,,,,,,,0.201,DOWN,0
46900,,,,,,,,,,0.204,DOWN,0
46933,,,,,,,,,,0.209,DOWN,0
46966,,,,,,,,,,0.217,DOWN,0
47000,,,,,,,,,,0.228,DOWN,0
47033,,,,,,,,,,0.24,DOWN,0
47066,,,,,,,,,,0.251,DOWN,0
47100,,,,,,,,,,0.257,DOWN,0
47133,,,,,,,,,,0.259,DOWN,0
47166,,,,,,,,,,0.257,DOWN,0
47200,,,,,,,,,,0.251,DOWN,0
47233,,,,,,,,,,0.245,DOWN,0
47266,,,,,,,,,,0.24,DOWN,0
47300,,,,,,,,,,0.24,DOWN,0
47333,,,,,,,,,,0.238,DOWN,0
47366,,,,,,,,,,0.236,DOWN,0
47400,,,,,,,,,,0.23,DOWN,0
47433,,,,,,,,,,0.222,DOWN,0
47466,,,,,,,,,,0.208,DOWN,0
47500,,,,,,,,,,0.194,DOWN,0
47533,,,,,,,,,,0.18,DOWN,0
47566,,,,,,,,,,0.168,DOWN,0
47600,,,,,,,,,,0.16,DOWN,0
47633,,,,,,,,,,0.159,DOWN,0
47666,,,,,,,,,,0.161,DOWN,0
47700,,,,,,,,,,0.168,DOWN,0
47733,,,,,,,,,,0.176,DOWN,0
47766,,,,,,,,,,0.179,DOWN,0
47800,,,,,,,,,,0.178,DOWN,0
47833,,,,,,,,,,0.175,DOWN,0
47866,,,,,,,,,,0.168,DOWN,0
47900,,,,,,,,,,0.16,DOWN,0
47933,,,,,,,,,,0.125,DOWN,0
47966,,,,,,,,,,0.092,DOWN,0
48000,,,,,,,,,,0.059,DOWN,0
48033,,,,,,,,,,0.06,DOWN,0
48066,,,,,,,,,,0.065,DOWN,0
48100,,,,,,,,,,0.103,DOWN,0
48133,,,,,,,,,,0.14,DOWN,0
48166,,,,,,,,,,0.178,DOWN,0
48200,,,,,,,,,,0.183,DOWN,0
48233,,,,,,,,,,0.149,DOWN,0
48266,,,,,,,,,,0.111,DOWN,0
48300,,,,,,,,,,0.074,DOWN,0
48333,,,,,,,,,,0.036,DOWN,0
48366,,,,,,,,,,0.0,DOWN,0
48400,,,,,,,,,,0.0,DOWN,0
48433,,,,,,,,,,0.0,DOWN,0
48466,,,,,,,,,,0.0,DOWN,0
48500,,,,,,,,,,0.0,DOWN,0
48533,,,,,,,,,,0.0,DOWN,0
48566,,,,,,,,,,0.0,DOWN,0
48600,,,,,,,,,,0.0,DOWN,0
48633,,,,,,,,,,0.0,DOWN,0
48666,,,,,,,,,,0.0,DOWN,0
48700,,,,,,,,,,0.0,DOWN,0
48733,,,,,,,,,,0.0,DOWN,0
48766,,,,,,,,,,0.0,DOWN,0
48800,,,,,,,,,,0.0,DOWN,0
48833,,,,,,,,,,0.0,DOWN,0
48866,,,,,,,,,,0.0,DOWN,0
48900,,,,,,,,,,0.0,DOWN,0
48933,,,,,,,,,,0.0,DOWN,0
48966,,,,,,,,,,0.0,DOWN,0
49000,,,,,,,,,,0.0,DOWN,0
49033,,,,,,,,,,0.0,DOWN,0
49066,,,,,,,,,,0.0,DOWN,0
49100,,,,,,,,,,0.0,DOWN,0
49133,,,,,,,,,,0.0,DOWN,0
49166,,,,,,,,,,0.0,DOWN,0
49200,,,,,,,,,,0.0,DOWN,0
49233,,,,,,,,,,0.0,DOWN,0
49266,,,,,,,,,,0.0,DOWN,0
49300,,,,,,,,,,0.0,DOWN,0
49333,,,,,,,,,,0.0,DOWN,0
49366,,,,,,,,,,0.0,DOWN,0
49400,,,,,,,,,,0.0,DOWN,0
49433,,,,,,,,,,0.0,DOWN,0
49466,,,,,,,,,,0.0,DOWN,0
49500,,,,,,,,,,0.0,DOWN,0
49533,,,,,,,,,,0.0,DOWN,0
49566,,,,,,,,,,0.0,DOWN,0
49600,,,,,,,,,,0.0,DOWN,0
49633,,,,,,,,,,0.0,DOWN,0
49666,,,,,,,,,,0.0,DOWN,0
49700,,,,,,,,,,0.0,DOWN,0
49733,,,,,,,,,,0.037,DOWN,0
49766,,,,,,,,,,0.037,DOWN,0
49800,,,,,,,,,,0.073,DOWN,0
49833,,,,,,,,,,0.109,DOWN,0
49866,,,,,,,,,,0.141,DOWN,0
49900,,,,,,,,,,0.135,DOWN,0
49933,,,,,,,,,,0.163,DOWN,0
49966,,,,,,,,,,0.154,DOWN,0
50000,,,,,,,,,,0.144,DOWN,0
50033,,,,,,,,,,0.136,DOWN,0
50066,,,,,,,,,,0.129,DOWN,0
50100,,,,,,,,,,0.122,DOWN,0
50133,,,,,,,,,,0.116,DOWN,0
50166,,,,,,,,,,0.11,DOWN,0
50200,,,,,,,,,,0.105,DOWN,0
50233,,,,,,,,,,0.101,DOWN,0
50266,,,,,,,,,,0.097,DOWN,0
50300,,,,,,,,,,0.094,DOWN,0
50333,,,,,,,,,,0.092,DOWN,0
50366,,,,,,,,,,0.09,DOWN,0
50400,,,,,,,,,,0.089,DOWN,0
50433,,,,,,,,,,0.088,DOWN,0
50466,,,,,,,,,,0.088,DOWN,0
50500,,,,,,,,,,0.088,DOWN,0
50533,,,,,,,,,,0.088,DOWN,0
50566,,,,,,,,,,0.088,DOWN,0
50600,,,,,,,,,,0.089,DOWN,0
50633,,,,,,,,,,0.09,DOWN,0
50666,,,,,,,,,,0.089,DOWN,0
50700,,,,,,,,,,0.089,DOWN,0
50733,,,,,,,,,,0.09,DOWN,0
50766,,,,,,,,,,0.091,DOWN,0
50800,,,,,,,,,,0.092,DOWN,0
50833,,,,,,,,,,0.094,DOWN,0
50866,,,,,,,,,,0.095,DOWN,0
50900,,,,,,,,,,0.095,DOWN,0
50933,,,,,,,,,,0.094,DOWN,0
50966,,,,,,,,,,0.092,DOWN,0
51000,,,,,,,,,,0.088,DOWN,0
51033,,,,,,,,,,0.085,DOWN,0
51066,,,,,,,,,,0.082,DOWN,0
51100,,,,,,,,,,0.079,DOWN,0
51133,,,,,,,,,,0.075,DOWN,0
51166,,,,,,,,,,0.073,DOWN,0
51200,,,,,,,,,,0.071,DOWN,0
51233,,,,,,,,,,0.069,DOWN,0
51266,,,,,,,,,,0.069,DOWN,0
51300,,,,,,,,,,0.069,DOWN,0
51333,,,,,,,,,,0.069,DOWN,0
51366,,,,,,,,,,0.07,DOWN,0
51400,,,,,,,,,,0.073,DOWN,0
51433,,,,,,,,,,0.074,DOWN,0
51466,,,,,,,,,,0.08,DOWN,0
51500,,,,,,,,,,0.086,DOWN,0
51533,,,,,,,,,,0.093,DOWN,0
51566,,,,,,,,,,0.104,DOWN,0
51600,,,,,,,,,,0.112,DOWN,0
51633,,,,,,,,,,0.117,DOWN,0
51666,,,,,,,,,,0.118,DOWN,0
51700,,,,,,,,,,0.12,DOWN,0
51733,,,,,,,,,,0.117,DOWN,0
51766,,,,,,,,,,0.115,DOWN,0
51800,,,,,,,,,,0.112,DOWN,0
51833,,,,,,,,,,0.11,DOWN,0
51866,,,,,,,,,,0.105,DOWN,0
51900,,,,,,,,,,0.1,DOWN,0
51933,,,,,,,,,,0.095,DOWN,0
51966,,,,,,,,,,0.091,DOWN,0
52000,,,,,,,,,,0.088,DOWN,0
52033,,,,,,,,,,0.085,DOWN,0
52066,,,,,,,,,,0.084,DOWN,0
52100,,,,,,,,,,0.084,DOWN,0
52133,,,,,,,,,,0.085,DOWN,0
52166,,,,,,,,,,0.086,DOWN,0
52200,,,,,,,,,,0.089,DOWN,0
52233,,,,,,,,,,0.091,DOWN,0
52266,,,,,,,,,,0.095,DOWN,0
52300,,,,,,,,,,0.099,DOWN,0
52333,,,,,,,,,,0.102,DOWN,0
52366,,,,,,,,,,0.105,DOWN,0
52400,,,,,,,,,,0.114,DOWN,0
52433,,,,,,,,,,0.128,DOWN,0
52466,,,,,,,,,,0.15,DOWN,0
52500,,,,,,,,,,0.176,DOWN,0
52533,,,,,,,,,,0.2,DOWN,0
52566,,,,,,,,,,0.215,DOWN,0
52600,,,,,,,,,,0.222,DOWN,0
52633,,,,,,,,,,0.22,DOWN,0
52666,,,,,,,,,,0.214,DOWN,0
52700,,,,,,,,,,0.207,DOWN,0
52733,,,,,,,,,,0.202,DOWN,0
52766,,,,,,,,,,0.197,DOWN,0
52800,,,,,,,,,,0.194,DOWN,0
52833,,,,,,,,,,0.194,DOWN,0
52866,,,,,,,,,,0.199,DOWN,0
52900,,,,,,,,,,0.205,DOWN,0
52933,,,,,,,,,,0.216,DOWN,0
52966,,,,,,,,,,0.227,DOWN,0
53000,,,,,,,,,,0.239,DOWN,0
53033,,,,,,,,,,0.248,DOWN,0
53066,,,,,,,,,,0.253,DOWN,0
53100,,,,,,,,,,0.256,DOWN,0
53133,,,,,,,,,,0.259,DOWN,0
53166,,,,,,,,,,0.26,DOWN,0
53200,,,,,,,,,,0.26,DOWN,0
53233,,,,,,,,,,0.262,DOWN,0
53266,,,,,,,,,,0.261,DOWN,0
53300,,,,,,,,,,0.258,DOWN,0
53333,,,,,,,,,,0.25,DOWN,0
53366,,,,,,,,,,0.24,DOWN,0
53400,,,,,,,,,,0.229,DOWN,0
53433,,,,,,,,,,0.218,DOWN,0
53466,,,,,,,,,,0.207,DOWN,0
53500,,,,,,,,,,0.199,DOWN,0
53533,,,,,,,,,,0.194,DOWN,0
53566,,,,,,,,,,0.191,DOWN,0
53600,,,,,,,,,,0.189,DOWN,0
53633,,,,,,,,,,0.188,DOWN,0
53666,,,,,,,,,,0.185,DOWN,0
53700,,,,,,,,,,0.182,DOWN,0
53733,,,,,,,,,,0.179,DOWN,0
53766,,,,,,,,,,0.175,DOWN,0
53800,,,,,,,,,,0.174,DOWN,0
53833,,,,,,,,,,0.173,DOWN,0
53866,,,,,,,,,,0.172,DOWN,0
53900,,,,,,,,,,0.171,DOWN,0
53933,,,,,,,,,,0.169,DOWN,0
53966,,,,,,,,,,0.165,DOWN,0
54000,,,,,,,,,,0.161,DOWN,0
54033,,,,,,,,,,0.156,DOWN,0
54066,,,,,,,,,,0.152,DOWN,0
54100,,,,,,,,,,0.148,DOWN,0
54133,,,,,,,,,,0.145,DOWN,0
54166,,,,,,,,,,0.142,DOWN,0
54200,,,,,,,,,,0.144,DOWN,0
54233,,,,,,,,,,0.145,DOWN,0
54266,,,,,,,,,,0.148,DOWN,0
54300,,,,,,,,,,0.151,DOWN,0
54333,,,,,,,,,,0.153,DOWN,0
54366,,,,,,,,,,0.151,DOWN,0
54400,,,,,,,,,,0.147,DOWN,0
54433,,,,,,,,,,0.143,DOWN,0
54466,,,,,,,,,,0.136,DOWN,0
54500,,,,,,,,,,0.129,DOWN,0
54533,,,,,,,,,,0.121,DOWN,0
54566,,,,,,,,,,0.115,DOWN,0
54600,,,,,,,,,,0.109,DOWN,0
54633,,,,,,,,,,0.104,DOWN,0
54666,,,,,,,,,,0.1,DOWN,0
54700,,,,,,,,,,0.096,DOWN,0
54733,,,,,,,,,,0.093,DOWN,0
54766,,,,,,,,,,0.092,DOWN,0
54800,,,,,,,,,,0.096,DOWN,0
54833,,,,,,,,,,0.101,DOWN,0
54866,,,,,,,,,,0.107,DOWN,0
54900,,,,,,,,,,0.113,DOWN,0
54933,,,,,,,,,,0.118,DOWN,0
54966,,,,,,,,,,0.121,DOWN,0
55000,,,,,,,,,,0.121,DOWN,0
55033,,,,,,,,,,0.121,DOWN,0
55066,,,,,,,,,,0.12,DOWN,0
55100,,,,,,,,,,0.118,DOWN,0
55133,,,,,,,,,,0.119,DOWN,0
55166,,,,,,,,,,0.12,DOWN,0
55200,,,,,,,,,,0.122,DOWN,0
55233,,,,,,,,,,0.124,DOWN,0
55266,,,,,,,,,,0.127,DOWN,0
55300,,,,,,,,,,0.128,DOWN,0
55333,,,,,,,,,,0.129,DOWN,0
55366,,,,,,,,,,0.129,DOWN,0
55400,,,,,,,,,,0.128,DOWN,0
55433,,,,,,,,,,0.126,DOWN,0
55466,,,,,,,,,,0.124,DOWN,0
55500,,,,,,,,,,0.121,DOWN,0
55533,,,,,,,,,,0.118,DOWN,0
55566,,,,,,,,,,0.115,DOWN,0
55600,,,,,,,,,,0.112,DOWN,0
55633,,,,,,,,,,0.109,DOWN,0
55666,,,,,,,,,,0.106,DOWN,0
55700,,,,,,,,,,0.104,DOWN,0
55733,,,,,,,,,,0.102,DOWN,0
55766,,,,,,,,,,0.1,DOWN,0
55800,,,,,,,,,,0.098,DOWN,0
55833,,,,,,,,,,0.098,DOWN,0
55866,,,,,,,,,,0.099,DOWN,0
55900,,,,,,,,,,0.099,DOWN,0
55933,,,,,,,,,,0.1,DOWN,0
55966,,,,,,,,,,0.1,DOWN,0
56000,,,,,,,,,,0.099,DOWN,0
56033,,,,,,,,,,0.099,DOWN,0
56066,,,,,,,,,,0.1,DOWN,0
56100,,,,,,,,,,0.101,DOWN,0
56133,,,,,,,,,,0.103,DOWN,0
56166,,,,,,,,,,0.103,DOWN,0
56200,,,,,,,,,,0.102,DOWN,0
56233,,,,,,,,,,0.101,DOWN,0
56266,,,,,,,,,,0.099,DOWN,0
56300,,,,,,,,,,0.098,DOWN,0
56333,,,,,,,,,,0.096,DOWN,0
56366,,,,,,,,,,0.095,DOWN,0
56400,,,,,,,,,,0.095,DOWN,0
56433,,,,,,,,,,0.095,DOWN,0
56466,,,,,,,,,,0.095,DOWN,0
56500,,,,,,,,,,0.094,DOWN,0
56533,,,,,,,,,,0.094,DOWN,0
56566,,,,,,,,,,0.093,DOWN,0
56600,,,,,,,,,,0.091,DOWN,0
56633,,,,,,,,,,0.091,DOWN,0
56666,,,,,,,,,,0.092,DOWN,0
56700,,,,,,,,,,0.091,DOWN,0
56733,,,,,,,,,,0.093,DOWN,0
56766,,,,,,,,,,0.093,DOWN,0
56800,,,,,,,,,,0.093,DOWN,0
56833,,,,,,,,,,0.092,DOWN,0
56866,,,,,,,,,,0.091,DOWN,0
56900,,,,,,,,,,0.088,DOWN,0
56933,,,,,,,,,,0.085,DOWN,0
56966,,,,,,,,,,0.081,DOWN,0
57000,,,,,,,,,,0.078,DOWN,0
57033,,,,,,,,,,0.075,DOWN,0
57066,,,,,,,,,,0.072,DOWN,0
57100,,,,,,,,,,0.07,DOWN,0
57133,,,,,,,,,,0.07,DOWN,0
57166,,,,,,,,,,0.069,DOWN,0
57200,,,,,,,,,,0.07,DOWN,0
57233,,,,,,,,,,0.075,DOWN,0
57266,,,,,,,,,,0.08,DOWN,0
57300,,,,,,,,,,0.084,DOWN,0
57333,,,,,,,,,,0.088,DOWN,0
57366,,,,,,,,,,0.093,DOWN,0
57400,,,,,,,,,,0.094,DOWN,0
57433,,,,,,,,,,0.095,DOWN,0
57466,,,,,,,,,,0.099,DOWN,0
57500,,,,,,,,,,0.101,DOWN,0
57533,,,,,,,,,,0.102,DOWN,0
57566,,,,,,,,,,0.103,DOWN,0
57600,,,,,,,,,,0.104,DOWN,0
57633,,,,,,,,,,0.103,DOWN,0
57666,,,,,,,,,,0.104,DOWN,0
57700,,,,,,,,,,0.106,DOWN,0
57733,,,,,,,,,,0.107,DOWN,0
57766,,,,,,,,,,0.111,DOWN,0
57800,,,,,,,,,,0.117,DOWN,0
57833,,,,,,,,,,0.126,DOWN,0
57866,,,,,,,,,,0.136,DOWN,0
57900,,,,,,,,,,0.148,DOWN,0
57933,,,,,,,,,,0.163,DOWN,0
57966,,,,,,,,,,0.176,DOWN,0
58000,,,,,,,,,,0.19,DOWN,0
58033,,,,,,,,,,0.203,DOWN,0
58066,,,,,,,,,,0.217,DOWN,0
58100,,,,,,,,,,0.229,DOWN,0
58133,,,,,,,,,,0.244,DOWN,0
58166,,,,,,,,,,0.256,DOWN,0
58200,,,,,,,,,,0.269,DOWN,0
58233,,,,,,,,,,0.275,DOWN,0
58266,,,,,,,,,,0.277,DOWN,0
58300,,,,,,,,,,0.275,DOWN,0
58333,,,,,,,,,,0.27,DOWN,0
58366,,,,,,,,,,0.263,DOWN,0
58400,,,,,,,,,,0.257,DOWN,0
58433,,,,,,,,,,0.251,DOWN,0
58466,,,,,,,,,,0.245,DOWN,0
58500,,,,,,,,,,0.237,DOWN,0
58533,,,,,,,,,,0.23,DOWN,0
58566,,,,,,,,,,0.22,DOWN,0
58600,,,,,,,,,,0.209,DOWN,0
58633,,,,,,,,,,0.199,DOWN,0
58666,,,,,,,,,,0.19,DOWN,0
58700,,,,,,,,,,0.183,DOWN,0
58733,,,,,,,,,,0.18,DOWN,0
58766,,,,,,,,,,0.178,DOWN,0
58800,,,,,,,,,,0.175,DOWN,0
58833,,,,,,,,,,0.171,DOWN,0
58866,,,,,,,,,,0.166,DOWN,0
58900,,,,,,,,,,0.161,DOWN,0
58933,,,,,,,,,,0.16,DOWN,0
58966,,,,,,,,,,0.159,DOWN,0
59000,,,,,,,,,,0.159,DOWN,0
59033,,,,,,,,,,0.16,DOWN,0
59066,,,,,,,,,,0.157,DOWN,0
59100,,,,,,,,,,0.153,DOWN,0
59133,,,,,,,,,,0.148,DOWN,0
59166,,,,,,,,,,0.142,DOWN,0
59200,,,,,,,,,,0.136,DOWN,0
59233,,,,,,,,,,0.129,DOWN,0
59266,,,,,,,,,,0.122,DOWN,0
59300,,,,,,,,,,0.115,DOWN,0
59333,,,,,,,,,,0.107,DOWN,0
59366,,,,,,,,,,0.101,DOWN,0
59400,,,,,,,,,,0.095,DOWN,0
59433,,,,,,,,,,0.09,DOWN,0
59466,,,,,,,,,,0.086,DOWN,0
59500,,,,,,,,,,0.085,DOWN,0
59533,,,,,,,,,,0.085,DOWN,0
59566,,,,,,,,,,0.085,DOWN,0
59600,,,,,,,,,,0.085,DOWN,0
59633,,,,,,,,,,0.083,DOWN,0
59666,,,,,,,,,,0.08,DOWN,0
59700,,,,,,,,,,0.078,DOWN,0
59733,,,,,,,,,,0.076,DOWN,0
59766,,,,,,,,,,0.082,DOWN,0
59800,,,,,,,,,,0.09,DOWN,0
59833,,,,,,,,,,0.101,DOWN,0
59866,,,,,,,,,,0.112,DOWN,0
59900,,,,,,,,,,0.123,DOWN,0
59933,,,,,,,,,,0.128,DOWN,0
59966,,,,,,,,,,0.129,DOWN,0
60000,,,,,,,,,,0.126,DOWN,0
60033,,,,,,,,,,0.122,DOWN,0
60066,,,,,,,,,,0.116,DOWN,0
60100,,,,,,,,,,0.109,DOWN,0
60133,,,,,,,,,,0.104,DOWN,0
60166,,,,,,,,,,0.101,DOWN,0
60200,,,,,,,,,,0.098,DOWN,0
60233,,,,,,,,,,0.096,DOWN,0
60266,,,,,,,,,,0.094,DOWN,0
60300,,,,,,,,,,0.093,DOWN,0
60333,,,,,,,,,,0.091,DOWN,0
60366,,,,,,,,,,0.09,DOWN,0
60400,,,,,,,,,,0.091,DOWN,0
60433,,,,,,,,,,0.091,DOWN,0
60466,,,,,,,,,,0.091,DOWN,0
60500,,,,,,,,,,0.092,DOWN,0
60533,,,,,,,,,,0.092,DOWN,0
60566,,,,,,,,,,0.091,DOWN,0
60600,,,,,,,,,,0.09,DOWN,0
60633,,,,,,,,,,0.09,DOWN,0
60666,,,,,,,,,,0.088,DOWN,0
60700,,,,,,,,,,0.086,DOWN,0
60733,,,,,,,,,,0.083,DOWN,0
60766,,,,,,,,,,0.081,DOWN,0
60800,,,,,,,,,,0.078,DOWN,0
60833,,,,,,,,,,0.074,DOWN,0
60866,,,,,,,,,,0.071,DOWN,0
60900,,,,,,,,,,0.069,DOWN,0
60933,,,,,,,,,,0.066,DOWN,0
60966,,,,,,,,,,0.068,DOWN,0
61000,,,,,,,,,,0.073,DOWN,0
61033,,,,,,,,,,0.08,DOWN,0
61066,,,,,,,,,,0.087,DOWN,0
61100,,,,,,,,,,0.094,DOWN,0
61133,,,,,,,,,,0.097,DOWN,0
61166,,,,,,,,,,0.078,DOWN,0
61200,,,,,,,,,,0.058,DOWN,0
61233,,,,,,,,,,0.038,DOWN,0
61266,,,,,,,,,,0.019,DOWN,0
61300,,,,,,,,,,0.0,DOWN,0
61333,,,,,,,,,,0.0,DOWN,0
61366,,,,,,,,,,0.0,DOWN,0
61400,,,,,,,,,,0.0,DOWN,0
61433,,,,,,,,,,0.0,DOWN,0
61466,,,,,,,,,,0.0,DOWN,0
61500,,,,,,,,,,0.0,DOWN,0
61533,,,,,,,,,,0.0,DOWN,0
61566,,,,,,,,,,0.0,DOWN,0
61600,,,,,,,,,,0.0,DOWN,0
61633,,,,,,,,,,0.0,DOWN,0
61666,,,,,,,,,,0.0,DOWN,0
61700,,,,,,,,,,0.0,DOWN,0
61733,,,,,,,,,,0.0,DOWN,0
61766,,,,,,,,,,0.0,DOWN,0
61800,,,,,,,,,,0.0,DOWN,0
61833,,,,,,,,,,0.0,DOWN,0
61866,,,,,,,,,,0.0,DOWN,0
61900,,,,,,,,,,0.0,DOWN,0
61933,,,,,,,,,,0.0,DOWN,0
61966,,,,,,,,,,0.0,DOWN,0
62000,,,,,,,,,,0.0,DOWN,0
62033,,,,,,,,,,0.0,DOWN,0
62066,,,,,,,,,,0.0,DOWN,0
62100,,,,,,,,,,0.0,DOWN,0
62133,,,,,,,,,,0.0,DOWN,0
62166,,,,,,,,,,0.019,DOWN,0
62200,,,,,,,,,,0.039,DOWN,0
62233,,,,,,,,,,0.061,DOWN,0
62266,,,,,,,,,,0.083,DOWN,0
62300,,,,,,,,,,0.108,DOWN,0
62333,,,,,,,,,,0.118,DOWN,0
62366,,,,,,,,,,0.132,DOWN,0
62400,,,,,,,,,,0.111,DOWN,0
62433,,,,,,,,,,0.088,DOWN,0
62466,,,,,,,,,,0.063,DOWN,0
62500,,,,,,,,,,0.034,DOWN,0
62533,,,,,,,,,,0.0,DOWN,0
62566,,,,,,,,,,0.0,DOWN,0
62600,,,,,,,,,,0.0,DOWN,0
62633,,,,,,,,,,0.0,DOWN,0
62666,,,,,,,,,,0.0,DOWN,0
62700,,,,,,,,,,0.0,DOWN,0
62733,,,,,,,,,,0.0,DOWN,0
62766,,,,,,,,,,0.0,DOWN,0
62800,,,,,,,,,,0.0,DOWN,0
62833,,,,,,,,,,0.0,DOWN,0
62866,,,,,,,,,,0.0,DOWN,0
62900,,,,,,,,,,0.0,DOWN,0
62933,,,,,,,,,,0.0,DOWN,0
62966,,,,,,,,,,0.0,DOWN,0
63000,,,,,,,,,,0.0,DOWN,0
63033,,,,,,,,,,0.0,DOWN,0
63066,,,,,,,,,,0.0,DOWN,0
63100,,,,,,,,,,0.035,DOWN,0
63133,,,,,,,,,,0.035,DOWN,0
63166,,,,,,,,,,0.035,DOWN,0
63200,,,,,,,,,,0.071,DOWN,0
63233,,,,,,,,,,0.112,DOWN,0
63266,,,,,,,,,,0.119,DOWN,0
63300,,,,,,,,,,0.162,DOWN,0
63333,,,,,,,,,,0.205,DOWN,0
63366,,,,,,,,,,0.215,DOWN,0
63400,,,,,,,,,,0.175,DOWN,0
63433,,,,,,,,,,0.133,DOWN,0
63466,,,,,,,,,,0.09,DOWN,0
63500,,,,,,,,,,0.046,DOWN,0
63533,,,,,,,,,,0.0,DOWN,0
63566,,,,,,,,,,0.0,DOWN,0
63600,,,,,,,,,,0.0,DOWN,0
63633,,,,,,,,,,0.0,DOWN,0
63666,,,,,,,,,,0.0,DOWN,0
63700,,,,,,,,,,0.0,DOWN,0
63733,,,,,,,,,,0.0,DOWN,0
63766,,,,,,,,,,0.0,DOWN,0
63800,,,,,,,,,,0.0,DOWN,0
63833,,,,,,,,,,0.0,DOWN,0
63866,,,,,,,,,,0.0,DOWN,0
63900,,,,,,,,,,0.0,DOWN,0
63933,,,,,,,,,,0.0,DOWN,0
63966,,,,,,,,,,0.0,DOWN,0
64000,,,,,,,,,,0.0,DOWN,0
64033,,,,,,,,,,0.0,DOWN,0
64066,,,,,,,,,,0.0,DOWN,0
64100,,,,,,,,,,0.0,DOWN,0
64133,,,,,,,,,,0.0,DOWN,0
64166,,,,,,,,,,0.0,DOWN,0
64200,,,,,,,,,,0.0,DOWN,0
64233,,,,,,,,,,0.0,DOWN,0
64266,,,,,,,,,,0.0,DOWN,0
64300,,,,,,,,,,0.0,DOWN,0
64333,,,,,,,,,,0.0,DOWN,0
64366,,,,,,,,,,0.0,DOWN,0
64400,,,,,,,,,,0.0,DOWN,0
64433,,,,,,,,,,0.0,DOWN,0
64466,,,,,,,,,,0.0,DOWN,0
64500,,,,,,,,,,0.0,DOWN,0
64533,,,,,,,,,,0.0,DOWN,0
64566,,,,,,,,,,0.0,DOWN,0
64600,,,,,,,,,,0.0,DOWN,0
64633,,,,,,,,,,0.0,DOWN,0
64666,,,,,,,,,,0.0,DOWN,0
64700,,,,,,,,,,0.0,DOWN,0
64733,,,,,,,,,,0.0,DOWN,0
64766,,,,,,,,,,0.0,DOWN,0
64800,,,,,,,,,,0.0,DOWN,0
64833,,,,,,,,,,0.0,DOWN,0
64866,,,,,,,,,,0.0,DOWN,0
64900,,,,,,,,,,0.0,DOWN,0
64933,,,,,,,,,,0.0,DOWN,0
64966,,,,,,,,,,0.0,DOWN,0
65000,,,,,,,,,,0.0,DOWN,0
65033,,,,,,,,,,0.0,DOWN,0
65066,,,,,,,,,,0.0,DOWN,0
65100,,,,,,,,,,0.0,DOWN,0
65133,,,,,,,,,,0.0,DOWN,0
65166,,,,,,,,,,0.0,DOWN,0
65200,,,,,,,,,,0.0,DOWN,0
65233,,,,,,,,,,0.0,DOWN,0
65266,,,,,,,,,,0.0,DOWN,0
65300,,,,,,,,,,0.0,DOWN,0
65333,,,,,,,,,,0.0,DOWN,0
65366,,,,,,,,,,0.0,DOWN,0
65400,,,,,,,,,,0.0,DOWN,0
65433,,,,,,,,,,0.0,DOWN,0
65466,,,,,,,,,,0.0,DOWN,0
65500,,,,,,,,,,0.0,DOWN,0
65533,,,,,,,,,,0.0,DOWN,0
65566,,,,,,,,,,0.0,DOWN,0
65600,,,,,,,,,,0.0,DOWN,0
65633,,,,,,,,,,0.0,DOWN,0
65666,,,,,,,,,,0.0,DOWN,0
65700,,,,,,,,,,0.0,DOWN,0
65733,,,,,,,,,,0.0,DOWN,0
65766,,,,,,,,,,0.0,DOWN,0
65800,,,,,,,,,,0.0,DOWN,0
65833,,,,,,,,,,0.0,DOWN,0
65866,,,,,,,,,,0.0,DOWN,0
65900,,,,,,,,,,0.0,DOWN,0
65933,,,,,,,,,,0.045,DOWN,0
65966,,,,,,,,,,0.045,DOWN,0
66000,,,,,,,,,,0.087,DOWN,0
66033,,,,,,,,,,0.126,DOWN,0
66066,,,,,,,,,,0.162,DOWN,0
66100,,,,,,,,,,0.15,DOWN,0
66133,,,,,,,,,,0.18,DOWN,0
66166,,,,,,,,,,0.166,DOWN,0
66200,,,,,,,,,,0.154,DOWN,0
66233,,,,,,,,,,0.145,DOWN,0
66266,,,,,,,,,,0.137,DOWN,0
66300,,,,,,,,,,0.132,DOWN,0
66333,,,,,,,,,,0.128,DOWN,0
66366,,,,,,,,,,0.125,DOWN,0
66400,,,,,,,,,,0.122,DOWN,0
66433,,,,,,,,,,0.118,DOWN,0
66466,,,,,,,,,,0.114,DOWN,0
66500,,,,,,,,,,0.11,DOWN,0
66533,,,,,,,,,,0.105,DOWN,0
66566,,,,,,,,,,0.1,DOWN,0
66600,,,,,,,,,,0.097,DOWN,0
66633,,,,,,,,,,0.094,DOWN,0
66666,,,,,,,,,,0.092,DOWN,0
66700,,,,,,,,,,0.091,DOWN,0
66733,,,,,,,,,,0.091,DOWN,0
66766,,,,,,,,,,0.091,DOWN,0
66800,,,,,,,,,,0.09,DOWN,0
66833,,,,,,,,,,0.088,DOWN,0
66866,,,,,,,,,,0.083,DOWN,0
66900,,,,,,,,,,0.079,DOWN,0
66933,,,,,,,,,,0.073,DOWN,0
66966,,,,,,,,,,0.068,DOWN,0
67000,,,,,,,,,,0.063,DOWN,0
67033,,,,,,,,,,0.059,DOWN,0
67066,,,,,,,,,,0.055,DOWN,0
67100,,,,,,,,,,0.052,DOWN,0
67133,,,,,,,,,,0.049,DOWN,0
67166,,,,,,,,,,0.047,DOWN,0
67200,,,,,,,,,,0.045,DOWN,0
67233,,,,,,,,,,0.044,DOWN,0
67266,,,,,,,,,,0.042,DOWN,0
67300,,,,,,,,,,0.041,DOWN,0
67333,,,,,,,,,,0.04,DOWN,0
67366,,,,,,,,,,0.039,DOWN,0
67400,,,,,,,,,,0.039,DOWN,0
67433,,,,,,,,,,0.04,DOWN,0
67466,,,,,,,,,,0.041,DOWN,0
67500,,,,,,,,,,0.042,DOWN,0
67533,,,,,,,,,,0.044,DOWN,0
67566,,,,,,,,,,0.046,DOWN,0
67600,,,,,,,,,,0.048,DOWN,0
67633,,,,,,,,,,0.05,DOWN,0
67666,,,,,,,,,,0.052,DOWN,0
67700,,,,,,,,,,0.054,DOWN,0
67733,,,,,,,,,,0.055,DOWN,0
67766,,,,,,,,,,0.056,DOWN,0
67800,,,,,,,,,,0.058,DOWN,0
67833,,,,,,,,,,0.061,DOWN,0
67866,,,,,,,,,,0.064,DOWN,0
67900,,,,,,,,,,0.07,DOWN,0
67933,,,,,,,,,,0.077,DOWN,0
67966,,,,,,,,,,0.088,DOWN,0
68000,,,,,,,,,,0.102,DOWN,0
68033,,,,,,,,,,0.122,DOWN,0
68066,,,,,,,,,,0.14,DOWN,0
68100,,,,,,,,,,0.155,DOWN,0
68133,,,,,,,,,,0.166,DOWN,0
68166,,,,,,,,,,0.174,DOWN,0
68200,,,,,,,,,,0.175,DOWN,0
68233,,,,,,,,,,0.172,DOWN,0
68266,,,,,,,,,,0.169,DOWN,0
68300,,,,,,,,,,0.163,DOWN,0
68333,,,,,,,,,,0.154,DOWN,0
68366,,,,,,,,,,0.146,DOWN,0
68400,,,,,,,,,,0.137,DOWN,0
68433,,,,,,,,,,0.13,DOWN,0
68466,,,,,,,,,,0.124,DOWN,0
68500,,,,,,,,,,0.119,DOWN,0
68533,,,,,,,,,,0.115,DOWN,0
68566,,,,,,,,,,0.111,DOWN,0
68600,,,,,,,,,,0.108,DOWN,0
68633,,,,,,,,,,0.106,DOWN,0
68666,,,,,,,,,,0.103,DOWN,0
68700,,,,,,,,,,0.101,DOWN,0
68733,,,,,,,,,,0.099,DOWN,0
68766,,,,,,,,,,0.098,DOWN,0
68800,,,,,,,,,,0.099,DOWN,0
68833,,,,,,,,,,0.1,DOWN,0
68866,,,,,,,,,,0.1,DOWN,0
68900,,,,,,,,,,0.102,DOWN,0
68933,,,,,,,,,,0.104,DOWN,0
68966,,,,,,,,,,0.106,DOWN,0
69000,,,,,,,,,,0.108,DOWN,0
69033,,,,,,,,,,0.11,DOWN,0
69066,,,,,,,,,,0.109,DOWN,0
69100,,,,,,,,,,0.107,DOWN,0
69133,,,,,,,,,,0.104,DOWN,0
69166,,,,,,,,,,0.099,DOWN,0
69200,,,,,,,,,,0.095,DOWN,0
69233,,,,,,,,,,0.091,DOWN,0
69266,,,,,,,,,,0.088,DOWN,0
69300,,,,,,,,,,0.085,DOWN,0
69333,,,,,,,,,,0.083,DOWN,0
69366,,,,,,,,,,0.081,DOWN,0
69400,,,,,,,,,,0.081,DOWN,0
69433,,,,,,,,,,0.08,DOWN,0
69466,,,,,,,,,,0.079,DOWN,0
69500,,,,,,,,,,0.079,DOWN,0
69533,,,,,,,,,,0.077,DOWN,0
69566,,,,,,,,,,0.075,DOWN,0
69600,,,,,,,,,,0.073,DOWN,0
69633,,,,,,,,,,0.073,DOWN,0
69666,,,,,,,,,,0.072,DOWN,0
69700,,,,,,,,,,0.072,DOWN,0
69733,,,,,,,,,,0.072,DOWN,0
69766,,,,,,,,,,0.074,DOWN,0
69800,,,,,,,,,,0.075,DOWN,0
69833,,,,,,,,,,0.077,DOWN,0
69866,,,,,,,,,,0.083,DOWN,0
69900,,,,,,,,,,0.089,DOWN,0
69933,,,,,,,,,,0.093,DOWN,0
69966,,,,,,,,,,0.099,DOWN,0
70000,,,,,,,,,,0.104,DOWN,0
70033,,,,,,,,,,0.108,DOWN,0
70066,,,,,,,,,,0.113,DOWN,0
70100,,,,,,,,,,0.116,DOWN,0
70133,,,,,,,,,,0.117,DOWN,0
70166,,,,,,,,,,0.119,DOWN,0
70200,,,,,,,,,,0.117,DOWN,0
70233,,,,,,,,,,0.118,DOWN,0
70266,,,,,,,,,,0.12,DOWN,0
70300,,,,,,,,,,0.121,DOWN,0
70333,,,,,,,,,,0.122,DOWN,0
70366,,,,,,,,,,0.123,DOWN,0
70400,,,,,,,,,,0.12,DOWN,0
70433,,,,,,,,,,0.118,DOWN,0
70466,,,,,,,,,,0.117,DOWN,0
70500,,,,,,,,,,0.117,DOWN,0
70533,,,,,,,,,,0.117,DOWN,0
70566,,,,,,,,,,0.118,DOWN,0
70600,,,,,,,,,,0.117,DOWN,0
70633,,,,,,,,,,0.118,DOWN,0
70666,,,,,,,,,,0.118,DOWN,0
70700,,,,,,,,,,0.122,DOWN,0
70733,,,,,,,,,,0.126,DOWN,0
70766,,,,,,,,,,0.129,DOWN,0
70800,,,,,,,,,,0.133,DOWN,0
70833,,,,,,,,,,0.137,DOWN,0
70866,,,,,,,,,,0.137,DOWN,0
70900,,,,,,,,,,0.137,DOWN,0
70933,,,,,,,,,,0.136,DOWN,0
70966,,,,,,,,,,0.135,DOWN,0
71000,,,,,,,,,,0.134,DOWN,0
71033,,,,,,,,,,0.134,DOWN,0
71066,,,,,,,,,,0.134,DOWN,0
71100,,,,,,,,,,0.133,DOWN,0
71133,,,,,,,,,,0.133,DOWN,0
71166,,,,,,,,,,0.13,DOWN,0
71200,,,,,,,,,,0.125,DOWN,0
71233,,,,,,,,,,0.12,DOWN,0
71266,,,,,,,,,,0.114,DOWN,0
71300,,,,,,,,,,0.107,DOWN,0
71333,,,,,,,,,,0.101,DOWN,0
71366,,,,,,,,,,0.095,DOWN,0
71400,,,,,,,,,,0.088,DOWN,0
71433,,,,,,,,,,0.083,DOWN,0
71466,,,,,,,,,,0.078,DOWN,0
71500,,,,,,,,,,0.073,DOWN,0
71533,,,,,,,,,,0.069,DOWN,0
71566,,,,,,,,,,0.065,DOWN,0
71600,,,,,,,,,,0.061,DOWN,0
71633,,,,,,,,,,0.058,DOWN,0
71666,,,,,,,,,,0.056,DOWN,0
71700,,,,,,,,,,0.054,DOWN,0
71733,,,,,,,,,,0.053,DOWN,0
71766,,,,,,,,,,0.052,DOWN,0
71800,,,,,,,,,,0.052,DOWN,0
71833,,,,,,,,,,0.05,DOWN,0
71866,,,,,,,,,,0.049,DOWN,0
71900,,,,,,,,,,0.049,DOWN,0
71933,,,,,,,,,,0.049,DOWN,0
71966,,,,,,,,,,0.05,DOWN,0
72000,,,,,,,,,,0.051,DOWN,0
72033,,,,,,,,,,0.052,DOWN,0
72066,,,,,,,,,,0.053,DOWN,0
72100,,,,,,,,,,0.054,DOWN,0
72133,,,,,,,,,,0.054,DOWN,0
72166,,,,,,,,,,0.055,DOWN,0
72200,,,,,,,,,,0.044,DOWN,0
72233,,,,,,,,,,0.045,DOWN,0
72266,,,,,,,,,,0.045,DOWN,0
72300,,,,,,,,,,0.045,DOWN,0
72333,,,,,,,,,,0.046,DOWN,0
72366,,,,,,,,,,0.057,DOWN,0
72400,,,,,,,,,,0.057,DOWN,0
72433,,,,,,,,,,0.056,DOWN,0
72466,,,,,,,,,,0.055,DOWN,0
72500,,,,,,,,,,0.053,DOWN,0
72533,,,,,,,,,,0.051,DOWN,0
72566,,,,,,,,,,0.05,DOWN,0
72600,,,,,,,,,,0.049,DOWN,0
72633,,,,,,,,,,0.047,DOWN,0
72666,,,,,,,,,,0.046,DOWN,0
72700,,,,,,,,,,0.044,DOWN,0
72733,,,,,,,,,,0.042,DOWN,0
72766,,,,,,,,,,0.041,DOWN,0
72800,,,,,,,,,,0.04,DOWN,0
72833,,,,,,,,,,0.039,DOWN,0
72866,,,,,,,,,,0.038,DOWN,0
72900,,,,,,,,,,0.037,DOWN,0
72933,,,,,,,,,,0.036,DOWN,0
72966,,,,,,,,,,0.035,DOWN,0
73000,,,,,,,,,,0.034,DOWN,0
73033,,,,,,,,,,0.033,DOWN,0
73066,,,,,,,,,,0.033,DOWN,0
73100,,,,,,,,,,0.033,DOWN,0
73133,,,,,,,,,,0.033,DOWN,0
73166,,,,,,,,,,0.033,DOWN,0
73200,,,,,,,,,,0.033,DOWN,0
73233,,,,,,,,,,0.032,DOWN,0
73266,,,,,,,,,,0.031,DOWN,0
73300,,,,,,,,,,0.03,DOWN,0
73333,,,,,,,,,,0.03,DOWN,0
73366,,,,,,,,,,0.029,DOWN,0
73400,,,,,,,,,,0.029,DOWN,0
73433,,,,,,,,,,0.029,DOWN,0
73466,,,,,,,,,,0.03,DOWN,0
73500,,,,,,,,,,0.03,DOWN,0
73533,,,,,,,,,,0.03,DOWN,0
73566,,,,,,,,,,0.03,DOWN,0
73600,,,,,,,,,,0.03,DOWN,0
73633,,,,,,,,,,0.03,DOWN,0
73666,,,,,,,,,,0.03,DOWN,0
73700,,,,,,,,,,0.03,DOWN,0
73733,,,,,,,,,,0.03,DOWN,0
73766,,,,,,,,,,0.03,DOWN,0
73800,,,,,,,,,,0.029,DOWN,0
73833,,,,,,,,,,0.029,DOWN,0
73866,,,,,,,,,,0.029,DOWN,0
73900,,,,,,,,,,0.028,DOWN,0
73933,,,,,,,,,,0.028,DOWN,0
73966,,,,,,,,,,0.028,DOWN,0
74000,,,,,,,,,,0.028,DOWN,0
74033,,,,,,,,,,0.028,DOWN,0
74066,,,,,,,,,,0.028,DOWN,0
74100,,,,,,,,,,0.028,DOWN,0
74133,,,,,,,,,,0.028,DOWN,0
74166,,,,,,,,,,0.028,DOWN,0
74200,,,,,,,,,,0.028,DOWN,0
74233,,,,,,,,,,0.029,DOWN,0
74266,,,,,,,,,,0.03,DOWN,0
74300,,,,,,,,,,0.031,DOWN,0
74333,,,,,,,,,,0.032,DOWN,0
74366,,,,,,,,,,0.032,DOWN,0
74400,,,,,,,,,,0.031,DOWN,0
74433,,,,,,,,,,0.031,DOWN,0
74466,,,,,,,,,,0.03,DOWN,0
74500,,,,,,,,,,0.031,DOWN,0
74533,,,,,,,,,,0.032,DOWN,0
74566,,,,,,,,,,0.033,DOWN,0
74600,,,,,,,,,,0.034,DOWN,0
74633,,,,,,,,,,0.034,DOWN,0
74666,,,,,,,,,,0.034,DOWN,0
74700,,,,,,,,,,0.033,DOWN,0
74733,,,,,,,,,,0.031,DOWN,0
74766,,,,,,,,,,0.03,DOWN,0
74800,,,,,,,,,,0.029,DOWN,0
74833,,,,,,,,,,0.028,DOWN,0
74866,,,,,,,,,,0.028,DOWN,0
74900,,,,,,,,,,0.027,DOWN,0
74933,,,,,,,,,,0.027,DOWN,0
74966,,,,,,,,,,0.027,DOWN,0
75000,,,,,,,,,,0.027,DOWN,0
75033,,,,,,,,,,0.027,DOWN,0
75066,,,,,,,,,,0.026,DOWN,0
75100,,,,,,,,,,0.026,DOWN,0
75133,,,,,,,,,,0.026,DOWN,0
75166,,,,,,,,,,0.026,DOWN,0
75200,,,,,,,,,,0.025,DOWN,0
75233,,,,,,,,,,0.025,DOWN,0
75266,,,,,,,,,,0.024,DOWN,0
75300,,,,,,,,,,0.023,DOWN,0
75333,,,,,,,,,,0.022,DOWN,0
75366,,,,,,,,,,0.022,DOWN,0
75400,,,,,,,,,,0.022,DOWN,0
75433,,,,,,,,,,0.023,DOWN,0
75466,,,,,,,,,,0.024,DOWN,0
75500,,,,,,,,,,0.025,DOWN,0
75533,,,,,,,,,,0.025,DOWN,0
75566,,,,,,,,,,0.025,DOWN,0
75600,,,,,,,,,,0.025,DOWN,0
75633,,,,,,,,,,0.025,DOWN,0
75666,,,,,,,,,,0.025,DOWN,0
75700,,,,,,,,,,0.025,DOWN,0
75733,,,,,,,,,,0.025,DOWN,0
75766,,,,,,,,,,0.025,DOWN,0
75800,,,,,,,,,,0.025,DOWN,0
75833,,,,,,,,,,0.024,DOWN,0
75866,,,,,,,,,,0.024,DOWN,0
75900,,,,,,,,,,0.023,DOWN,0
75933,,,,,,,,,,0.023,DOWN,0
75966,,,,,,,,,,0.023,DOWN,0
76000,,,,,,,,,,0.023,DOWN,0
76033,,,,,,,,,,0.023,DOWN,0
76066,,,,,,,,,,0.023,DOWN,0
76100,,,,,,,,,,0.023,DOWN,0
76133,,,,,,,,,,0.023,DOWN,0
76166,,,,,,,,,,0.023,DOWN,0
76200,,,,,,,,,,0.023,DOWN,0
76233,,,,,,,,,,0.023,DOWN,0
76266,,,,,,,,,,0.023,DOWN,0
76300,,,,,,,,,,0.022,DOWN,0
76333,,,,,,,,,,0.022,DOWN,0
76366,,,,,,,,,,0.022,DOWN,0
76400,,,,,,,,,,0.022,DOWN,0
76433,,,,,,,,,,0.022,DOWN,0
76466,,,,,,,,,,0.022,DOWN,0
76500,,,,,,,,,,0.024,DOWN,0
76533,,,,,,,,,,0.025,DOWN,0
76566,,,,,,,,,,0.027,DOWN,0
76600,,,,,,,,,,0.03,DOWN,0
76633,,,,,,,,,,0.033,DOWN,0
76666,,,,,,,,,,0.035,DOWN,0
76700,,,,,,,,,,0.036,DOWN,0
76733,,,,,,,,,,0.036,DOWN,0
76766,,,,,,,,,,0.036,DOWN,0
76800,,,,,,,,,,0.036,DOWN,0
76833,,,,,,,,,,0.036,DOWN,0
76866,,,,,,,,,,0.037,DOWN,0
76900,,,,,,,,,,0.038,DOWN,0
76933,,,,,,,,,,0.039,DOWN,0
76966,,,,,,,,,,0.041,DOWN,0
77000,,,,,,,,,,0.042,DOWN,0
77033,,,,,,,,,,0.043,DOWN,0
77066,,,,,,,,,,0.043,DOWN,0
77100,,,,,,,,,,0.043,DOWN,0
77133,,,,,,,,,,0.042,DOWN,0
77166,,,,,,,,,,0.041,DOWN,0
77200,,,,,,,,,,0.04,DOWN,0
77233,,,,,,,,,,0.039,DOWN,0
77266,,,,,,,,,,0.038,DOWN,0
77300,,,,,,,,,,0.036,DOWN,0
77333,,,,,,,,,,0.035,DOWN,0
77366,,,,,,,,,,0.033,DOWN,0
77400,,,,,,,,,,0.032,DOWN,0
77433,,,,,,,,,,0.03,DOWN,0
77466,,,,,,,,,,0.029,DOWN,0
77500,,,,,,,,,,0.028,DOWN,0
77533,,,,,,,,,,0.027,DOWN,0
77566,,,,,,,,,,0.027,DOWN,0
77600,,,,,,,,,,0.027,DOWN,0
77633,,,,,,,,,,0.028,DOWN,0
77666,,,,,,,,,,0.029,DOWN,0
77700,,,,,,,,,,0.031,DOWN,0
77733,,,,,,,,,,0.032,DOWN,0
77766,,,,,,,,,,0.033,DOWN,0
77800,,,,,,,,,,0.034,DOWN,0
77833,,,,,,,,,,0.034,DOWN,0
77866,,,,,,,,,,0.034,DOWN,0
77900,,,,,,,,,,0.033,DOWN,0
77933,,,,,,,,,,0.033,DOWN,0
77966,,,,,,,,,,0.032,DOWN,0
78000,,,,,,,,,,0.031,DOWN,0
78033,,,,,,,,,,0.031,DOWN,0
78066,,,,,,,,,,0.031,DOWN,0
78100,,,,,,,,,,0.03,DOWN,0
78133,,,,,,,,,,0.03,DOWN,0
78166,,,,,,,,,,0.03,DOWN,0
78200,,,,,,,,,,0.029,DOWN,0
78233,,,,,,,,,,0.029,DOWN,0
78266,,,,,,,,,,0.028,DOWN,0
78300,,,,,,,,,,0.027,DOWN,0
78333,,,,,,,,,,0.027,DOWN,0
78366,,,,,,,,,,0.027,DOWN,0
78400,,,,,,,,,,0.026,DOWN,0
78433,,,,,,,,,,0.026,DOWN,0
78466,,,,,,,,,,0.026,DOWN,0
78500,,,,,,,,,,0.025,DOWN,0
78533,,,,,,,,,,0.025,DOWN,0
78566,,,,,,,,,,0.025,DOWN,0
78600,,,,,,,,,,0.025,DOWN,0
78633,,,,,,,,,,0.025,DOWN,0
78666,,,,,,,,,,0.028,DOWN,0
78700,,,,,,,,,,0.031,DOWN,0
78733,,,,,,,,,,0.034,DOWN,0
78766,,,,,,,,,,0.038,DOWN,0
78800,,,,,,,,,,0.043,DOWN,0
78833,,,,,,,,,,0.046,DOWN,0
78866,,,,,,,,,,0.05,DOWN,0
78900,,,,,,,,,,0.054,DOWN,0
78933,,,,,,,,,,0.056,DOWN,0
78966,,,,,,,,,,0.058,DOWN,0
79000,,,,,,,,,,0.06,DOWN,0
79033,,,,,,,,,,0.061,DOWN,0
79066,,,,,,,,,,0.061,DOWN,0
79100,,,,,,,,,,0.06,DOWN,0
79133,,,,,,,,,,0.059,DOWN,0
79166,,,,,,,,,,0.058,DOWN,0
79200,,,,,,,,,,0.057,DOWN,0
79233,,,,,,,,,,0.057,DOWN,0
79266,,,,,,,,,,0.057,DOWN,0
79300,,,,,,,,,,0.045,DOWN,0
79333,,,,,,,,,,0.034,DOWN,0
79366,,,,,,,,,,0.022,DOWN,0
79400,,,,,,,,,,0.011,DOWN,0
79433,,,,,,,,,,0.0,DOWN,0
79466,,,,,,,,,,0.0,DOWN,0
79500,,,,,,,,,,0.0,DOWN,0
79533,,,,,,,,,,0.0,DOWN,0
79566,,,,,,,,,,0.0,DOWN,0
79600,,,,,,,,,,0.0,DOWN,0
79633,,,,,,,,,,0.0,DOWN,0
79666,,,,,,,,,,0.0,DOWN,0
79700,,,,,,,,,,0.0,DOWN,0
79733,,,,,,,,,,0.0,DOWN,0
79766,,,,,,,,,,0.02,DOWN,0
79800,,,,,,,,,,0.052,DOWN,0
79833,,,,,,,,,,0.085,DOWN,0
79866,,,,,,,,,,0.121,DOWN,0
79900,,,,,,,,,,0.154,DOWN,0
79933,,,,,,,,,,0.135,DOWN,0
79966,,,,,,,,,,0.103,DOWN,0
80000,,,,,,,,,,0.069,DOWN,0
80033,,,,,,,,,,0.034,DOWN,0
80066,,,,,,,,,,0.0,DOWN,0
80100,,,,,,,,,,0.0,DOWN,0
80133,,,,,,,,,,0.0,DOWN,0
80166,,,,,,,,,,0.035,DOWN,0
80200,,,,,,,,,,0.067,DOWN,0
80233,,,,,,,,,,0.097,DOWN,0
80266,,,,,,,,,,0.125,DOWN,0
80300,,,,,,,,,,0.151,DOWN,0
80333,,,,,,,,,,0.141,DOWN,0
80366,,,,,,,,,,0.134,DOWN,0
80400,,,,,,,,,,0.128,DOWN,0
80433,,,,,,,,,,0.123,DOWN,0
80466,,,,,,,,,,0.119,DOWN,0
80500,,,,,,,,,,0.117,DOWN,0
80533,,,,,,,,,,0.114,DOWN,0
80566,,,,,,,,,,0.114,DOWN,0
80600,,,,,,,,,,0.118,DOWN,0
80633,,,,,,,,,,0.124,DOWN,0
80666,,,,,,,,,,0.131,DOWN,0
80700,,,,,,,,,,0.139,DOWN,0
80733,,,,,,,,,,0.146,DOWN,0
80766,,,,,,,,,,0.15,DOWN,0
80800,,,,,,,,,,0.152,DOWN,0
80833,,,,,,,,,,0.154,DOWN,0
80866,,,,,,,,,,0.155,DOWN,0
80900,,,,,,,,,,0.153,DOWN,0
80933,,,,,,,,,,0.15,DOWN,0
80966,,,,,,,,,,0.146,DOWN,0
81000,,,,,,,,,,0.143,DOWN,0
81033,,,,,,,,,,0.139,DOWN,0
81066,,,,,,,,,,0.137,DOWN,0
81100,,,,,,,,,,0.136,DOWN,0
81133,,,,,,,,,,0.137,DOWN,0
81166,,,,,,,,,,0.136,DOWN,0
81200,,,,,,,,,,0.136,DOWN,0
81233,,,,,,,,,,0.134,DOWN,0
81266,,,,,,,,,,0.131,DOWN,0
81300,,,,,,,,,,0.128,DOWN,0
81333,,,,,,,,,,0.124,DOWN,0
81366,,,,,,,,,,0.121,DOWN,0
81400,,,,,,,,,,0.118,DOWN,0
81433,,,,,,,,,,0.115,DOWN,0
81466,,,,,,,,,,0.113,DOWN,0
81500,,,,,,,,,,0.111,DOWN,0
81533,,,,,,,,,,0.113,DOWN,0
81566,,,,,,,,,,0.116,DOWN,0
81600,,,,,,,,,,0.118,DOWN,0
81633,,,,,,,,,,0.121,DOWN,0
81666,,,,,,,,,,0.124,DOWN,0
81700,,,,,,,,,,0.124,DOWN,0
81733,,,,,,,,,,0.124,DOWN,0
81766,,,,,,,,,,0.123,DOWN,0
81800,,,,,,,,,,0.123,DOWN,0
81833,,,,,,,,,,0.124,DOWN,0
81866,,,,,,,,,,0.127,DOWN,0
81900,,,,,,,,,,0.133,DOWN,0
81933,,,,,,,,,,0.142,DOWN,0
81966,,,,,,,,,,0.152,DOWN,0
82000,,,,,,,,,,0.16,DOWN,0
82033,,,,,,,,,,0.167,DOWN,0
82066,,,,,,,,,,0.17,DOWN,0
82100,,,,,,,,,,0.169,DOWN,0
82133,,,,,,,,,,0.167,DOWN,0
82166,,,,,,,,,,0.163,DOWN,0
82200,,,,,,,,,,0.159,DOWN,0
82233,,,,,,,,,,0.156,DOWN,0
82266,,,,,,,,,,0.159,DOWN,0
82300,,,,,,,,,,0.165,DOWN,0
82333,,,,,,,,,,0.176,DOWN,0
82366,,,,,,,,,,0.192,DOWN,0
82400,,,,,,,,,,0.211,DOWN,0
82433,,,,,,,,,,0.227,DOWN,0
82466,,,,,,,,,,0.244,DOWN,0
82500,,,,,,,,,,0.258,DOWN,0
82533,,,,,,,,,,0.268,DOWN,0
82566,,,,,,,,,,0.273,DOWN,0
82600,,,,,,,,,,0.276,DOWN,0
82633,,,,,,,,,,0.277,DOWN,0
82666,,,,,,,,,,0.279,DOWN,0
82700,,,,,,,,,,0.281,DOWN,0
82733,,,,,,,,,,0.288,DOWN,0
82766,,,,,,,,,,0.299,DOWN,0
82800,,,,,,,,,,0.31,DOWN,0
82833,,,,,,,,,,0.322,DOWN,0
82866,,,,,,,,,,0.337,DOWN,0
82900,,,,,,,,,,0.351,DOWN,0
82933,,,,,,,,,,0.363,DOWN,0
82966,,,,,,,,,,0.375,DOWN,0
83000,,,,,,,,,,0.384,DOWN,0
83033,,,,,,,,,,0.39,DOWN,0
83066,,,,,,,,,,0.393,DOWN,0
83100,,,,,,,,,,0.396,DOWN,0
83133,,,,,,,,,,0.4,DOWN,0
83166,,,,,,,,,,0.403,DOWN,0
83200,,,,,,,,,,0.41,DOWN,0
83233,,,,,,,,,,0.417,DOWN,0
83266,,,,,,,,,,0.424,DOWN,0
83300,,,,,,,,,,0.426,DOWN,0
83333,,,,,,,,,,0.428,DOWN,0
83366,,,,,,,,,,0.423,DOWN,0
83400,,,,,,,,,,0.414,DOWN,0
83433,,,,,,,,,,0.402,DOWN,0
83466,,,,,,,,,,0.39,DOWN,0
83500,,,,,,,,,,0.382,DOWN,0
83533,,,,,,,,,,0.379,DOWN,0
83566,,,,,,,,,,0.38,DOWN,0
83600,,,,,,,,,,0.385,DOWN,0
83633,,,,,,,,,,0.393,DOWN,0
83666,,,,,,,,,,0.4,DOWN,0
83700,,,,,,,,,,0.407,DOWN,0
83733,,,,,,,,,,0.414,DOWN,0
83766,,,,,,,,,,0.42,DOWN,0
83800,,,,,,,,,,0.423,DOWN,0
83833,,,,,,,,,,0.424,DOWN,0
83866,,,,,,,,,,0.418,DOWN,0
83900,,,,,,,,,,0.413,DOWN,0
83933,,,,,,,,,,0.408,DOWN,0
83966,,,,,,,,,,0.404,DOWN,0
84000,,,,,,,,,,0.401,DOWN,0
84033,,,,,,,,,,0.4,DOWN,0
84066,,,,,,,,,,0.396,DOWN,0
84100,,,,,,,,,,0.389,DOWN,0
84133,,,,,,,,,,0.386,DOWN,0
84166,,,,,,,,,,0.384,DOWN,0
84200,,,,,,,,,,0.382,DOWN,0
84233,,,,,,,,,,0.381,DOWN,0
84266,,,,,,,,,,0.381,DOWN,0
84300,,,,,,,,,,0.378,DOWN,0
84333,,,,,,,,,,0.375,DOWN,0
84366,,,,,,,,,,0.375,DOWN,0
84400,,,,,,,,,,0.378,DOWN,0
84433,,,,,,,,,,0.384,DOWN,0
84466,,,,,,,,,,0.391,DOWN,0
84500,,,,,,,,,,0.399,DOWN,0
84533,,,,,,,,,,0.408,DOWN,0
84566,,,,,,,,,,0.418,DOWN,0
84600,,,,,,,,,,0.427,DOWN,0
84633,,,,,,,,,,0.437,DOWN,0
84666,,,,,,,,,,0.443,DOWN,0
84700,,,,,,,,,,0.446,DOWN,0
84733,,,,,,,,,,0.444,DOWN,0
84766,,,,,,,,,,0.438,DOWN,0
84800,,,,,,,,,,0.431,DOWN,0
84833,,,,,,,,,,0.426,DOWN,0
84866,,,,,,,,,,0.422,DOWN,0
84900,,,,,,,,,,0.418,DOWN,0
84933,,,,,,,,,,0.416,DOWN,0
84966,,,,,,,,,,0.414,DOWN,0
85000,,,,,,,,,,0.412,DOWN,0
85033,,,,,,,,,,0.408,DOWN,0
85066,,,,,,,,,,0.41,DOWN,0
85100,,,,,,,,,,0.411,DOWN,0
85133,,,,,,,,,,0.413,DOWN,0
85166,,,,,,,,,,0.418,DOWN,0
85200,,,,,,,,,,0.425,DOWN,0
85233,,,,,,,,,,0.43,DOWN,0
85266,,,,,,,,,,0.433,DOWN,0
85300,,,,,,,,,,0.431,DOWN,0
85333,,,,,,,,,,0.431,DOWN,0
85366,,,,,,,,,,0.43,DOWN,0
85400,,,,,,,,,,0.432,DOWN,0
85433,,,,,,,,,,0.437,DOWN,0
85466,,,,,,,,,,0.449,DOWN,0
85500,,,,,,,,,,0.463,DOWN,0
85533,,,,,,,,,,0.478,DOWN,0
85566,,,,,,,,,,0.493,DOWN,0
85600,175.3,177.9,176.6,160.7,174.3,173.3,173.8,157.5,4.7,0.508,DOWN,0
85633,176.1,179.0,177.5,164.3,174.2,173.9,174.0,161.2,4.9,0.52,DOWN,0
85666,176.7,179.7,178.2,174.7,173.9,173.4,173.7,171.2,5.0,0.529,DOWN,0
85700,177.0,179.9,178.4,177.3,173.8,172.9,173.4,173.2,5.0,0.536,DOWN,0
85733,177.1,179.7,178.4,177.8,173.8,173.2,173.5,173.7,5.3,0.542,UP,0
85766,177.0,179.9,178.5,178.2,173.9,172.7,173.3,173.6,5.2,0.546,UP,0
85800,177.8,179.9,178.8,178.5,174.2,172.3,173.2,173.4,5.0,0.55,UP,0
85833,178.2,179.1,178.6,178.6,174.5,172.7,173.6,173.4,5.1,0.556,UP,0
85866,178.8,178.6,178.7,178.6,174.5,172.3,173.4,173.4,5.1,0.56,UP,0
85900,179.4,177.8,178.6,178.6,174.5,172.3,173.4,173.4,5.0,0.564,UP,0
85933,178.5,177.7,178.1,178.6,174.4,172.3,173.3,173.4,5.1,0.569,UP,0
85966,178.4,178.0,178.2,178.4,174.8,172.2,173.5,173.4,5.1,0.573,UP,0
86000,178.1,177.7,177.9,178.3,174.8,172.3,173.5,173.4,5.1,0.582,UP,0
86033,178.3,177.5,177.9,178.1,174.8,172.1,173.5,173.5,5.1,0.594,UP,0
86066,179.0,177.3,178.1,178.0,174.4,172.0,173.2,173.4,5.1,0.608,UP,0
86100,178.9,177.2,178.0,178.0,174.5,172.1,173.3,173.4,5.0,0.621,UP,0
86133,178.8,177.5,178.1,178.0,174.7,172.3,173.5,173.4,4.7,0.633,UP,0
86166,179.9,177.9,178.9,178.2,174.7,172.7,173.7,173.4,4.6,0.64,UP,0
86200,179.3,178.0,178.7,178.4,174.0,172.9,173.5,173.4,4.2,0.641,UP,0
86233,179.5,177.4,178.4,178.4,173.9,173.0,173.5,173.5,4.1,0.637,UP,0
86266,179.3,177.5,178.4,178.5,173.2,173.5,173.4,173.5,4.1,0.632,UP,0
86300,179.8,177.5,178.6,178.6,173.9,173.3,173.6,173.5,3.6,0.628,UP,0
86333,179.5,178.3,178.9,178.6,173.6,174.2,173.9,173.6,3.4,0.623,UP,0
86366,179.3,178.4,178.8,178.7,174.1,173.8,174.0,173.7,2.8,0.621,UP,0
86400,179.9,178.2,179.0,178.8,173.6,174.1,173.8,173.7,2.8,0.619,UP,0
86433,179.6,178.1,178.8,178.9,173.7,174.1,173.9,173.8,2.5,0.618,UP,0
86466,179.7,177.2,178.5,178.8,173.9,174.1,174.0,173.9,2.5,0.615,UP,0
86500,179.9,177.5,178.7,178.8,173.9,174.0,173.9,173.9,2.3,0.611,UP,0
86533,179.7,177.8,178.7,178.8,172.9,175.1,174.0,173.9,2.7,0.601,UP,0
86566,178.2,178.1,178.1,178.6,171.7,175.6,173.6,173.9,3.0,0.592,UP,0
86600,177.5,178.1,177.8,178.4,171.2,175.4,173.3,173.8,3.0,0.583,UP,0
86633,177.0,178.8,177.9,178.3,171.5,175.7,173.6,173.7,2.8,0.576,UP,0
86666,177.9,178.7,178.3,178.2,171.2,175.5,173.4,173.6,2.8,0.573,UP,0
86700,179.1,178.1,178.6,178.2,171.3,175.4,173.3,173.4,2.8,0.572,UP,0
86733,179.9,178.4,179.2,178.4,170.9,175.3,173.1,173.3,2.8,0.573,UP,0
86766,179.2,177.9,178.5,178.5,171.7,174.8,173.2,173.3,2.7,0.574,UP,0
86800,177.2,177.6,177.4,178.4,172.5,174.4,173.4,173.3,2.7,0.578,UP,0
86833,177.9,177.3,177.6,178.3,171.8,174.0,172.9,173.2,2.8,0.581,UP,0
86866,177.7,176.8,177.3,178.0,172.8,173.2,173.0,173.1,2.7,0.584,UP,0
86900,177.1,178.3,177.7,177.7,172.9,173.2,173.1,173.1,2.7,0.589,UP,0
86933,177.1,178.4,177.7,177.5,173.3,173.3,173.3,173.1,2.6,0.596,UP,0
86966,177.0,179.3,178.1,177.7,173.4,172.8,173.1,173.1,2.6,0.599,UP,0
87000,176.8,179.2,178.0,177.8,174.7,172.0,173.4,173.2,2.5,0.602,UP,0
87033,178.4,180.0,179.2,178.2,174.1,172.1,173.1,173.2,2.6,0.607,UP,0
87066,178.2,179.8,179.0,178.4,174.2,171.3,172.7,173.1,2.2,0.61,UP,0
87100,176.9,179.2,178.0,178.5,175.0,171.6,173.3,173.1,2.4,0.611,UP,0
87133,176.6,179.9,178.3,178.5,175.2,170.9,173.1,173.1,2.4,0.612,UP,0
87166,176.7,179.6,178.1,178.5,175.7,170.6,173.2,173.1,2.1,0.615,UP,0
87200,176.2,180.0,178.1,178.3,175.8,169.8,172.8,173.0,2.0,0.617,UP,0
87233,174.5,179.6,177.0,177.9,176.0,169.3,172.6,173.0,1.9,0.621,UP,0
87266,176.8,179.6,178.2,177.9,175.4,168.5,172.0,172.7,1.7,0.626,UP,0
87300,176.3,179.0,177.7,177.8,175.1,167.9,171.5,172.4,1.5,0.629,UP,0
87333,175.0,178.9,177.0,177.6,174.9,168.1,171.5,172.1,1.7,0.631,UP,0
87366,173.2,177.1,175.2,177.0,174.3,167.9,171.1,171.7,1.6,0.633,UP,0
87400,174.4,176.7,175.5,176.7,174.2,167.7,171.0,171.4,1.6,0.638,UP,0
87433,173.5,177.5,175.5,176.2,174.7,167.8,171.3,171.3,1.2,0.641,UP,0
87466,176.2,171.5,173.9,175.4,173.7,167.5,170.6,171.1,0.4,0.643,UP,0
87500,176.5,177.4,176.9,175.4,172.7,167.3,170.0,170.8,0.3,0.643,UP,0
87533,175.8,177.9,176.8,175.7,173.6,167.6,170.6,170.7,0.2,0.647,UP,0
87566,168.9,176.5,172.7,175.1,175.1,167.2,171.1,170.7,0.1,0.648,UP,0
87600,175.7,177.5,176.6,175.4,173.9,168.9,171.4,170.8,0.1,0.648,UP,0
87633,178.9,176.3,177.6,176.1,172.6,170.9,171.7,171.0,0.8,0.65,UP,0
87666,179.2,177.6,178.4,176.4,173.1,172.4,172.8,171.5,0.9,0.65,UP,0
87700,178.2,178.1,178.1,176.7,173.3,172.6,173.0,172.0,0.6,0.647,UP,0
87733,177.5,178.5,178.0,177.8,171.7,173.0,172.3,172.2,0.6,0.644,UP,0
87766,179.5,177.0,178.2,178.1,171.8,172.5,172.2,172.4,0.5,0.643,UP,0
87800,179.8,176.6,178.2,178.2,171.7,172.5,172.1,172.5,0.4,0.645,UP,0
87833,178.6,175.7,177.1,177.9,171.9,172.2,172.1,172.3,0.1,0.649,UP,0
87866,178.0,175.8,176.9,177.7,172.1,172.5,172.3,172.2,0.2,0.651,UP,0
87900,177.1,175.5,176.3,177.3,172.8,172.3,172.6,172.2,0.2,0.649,UP,0
87933,178.7,175.5,177.1,177.1,172.9,172.4,172.7,172.3,0.2,0.641,UP,0
87966,179.4,176.5,177.9,177.1,173.3,172.5,172.9,172.5,0.3,0.625,UP,0
88000,177.2,177.6,177.4,177.1,173.7,172.6,173.1,172.7,0.5,0.607,UP,0
88033,178.4,176.8,177.6,177.3,173.8,172.4,173.1,172.9,0.7,0.587,UP,0
88066,177.3,176.2,176.7,177.3,172.6,171.8,172.2,172.8,0.5,0.572,UP,0
88100,178.2,174.4,176.3,177.2,173.2,170.7,172.0,172.7,0.7,0.559,UP,0
88133,178.0,173.8,175.9,176.8,174.9,169.5,172.2,172.5,0.4,0.552,UP,0
88166,165.7,176.0,170.8,175.5,170.4,169.8,170.1,171.9,0.7,0.551,UP,0
88200,171.5,176.1,173.8,174.7,169.8,169.2,169.5,171.2,0.6,0.559,UP,0
88233,174.6,177.9,176.3,174.6,169.3,168.8,169.1,170.6,0.5,0.571,UP,0
88266,175.4,179.5,177.5,174.9,170.8,169.2,170.0,170.2,0.4,0.589,UP,0
88300,174.4,179.2,176.8,175.0,171.3,169.5,170.4,169.8,0.5,0.61,UP,0
88333,174.9,177.8,176.3,176.1,172.0,169.8,170.9,170.0,0.3,0.63,UP,0
88366,174.7,177.6,176.2,176.6,171.9,169.2,170.6,170.2,0.3,0.646,UP,0
88400,176.4,179.6,178.0,177.0,171.4,168.5,170.0,170.4,0.1,0.655,UP,0
88433,175.7,179.6,177.6,177.0,172.2,168.1,170.1,170.4,0.1,0.663,UP,0
88466,175.2,179.2,177.2,177.1,173.2,167.6,170.4,170.4,0.1,0.666,UP,0
88500,178.4,178.8,178.6,177.5,170.9,166.6,168.8,170.0,0.4,0.671,UP,0
88533,172.2,179.1,175.6,177.4,169.9,166.7,168.3,169.5,0.3,0.674,UP,0
88566,174.4,179.3,176.9,177.2,172.0,166.9,169.5,169.4,0.2,0.68,UP,0
88600,173.0,179.7,176.3,176.9,173.9,167.0,170.5,169.5,0.2,0.687,UP,0
88633,172.8,179.4,176.1,176.7,174.7,167.4,171.1,169.6,0.1,0.698,UP,0
88666,174.4,179.1,176.7,176.3,173.8,167.3,170.6,170.0,0.0,0.707,UP,0
88700,176.8,179.7,178.3,176.9,172.8,168.3,170.6,170.4,0.4,0.715,UP,0
88733,175.1,179.1,177.1,176.9,172.0,169.2,170.6,170.7,0.8,0.726,UP,0
88766,176.9,178.6,177.8,177.2,172.1,168.9,170.5,170.7,0.8,0.734,UP,0
88800,174.9,177.5,176.2,177.2,172.2,168.5,170.4,170.5,0.7,0.741,UP,0
88833,174.9,176.4,175.6,177.0,172.2,167.8,170.0,170.4,0.6,0.75,UP,0
88866,174.2,176.3,175.2,176.4,171.4,167.6,169.5,170.2,0.6,0.759,UP,0
88900,167.2,177.1,172.2,175.4,169.4,168.7,169.1,169.9,1.2,0.768,UP,0
88933,169.2,177.2,173.2,174.5,168.9,170.3,169.6,169.7,1.3,0.775,UP,0
88966,171.4,177.3,174.4,174.1,168.0,171.6,169.8,169.6,1.5,0.78,UP,0
89000,173.0,176.9,175.0,174.0,168.6,171.3,170.0,169.6,1.3,0.781,UP,0
89033,171.7,176.2,174.0,173.7,168.6,170.9,169.7,169.6,1.2,0.779,UP,0
89066,171.6,176.3,174.0,174.1,168.4,170.7,169.6,169.7,1.0,0.776,UP,0
89100,170.6,176.3,173.4,174.1,167.7,170.6,169.1,169.6,1.0,0.772,UP,0
89133,172.8,175.9,174.4,174.1,167.1,170.4,168.8,169.4,1.1,0.767,UP,0
89166,178.4,175.7,177.1,174.6,168.1,170.6,169.4,169.3,1.0,0.762,UP,0
89200,177.8,177.7,177.7,175.3,169.2,171.6,170.4,169.4,1.0,0.757,UP,0
89233,176.8,176.6,176.7,175.9,169.9,172.0,170.9,169.7,1.2,0.752,UP,0
89266,177.1,177.1,177.1,176.6,171.2,171.0,171.1,170.1,1.2,0.745,UP,0
89300,174.1,177.3,175.7,176.9,172.6,169.8,171.2,170.6,0.7,0.741,UP,0
89333,175.9,177.6,176.8,176.8,173.0,168.8,170.9,170.9,0.6,0.737,UP,0
89366,176.7,178.3,177.5,176.8,172.3,168.4,170.3,170.9,0.6,0.736,UP,0
89400,176.2,173.8,175.0,176.4,173.4,166.9,170.2,170.7,0.9,0.731,UP,0
89433,165.6,175.3,170.4,175.1,169.1,164.6,166.9,169.9,0.5,0.73,UP,0
89466,170.3,174.5,172.4,174.4,168.3,162.7,165.5,168.8,0.3,0.732,UP,0
89500,172.5,173.1,172.8,173.6,167.4,162.2,164.8,167.5,0.5,0.736,UP,0
89533,163.0,170.4,166.7,171.5,163.8,161.2,162.5,166.0,0.9,0.741,UP,0
89566,166.5,172.2,169.3,170.3,165.8,161.3,163.6,164.7,0.7,0.751,UP,0
89600,168.4,173.6,171.0,170.4,166.5,161.6,164.0,164.1,0.8,0.757,UP,0
89633,164.4,175.8,170.1,170.0,166.6,161.6,164.1,163.8,0.7,0.761,UP,0
89666,158.0,175.5,166.7,168.8,163.6,161.5,162.6,163.4,0.6,0.762,UP,0
89700,178.2,175.8,177.0,170.8,166.1,161.8,164.0,163.7,0.0,0.761,UP,0
89733,178.6,177.3,177.9,172.6,172.0,163.8,167.9,164.5,0.0,0.757,UP,0
89766,177.4,174.6,176.0,173.6,171.2,163.9,167.6,165.2,0.2,0.756,UP,0
89800,176.8,175.0,175.9,174.7,171.7,165.4,168.6,166.1,0.2,0.753,UP,0
89833,177.2,173.7,175.5,176.5,169.1,166.0,167.6,167.1,0.3,0.745,UP,0
89866,177.8,177.5,177.7,176.6,167.4,167.1,167.2,167.8,0.2,0.74,UP,0
89900,178.4,179.3,178.8,176.8,167.7,166.2,167.0,167.6,0.0,0.731,UP,0
89933,179.0,179.9,179.4,177.5,167.9,164.5,166.2,167.3,0.2,0.715,UP,0
89966,175.8,176.9,176.3,177.5,167.3,164.1,165.7,166.7,0.1,0.695,UP,0
90000,174.4,179.3,176.9,177.8,168.5,163.4,165.9,166.4,0.0,0.676,UP,0
90033,173.0,176.5,174.7,177.2,168.8,163.6,166.2,166.2,0.0,0.655,UP,0
90066,178.9,172.6,175.7,176.6,170.2,163.6,166.9,166.2,0.1,0.637,UP,0
90100,175.2,168.8,172.0,175.1,170.4,165.7,168.1,166.6,0.2,0.619,UP,0
90133,177.5,171.6,174.5,174.8,168.9,166.3,167.6,166.9,0.3,0.609,UP,0
90166,176.6,174.9,175.8,174.5,168.6,168.0,168.3,167.4,0.3,0.603,UP,0
90200,173.7,176.0,174.8,174.6,168.2,168.2,168.2,167.8,0.4,0.601,UP,0
90233,174.0,175.9,174.9,174.4,167.7,168.2,168.0,168.0,0.4,0.603,UP,0
90266,174.5,175.6,175.0,175.0,167.1,167.6,167.4,167.9,0.3,0.614,UP,0
90300,171.7,176.0,173.8,174.9,166.9,167.3,167.1,167.8,0.3,0.625,UP,0
90333,171.9,176.0,174.0,174.5,167.4,166.7,167.1,167.5,0.0,0.638,UP,0
90366,169.1,174.9,172.0,174.0,168.1,166.4,167.2,167.4,0.0,0.648,UP,0
90400,169.6,174.1,171.8,173.3,168.5,165.9,167.2,167.2,0.1,0.655,UP,0
90433,170.7,176.9,173.8,173.1,167.9,165.1,166.5,167.0,0.0,0.657,UP,0
90466,171.7,177.5,174.6,173.2,167.7,164.9,166.3,166.9,0.1,0.658,UP,0
90500,174.6,176.7,175.7,173.6,167.1,164.8,166.0,166.6,0.2,0.655,UP,0
90533,179.0,175.8,177.4,174.7,166.9,164.6,165.7,166.3,0.3,0.651,UP,0
90566,176.0,175.2,175.6,175.4,165.3,164.4,164.8,165.9,0.3,0.648,UP,0
90600,179.1,175.1,177.1,176.1,164.9,164.3,164.6,165.5,0.2,0.644,UP,0
90633,178.3,176.3,177.3,176.6,164.9,164.6,164.8,165.2,0.2,0.634,UP,0
90666,169.7,176.0,172.8,176.0,165.1,164.6,164.9,165.0,0.1,0.616,UP,0
90700,171.1,175.6,173.4,175.2,165.5,164.4,165.0,164.8,0.3,0.591,UP,0
90733,172.2,176.3,174.3,175.0,166.0,164.8,165.4,164.9,0.4,0.56,UP,0
90766,170.7,176.8,173.7,174.3,166.4,164.8,165.6,165.1,0.5,0.526,UP,0
90800,,,,,,,,,,0.491,UP,0
90833,,,,,,,,,,0.463,UP,0
90866,,,,,,,,,,0.442,UP,0
90900,,,,,,,,,,0.424,UP,0
90933,,,,,,,,,,0.409,UP,0
90966,,,,,,,,,,0.397,UP,0
91000,,,,,,,,,,0.388,UP,0
91033,,,,,,,,,,0.382,UP,0
91066,,,,,,,,,,0.378,UP,0
91100,,,,,,,,,,0.375,UP,0
91133,,,,,,,,,,0.372,UP,0
91166,,,,,,,,,,0.371,UP,0
91200,,,,,,,,,,0.365,UP,0
91233,,,,,,,,,,0.359,UP,0
91266,,,,,,,,,,0.353,UP,0
91300,,,,,,,,,,0.349,UP,0
91333,,,,,,,,,,0.344,UP,0
91366,,,,,,,,,,0.341,UP,0
91400,,,,,,,,,,0.335,UP,0
91433,,,,,,,,,,0.326,UP,0
91466,,,,,,,,,,0.311,UP,0
91500,,,,,,,,,,0.293,UP,0
91533,,,,,,,,,,0.274,UP,0
91566,,,,,,,,,,0.255,UP,0
91600,,,,,,,,,,0.238,UP,0
91633,,,,,,,,,,0.224,UP,0
91666,,,,,,,,,,0.213,UP,0
91700,,,,,,,,,,0.203,UP,0
91733,,,,,,,,,,0.198,UP,0
91766,,,,,,,,,,0.194,UP,0
91800,,,,,,,,,,0.192,UP,0
91833,,,,,,,,,,0.19,UP,0
91866,,,,,,,,,,0.189,UP,0
91900,,,,,,,,,,0.189,UP,0
91933,,,,,,,,,,0.189,UP,0
91966,,,,,,,,,,0.188,UP,0
92000,,,,,,,,,,0.186,UP,0
92033,,,,,,,,,,0.184,UP,0
92066,,,,,,,,,,0.18,UP,0
92100,,,,,,,,,,0.176,UP,0
92133,,,,,,,,,,0.175,UP,0
92166,,,,,,,,,,0.173,UP,0
92200,,,,,,,,,,0.172,UP,0
92233,,,,,,,,,,0.173,UP,0
92266,,,,,,,,,,0.174,UP,0
92300,,,,,,,,,,0.175,UP,0
92333,,,,,,,,,,0.176,UP,0
92366,,,,,,,,,,0.185,UP,0
92400,,,,,,,,,,0.198,UP,0
92433,,,,,,,,,,0.21,UP,0
92466,,,,,,,,,,0.22,UP,0
92500,,,,,,,,,,0.228,UP,0
92533,,,,,,,,,,0.23,UP,0
92566,,,,,,,,,,0.227,UP,0
92600,,,,,,,,,,0.227,UP,0
92633,,,,,,,,,,0.227,UP,0
92666,,,,,,,,,,0.23,UP,0
92700,,,,,,,,,,0.232,UP,0
92733,,,,,,,,,,0.234,UP,0
92766,,,,,,,,,,0.236,UP,0
92800,,,,,,,,,,0.24,UP,0
92833,,,,,,,,,,0.248,UP,0
92866,,,,,,,,,,0.26,UP,0
92900,,,,,,,,,,0.277,UP,0
92933,,,,,,,,,,0.293,UP,0
92966,,,,,,,,,,0.312,UP,0
93000,,,,,,,,,,0.334,UP,0
93033,,,,,,,,,,0.355,UP,0
93066,,,,,,,,,,0.37,UP,0
93100,,,,,,,,,,0.385,UP,0
93133,,,,,,,,,,0.395,UP,0
93166,,,,,,,,,,0.398,UP,0
93200,,,,,,,,,,0.397,UP,0
93233,,,,,,,,,,0.396,UP,0
93266,,,,,,,,,,0.395,UP,0
93300,,,,,,,,,,0.397,UP,0
93333,,,,,,,,,,0.402,UP,0
93366,,,,,,,,,,0.412,UP,0
93400,,,,,,,,,,0.427,UP,0
93433,,,,,,,,,,0.445,UP,0
93466,,,,,,,,,,0.467,UP,0
93500,,,,,,,,,,0.486,UP,0
93533,,,,,,,,,,0.497,UP,0
93566,177.8,169.5,173.6,173.6,173.1,171.3,172.2,166.6,0.7,0.504,UP,0
93600,179.2,168.7,173.9,173.8,173.0,170.7,171.8,168.0,1.0,0.504,UP,0
93633,,,,,,,,,,0.5,UP,0
93666,179.1,168.7,173.9,173.9,173.9,171.0,172.4,169.5,0.8,0.502,UP,0
93700,175.4,166.3,170.9,173.2,176.2,171.5,173.9,171.2,0.7,0.508,UP,0
93733,178.3,159.1,168.7,172.2,177.0,173.0,175.0,173.1,0.5,0.513,UP,0
93766,178.2,165.6,171.9,171.9,176.4,175.8,176.1,173.9,0.4,0.522,UP,0
93800,179.9,161.1,170.5,171.2,177.5,175.7,176.6,174.8,0.5,0.531,UP,0
93833,179.5,166.6,173.1,171.0,176.4,175.8,176.1,175.6,0.5,0.532,UP,0
93866,178.6,169.5,174.0,171.6,177.0,176.2,176.6,176.1,0.4,0.535,UP,0
93900,178.9,170.2,174.6,172.8,176.9,177.3,177.1,176.5,0.4,0.54,UP,0
93933,178.9,172.4,175.6,173.6,176.4,178.4,177.4,176.8,0.3,0.545,UP,0
93966,177.7,173.0,175.3,174.5,175.5,177.7,176.6,176.8,0.4,0.544,UP,0
94000,178.1,174.6,176.3,175.2,174.6,178.2,176.4,176.8,0.9,0.542,UP,0
94033,177.2,174.1,175.6,175.5,175.2,179.5,177.4,177.0,1.2,0.536,UP,0
94066,173.0,171.0,172.0,175.0,175.4,174.6,175.0,176.6,1.5,0.524,UP,0
94100,177.2,174.3,175.7,175.0,176.8,178.9,177.9,176.6,0.9,0.513,UP,0
94133,179.7,176.0,177.9,175.5,174.8,179.0,176.9,176.7,1.6,0.506,UP,0
94166,,,,,,,,,,0.499,UP,0
94200,,,,,,,,,,0.493,UP,0
94233,,,,,,,,,,0.491,UP,0
94266,,,,,,,,,,0.49,UP,0
94300,,,,,,,,,,0.493,UP,0
94333,176.4,172.0,174.2,175.1,170.1,176.0,173.1,176.0,3.4,0.5,UP,0
94366,179.2,176.9,178.1,175.6,170.3,173.9,172.1,175.0,3.7,0.514,UP,0
94400,174.7,177.7,176.2,176.4,169.7,172.5,171.1,174.2,3.0,0.533,UP,0
94433,173.0,179.4,176.2,176.5,170.5,171.8,171.1,172.9,2.7,0.555,UP,0
94466,175.5,178.1,176.8,176.3,171.6,171.5,171.5,171.8,2.0,0.577,UP,0
94500,175.7,177.2,176.4,176.7,169.7,170.8,170.3,171.2,2.1,0.6,UP,0
94533,176.2,179.1,177.7,176.7,170.6,171.1,170.9,171.0,2.9,0.617,UP,0
94566,178.3,179.6,178.9,177.2,171.7,172.6,172.1,171.2,3.3,0.626,UP,0
94600,178.1,178.6,178.3,177.6,172.0,173.1,172.6,171.5,3.0,0.628,UP,0
94633,177.2,179.7,178.4,178.0,171.9,174.1,173.0,171.8,3.1,0.621,UP,0
94666,172.3,179.7,176.0,177.9,168.4,174.6,171.5,172.0,2.9,0.608,UP,0
94700,174.7,178.3,176.5,177.7,170.4,174.2,172.3,172.3,2.2,0.59,UP,0
94733,172.9,179.6,176.2,177.1,170.7,175.1,172.9,172.5,1.7,0.569,UP,0
94766,177.0,177.3,177.1,176.9,170.6,174.8,172.7,172.5,1.0,0.541,UP,0
94800,174.4,178.9,176.7,176.5,168.9,175.3,172.1,172.3,0.1,0.512,UP,0
94833,,,,,,,,,,0.482,UP,0
94866,,,,,,,,,,0.455,UP,0
94900,,,,,,,,,,0.429,UP,0
94933,,,,,,,,,,0.411,UP,0
94966,,,,,,,,,,0.396,UP,0
95000,,,,,,,,,,0.386,UP,0
95033,,,,,,,,,,0.375,UP,0
95066,,,,,,,,,,0.37,UP,0
95100,,,,,,,,,,0.362,UP,0
95133,,,,,,,,,,0.352,UP,0
95166,,,,,,,,,,0.34,UP,0
95200,,,,,,,,,,0.327,UP,0
95233,,,,,,,,,,0.307,UP,0
95266,,,,,,,,,,0.287,UP,0
95300,,,,,,,,,,0.268,UP,0
95333,,,,,,,,,,0.247,UP,0
95366,,,,,,,,,,0.227,UP,0
95400,,,,,,,,,,0.209,UP,0
95433,,,,,,,,,,0.194,UP,0
95466,,,,,,,,,,0.181,UP,0
95500,,,,,,,,,,0.171,UP,0
95533,,,,,,,,,,0.164,UP,0
95566,,,,,,,,,,0.157,UP,0
95600,,,,,,,,,,0.15,UP,0
95633,,,,,,,,,,0.144,UP,0
95666,,,,,,,,,,0.136,UP,0
95700,,,,,,,,,,0.133,UP,0
95733,,,,,,,,,,0.133,UP,0
95766,,,,,,,,,,0.136,UP,0
95800,,,,,,,,,,0.111,UP,0
95833,,,,,,,,,,0.086,UP,0
95866,,,,,,,,,,0.059,UP,0
95900,,,,,,,,,,0.03,UP,0
95933,,,,,,,,,,0.0,UP,0
95966,,,,,,,,,,0.0,UP,0
96000,,,,,,,,,,0.0,UP,0
96033,,,,,,,,,,0.0,UP,0
96066,,,,,,,,,,0.0,UP,0
96100,,,,,,,,,,0.0,UP,0
96133,,,,,,,,,,0.0,UP,0
96166,,,,,,,,,,0.0,UP,0
96200,,,,,,,,,,0.0,UP,0
96233,,,,,,,,,,0.0,UP,0
96266,,,,,,,,,,0.0,UP,0
96300,,,,,,,,,,0.0,UP,0
96333,,,,,,,,,,0.0,UP,0
96366,,,,,,,,,,0.0,UP,0
96400,,,,,,,,,,0.0,UP,0
96433,,,,,,,,,,0.0,UP,0
96466,,,,,,,,,,0.0,UP,0
96500,,,,,,,,,,0.0,UP,0
96533,,,,,,,,,,0.0,UP,0
96566,,,,,,,,,,0.0,UP,0
96600,,,,,,,,,,0.0,UP,0
96633,,,,,,,,,,0.0,UP,0
96666,,,,,,,,,,0.0,UP,0
96700,,,,,,,,,,0.0,UP,0
96733,,,,,,,,,,0.0,UP,0
96766,,,,,,,,,,0.0,UP,0
96800,,,,,,,,,,0.0,UP,0
96833,,,,,,,,,,0.0,UP,0
96866,,,,,,,,,,0.0,UP,0
96900,,,,,,,,,,0.037,UP,0
96933,,,,,,,,,,0.078,UP,0
96966,,,,,,,,,,0.123,UP,0
97000,,,,,,,,,,0.171,UP,0
97033,,,,,,,,,,0.222,UP,0
97066,,,,,,,,,,0.24,UP,0
97100,,,,,,,,,,0.255,UP,0
97133,,,,,,,,,,0.269,UP,0
97166,,,,,,,,,,0.282,UP,0
97200,,,,,,,,,,0.295,UP,0
97233,,,,,,,,,,0.305,UP,0
97266,,,,,,,,,,0.316,UP,0
97300,,,,,,,,,,0.326,UP,0
97333,,,,,,,,,,0.335,UP,0
97366,,,,,,,,,,0.342,UP,0
97400,,,,,,,,,,0.349,UP,0
97433,,,,,,,,,,0.357,UP,0
97466,,,,,,,,,,0.365,UP,0
97500,,,,,,,,,,0.372,UP,0
97533,,,,,,,,,,0.38,UP,0
97566,,,,,,,,,,0.387,UP,0
97600,,,,,,,,,,0.391,UP,0
97633,,,,,,,,,,0.389,UP,0
97666,,,,,,,,,,0.382,UP,0
97700,,,,,,,,,,0.368,UP,0
97733,,,,,,,,,,0.35,UP,0
97766,,,,,,,,,,0.329,UP,0
97800,,,,,,,,,,0.309,UP,0
97833,,,,,,,,,,0.291,UP,0
97866,,,,,,,,,,0.276,UP,0
97900,,,,,,,,,,0.259,UP,0
97933,,,,,,,,,,0.245,UP,0
97966,,,,,,,,,,0.235,UP,0
98000,,,,,,,,,,0.225,UP,0
98033,,,,,,,,,,0.217,UP,0
98066,,,,,,,,,,0.218,UP,0
98100,,,,,,,,,,0.224,UP,0
98133,,,,,,,,,,0.23,UP,0
98166,,,,,,,,,,0.239,UP,0
98200,,,,,,,,,,0.248,UP,0
98233,,,,,,,,,,0.256,UP,0
98266,,,,,,,,,,0.264,UP,0
98300,,,,,,,,,,0.273,UP,0
98333,,,,,,,,,,0.28,UP,0
98366,,,,,,,,,,0.288,UP,0
98400,,,,,,,,,,0.293,UP,0
98433,,,,,,,,,,0.295,UP,0
98466,,,,,,,,,,0.294,UP,0
98500,,,,,,,,,,0.289,UP,0
98533,,,,,,,,,,0.284,UP,0
98566,,,,,,,,,,0.279,UP,0
98600,,,,,,,,,,0.274,UP,0
98633,,,,,,,,,,0.269,UP,0
98666,,,,,,,,,,0.268,UP,0
98700,,,,,,,,,,0.264,UP,0
98733,,,,,,,,,,0.261,UP,0
98766,,,,,,,,,,0.255,UP,0
98800,,,,,,,,,,0.25,UP,0
98833,,,,,,,,,,0.245,UP,0
98866,,,,,,,,,,0.244,UP,0
98900,,,,,,,,,,0.246,UP,0
98933,,,,,,,,,,0.253,UP,0
98966,,,,,,,,,,0.267,UP,0
99000,,,,,,,,,,0.282,UP,0
99033,,,,,,,,,,0.293,UP,0
99066,,,,,,,,,,0.305,UP,0
99100,,,,,,,,,,0.318,UP,0
99133,,,,,,,,,,0.33,UP,0
99166,,,,,,,,,,0.344,UP,0
99200,,,,,,,,,,0.358,UP,0
99233,,,,,,,,,,0.371,UP,0
99266,,,,,,,,,,0.379,UP,0
99300,,,,,,,,,,0.38,UP,0
99333,,,,,,,,,,0.379,UP,0
99366,,,,,,,,,,0.371,UP,0
99400,,,,,,,,,,0.356,UP,0
99433,,,,,,,,,,0.338,UP,0
99466,,,,,,,,,,0.32,UP,0
99500,,,,,,,,,,0.299,UP,0
99533,,,,,,,,,,0.232,UP,0
99566,,,,,,,,,,0.218,UP,0
99600,,,,,,,,,,0.205,UP,0
99633,,,,,,,,,,0.192,UP,0
99666,,,,,,,,,,0.18,UP,0
99700,,,,,,,,,,0.218,UP,0
99733,,,,,,,,,,0.207,UP,0
99766,,,,,,,,,,0.196,UP,0
99800,,,,,,,,,,0.187,UP,0
99833,,,,,,,,,,0.182,UP,0
99866,,,,,,,,,,0.177,UP,0
99900,,,,,,,,,,0.174,UP,0
99933,,,,,,,,,,0.171,UP,0
99966,,,,,,,,,,0.169,UP,0
100000,,,,,,,,,,0.17,UP,0
100033,,,,,,,,,,0.172,UP,0
100066,,,,,,,,,,0.174,UP,0
100100,,,,,,,,,,0.176,UP,0
100133,,,,,,,,,,0.179,UP,0
100166,,,,,,,,,,0.18,UP,0
100200,,,,,,,,,,0.181,UP,0
100233,,,,,,,,,,0.182,UP,0
100266,,,,,,,,,,0.182,UP,0
100300,,,,,,,,,,0.181,UP,0
100333,,,,,,,,,,0.179,UP,0
100366,,,,,,,,,,0.173,UP,0
100400,,,,,,,,,,0.169,UP,0
100433,,,,,,,,,,0.164,UP,0
100466,,,,,,,,,,0.157,UP,0
100500,,,,,,,,,,0.151,UP,0
100533,,,,,,,,,,0.147,UP,0
100566,,,,,,,,,,0.142,UP,0
100600,,,,,,,,,,0.138,UP,0
100633,,,,,,,,,,0.139,UP,0
100666,,,,,,,,,,0.141,UP,0
100700,,,,,,,,,,0.144,UP,0
100733,,,,,,,,,,0.149,UP,0
100766,,,,,,,,,,0.155,UP,0
100800,,,,,,,,,,0.161,UP,0
100833,,,,,,,,,,0.167,UP,0
100866,,,,,,,,,,0.171,UP,0
100900,,,,,,,,,,0.172,UP,0
100933,,,,,,,,,,0.173,UP,0
100966,,,,,,,,,,0.171,UP,0
101000,,,,,,,,,,0.169,UP,0
101033,,,,,,,,,,0.165,UP,0
101066,,,,,,,,,,0.164,UP,0
101100,,,,,,,,,,0.161,UP,0
101133,,,,,,,,,,0.159,UP,0
101166,,,,,,,,,,0.158,UP,0
101200,,,,,,,,,,0.158,UP,0
101233,,,,,,,,,,0.157,UP,0
101266,,,,,,,,,,0.159,UP,0
101300,,,,,,,,,,0.165,UP,0
101333,,,,,,,,,,0.173,UP,0
101366,,,,,,,,,,0.186,UP,0
101400,,,,,,,,,,0.204,UP,0
101433,,,,,,,,,,0.221,UP,0
101466,,,,,,,,,,0.239,UP,0
101500,,,,,,,,,,0.255,UP,0
101533,,,,,,,,,,0.266,UP,0
101566,,,,,,,,,,0.273,UP,0
101600,,,,,,,,,,0.277,UP,0
101633,,,,,,,,,,0.281,UP,0
101666,,,,,,,,,,0.292,UP,0
101700,,,,,,,,,,0.31,UP,0
101733,,,,,,,,,,0.332,UP,0
101766,,,,,,,,,,0.359,UP,0
101800,,,,,,,,,,0.384,UP,0
101833,,,,,,,,,,0.401,UP,0
101866,,,,,,,,,,0.413,UP,0
101900,,,,,,,,,,0.422,UP,0
101933,,,,,,,,,,0.431,UP,0
101966,,,,,,,,,,0.444,UP,0
102000,,,,,,,,,,0.455,UP,0
102033,,,,,,,,,,0.468,UP,0
102066,,,,,,,,,,0.478,UP,0
102100,,,,,,,,,,0.479,UP,0
102133,,,,,,,,,,0.479,UP,0
102166,,,,,,,,,,0.478,UP,0
102200,,,,,,,,,,0.479,UP,0
102233,,,,,,,,,,0.479,UP,0
102266,,,,,,,,,,0.483,UP,0
102300,,,,,,,,,,0.483,UP,0
102333,,,,,,,,,,0.484,UP,0
102366,,,,,,,,,,0.485,UP,0
102400,,,,,,,,,,0.49,UP,0
102433,178.6,173.7,176.1,176.5,170.6,162.1,166.4,171.3,0.8,0.5,UP,0
102466,178.0,173.2,175.6,176.4,172.5,163.1,167.8,170.4,0.4,0.513,UP,0
102500,179.5,171.2,175.3,176.2,172.4,163.6,168.0,169.4,0.1,0.529,UP,0
102533,179.7,170.7,175.2,175.8,171.6,164.5,168.0,168.5,0.1,0.546,UP,0
102566,178.6,175.2,176.9,175.8,171.2,166.0,168.6,167.8,0.5,0.565,UP,0
102600,177.7,173.3,175.5,175.7,171.0,165.9,168.5,168.2,1.2,0.583,UP,0
102633,179.5,177.1,178.3,176.3,169.2,167.0,168.1,168.3,1.5,0.603,UP,0
102666,178.8,178.4,178.6,176.9,170.2,168.0,169.1,168.5,1.9,0.621,UP,0
102700,176.8,178.9,177.9,177.4,169.5,168.3,168.9,168.6,2.2,0.638,UP,0
102733,180.0,179.8,179.9,178.0,168.7,168.4,168.5,168.6,2.2,0.648,UP,0
102766,179.4,179.7,179.5,178.8,169.5,169.0,169.2,168.8,2.4,0.656,UP,0
102800,179.2,179.3,179.3,179.0,169.7,168.7,169.2,169.0,2.4,0.659,UP,0
102833,177.8,178.9,178.4,179.0,171.3,168.4,169.8,169.1,2.6,0.662,UP,0
102866,178.7,179.6,179.1,179.2,171.1,170.2,170.7,169.5,2.7,0.661,UP,0
102900,178.9,177.8,178.4,178.9,171.1,171.5,171.3,170.0,3.2,0.665,UP,0
102933,179.6,178.6,179.1,178.8,171.7,171.6,171.6,170.5,3.6,0.671,UP,0
102966,178.6,178.3,178.4,178.7,171.7,171.6,171.7,171.0,4.3,0.677,UP,0
103000,178.2,179.2,178.7,178.7,171.2,170.8,171.0,171.3,4.7,0.682,UP,0
103033,179.1,179.7,179.4,178.8,170.6,170.2,170.4,171.2,4.3,0.684,UP,0
103066,179.5,176.7,178.1,178.7,170.5,170.5,170.5,171.0,4.4,0.682,UP,0
103100,180.0,175.3,177.7,178.4,171.3,170.3,170.8,170.9,4.3,0.676,UP,0
103133,175.0,173.5,174.3,177.6,170.8,169.7,170.3,170.6,3.7,0.67,UP,0
103166,176.8,173.8,175.3,176.9,172.2,169.2,170.7,170.5,3.4,0.663,UP,0
103200,175.6,175.2,175.4,176.1,171.9,167.7,169.8,170.4,3.4,0.662,UP,0
103233,176.8,175.3,176.1,175.7,172.3,167.9,170.1,170.3,3.8,0.661,UP,0
103266,176.9,178.9,177.9,175.8,172.3,168.4,170.3,170.2,3.9,0.662,UP,0
103300,177.2,178.6,177.9,176.5,171.8,168.7,170.3,170.2,4.1,0.663,UP,0
103333,176.9,179.8,178.3,177.1,171.7,169.5,170.6,170.2,4.3,0.665,UP,0
103366,176.7,178.7,177.7,177.6,171.6,169.6,170.6,170.4,4.6,0.668,UP,0
103400,176.0,176.7,176.4,177.6,171.4,170.2,170.8,170.5,4.9,0.671,UP,0
103433,176.0,177.3,176.7,177.4,171.4,170.6,171.0,170.6,4.9,0.676,UP,0
103466,176.1,175.7,175.9,177.0,171.6,170.7,171.2,170.8,4.9,0.681,UP,0
103500,176.1,174.7,175.4,176.4,171.4,170.4,170.9,170.9,4.9,0.689,UP,0
103533,177.0,175.9,176.5,176.2,172.2,170.5,171.4,171.1,5.0,0.696,UP,0
103566,178.1,175.1,176.6,176.2,172.4,170.7,171.5,171.2,5.0,0.702,UP,0
103600,178.3,174.6,176.5,176.2,172.7,171.3,172.0,171.4,4.9,0.707,UP,0
103633,179.1,174.2,176.7,176.3,173.1,171.8,172.5,171.7,4.5,0.711,UP,0
103666,178.8,174.5,176.6,176.6,173.6,171.6,172.6,172.0,4.0,0.716,UP,0
103700,178.5,175.3,176.9,176.7,174.1,171.9,173.0,172.3,3.2,0.719,UP,0
103733,179.7,175.2,177.5,176.8,174.8,171.3,173.1,172.6,2.5,0.719,UP,0
103766,179.8,175.7,177.8,177.1,175.7,171.6,173.7,173.0,1.8,0.717,UP,0
103800,179.4,174.6,177.0,177.2,175.8,171.4,173.6,173.2,1.5,0.714,UP,0
103833,177.8,175.5,176.6,177.2,176.1,171.2,173.6,173.4,1.4,0.708,UP,0
103866,178.4,175.3,176.9,177.1,175.3,170.9,173.1,173.4,1.3,0.7,UP,0
103900,178.0,174.0,176.0,176.8,175.1,170.8,172.9,173.4,1.6,0.695,UP,0
103933,176.4,174.2,175.3,176.4,174.8,170.8,172.8,173.2,1.7,0.691,UP,0
103966,176.1,175.7,175.9,176.1,174.7,171.3,173.0,173.1,1.7,0.686,UP,0
104000,178.7,177.4,178.0,176.4,170.7,171.4,171.0,172.6,1.4,0.681,UP,0
104033,179.6,177.4,178.5,176.8,168.8,171.4,170.1,172.0,1.2,0.68,UP,0
104066,178.9,177.7,178.3,177.2,169.1,171.3,170.2,171.4,1.0,0.679,UP,0
104100,178.0,177.7,177.8,177.7,169.5,171.2,170.3,170.9,0.9,0.681,UP,0
104133,176.9,175.8,176.4,177.8,170.2,169.8,170.0,170.3,1.0,0.682,UP,0
104166,177.1,175.4,176.2,177.5,170.3,169.4,169.9,170.1,0.9,0.686,UP,0
104200,176.1,175.7,175.9,176.9,170.9,170.0,170.4,170.2,1.2,0.687,UP,0
104233,174.4,175.5,174.9,176.3,171.4,169.5,170.4,170.2,1.2,0.688,UP,0
104266,173.8,175.4,174.6,175.6,172.2,169.0,170.6,170.3,1.2,0.685,UP,0
104300,175.6,175.9,175.8,175.5,170.2,169.4,169.8,170.2,1.9,0.682,UP,0
104333,177.1,176.5,176.8,175.6,170.9,168.8,169.8,170.2,1.1,0.679,UP,0
104366,176.0,176.4,176.2,175.7,171.5,168.3,169.9,170.1,1.6,0.681,UP,0
104400,179.0,178.0,178.5,176.4,171.6,168.4,170.0,170.0,1.1,0.681,UP,0
104433,178.6,179.1,178.9,177.2,171.2,168.5,169.9,169.9,0.9,0.687,UP,0
104466,178.7,179.4,179.0,177.9,171.7,168.6,170.1,170.0,0.8,0.698,UP,0
104500,179.9,178.9,179.4,178.4,172.8,168.5,170.6,170.1,0.8,0.709,UP,0
104533,179.2,178.9,179.0,179.0,173.2,168.6,170.9,170.3,0.4,0.719,UP,0
104566,177.3,178.7,178.0,178.9,173.5,168.9,171.2,170.5,0.6,0.73,UP,0
104600,176.9,179.1,178.0,178.7,173.5,169.5,171.5,170.9,0.7,0.734,UP,0
104633,177.4,179.8,178.6,178.6,173.8,170.0,171.9,171.2,0.6,0.73,UP,0
104666,176.0,179.4,177.7,178.3,172.7,170.2,171.5,171.4,0.6,0.721,UP,0
104700,170.2,175.9,173.0,177.1,168.3,168.4,168.3,170.9,0.4,0.71,UP,0
104733,164.9,173.0,168.9,175.3,165.0,167.1,166.0,169.8,0.3,0.701,UP,0
104766,164.2,171.7,168.0,173.3,163.8,166.3,165.0,168.6,0.2,0.693,UP,0
104800,161.8,170.4,166.1,170.8,162.7,165.7,164.2,167.0,0.1,0.691,UP,0
104833,163.4,170.1,166.7,168.6,161.5,165.3,163.4,165.4,0.1,0.694,UP,0
104866,170.6,170.5,170.5,168.1,161.8,165.0,163.4,164.4,0.2,0.697,UP,0
104900,169.3,170.6,169.9,168.3,162.4,165.1,163.7,164.0,0.2,0.7,UP,0
104933,173.6,170.0,171.8,169.0,162.4,164.7,163.5,163.7,0.2,0.704,UP,0
104966,171.8,169.6,170.7,169.9,162.2,164.4,163.3,163.5,0.2,0.711,UP,0
105000,172.1,169.1,170.6,170.7,161.2,164.0,162.6,163.3,0.2,0.717,UP,0
105033,170.3,168.3,169.3,170.5,160.4,163.0,161.7,163.0,0.3,0.724,UP,0
105066,171.0,167.6,169.3,170.4,160.1,163.2,161.7,162.6,0.3,0.734,UP,0
105100,172.7,166.2,169.5,169.9,161.7,161.2,161.4,162.1,0.3,0.744,UP,0
105133,171.7,166.1,168.9,169.5,161.5,160.4,160.9,161.7,0.2,0.754,UP,0
105166,171.0,164.4,167.7,168.9,159.8,159.3,159.6,161.1,0.1,0.763,UP,0
105200,171.9,162.7,167.3,168.5,159.8,157.9,158.8,160.5,0.1,0.772,UP,0
105233,172.8,161.6,167.2,168.1,159.8,157.5,158.7,159.9,0.2,0.777,UP,0
105266,158.4,159.7,159.0,166.0,158.3,155.8,157.1,159.0,0.2,0.782,UP,0
105300,158.8,155.2,157.0,163.6,158.6,153.3,156.0,158.0,0.3,0.786,UP,0
105333,153.8,154.2,154.0,160.9,156.1,152.0,154.1,156.9,0.2,0.79,UP,0
105366,151.7,151.9,151.8,157.8,154.4,149.7,152.1,155.6,0.0,0.791,UP,0
105400,150.4,150.6,150.5,154.5,154.4,148.1,151.2,154.1,0.4,0.79,UP,0
105433,146.0,147.4,146.7,152.0,151.3,147.0,149.1,152.5,0.4,0.789,UP,0
105466,139.9,144.1,142.0,149.0,147.1,144.8,145.9,150.5,0.2,0.786,UP,0
105500,149.8,142.7,146.2,147.5,149.1,144.4,146.7,149.0,0.4,0.779,DOWN,0
105533,132.9,140.3,136.6,144.4,147.4,143.6,145.5,147.7,0.3,0.769,DOWN,0
105566,138.9,138.6,138.7,142.1,144.9,142.2,143.6,146.2,0.4,0.76,DOWN,0
105600,138.6,136.5,137.6,140.2,144.9,140.2,142.6,144.9,0.6,0.745,DOWN,0
105633,137.4,135.7,136.5,139.1,142.8,139.4,141.1,143.9,0.6,0.727,DOWN,0
105666,137.2,130.9,134.1,136.7,143.3,138.3,140.8,142.7,0.7,0.708,DOWN,0
105700,128.2,116.2,122.2,133.8,142.2,137.0,139.6,141.5,0.8,0.686,DOWN,0
105733,117.9,114.0,115.9,129.3,140.4,136.2,138.3,140.5,0.7,0.662,DOWN,0
105766,92.8,85.9,89.4,119.6,134.6,133.0,133.8,138.7,0.5,0.636,DOWN,0
105800,88.1,82.2,85.1,109.3,133.5,129.4,131.4,136.8,0.4,0.609,DOWN,0
105833,91.8,87.8,89.8,100.5,131.8,126.5,129.2,134.5,0.4,0.583,DOWN,0
105866,88.3,80.4,84.4,92.9,127.2,124.0,125.6,131.7,0.2,0.557,DOWN,0
105900,91.0,84.9,88.0,87.3,124.4,122.5,123.4,128.7,0.1,0.533,DOWN,0
105933,85.4,82.7,84.0,86.3,118.8,119.9,119.3,125.8,0.2,0.511,DOWN,0
105966,,,,,,,,,,0.491,DOWN,0
106000,,,,,,,,,,0.472,DOWN,0
106033,,,,,,,,,,0.454,DOWN,0
106066,,,,,,,,,,0.439,DOWN,0
106100,,,,,,,,,,0.423,DOWN,0
106133,,,,,,,,,,0.408,DOWN,0
106166,,,,,,,,,,0.392,DOWN,0
106200,,,,,,,,,,0.376,DOWN,0
106233,,,,,,,,,,0.358,DOWN,0
106266,,,,,,,,,,0.342,DOWN,0
106300,,,,,,,,,,0.324,DOWN,0
106333,,,,,,,,,,0.306,DOWN,0
106366,,,,,,,,,,0.29,DOWN,0
106400,,,,,,,,,,0.274,DOWN,0
106433,,,,,,,,,,0.26,DOWN,0
106466,,,,,,,,,,0.25,DOWN,0
106500,,,,,,,,,,0.242,DOWN,0
106533,,,,,,,,,,0.235,DOWN,0
106566,,,,,,,,,,0.229,DOWN,0
106600,,,,,,,,,,0.223,DOWN,0
106633,,,,,,,,,,0.216,DOWN,0
106666,,,,,,,,,,0.208,DOWN,0
106700,,,,,,,,,,0.201,DOWN,0
106733,,,,,,,,,,0.196,DOWN,0
106766,,,,,,,,,,0.189,DOWN,0
106800,,,,,,,,,,0.184,DOWN,0
106833,,,,,,,,,,0.182,DOWN,0
106866,,,,,,,,,,0.181,DOWN,0
106900,,,,,,,,,,0.179,DOWN,0
106933,,,,,,,,,,0.178,DOWN,0
106966,,,,,,,,,,0.183,DOWN,0
107000,,,,,,,,,,0.197,DOWN,0
107033,,,,,,,,,,0.219,DOWN,0
107066,,,,,,,,,,0.253,DOWN,0
107100,,,,,,,,,,0.301,DOWN,0
107133,,,,,,,,,,0.348,DOWN,0
107166,,,,,,,,,,0.394,DOWN,0
107200,,,,,,,,,,0.437,DOWN,0
107233,,,,,,,,,,0.475,DOWN,0
107266,151.8,160.6,156.2,100.5,151.4,155.7,153.5,130.2,2.3,0.505,DOWN,0
107300,155.8,162.3,159.0,114.3,152.4,157.1,154.8,135.3,2.5,0.534,DOWN,0
107333,157.2,164.1,160.6,129.6,153.4,158.5,155.9,141.4,2.4,0.561,DOWN,0
107366,158.8,166.1,162.5,144.5,154.8,160.2,157.5,148.2,2.5,0.586,DOWN,0
107400,160.9,167.8,164.3,160.5,156.0,162.2,159.1,156.2,2.8,0.61,DOWN,0
107433,162.7,170.3,166.5,162.6,156.4,163.9,160.1,157.5,3.1,0.631,DOWN,0
107466,165.6,172.9,169.3,164.6,156.5,166.2,161.3,158.8,3.5,0.649,DOWN,0
107500,167.8,175.8,171.8,166.9,157.3,168.5,162.9,160.2,3.7,0.663,DOWN,0
107533,172.9,175.9,174.4,169.3,158.4,169.1,163.8,161.4,3.7,0.672,UP,0
107566,172.7,177.4,175.0,171.4,159.7,169.7,164.7,162.6,3.4,0.677,UP,0
107600,174.4,178.7,176.5,173.4,162.2,169.8,166.0,163.7,2.7,0.681,UP,0
107633,173.7,178.1,175.9,174.7,163.2,168.8,166.0,164.7,1.8,0.686,UP,0
107666,175.2,178.0,176.6,175.7,163.8,168.5,166.1,165.3,1.3,0.695,UP,0
107700,174.4,178.2,176.3,176.1,164.2,169.0,166.6,165.9,1.0,0.706,UP,0
107733,174.4,179.0,176.7,176.4,165.1,170.0,167.5,166.5,0.7,0.719,UP,0
107766,175.2,179.8,177.5,176.6,165.9,170.3,168.1,166.9,0.4,0.731,UP,0
107800,173.2,179.7,176.4,176.7,165.5,170.5,168.0,167.3,0.2,0.741,UP,0
107833,171.9,179.7,175.8,176.5,164.2,171.1,167.6,167.6,0.2,0.749,UP,0
107866,169.4,179.1,174.3,176.1,164.3,170.4,167.3,167.7,0.3,0.753,UP,0
107900,168.2,179.6,173.9,175.6,164.4,169.9,167.2,167.7,0.6,0.756,UP,0
107933,168.5,179.7,174.1,174.9,164.9,168.9,166.9,167.4,1.2,0.757,UP,0
107966,165.7,179.9,172.8,174.2,165.5,169.0,167.3,167.3,1.3,0.759,UP,0
108000,166.4,179.9,173.1,173.6,165.3,168.6,167.0,167.1,1.5,0.761,UP,0
108033,166.8,179.6,173.2,173.4,165.1,168.8,166.9,167.0,1.4,0.765,UP,0
108066,169.3,179.3,174.3,173.5,165.1,169.2,167.2,167.0,1.3,0.767,UP,0
108100,170.4,179.5,175.0,173.7,165.9,169.5,167.7,167.2,1.2,0.769,UP,0
108133,171.6,179.9,175.7,174.3,166.7,169.1,167.9,167.3,1.2,0.769,UP,0
108166,177.5,179.7,178.6,175.4,166.4,168.6,167.5,167.4,0.8,0.772,UP,0
108200,179.5,178.1,178.8,176.5,167.8,168.4,168.1,167.7,0.1,0.776,UP,0
108233,179.8,177.4,178.6,177.3,167.9,168.1,168.0,167.9,0.8,0.78,UP,0
108266,178.5,179.5,179.0,178.1,170.0,167.4,168.7,168.1,1.4,0.786,UP,0
108300,179.5,179.6,179.6,178.9,170.9,166.9,168.9,168.3,2.1,0.791,UP,0
108333,177.7,177.5,177.6,178.7,170.5,167.4,169.0,168.5,2.4,0.795,UP,0
108366,178.8,178.2,178.5,178.6,173.9,166.8,170.3,169.0,1.8,0.797,UP,0
108400,179.6,178.4,179.0,178.7,175.6,167.8,171.7,169.7,2.1,0.795,UP,0
108433,176.4,176.4,176.4,178.2,172.8,171.0,171.9,170.4,2.6,0.794,UP,0
108466,174.4,179.2,176.8,177.7,171.3,173.3,172.3,171.0,3.5,0.791,UP,0
108500,176.0,179.6,177.8,177.7,170.3,173.6,171.9,171.6,3.1,0.786,UP,0
108533,174.6,177.3,176.0,177.2,170.3,174.9,172.6,172.1,3.4,0.779,UP,0
108566,175.7,178.3,177.0,176.8,172.4,173.2,172.8,172.3,2.2,0.77,UP,0
108600,176.3,176.8,176.6,176.8,172.0,173.4,172.7,172.5,2.2,0.754,UP,0
108633,175.7,175.8,175.7,176.6,174.9,171.9,173.4,172.7,0.8,0.729,UP,0
108666,178.5,175.1,176.8,176.4,173.3,172.5,172.9,172.9,0.3,0.699,UP,0
108700,174.9,173.8,174.4,176.1,174.4,172.4,173.4,173.0,0.4,0.667,UP,0
108733,169.8,168.8,169.3,174.5,165.2,174.2,169.7,172.4,0.4,0.639,UP,0
108766,176.4,172.0,174.2,174.1,166.8,173.6,170.2,171.9,0.9,0.611,UP,0
108800,178.3,170.0,174.2,173.8,166.0,173.2,169.6,171.1,1.2,0.584,UP,0
108833,178.9,173.1,176.0,173.6,171.5,172.1,171.8,170.9,2.5,0.558,UP,0
108866,178.4,170.1,174.3,173.6,172.5,169.4,171.0,170.4,3.2,0.532,UP,0
108900,178.3,168.8,173.6,174.4,171.1,169.2,170.1,170.5,3.7,0.501,UP,0
108933,,,,,,,,,,0.47,UP,0
108966,,,,,,,,,,0.44,UP,0
109000,,,,,,,,,,0.412,UP,0
109033,,,,,,,,,,0.383,UP,0
109066,,,,,,,,,,0.356,UP,0
109100,,,,,,,,,,0.331,UP,0
109133,,,,,,,,,,0.307,UP,0
109166,,,,,,,,,,0.285,UP,0
109200,,,,,,,,,,0.266,UP,0
109233,,,,,,,,,,0.249,UP,0
109266,,,,,,,,,,0.233,UP,0
109300,,,,,,,,,,0.22,UP,0
109333,,,,,,,,,,0.208,UP,0
109366,,,,,,,,,,0.195,UP,0
109400,,,,,,,,,,0.184,UP,0
109433,,,,,,,,,,0.175,UP,0
109466,,,,,,,,,,0.17,UP,0
109500,,,,,,,,,,0.169,UP,0
109533,,,,,,,,,,0.173,UP,0
109566,,,,,,,,,,0.179,UP,0
109600,,,,,,,,,,0.182,UP,0
109633,,,,,,,,,,0.183,UP,0
109666,,,,,,,,,,0.181,UP,0
109700,,,,,,,,,,0.18,UP,0
109733,,,,,,,,,,0.179,UP,0
109766,,,,,,,,,,0.183,UP,0
109800,,,,,,,,,,0.191,UP,0
109833,,,,,,,,,,0.198,UP,0
109866,,,,,,,,,,0.209,UP,0
109900,,,,,,,,,,0.219,UP,0
109933,,,,,,,,,,0.226,UP,0
109966,,,,,,,,,,0.227,UP,0
110000,,,,,,,,,,0.23,UP,0
110033,,,,,,,,,,0.233,UP,0
110066,,,,,,,,,,0.237,UP,0
110100,,,,,,,,,,0.239,UP,0
110133,,,,,,,,,,0.241,UP,0
110166,,,,,,,,,,0.238,UP,0
110200,,,,,,,,,,0.228,UP,0
110233,,,,,,,,,,0.221,UP,0
110266,,,,,,,,,,0.215,UP,0
110300,,,,,,,,,,0.212,UP,0
110333,,,,,,,,,,0.211,UP,0
110366,,,,,,,,,,0.212,UP,0
110400,,,,,,,,,,0.209,UP,0
110433,,,,,,,,,,0.166,UP,0
110466,,,,,,,,,,0.123,UP,0
110500,,,,,,,,,,0.082,UP,0
110533,,,,,,,,,,0.04,UP,0
110566,,,,,,,,,,0.0,UP,0
110600,,,,,,,,,,0.0,UP,0
110633,,,,,,,,,,0.0,UP,0
110666,,,,,,,,,,0.0,UP,0
110700,,,,,,,,,,0.0,UP,0
110733,,,,,,,,,,0.0,UP,0
110766,,,,,,,,,,0.039,UP,0
110800,,,,,,,,,,0.076,UP,0
110833,,,,,,,,,,0.111,UP,0
110866,,,,,,,,,,0.145,UP,0
110900,,,,,,,,,,0.177,UP,0
110933,,,,,,,,,,0.167,UP,0
110966,,,,,,,,,,0.159,UP,0
111000,,,,,,,,,,0.153,UP,0
111033,,,,,,,,,,0.158,UP,0
111066,,,,,,,,,,0.17,UP,0
111100,,,,,,,,,,0.192,UP,0
111133,,,,,,,,,,0.219,UP,0
111166,,,,,,,,,,0.189,UP,0
111200,,,,,,,,,,0.207,UP,0
111233,,,,,,,,,,0.222,UP,0
111266,,,,,,,,,,0.227,UP,0
111300,,,,,,,,,,0.23,UP,0
111333,,,,,,,,,,0.286,UP,0
111366,,,,,,,,,,0.287,UP,0
111400,,,,,,,,,,0.297,UP,0
111433,,,,,,,,,,0.321,UP,0
111466,,,,,,,,,,0.355,UP,0
111500,,,,,,,,,,0.4,UP,0
111533,,,,,,,,,,0.452,UP,0
111566,177.3,172.3,174.8,174.6,174.1,172.1,173.1,171.1,4.9,0.501,UP,0
111600,179.2,170.8,175.0,174.7,171.8,172.8,172.3,171.7,4.4,0.547,UP,0
111633,178.8,173.1,175.9,174.7,170.1,171.2,170.7,171.4,3.5,0.588,UP,0
111666,178.8,175.9,177.3,175.3,171.9,170.4,171.2,171.5,2.0,0.625,UP,0
111700,176.9,176.5,176.7,176.0,170.7,172.1,171.4,171.7,1.2,0.66,UP,0
111733,176.8,178.5,177.6,176.5,169.8,171.3,170.6,171.2,0.7,0.691,UP,0
111766,176.2,177.9,177.1,176.9,169.6,172.1,170.9,170.9,0.3,0.72,UP,0
111800,176.6,179.4,178.0,177.3,170.3,171.1,170.7,170.9,0.2,0.746,UP,0
111833,176.8,179.9,178.3,177.5,170.3,171.5,170.9,170.9,0.4,0.77,UP,0
111866,177.3,179.9,178.6,177.9,171.5,171.6,171.5,170.9,0.8,0.791,UP,0
111900,178.2,179.6,178.9,178.2,170.8,172.4,171.6,171.1,0.7,0.81,UP,0
111933,179.2,179.8,179.5,178.7,170.4,172.5,171.4,171.2,0.9,0.828,UP,0
111966,178.5,178.8,178.6,178.8,171.0,173.4,172.2,171.5,0.6,0.844,UP,0
112000,177.9,178.6,178.2,178.8,169.9,173.2,171.6,171.7,0.9,0.858,UP,0
112033,178.8,178.5,178.7,178.8,171.3,173.1,172.2,171.8,1.0,0.871,UP,0
112066,176.7,178.6,177.7,178.5,171.2,173.1,172.1,171.9,0.9,0.882,UP,0
112100,176.6,179.0,177.8,178.2,171.3,173.0,172.2,172.1,0.8,0.893,UP,0
112133,175.1,179.1,177.1,177.9,171.0,173.2,172.1,172.0,0.6,0.902,UP,0
112166,175.5,179.0,177.3,177.7,170.6,173.5,172.1,172.1,0.5,0.911,UP,0
112200,175.7,179.3,177.5,177.5,170.7,173.3,172.0,172.1,0.5,0.918,UP,0
112233,174.8,179.2,177.0,177.3,171.0,173.2,172.1,172.1,0.5,0.925,UP,0
112266,174.7,178.6,176.7,177.1,171.0,173.3,172.2,172.1,0.4,0.931,UP,0
112300,175.2,178.8,177.0,177.1,171.1,173.6,172.4,172.1,0.2,0.936,UP,0
112333,177.3,178.2,177.7,177.2,171.6,175.0,173.3,172.4,0.8,0.941,UP,0
112366,177.8,178.8,178.3,177.3,172.1,175.2,173.7,172.7,1.1,0.945,UP,0
112400,178.4,179.6,179.0,177.7,173.0,174.4,173.7,173.0,1.4,0.949,UP,0
112433,178.0,179.4,178.7,178.1,172.1,175.0,173.5,173.3,2.4,0.952,UP,0
112466,178.2,179.9,179.0,178.6,172.1,175.1,173.6,173.6,3.1,0.955,UP,0
112500,179.1,179.0,179.0,178.8,173.0,174.0,173.5,173.6,3.2,0.958,UP,0
112533,178.4,179.8,179.1,179.0,172.1,174.4,173.3,173.5,3.7,0.961,UP,0
112566,177.3,179.7,178.5,178.9,171.2,174.2,172.7,173.3,4.1,0.963,UP,0
112600,177.4,180.0,178.7,178.9,171.2,174.2,172.7,173.2,4.2,0.966,UP,0
112633,177.6,179.6,178.6,178.8,171.2,174.2,172.7,173.0,4.5,0.968,UP,0
112666,177.5,179.9,178.7,178.7,170.7,174.3,172.5,172.8,4.8,0.969,UP,0
112700,178.5,179.8,179.1,178.7,171.1,173.8,172.5,172.6,4.7,0.971,UP,0
112733,177.9,179.9,178.9,178.8,171.8,173.5,172.6,172.6,4.6,0.972,UP,0
112766,176.2,179.9,178.1,178.7,170.9,173.1,172.0,172.5,4.5,0.973,UP,0
112800,175.3,179.4,177.3,178.4,170.9,173.2,172.0,172.3,4.5,0.974,UP,0
112833,175.2,179.1,177.2,178.1,171.6,172.8,172.2,172.3,4.2,0.975,UP,0
112866,176.6,177.2,176.9,177.7,172.5,172.9,172.7,172.3,4.2,0.975,UP,0
112900,176.7,177.3,177.0,177.3,172.9,172.5,172.7,172.3,4.2,0.975,UP,0
112933,175.8,176.9,176.4,176.9,172.5,172.4,172.5,172.4,4.2,0.975,UP,0
112966,175.7,176.9,176.3,176.7,172.8,171.6,172.2,172.5,3.7,0.975,UP,0
113000,175.0,176.5,175.7,176.5,172.2,171.0,171.6,172.3,3.6,0.975,UP,0
113033,174.9,176.7,175.8,176.2,172.7,170.5,171.6,172.1,3.1,0.974,UP,0
113066,176.7,178.3,177.5,176.3,172.4,169.2,170.8,171.7,3.0,0.974,UP,0
113100,177.0,177.2,177.1,176.5,172.1,171.2,171.6,171.6,2.8,0.975,UP,0
113133,176.6,176.6,176.6,176.5,172.0,172.2,172.1,171.6,2.5,0.975,UP,0
113166,175.7,176.6,176.2,176.6,171.2,172.6,171.9,171.6,2.3,0.974,UP,0
113200,176.3,176.7,176.5,176.8,170.6,174.1,172.4,171.8,2.5,0.974,UP,0
113233,174.6,177.6,176.1,176.5,168.9,174.7,171.8,172.0,2.5,0.973,UP,0
113266,172.9,180.0,176.5,176.4,167.1,173.7,170.4,171.7,2.3,0.973,UP,0
113300,173.9,179.1,176.5,176.3,166.2,173.7,169.9,171.3,2.4,0.972,UP,0
113333,173.9,178.9,176.4,176.4,165.5,173.6,169.6,170.8,2.2,0.972,UP,0
113366,173.9,178.7,176.3,176.3,165.0,173.5,169.2,170.2,2.1,0.973,UP,0
113400,172.9,179.5,176.2,176.4,163.7,174.9,169.3,169.7,2.3,0.973,UP,0
113433,171.4,179.0,175.2,176.1,162.9,174.4,168.7,169.3,2.1,0.973,UP,0
113466,172.2,179.0,175.6,175.9,162.4,174.0,168.2,169.0,1.9,0.974,UP,0
113500,173.4,179.1,176.2,175.9,163.3,173.5,168.4,168.8,1.6,0.974,UP,0
113533,174.7,179.2,176.9,176.0,163.9,173.4,168.6,168.6,1.5,0.974,UP,0
113566,174.9,179.2,177.0,176.2,164.0,173.2,168.6,168.5,1.5,0.975,UP,0
113600,175.2,179.5,177.4,176.6,164.6,173.0,168.8,168.5,1.2,0.974,UP,0
113633,174.9,179.0,177.0,176.9,164.8,172.3,168.6,168.6,1.2,0.972,UP,0
113666,175.3,177.8,176.6,177.0,166.6,170.9,168.8,168.7,0.7,0.971,UP,0
113700,173.7,176.2,175.0,176.6,166.8,169.1,167.9,168.5,0.5,0.969,UP,0
113733,172.2,175.5,173.9,175.9,166.5,167.8,167.2,168.2,0.2,0.967,UP,0
113766,172.3,175.1,173.7,175.2,166.6,167.3,167.0,167.9,0.3,0.963,UP,0
113800,173.2,174.2,173.7,174.6,168.2,165.8,167.0,167.6,0.3,0.96,UP,0
113833,173.0,171.4,172.2,173.7,167.9,164.8,166.3,167.1,0.1,0.956,UP,0
113866,170.4,170.9,170.6,172.8,166.6,164.2,165.4,166.6,0.1,0.953,UP,0
113900,169.3,168.6,168.9,171.8,166.4,162.3,164.4,166.0,0.3,0.951,UP,0
113933,168.6,166.8,167.7,170.6,166.0,161.1,163.6,165.3,0.5,0.95,UP,0
113966,166.8,166.7,166.8,169.2,164.9,160.7,162.8,164.5,0.7,0.95,UP,0
114000,164.6,166.1,165.4,167.9,163.6,160.3,161.9,163.6,0.8,0.952,UP,0
114033,163.5,165.8,164.6,166.7,162.9,160.4,161.6,162.9,0.7,0.953,UP,0
114066,162.6,165.0,163.8,165.7,162.1,160.2,161.1,162.2,0.7,0.955,UP,0
114100,162.9,165.3,164.1,164.9,162.1,160.1,161.1,161.7,0.7,0.957,UP,0
114133,161.7,164.6,163.2,164.2,161.3,159.8,160.6,161.3,0.7,0.958,UP,0
114166,161.8,164.7,163.3,163.8,161.2,159.9,160.6,161.0,0.7,0.958,UP,0
114200,161.5,164.0,162.7,163.4,160.9,159.6,160.3,160.7,0.5,0.959,UP,0
114233,160.9,162.9,161.9,163.0,160.5,159.3,159.9,160.5,0.3,0.959,UP,0
114266,160.4,162.0,161.2,162.5,159.9,159.4,159.7,160.2,0.1,0.96,UP,0
114300,158.4,160.3,159.4,161.7,158.4,158.8,158.6,159.8,0.4,0.962,UP,0
114333,158.5,158.2,158.4,160.7,158.5,157.4,157.9,159.3,0.4,0.964,UP,0
114366,158.6,157.3,157.9,159.8,158.7,156.9,157.8,158.8,0.4,0.966,UP,0
114400,158.9,155.7,157.3,158.8,159.4,155.6,157.5,158.3,0.2,0.968,UP,0
114433,157.2,154.0,155.6,157.7,158.4,154.0,156.2,157.6,0.0,0.97,UP,0
114466,154.1,151.8,153.0,156.4,157.0,152.6,154.8,156.8,0.1,0.972,UP,0
114500,151.7,148.2,150.0,154.7,156.0,150.3,153.1,155.9,0.2,0.974,DOWN,0
114533,150.3,147.0,148.6,152.9,155.2,149.3,152.2,154.8,0.3,0.975,DOWN,0
114566,148.8,145.3,147.0,150.8,154.5,148.4,151.4,153.6,0.3,0.977,DOWN,0
114600,142.6,142.8,142.7,148.3,150.7,146.4,148.6,152.0,0.5,0.978,DOWN,0
114633,139.2,141.1,140.2,145.7,148.3,144.7,146.5,150.4,0.6,0.979,DOWN,0
114666,136.2,140.0,138.1,143.3,146.2,143.8,145.0,148.8,0.7,0.98,DOWN,0
114700,133.8,137.5,135.7,140.7,144.6,141.7,143.2,146.9,0.9,0.981,DOWN,0
114733,133.3,135.6,134.5,138.2,143.7,140.2,141.9,145.0,1.0,0.982,DOWN,0
114766,131.5,134.3,132.9,136.3,143.0,138.8,140.9,143.5,1.4,0.982,DOWN,0
114800,129.5,131.8,130.7,134.4,140.8,136.5,138.7,141.9,1.5,0.982,DOWN,0
114833,128.7,129.4,129.1,132.5,140.3,134.5,137.4,140.4,1.6,0.982,DOWN,0
114866,126.7,126.8,126.8,130.8,138.4,132.2,135.3,138.8,1.6,0.981,DOWN,0
114900,124.2,125.9,125.0,128.9,136.7,131.7,134.2,137.3,1.7,0.981,DOWN,0
114933,122.7,123.9,123.3,127.0,135.0,130.4,132.7,135.7,1.6,0.981,DOWN,0
114966,120.4,119.9,120.2,124.9,132.5,127.4,130.0,133.9,1.5,0.981,DOWN,0
115000,118.0,117.4,117.7,122.6,129.4,125.2,127.3,131.9,1.4,0.981,DOWN,0
115033,116.1,113.9,115.0,120.2,126.4,123.0,124.7,129.8,1.0,0.981,DOWN,0
115066,114.7,109.9,112.3,117.7,125.5,120.0,122.8,127.5,0.9,0.98,DOWN,0
115100,111.7,106.2,109.0,114.8,123.0,116.6,119.8,124.9,0.7,0.979,DOWN,0
115133,108.5,102.9,105.7,111.9,119.5,114.1,116.8,122.3,0.4,0.978,DOWN,0
115166,104.1,99.2,101.7,108.7,115.5,110.5,113.0,119.4,0.4,0.977,DOWN,0
115200,100.4,96.0,98.2,105.4,111.2,106.6,108.9,116.2,0.6,0.975,DOWN,0
115233,96.5,92.8,94.6,101.8,106.4,103.0,104.7,112.6,0.5,0.972,DOWN,0
115266,93.9,89.1,91.5,98.3,102.4,99.6,101.0,108.9,0.5,0.97,DOWN,0
115300,88.9,84.5,86.7,94.5,96.3,95.1,95.7,104.7,0.4,0.966,DOWN,0
115333,80.9,79.2,80.0,90.2,88.4,90.9,89.7,100.0,0.2,0.961,DOWN,0
115366,77.8,76.6,77.2,86.0,85.8,90.2,88.0,95.8,0.3,0.955,DOWN,0
115400,74.3,67.2,70.7,81.2,82.5,86.2,84.4,91.7,0.5,0.946,BOTTOM,0
115433,70.9,65.6,68.3,76.6,79.3,83.5,81.4,87.8,0.5,0.935,BOTTOM,0
115466,63.9,57.1,60.5,71.4,72.0,81.0,76.5,84.0,0.5,0.923,BOTTOM,0
115500,61.3,53.7,57.5,66.8,69.1,77.5,73.3,80.7,0.4,0.909,BOTTOM,0
115533,58.2,54.3,56.3,62.7,65.5,76.3,70.9,77.3,0.1,0.896,BOTTOM,0
115566,52.9,54.2,53.6,59.2,61.5,72.6,67.0,73.8,0.0,0.884,BOTTOM,0
115600,49.4,53.9,51.7,55.9,57.9,69.8,63.8,70.3,0.1,0.873,BOTTOM,0
115633,47.4,49.1,48.2,53.4,56.6,67.4,62.0,67.4,0.1,0.863,BOTTOM,0
115666,43.3,44.9,44.1,50.8,52.1,63.6,57.9,64.3,0.3,0.853,BOTTOM,0
115700,39.1,39.3,39.2,47.3,47.8,58.2,53.0,60.8,0.4,0.844,BOTTOM,0
115733,37.3,38.0,37.6,44.2,45.9,57.4,51.7,57.7,0.4,0.833,BOTTOM,0
115766,35.1,29.7,32.4,40.3,43.8,54.8,49.3,54.8,0.4,0.819,BOTTOM,0
115800,32.9,27.9,30.4,36.7,41.3,52.2,46.8,51.7,0.4,0.803,BOTTOM,0
115833,32.3,25.8,29.1,33.7,40.6,49.4,45.0,49.2,0.5,0.785,BOTTOM,0
115866,31.6,23.9,27.7,31.5,40.5,45.4,43.0,47.1,0.6,0.766,BOTTOM,0
115900,30.6,19.4,25.0,28.9,39.3,42.9,41.1,45.0,0.6,0.745,BOTTOM,0
115933,30.0,16.0,23.0,27.0,38.5,37.8,38.2,42.8,0.7,0.726,BOTTOM,0
115966,30.2,15.3,22.7,25.5,38.7,36.9,37.8,41.0,0.9,0.708,BOTTOM,0
116000,29.9,22.6,26.3,25.0,38.2,36.8,37.5,39.5,1.0,0.693,BOTTOM,0
116033,29.7,20.9,25.3,24.5,37.4,34.6,36.0,38.1,1.2,0.68,BOTTOM,0
116066,29.6,22.3,26.0,24.7,36.7,32.6,34.7,36.8,1.4,0.671,BOTTOM,0
116100,29.8,21.6,25.7,25.2,36.5,31.2,33.9,36.0,1.7,0.664,BOTTOM,0
116133,29.5,26.2,27.8,26.2,35.3,34.1,34.7,35.3,1.9,0.663,BOTTOM,0
116166,29.2,23.2,26.2,26.2,34.8,31.6,33.2,34.5,1.9,0.661,BOTTOM,0
116200,28.8,23.7,26.2,26.4,34.4,31.1,32.7,33.8,2.0,0.662,BOTTOM,0
116233,28.4,18.7,23.5,25.9,34.2,30.9,32.5,33.4,1.9,0.662,BOTTOM,0
116266,27.9,17.6,22.8,25.3,33.5,30.5,32.0,33.0,1.9,0.661,BOTTOM,0
116300,28.1,17.8,22.9,24.3,33.6,30.1,31.9,32.5,1.7,0.656,BOTTOM,0
116333,28.1,19.1,23.6,23.8,33.9,30.2,32.0,32.2,1.7,0.651,BOTTOM,0
116366,29.2,20.7,24.9,23.5,34.8,32.2,33.5,32.4,1.7,0.644,BOTTOM,0
116400,29.4,21.8,25.6,24.0,34.8,32.2,33.5,32.6,1.7,0.637,BOTTOM,0
116433,30.9,24.4,27.7,24.9,36.2,31.7,33.9,33.0,1.8,0.634,BOTTOM,0
116466,35.0,31.5,33.3,27.0,39.9,37.6,38.8,34.3,2.1,0.634,BOTTOM,0
116500,40.9,40.4,40.7,30.4,44.6,45.3,44.9,36.9,2.0,0.638,BOTTOM,0
116533,48.0,46.3,47.2,34.9,51.8,59.4,55.6,41.3,0.7,0.645,BOTTOM,0
116566,52.6,61.1,56.9,41.1,56.7,74.8,65.8,47.8,0.1,0.653,BOTTOM,0
116600,58.1,76.0,67.0,49.0,61.9,84.1,73.0,55.6,0.0,0.663,BOTTOM,0
116633,67.3,90.5,78.9,58.1,71.3,97.5,84.4,64.7,0.0,0.675,BOTTOM,0
116666,75.9,108.5,92.2,68.4,78.2,115.8,97.0,75.1,0.5,0.689,BOTTOM,0
116700,83.0,112.6,97.8,78.6,84.8,117.4,101.1,84.3,0.9,0.707,BOTTOM,0
116733,93.7,116.6,105.2,88.2,94.8,118.6,106.7,92.4,1.2,0.728,BOTTOM,0
116766,106.4,120.1,113.3,97.4,107.2,123.2,115.2,100.9,1.4,0.75,BOTTOM,0
116800,115.5,125.8,120.7,105.8,116.5,129.3,122.9,108.6,1.4,0.772,BOTTOM,0
116833,124.8,131.0,127.9,112.9,126.1,135.4,130.7,115.3,1.2,0.793,BOTTOM,0
116866,131.8,134.8,133.3,120.1,133.6,139.6,136.6,122.4,0.9,0.811,BOTTOM,0
116900,134.1,137.3,135.7,126.2,136.5,141.9,139.2,128.9,0.7,0.829,BOTTOM,0
116933,139.6,139.3,139.5,131.4,141.5,144.1,142.8,134.4,0.9,0.845,DOWN,0
116966,145.8,141.8,143.8,136.0,145.9,145.6,145.7,139.0,1.0,0.859,DOWN,0
117000,148.5,143.5,146.0,139.7,147.3,147.3,147.3,142.3,1.3,0.871,DOWN,0
117033,153.0,147.9,150.4,143.1,151.0,150.7,150.9,145.2,1.6,0.883,DOWN,0
117066,153.7,150.3,152.0,146.3,151.4,153.1,152.3,147.8,1.9,0.894,DOWN,0
117100,154.3,153.0,153.6,149.2,152.1,155.6,153.8,150.0,2.3,0.903,DOWN,0
117133,156.8,157.4,157.1,151.8,153.8,158.3,156.1,152.1,2.3,0.911,DOWN,0
117166,158.1,160.6,159.4,154.5,154.5,161.2,157.9,154.2,2.7,0.919,DOWN,0
117200,160.2,166.0,163.1,157.0,156.5,164.7,160.6,156.1,2.8,0.926,DOWN,0
117233,163.3,168.7,166.0,159.8,158.5,166.7,162.6,158.2,2.8,0.932,DOWN,0
117266,164.8,170.2,167.5,162.6,159.5,167.5,163.5,160.1,2.8,0.937,DOWN,0
117300,165.4,172.3,168.8,165.0,160.8,168.9,164.8,161.9,2.6,0.941,DOWN,0
117333,166.9,172.8,169.8,167.0,161.6,169.3,165.4,163.4,2.6,0.946,DOWN,0
117366,169.8,175.0,172.4,168.9,163.7,170.3,167.0,164.7,2.4,0.949,DOWN,0
117400,170.5,176.3,173.4,170.4,164.2,170.7,167.4,165.7,2.3,0.952,UP,1
117433,171.7,177.6,174.6,171.8,164.4,171.0,167.7,166.5,2.2,0.954,UP,1
117466,171.5,179.6,175.6,173.2,164.5,171.9,168.2,167.2,2.1,0.956,UP,1
117500,172.6,179.2,175.9,174.4,164.9,172.4,168.7,167.8,2.1,0.957,UP,1
117533,173.0,178.4,175.7,175.1,165.2,172.7,169.0,168.2,2.0,0.957,UP,1
117566,172.4,178.7,175.5,175.5,165.3,172.0,168.6,168.4,1.7,0.957,UP,1
117600,172.2,178.7,175.4,175.6,165.6,171.7,168.7,168.6,1.5,0.957,UP,1
117633,172.6,178.8,175.7,175.7,165.6,171.5,168.6,168.7,1.4,0.955,UP,1
117666,172.5,179.1,175.8,175.6,165.8,171.3,168.5,168.7,1.3,0.954,UP,1
117700,172.5,178.0,175.2,175.5,165.8,171.9,168.9,168.7,1.3,0.952,UP,1
117733,172.5,178.0,175.3,175.5,165.8,171.6,168.7,168.7,1.2,0.95,UP,1
117766,174.0,178.4,176.2,175.6,166.7,171.5,169.1,168.8,1.2,0.949,UP,1
117800,175.3,178.3,176.8,175.9,167.5,171.4,169.4,168.9,1.1,0.948,UP,1
117833,173.6,178.2,175.9,175.9,166.1,171.7,168.9,169.0,1.3,0.947,UP,1
117866,170.8,178.2,174.5,175.7,164.9,171.5,168.2,168.9,1.1,0.946,UP,1
117900,170.6,177.9,174.2,175.5,164.8,171.6,168.2,168.8,1.2,0.945,UP,1
117933,170.7,177.2,174.0,175.1,165.0,171.5,168.3,168.6,0.9,0.945,UP,1
117966,170.3,177.3,173.8,174.5,164.8,171.6,168.2,168.3,1.0,0.944,UP,1
118000,170.7,177.2,173.9,174.1,165.4,171.5,168.5,168.3,0.9,0.945,UP,1
118033,171.4,176.8,174.1,174.0,166.2,171.5,168.8,168.4,0.8,0.945,UP,1
118066,171.0,176.8,173.9,173.9,166.1,171.4,168.7,168.5,0.6,0.945,UP,1
118100,171.3,176.8,174.1,174.0,166.2,171.5,168.9,168.6,0.7,0.945,UP,1
118133,172.0,176.6,174.3,174.1,166.7,171.5,169.1,168.8,0.6,0.945,UP,1
118166,172.4,176.5,174.4,174.2,167.0,171.5,169.2,168.9,0.6,0.945,UP,1
118200,172.4,176.3,174.4,174.2,167.1,171.3,169.2,169.0,0.5,0.945,UP,1
118233,173.3,176.3,174.8,174.4,167.4,171.3,169.4,169.2,0.6,0.945,UP,1
118266,172.6,176.2,174.4,174.5,167.1,171.4,169.2,169.2,0.6,0.946,UP,1
118300,173.3,176.1,174.7,174.6,167.2,171.3,169.3,169.3,0.7,0.946,UP,1
118333,172.6,175.8,174.2,174.5,166.9,171.4,169.2,169.2,0.7,0.946,UP,1
118366,173.0,175.8,174.4,174.5,166.3,171.5,168.9,169.2,1.1,0.946,UP,1
118400,172.6,175.2,173.9,174.3,165.3,171.8,168.5,169.0,1.5,0.946,UP,1
118433,173.1,175.1,174.1,174.3,165.8,171.8,168.8,168.9,1.5,0.946,UP,1
118466,172.4,175.4,173.9,174.1,165.7,172.4,169.0,168.9,2.1,0.947,UP,1
118500,174.2,175.3,174.7,174.2,166.8,172.7,169.8,169.0,2.2,0.948,UP,1
118533,174.4,174.5,174.5,174.2,167.2,172.6,169.9,169.2,2.1,0.95,UP,1
118566,176.3,175.9,176.1,174.7,169.0,170.6,169.8,169.5,1.8,0.952,UP,1
118600,178.4,176.2,177.3,175.3,170.9,169.4,170.2,169.7,1.6,0.954,UP,1
118633,179.4,176.3,177.8,176.1,172.4,168.4,170.4,170.0,1.3,0.956,UP,1
118666,179.9,177.9,178.9,176.9,172.4,167.7,170.1,170.1,2.3,0.958,UP,1
118700,178.5,177.7,178.1,177.6,171.8,167.4,169.6,170.0,2.5,0.96,UP,1
118733,178.6,177.9,178.2,178.1,170.5,167.9,169.2,169.9,3.5,0.962,UP,1
118766,178.3,177.3,177.8,178.2,170.2,168.5,169.4,169.7,4.1,0.964,UP,1
118800,179.4,177.1,178.2,178.3,170.7,168.8,169.8,169.6,4.3,0.966,UP,1
118833,179.7,177.3,178.5,178.2,171.2,168.7,170.0,169.6,4.7,0.968,UP,1
118866,179.2,177.6,178.4,178.2,172.2,168.6,170.4,169.7,4.9,0.97,UP,1
118900,178.3,177.1,177.7,178.1,173.8,168.6,171.2,170.1,4.9,0.971,UP,1
118933,178.1,177.7,177.9,178.1,173.5,168.1,170.8,170.4,5.4,0.973,UP,1
118966,178.3,177.0,177.7,178.0,173.1,169.0,171.1,170.7,5.9,0.974,UP,1
119000,178.0,177.1,177.5,177.8,173.7,168.7,171.2,170.9,6.0,0.975,UP,1
119033,178.5,177.6,178.0,177.8,172.7,168.4,170.6,171.0,6.3,0.976,UP,1
119066,178.8,176.2,177.5,177.7,172.4,170.4,171.4,171.0,6.7,0.977,UP,1
119100,179.8,176.2,178.0,177.7,171.3,171.0,171.2,171.1,6.7,0.977,UP,1
119133,179.9,175.5,177.7,177.8,171.3,171.5,171.4,171.1,6.6,0.978,UP,1
119166,179.7,175.5,177.6,177.8,171.2,172.0,171.6,171.2,6.8,0.979,UP,1
119200,178.3,177.1,177.7,177.7,169.9,173.1,171.5,171.4,7.2,0.979,UP,1
119233,178.1,178.1,178.1,177.8,170.4,174.2,172.3,171.6,6.9,0.98,UP,1
119266,177.4,177.9,177.6,177.7,170.3,174.5,172.4,171.8,6.8,0.98,UP,1
119300,177.3,179.2,178.3,177.9,170.3,175.1,172.7,172.1,6.6,0.979,UP,1
119333,176.7,178.1,177.4,177.8,170.2,175.6,172.9,172.4,6.4,0.979,UP,1
119366,177.4,177.9,177.7,177.8,170.9,175.5,173.2,172.7,6.1,0.978,UP,1
119400,177.5,177.4,177.5,177.7,171.1,175.7,173.4,172.9,5.9,0.977,UP,1
119433,177.3,177.3,177.3,177.6,171.4,175.4,173.4,173.1,5.6,0.976,UP,1
119466,177.6,178.1,177.9,177.5,172.1,174.6,173.4,173.3,4.9,0.976,UP,1
119500,177.5,178.1,177.8,177.6,172.7,173.6,173.2,173.3,4.1,0.975,UP,1
119533,177.5,178.3,177.9,177.7,173.3,172.8,173.1,173.3,3.4,0.973,UP,1
119566,176.7,178.2,177.5,177.7,173.7,172.0,172.9,173.2,2.4,0.972,UP,1
119600,176.4,177.1,176.7,177.5,174.3,172.5,173.4,173.2,1.9,0.97,UP,1
119633,175.9,175.6,175.8,177.1,174.5,173.5,174.0,173.3,1.4,0.968,UP,1
119666,175.0,175.2,175.1,176.6,174.6,173.4,174.0,173.5,0.7,0.967,UP,1
119700,174.8,174.8,174.8,176.0,175.0,173.6,174.3,173.7,0.2,0.966,UP,1
119733,174.2,174.2,174.2,175.3,174.8,173.8,174.3,174.0,0.1,0.965,UP,1
119766,169.9,174.3,172.1,174.4,172.9,173.2,173.0,173.9,0.6,0.965,UP,1
119800,170.3,174.9,172.6,173.7,173.4,172.5,173.0,173.7,1.1,0.964,UP,1
119833,170.4,175.0,172.7,173.3,173.8,171.5,172.6,173.4,1.9,0.963,UP,1
119866,165.2,174.6,169.9,172.3,171.5,171.8,171.6,172.9,1.9,0.961,UP,1
119900,162.4,173.8,168.1,171.1,170.2,172.3,171.2,172.3,2.0,0.96,UP,1
119933,164.2,173.9,169.0,170.5,170.2,172.5,171.4,172.0,1.9,0.958,UP,1
119966,166.8,173.9,170.4,170.0,170.6,172.5,171.6,171.7,2.1,0.956,UP,1
120000,169.8,174.0,171.9,169.9,172.0,172.6,172.3,171.6,2.3,0.954,UP,1
120033,172.6,174.5,173.6,170.6,172.5,172.6,172.6,171.8,2.4,0.952,UP,1
120066,176.3,174.6,175.5,172.1,171.6,172.6,172.1,172.0,1.9,0.95,UP,1
120100,177.3,174.6,175.9,173.4,170.2,173.2,171.7,172.0,1.0,0.948,UP,1
120133,179.7,174.7,177.2,174.8,169.9,174.4,172.1,172.2,0.1,0.946,UP,1
120166,178.5,174.4,176.5,175.7,168.6,175.9,172.2,172.2,1.3,0.944,UP,1
120200,179.8,174.5,177.1,176.4,168.1,177.1,172.6,172.2,2.5,0.941,UP,1
120233,179.3,175.2,177.3,176.8,166.6,177.7,172.1,172.2,3.5,0.938,UP,1
120266,178.9,174.6,176.8,177.0,165.6,176.9,171.2,172.1,4.3,0.934,UP,1
120300,179.3,175.7,177.5,177.0,168.4,174.2,171.3,171.9,3.3,0.931,UP,1
120333,177.4,176.1,176.8,177.1,169.8,171.9,170.8,171.6,3.3,0.926,UP,1
120366,179.6,176.7,178.2,177.3,167.8,169.8,168.8,170.9,3.6,0.921,UP,1
120400,175.2,175.9,175.5,177.0,165.6,171.0,168.3,170.1,4.8,0.915,UP,1
120433,178.3,175.9,177.1,177.0,167.4,172.5,169.9,169.8,5.0,0.908,UP,1
120466,175.3,176.2,175.7,176.7,164.0,173.7,168.9,169.4,6.2,0.903,UP,1
120500,177.8,172.6,175.2,176.4,175.7,168.6,172.2,169.6,5.5,0.891,UP,1
120533,176.6,175.0,175.8,175.9,168.5,169.0,168.7,169.6,12.4,0.881,UP,1
120566,174.7,175.8,175.2,175.8,165.7,174.0,169.9,169.9,10.9,0.871,UP,1
120600,176.3,177.0,176.6,175.7,165.8,179.2,172.5,170.4,8.2,0.856,UP,1
120633,177.8,178.8,178.3,176.2,167.8,178.0,172.9,171.2,5.6,0.833,UP,1
120666,177.5,174.7,176.1,176.4,171.1,168.9,170.0,170.8,2.1,0.808,UP,1
120700,173.7,176.4,175.1,176.3,171.4,175.5,173.5,171.8,4.7,0.779,UP,1
120733,176.3,178.0,177.2,176.6,173.1,169.7,171.4,172.1,2.1,0.742,UP,1
120766,174.6,177.0,175.8,176.5,169.7,179.9,174.8,172.5,5.4,0.7,UP,1
120800,174.9,178.1,176.5,176.1,169.7,172.2,171.0,172.1,2.4,0.66,UP,1
120833,175.0,179.8,177.4,176.4,168.5,174.3,171.4,172.4,1.6,0.619,UP,1
120866,171.3,174.1,172.7,175.9,166.2,174.5,170.3,171.8,1.7,0.58,UP,1
120900,172.6,175.4,174.0,175.3,168.4,172.2,170.3,171.6,0.8,0.543,UP,1
120933,173.1,171.1,172.1,174.5,170.8,174.9,172.8,171.2,1.2,0.514,UP,1
120966,,,,,,,,,,0.488,UP,1
121000,,,,,,,,,,0.472,UP,1
121033,,,,,,,,,,0.461,UP,1
121066,,,,,,,,,,0.456,UP,1
121100,,,,,,,,,,0.362,UP,1
121133,,,,,,,,,,0.273,UP,1
121166,,,,,,,,,,0.183,UP,1
121200,,,,,,,,,,0.091,UP,1
121233,,,,,,,,,,0.087,UP,1
121266,,,,,,,,,,0.178,UP,1
121300,,,,,,,,,,0.178,UP,1
121333,,,,,,,,,,0.178,UP,1
121366,,,,,,,,,,0.178,UP,1
121400,,,,,,,,,,0.091,UP,1
121433,,,,,,,,,,0.0,UP,1
121466,,,,,,,,,,0.0,UP,1
121500,,,,,,,,,,0.0,UP,1
121533,,,,,,,,,,0.0,UP,1
121566,,,,,,,,,,0.0,UP,1
121600,,,,,,,,,,0.0,UP,1
121633,,,,,,,,,,0.0,UP,1
121666,,,,,,,,,,0.0,UP,1
121700,,,,,,,,,,0.0,UP,1
121733,,,,,,,,,,0.0,UP,1
121766,,,,,,,,,,0.0,UP,1
121800,,,,,,,,,,0.0,UP,1
121833,,,,,,,,,,0.0,UP,1
121866,,,,,,,,,,0.093,UP,1
121900,,,,,,,,,,0.186,UP,1
121933,,,,,,,,,,0.186,UP,1
121966,,,,,,,,,,0.186,UP,1
122000,,,,,,,,,,0.186,UP,1
122033,,,,,,,,,,0.195,UP,1
122066,,,,,,,,,,0.208,UP,1
122100,,,,,,,,,,0.318,UP,1
122133,,,,,,,,,,0.42,UP,1
122166,150.1,119.9,135.0,166.2,39.6,53.8,46.7,146.3,125.3,0.519,UP,1
122200,,,,,,,,,,0.417,UP,1
122233,,,,,,,,,,0.311,UP,1
122266,,,,,,,,,,0.202,UP,1
122300,,,,,,,,,,0.099,UP,1
122333,,,,,,,,,,0.0,UP,1
122366,,,,,,,,,,0.0,UP,1
122400,,,,,,,,,,0.0,UP,1
122433,,,,,,,,,,0.0,UP,1
122466,,,,,,,,,,0.0,UP,1
122500,,,,,,,,,,0.0,UP,1
122533,,,,,,,,,,0.0,UP,1
122566,,,,,,,,,,0.0,UP,1
122600,,,,,,,,,,0.0,UP,1
122633,,,,,,,,,,0.0,UP,1
122666,,,,,,,,,,0.0,UP,1
122700,,,,,,,,,,0.0,UP,1
122733,,,,,,,,,,0.0,UP,1
122766,,,,,,,,,,0.0,UP,1
122800,,,,,,,,,,0.0,UP,1
122833,,,,,,,,,,0.0,UP,1
122866,,,,,,,,,,0.098,UP,1
122900,,,,,,,,,,0.191,UP,1
122933,,,,,,,,,,0.191,UP,1
122966,,,,,,,,,,0.191,UP,1
123000,,,,,,,,,,0.191,UP,1
123033,,,,,,,,,,0.093,UP,1
123066,,,,,,,,,,0.0,UP,1
123100,,,,,,,,,,0.0,UP,1
123133,,,,,,,,,,0.0,UP,1
123166,,,,,,,,,,0.0,UP,1
123200,,,,,,,,,,0.0,UP,1
123233,,,,,,,,,,0.0,UP,1
123266,,,,,,,,,,0.0,UP,1
123300,,,,,,,,,,0.093,UP,1
123333,,,,,,,,,,0.185,UP,1
123366,,,,,,,,,,0.275,UP,1
123400,,,,,,,,,,0.366,UP,1
123433,,,,,,,,,,0.453,UP,1
123466,,,,,,,,,,0.444,UP,1
123500,,,,,,,,,,0.433,UP,1
123533,,,,,,,,,,0.422,UP,1
123566,,,,,,,,,,0.406,UP,1
123600,,,,,,,,,,0.394,UP,1
123633,,,,,,,,,,0.382,UP,1
123666,,,,,,,,,,0.371,UP,1
123700,,,,,,,,,,0.359,UP,1
123733,,,,,,,,,,0.353,UP,1
123766,,,,,,,,,,0.347,UP,1
123800,,,,,,,,,,0.345,UP,1
123833,,,,,,,,,,0.345,UP,1
123866,,,,,,,,,,0.344,UP,1
123900,,,,,,,,,,0.339,UP,1
123933,,,,,,,,,,0.335,UP,1
123966,,,,,,,,,,0.333,UP,1
124000,,,,,,,,,,0.332,UP,1
124033,,,,,,,,,,0.336,UP,1
124066,,,,,,,,,,0.338,UP,1
124100,,,,,,,,,,0.339,UP,1
124133,,,,,,,,,,0.339,UP,1
124166,,,,,,,,,,0.334,UP,1
124200,,,,,,,,,,0.329,UP,1
124233,,,,,,,,,,0.327,UP,1
124266,,,,,,,,,,0.326,UP,1
124300,,,,,,,,,,0.321,UP,1
124333,,,,,,,,,,0.318,UP,1
124366,,,,,,,,,,0.316,UP,1
124400,,,,,,,,,,0.314,UP,1
124433,,,,,,,,,,0.309,UP,1
124466,,,,,,,,,,0.308,UP,1
124500,,,,,,,,,,0.307,UP,1
124533,,,,,,,,,,0.309,UP,1
124566,,,,,,,,,,0.312,UP,1
124600,,,,,,,,,,0.322,UP,1
124633,,,,,,,,,,0.332,UP,1
124666,,,,,,,,,,0.342,UP,1
124700,,,,,,,,,,0.348,UP,1
124733,,,,,,,,,,0.355,UP,1
124766,,,,,,,,,,0.359,UP,1
124800,,,,,,,,,,0.363,UP,1
124833,,,,,,,,,,0.361,UP,1
124866,,,,,,,,,,0.361,UP,1
124900,,,,,,,,,,0.36,UP,1
124933,,,,,,,,,,0.354,UP,1
124966,,,,,,,,,,0.35,UP,1
125000,,,,,,,,,,0.353,UP,1
125033,,,,,,,,,,0.352,UP,1
125066,,,,,,,,,,0.354,UP,1
125100,,,,,,,,,,0.358,UP,1
125133,,,,,,,,,,0.356,UP,1
125166,,,,,,,,,,0.357,UP,1
125200,,,,,,,,,,0.363,UP,1
125233,,,,,,,,,,0.363,UP,1
125266,,,,,,,,,,0.365,UP,1
125300,,,,,,,,,,0.37,UP,1
125333,,,,,,,,,,0.367,UP,1
125366,,,,,,,,,,0.363,UP,1
125400,,,,,,,,,,0.364,UP,1
125433,,,,,,,,,,0.362,UP,1
125466,,,,,,,,,,0.359,UP,1
125500,,,,,,,,,,0.361,UP,1
125533,,,,,,,,,,0.358,UP,1
125566,,,,,,,,,,0.356,UP,1
125600,,,,,,,,,,0.354,UP,1
125633,,,,,,,,,,0.353,UP,1
125666,,,,,,,,,,0.349,UP,1
125700,,,,,,,,,,0.347,UP,1
125733,,,,,,,,,,0.341,UP,1
125766,,,,,,,,,,0.336,UP,1
125800,,,,,,,,,,0.332,UP,1
125833,,,,,,,,,,0.327,UP,1
125866,,,,,,,,,,0.323,UP,1
125900,,,,,,,,,,0.318,UP,1
125933,,,,,,,,,,0.313,UP,1
125966,,,,,,,,,,0.308,UP,1
126000,,,,,,,,,,0.304,UP,1
126033,,,,,,,,,,0.3,UP,1
126066,,,,,,,,,,0.3,UP,1
126100,,,,,,,,,,0.298,UP,1
126133,,,,,,,,,,0.298,UP,1
126166,,,,,,,,,,0.301,UP,1
126200,,,,,,,,,,0.312,UP,1
126233,,,,,,,,,,0.32,UP,1
0,,,,,,,,,,0.0,UP,0
33,,,,,,,,,,0.0,UP,0
66,,,,,,,,,,0.0,UP,0
100,,,,,,,,,,0.0,UP,0
133,,,,,,,,,,0.0,UP,0
166,,,,,,,,,,0.0,UP,0
200,,,,,,,,,,0.0,UP,0
233,,,,,,,,,,0.0,UP,0
266,,,,,,,,,,0.0,UP,0
300,,,,,,,,,,0.0,UP,0
333,,,,,,,,,,0.0,UP,0
366,,,,,,,,,,0.0,UP,0
400,,,,,,,,,,0.0,UP,0
433,,,,,,,,,,0.0,UP,0
466,,,,,,,,,,0.0,UP,0
500,,,,,,,,,,0.074,UP,0
533,,,,,,,,,,0.152,UP,0
566,,,,,,,,,,0.224,UP,0
600,,,,,,,,,,0.293,UP,0
633,,,,,,,,,,0.36,UP,0
666,,,,,,,,,,0.352,UP,0
700,,,,,,,,,,0.341,UP,0
733,,,,,,,,,,0.346,UP,0
766,,,,,,,,,,0.277,UP,0
800,,,,,,,,,,0.21,UP,0
833,,,,,,,,,,0.144,UP,0
866,,,,,,,,,,0.077,UP,0
900,,,,,,,,,,0.0,UP,0
933,,,,,,,,,,0.0,UP,0
966,,,,,,,,,,0.0,UP,0
1000,,,,,,,,,,0.0,UP,0
1033,,,,,,,,,,0.0,UP,0
1066,,,,,,,,,,0.0,UP,0
1100,,,,,,,,,,0.0,UP,0
1133,,,,,,,,,,0.0,UP,0
1166,,,,,,,,,,0.0,UP,0
1200,,,,,,,,,,0.0,UP,0
1233,,,,,,,,,,0.0,UP,0
1266,,,,,,,,,,0.0,UP,0
1300,,,,,,,,,,0.0,UP,0
1333,,,,,,,,,,0.0,UP,0
1366,,,,,,,,,,0.0,UP,0
1400,,,,,,,,,,0.0,UP,0
1433,,,,,,,,,,0.0,UP,0
1466,,,,,,,,,,0.0,UP,0
1500,,,,,,,,,,0.0,UP,0
1533,,,,,,,,,,0.0,UP,0
1566,,,,,,,,,,0.0,UP,0
1600,,,,,,,,,,0.0,UP,0
1633,,,,,,,,,,0.0,UP,0
1666,,,,,,,,,,0.0,UP,0
1700,,,,,,,,,,0.0,UP,0
1733,,,,,,,,,,0.0,UP,0
1766,,,,,,,,,,0.0,UP,0
1800,,,,,,,,,,0.0,UP,0
1833,,,,,,,,,,0.0,UP,0
1866,,,,,,,,,,0.0,UP,0
1900,,,,,,,,,,0.0,UP,0
1933,,,,,,,,,,0.0,UP,0
1966,,,,,,,,,,0.0,UP,0
2000,,,,,,,,,,0.0,UP,0
2033,,,,,,,,,,0.0,UP,0
2066,,,,,,,,,,0.0,UP,0
2100,,,,,,,,,,0.0,UP,0
2133,,,,,,,,,,0.0,UP,0
2166,,,,,,,,,,0.0,UP,0
2200,,,,,,,,,,0.0,UP,0
2233,,,,,,,,,,0.0,UP,0
2266,,,,,,,,,,0.0,UP,0
2300,,,,,,,,,,0.0,UP,0
2333,,,,,,,,,,0.0,UP,0
2366,,,,,,,,,,0.0,UP,0
2400,,,,,,,,,,0.0,UP,0
2433,,,,,,,,,,0.0,UP,0
2466,,,,,,,,,,0.0,UP,0
2500,,,,,,,,,,0.0,UP,0
2533,,,,,,,,,,0.0,UP,0
2566,,,,,,,,,,0.0,UP,0
2600,,,,,,,,,,0.0,UP,0
2633,,,,,,,,,,0.0,UP,0
2666,,,,,,,,,,0.0,UP,0
2700,,,,,,,,,,0.0,UP,0
2733,,,,,,,,,,0.0,UP,0
2766,,,,,,,,,,0.0,UP,0
2800,,,,,,,,,,0.0,UP,0
2833,,,,,,,,,,0.0,UP,0
2866,,,,,,,,,,0.0,UP,0
2900,,,,,,,,,,0.0,UP,0
2933,,,,,,,,,,0.0,UP,0
2966,,,,,,,,,,0.0,UP,0
3000,,,,,,,,,,0.0,UP,0
3033,,,,,,,,,,0.0,UP,0
3066,,,,,,,,,,0.0,UP,0
3100,,,,,,,,,,0.0,UP,0
3133,,,,,,,,,,0.0,UP,0
3166,,,,,,,,,,0.0,UP,0
3200,,,,,,,,,,0.0,UP,0
3233,,,,,,,,,,0.0,UP,0
3266,,,,,,,,,,0.0,UP,0
3300,,,,,,,,,,0.0,UP,0
3333,,,,,,,,,,0.0,UP,0
3366,,,,,,,,,,0.0,UP,0
3400,,,,,,,,,,0.0,UP,0
3433,,,,,,,,,,0.0,UP,0
3466,,,,,,,,,,0.0,UP,0
3500,,,,,,,,,,0.0,UP,0
3533,,,,,,,,,,0.0,UP,0
3566,,,,,,,,,,0.0,UP,0
3600,,,,,,,,,,0.0,UP,0
3633,,,,,,,,,,0.0,UP,0
3666,,,,,,,,,,0.0,UP,0
3700,,,,,,,,,,0.0,UP,0
3733,,,,,,,,,,0.0,UP,0
3766,,,,,,,,,,0.0,UP,0
3800,,,,,,,,,,0.0,UP,0
3833,,,,,,,,,,0.0,UP,0
3866,,,,,,,,,,0.0,UP,0
3900,,,,,,,,,,0.0,UP,0
3933,,,,,,,,,,0.0,UP,0
3966,,,,,,,,,,0.0,UP,0
4000,,,,,,,,,,0.0,UP,0
4033,,,,,,,,,,0.0,UP,0
4066,,,,,,,,,,0.0,UP,0
4100,,,,,,,,,,0.0,UP,0
4133,,,,,,,,,,0.0,UP,0
4166,,,,,,,,,,0.0,UP,0
4200,,,,,,,,,,0.0,UP,0
4233,,,,,,,,,,0.0,UP,0
4266,,,,,,,,,,0.0,UP,0
4300,,,,,,,,,,0.0,UP,0
4333,,,,,,,,,,0.0,UP,0
4366,,,,,,,,,,0.0,UP,0
4400,,,,,,,,,,0.0,UP,0
4433,,,,,,,,,,0.0,UP,0
4466,,,,,,,,,,0.0,UP,0
4500,,,,,,,,,,0.0,UP,0
4533,,,,,,,,,,0.0,UP,0
4566,,,,,,,,,,0.0,UP,0
4600,,,,,,,,,,0.0,UP,0
4633,,,,,,,,,,0.0,UP,0
4666,,,,,,,,,,0.0,UP,0
4700,,,,,,,,,,0.0,UP,0
4733,,,,,,,,,,0.0,UP,0
4766,,,,,,,,,,0.0,UP,0
4800,,,,,,,,,,0.0,UP,0
4833,,,,,,,,,,0.0,UP,0
4866,,,,,,,,,,0.0,UP,0
4900,,,,,,,,,,0.0,UP,0
4933,,,,,,,,,,0.0,UP,0
4966,,,,,,,,,,0.0,UP,0
5000,,,,,,,,,,0.0,UP,0
5033,,,,,,,,,,0.0,UP,0
5066,,,,,,,,,,0.0,UP,0
5100,,,,,,,,,,0.073,UP,0
5133,,,,,,,,,,0.144,UP,0
5166,,,,,,,,,,0.214,UP,0
5200,,,,,,,,,,0.284,UP,0
5233,,,,,,,,,,0.351,UP,0
5266,,,,,,,,,,0.342,UP,0
5300,,,,,,,,,,0.335,UP,0
5333,,,,,,,,,,0.329,UP,0
5366,,,,,,,,,,0.259,UP,0
5400,,,,,,,,,,0.193,UP,0
5433,,,,,,,,,,0.128,UP,0
5466,,,,,,,,,,0.065,UP,0
5500,,,,,,,,,,0.0,UP,0
5533,,,,,,,,,,0.0,UP,0
5566,,,,,,,,,,0.0,UP,0
5600,,,,,,,,,,0.0,UP,0
5633,,,,,,,,,,0.0,UP,0
5666,,,,,,,,,,0.0,UP,0
5700,,,,,,,,,,0.0,UP,0
5733,,,,,,,,,,0.0,UP,0
5766,,,,,,,,,,0.0,UP,0
5800,,,,,,,,,,0.0,UP,0
5833,,,,,,,,,,0.0,UP,0
5866,,,,,,,,,,0.0,UP,0
5900,,,,,,,,,,0.0,UP,0
5933,,,,,,,,,,0.0,UP,0
5966,,,,,,,,,,0.0,UP,0
6000,,,,,,,,,,0.0,UP,0
6033,,,,,,,,,,0.0,UP,0
6066,,,,,,,,,,0.0,UP,0
6100,,,,,,,,,,0.0,UP,0
6133,,,,,,,,,,0.0,UP,0
6166,,,,,,,,,,0.0,UP,0
6200,,,,,,,,,,0.0,UP,0
6233,,,,,,,,,,0.0,UP,0
6266,,,,,,,,,,0.0,UP,0
6300,,,,,,,,,,0.0,UP,0
6333,,,,,,,,,,0.0,UP,0
6366,,,,,,,,,,0.0,UP,0
6400,,,,,,,,,,0.0,UP,0
6433,,,,,,,,,,0.0,UP,0
6466,,,,,,,,,,0.0,UP,0
6500,,,,,,,,,,0.0,UP,0
6533,,,,,,,,,,0.0,UP,0
6566,,,,,,,,,,0.0,UP,0
6600,,,,,,,,,,0.0,UP,0
6633,,,,,,,,,,0.0,UP,0
6666,,,,,,,,,,0.0,UP,0
6700,,,,,,,,,,0.0,UP,0
6733,,,,,,,,,,0.0,UP,0
6766,,,,,,,,,,0.0,UP,0
6800,,,,,,,,,,0.0,UP,0
6833,,,,,,,,,,0.0,UP,0
6866,,,,,,,,,,0.07,UP,0
6900,,,,,,,,,,0.07,UP,0
6933,,,,,,,,,,0.07,UP,0
6966,,,,,,,,,,0.07,UP,0
7000,,,,,,,,,,0.07,UP,0
7033,,,,,,,,,,0.0,UP,0
7066,,,,,,,,,,0.0,UP,0
7100,,,,,,,,,,0.0,UP,0
7133,,,,,,,,,,0.0,UP,0
7166,,,,,,,,,,0.0,UP,0
7200,,,,,,,,,,0.0,UP,0
7233,,,,,,,,,,0.0,UP,0
7266,,,,,,,,,,0.0,UP,0
7300,,,,,,,,,,0.0,UP,0
7333,,,,,,,,,,0.0,UP,0
7366,,,,,,,,,,0.0,UP,0
7400,,,,,,,,,,0.0,UP,0
7433,,,,,,,,,,0.0,UP,0
7466,,,,,,,,,,0.0,UP,0
7500,,,,,,,,,,0.0,UP,0
7533,,,,,,,,,,0.0,UP,0
7566,,,,,,,,,,0.0,UP,0
7600,,,,,,,,,,0.0,UP,0
7633,,,,,,,,,,0.078,UP,0
7666,,,,,,,,,,0.158,UP,0
7700,,,,,,,,,,0.237,UP,0
7733,,,,,,,,,,0.314,UP,0
7766,,,,,,,,,,0.388,UP,0
7800,,,,,,,,,,0.382,UP,0
7833,,,,,,,,,,0.372,UP,0
7866,,,,,,,,,,0.366,UP,0
7900,,,,,,,,,,0.358,UP,0
7933,,,,,,,,,,0.359,UP,0
7966,,,,,,,,,,0.359,UP,0
8000,,,,,,,,,,0.36,UP,0
8033,,,,,,,,,,0.365,UP,0
8066,,,,,,,,,,0.374,UP,0
8100,,,,,,,,,,0.38,UP,0
8133,,,,,,,,,,0.388,UP,0
8166,,,,,,,,,,0.394,UP,0
8200,,,,,,,,,,0.391,UP,0
8233,,,,,,,,,,0.386,UP,0
8266,,,,,,,,,,0.304,UP,0
8300,,,,,,,,,,0.225,UP,0
8333,,,,,,,,,,0.23,UP,0
8366,,,,,,,,,,0.236,UP,0
8400,,,,,,,,,,0.238,UP,0
8433,,,,,,,,,,0.318,UP,0
8466,,,,,,,,,,0.393,UP,0
8500,,,,,,,,,,0.395,UP,0
8533,,,,,,,,,,0.394,UP,0
8566,,,,,,,,,,0.318,UP,0
8600,,,,,,,,,,0.316,UP,0
8633,,,,,,,,,,0.314,UP,0
8666,,,,,,,,,,0.302,UP,0
8700,,,,,,,,,,0.294,UP,0
8733,,,,,,,,,,0.363,UP,0
8766,,,,,,,,,,0.361,UP,0
8800,,,,,,,,,,0.362,UP,0
8833,,,,,,,,,,0.362,UP,0
8866,,,,,,,,,,0.358,UP,0
8900,,,,,,,,,,0.361,UP,0
8933,,,,,,,,,,0.286,UP,0
8966,,,,,,,,,,0.284,UP,0
9000,,,,,,,,,,0.282,UP,0
9033,,,,,,,,,,0.284,UP,0
9066,,,,,,,,,,0.287,UP,0
9100,,,,,,,,,,0.361,UP,0
9133,,,,,,,,,,0.359,UP,0
9166,,,,,,,,,,0.357,UP,0
9200,,,,,,,,,,0.287,UP,0
9233,,,,,,,,,,0.278,UP,0
9266,,,,,,,,,,0.267,UP,0
9300,,,,,,,,,,0.257,UP,0
9333,,,,,,,,,,0.255,UP,0
9366,,,,,,,,,,0.319,UP,0
9400,,,,,,,,,,0.326,UP,0
9433,,,,,,,,,,0.332,UP,0
9466,,,,,,,,,,0.271,UP,0
9500,,,,,,,,,,0.273,UP,0
9533,,,,,,,,,,0.271,UP,0
9566,,,,,,,,,,0.258,UP,0
9600,,,,,,,,,,0.248,UP,0
9633,,,,,,,,,,0.306,UP,0
9666,,,,,,,,,,0.296,UP,0
9700,,,,,,,,,,0.287,UP,0
9733,,,,,,,,,,0.279,UP,0
9766,,,,,,,,,,0.271,UP,0
9800,,,,,,,,,,0.268,UP,0
9833,,,,,,,,,,0.265,UP,0
9866,,,,,,,,,,0.265,UP,0
9900,,,,,,,,,,0.268,UP,0
9933,,,,,,,,,,0.217,UP,0
9966,,,,,,,,,,0.163,UP,0
10000,,,,,,,,,,0.11,UP,0
10033,,,,,,,,,,0.107,UP,0
10066,,,,,,,,,,0.102,UP,0
10100,,,,,,,,,,0.153,UP,0
10133,,,,,,,,,,0.203,UP,0
10166,,,,,,,,,,0.248,UP,0
10200,,,,,,,,,,0.239,UP,0
10233,,,,,,,,,,0.229,UP,0
10266,,,,,,,,,,0.215,UP,0
10300,,,,,,,,,,0.202,UP,0
10333,,,,,,,,,,0.191,UP,0
10366,,,,,,,,,,0.183,UP,0
10400,,,,,,,,,,0.177,UP,0
10433,,,,,,,,,,0.175,UP,0
10466,,,,,,,,,,0.172,UP,0
10500,,,,,,,,,,0.167,UP,0
10533,,,,,,,,,,0.162,UP,0
10566,,,,,,,,,,0.154,UP,0
10600,,,,,,,,,,0.147,UP,0
10633,,,,,,,,,,0.143,UP,0
10666,,,,,,,,,,0.144,UP,0
10700,,,,,,,,,,0.147,UP,0
10733,,,,,,,,,,0.152,UP,0
10766,,,,,,,,,,0.157,UP,0
10800,,,,,,,,,,0.161,UP,0
10833,,,,,,,,,,0.164,UP,0
10866,,,,,,,,,,0.166,UP,0
10900,,,,,,,,,,0.167,UP,0
10933,,,,,,,,,,0.165,UP,0
10966,,,,,,,,,,0.163,UP,0
11000,,,,,,,,,,0.16,UP,0
11033,,,,,,,,,,0.158,UP,0
11066,,,,,,,,,,0.156,UP,0
11100,,,,,,,,,,0.154,UP,0
11133,,,,,,,,,,0.154,UP,0
11166,,,,,,,,,,0.153,UP,0
11200,,,,,,,,,,0.15,UP,0
11233,,,,,,,,,,0.145,UP,0
11266,,,,,,,,,,0.141,UP,0
11300,,,,,,,,,,0.137,UP,0
11333,,,,,,,,,,0.132,UP,0
11366,,,,,,,,,,0.129,UP,0
11400,,,,,,,,,,0.127,UP,0
11433,,,,,,,,,,0.126,UP,0
11466,,,,,,,,,,0.128,UP,0
11500,,,,,,,,,,0.131,UP,0
11533,,,,,,,,,,0.133,UP,0
11566,,,,,,,,,,0.135,UP,0
11600,,,,,,,,,,0.134,UP,0
11633,,,,,,,,,,0.133,UP,0
11666,,,,,,,,,,0.133,UP,0
11700,,,,,,,,,,0.132,UP,0
11733,,,,,,,,,,0.132,UP,0
11766,,,,,,,,,,0.131,UP,0
11800,,,,,,,,,,0.13,UP,0
11833,,,,,,,,,,0.129,UP,0
11866,,,,,,,,,,0.128,UP,0
11900,,,,,,,,,,0.127,UP,0
11933,,,,,,,,,,0.125,UP,0
11966,,,,,,,,,,0.122,UP,0
12000,,,,,,,,,,0.12,UP,0
12033,,,,,,,,,,0.117,UP,0
12066,,,,,,,,,,0.116,UP,0
12100,,,,,,,,,,0.115,UP,0
12133,,,,,,,,,,0.116,UP,0
12166,,,,,,,,,,0.117,UP,0
12200,,,,,,,,,,0.118,UP,0
12233,,,,,,,,,,0.12,UP,0
12266,,,,,,,,,,0.124,UP,0
12300,,,,,,,,,,0.128,UP,0
12333,,,,,,,,,,0.134,UP,0
12366,,,,,,,,,,0.14,UP,0
12400,,,,,,,,,,0.146,UP,0
12433,,,,,,,,,,0.154,UP,0
12466,,,,,,,,,,0.161,UP,0
12500,,,,,,,,,,0.166,UP,0
12533,,,,,,,,,,0.169,UP,0
12566,,,,,,,,,,0.171,UP,0
12600,,,,,,,,,,0.172,UP,0
12633,,,,,,,,,,0.171,UP,0
12666,,,,,,,,,,0.172,UP,0
12700,,,,,,,,,,0.174,UP,0
12733,,,,,,,,,,0.176,UP,0
12766,,,,,,,,,,0.175,UP,0
12800,,,,,,,,,,0.174,UP,0
12833,,,,,,,,,,0.174,UP,0
12866,,,,,,,,,,0.171,UP,0
12900,,,,,,,,,,0.169,UP,0
12933,,,,,,,,,,0.167,UP,0
12966,,,,,,,,,,0.165,UP,0
13000,,,,,,,,,,0.162,UP,0
13033,,,,,,,,,,0.16,UP,0
13066,,,,,,,,,,0.156,UP,0
13100,,,,,,,,,,0.152,UP,0
13133,,,,,,,,,,0.148,UP,0
13166,,,,,,,,,,0.144,UP,0
13200,,,,,,,,,,0.14,UP,0
13233,,,,,,,,,,0.137,UP,0
13266,,,,,,,,,,0.135,UP,0
13300,,,,,,,,,,0.133,UP,0
13333,,,,,,,,,,0.134,UP,0
13366,,,,,,,,,,0.137,UP,0
13400,,,,,,,,,,0.14,UP,0
13433,,,,,,,,,,0.144,UP,0
13466,,,,,,,,,,0.146,UP,0
13500,,,,,,,,,,0.144,UP,0
13533,,,,,,,,,,0.14,UP,0
13566,,,,,,,,,,0.135,UP,0
13600,,,,,,,,,,0.129,UP,0
13633,,,,,,,,,,0.124,UP,0
13666,,,,,,,,,,0.12,UP,0
13700,,,,,,,,,,0.118,UP,0
13733,,,,,,,,,,0.117,UP,0
13766,,,,,,,,,,0.116,UP,0
13800,,,,,,,,,,0.114,UP,0
13833,,,,,,,,,,0.112,UP,0
13866,,,,,,,,,,0.111,UP,0
13900,,,,,,,,,,0.107,UP,0
13933,,,,,,,,,,0.105,UP,0
13966,,,,,,,,,,0.103,UP,0
14000,,,,,,,,,,0.101,UP,0
14033,,,,,,,,,,0.099,UP,0
14066,,,,,,,,,,0.097,UP,0
14100,,,,,,,,,,0.093,UP,0
14133,,,,,,,,,,0.09,UP,0
14166,,,,,,,,,,0.086,UP,0
14200,,,,,,,,,,0.081,UP,0
14233,,,,,,,,,,0.077,UP,0
14266,,,,,,,,,,0.073,UP,0
14300,,,,,,,,,,0.07,UP,0
14333,,,,,,,,,,0.068,UP,0
14366,,,,,,,,,,0.065,UP,0
14400,,,,,,,,,,0.063,UP,0
14433,,,,,,,,,,0.061,UP,0
14466,,,,,,,,,,0.058,UP,0
14500,,,,,,,,,,0.055,UP,0
14533,,,,,,,,,,0.052,UP,0
14566,,,,,,,,,,0.05,UP,0
14600,,,,,,,,,,0.048,UP,0
14633,,,,,,,,,,0.046,UP,0
14666,,,,,,,,,,0.045,UP,0
14700,,,,,,,,,,0.044,UP,0
14733,,,,,,,,,,0.043,UP,0
14766,,,,,,,,,,0.042,UP,0
14800,,,,,,,,,,0.041,UP,0
14833,,,,,,,,,,0.04,UP,0
14866,,,,,,,,,,0.04,UP,0
14900,,,,,,,,,,0.04,UP,0
14933,,,,,,,,,,0.04,UP,0
14966,,,,,,,,,,0.04,UP,0
15000,,,,,,,,,,0.039,UP,0
15033,,,,,,,,,,0.038,UP,0
15066,,,,,,,,,,0.038,UP,0
15100,,,,,,,,,,0.038,UP,0
15133,,,,,,,,,,0.039,UP,0
15166,,,,,,,,,,0.042,UP,0
15200,,,,,,,,,,0.044,UP,0
15233,,,,,,,,,,0.046,UP,0
15266,,,,,,,,,,0.048,UP,0
15300,,,,,,,,,,0.05,UP,0
15333,,,,,,,,,,0.051,UP,0
15366,,,,,,,,,,0.052,UP,0
15400,,,,,,,,,,0.053,UP,0
15433,,,,,,,,,,0.054,UP,0
15466,,,,,,,,,,0.054,UP,0
15500,,,,,,,,,,0.054,UP,0
15533,,,,,,,,,,0.054,UP,0
15566,,,,,,,,,,0.054,UP,0
15600,,,,,,,,,,0.056,UP,0
15633,,,,,,,,,,0.057,UP,0
15666,,,,,,,,,,0.059,UP,0
15700,,,,,,,,,,0.06,UP,0
15733,,,,,,,,,,0.061,UP,0
15766,,,,,,,,,,0.062,UP,0
15800,,,,,,,,,,0.063,UP,0
15833,,,,,,,,,,0.064,UP,0
15866,,,,,,,,,,0.064,UP,0
15900,,,,,,,,,,0.063,UP,0
15933,,,,,,,,,,0.062,UP,0
15966,,,,,,,,,,0.062,UP,0
16000,,,,,,,,,,0.063,UP,0
16033,,,,,,,,,,0.066,UP,0
16066,,,,,,,,,,0.073,UP,0
16100,,,,,,,,,,0.079,UP,0
16133,,,,,,,,,,0.085,UP,0
16166,,,,,,,,,,0.093,UP,0
16200,,,,,,,,,,0.102,UP,0
16233,,,,,,,,,,0.109,UP,0
16266,,,,,,,,,,0.117,UP,0
16300,,,,,,,,,,0.125,UP,0
16333,,,,,,,,,,0.128,UP,0
16366,,,,,,,,,,0.128,UP,0
16400,,,,,,,,,,0.127,UP,0
16433,,,,,,,,,,0.125,UP,0
16466,,,,,,,,,,0.122,UP,0
16500,,,,,,,,,,0.12,UP,0
16533,,,,,,,,,,0.117,UP,0
16566,,,,,,,,,,0.113,UP,0
16600,,,,,,,,,,0.11,UP,0
16633,,,,,,,,,,0.107,UP,0
16666,,,,,,,,,,0.104,UP,0
16700,,,,,,,,,,0.102,UP,0
16733,,,,,,,,,,0.101,UP,0
16766,,,,,,,,,,0.099,UP,0
16800,,,,,,,,,,0.097,UP,0
16833,,,,,,,,,,0.095,UP,0
16866,,,,,,,,,,0.094,UP,0
16900,,,,,,,,,,0.092,UP,0
16933,,,,,,,,,,0.09,UP,0
16966,,,,,,,,,,0.087,UP,0
17000,,,,,,,,,,0.084,UP,0
17033,,,,,,,,,,0.082,UP,0
17066,,,,,,,,,,0.08,UP,0
17100,,,,,,,,,,0.08,UP,0
17133,,,,,,,,,,0.08,UP,0
17166,,,,,,,,,,0.081,UP,0
17200,,,,,,,,,,0.081,UP,0
17233,,,,,,,,,,0.081,UP,0
17266,,,,,,,,,,0.081,UP,0
17300,,,,,,,,,,0.079,UP,0
17333,,,,,,,,,,0.078,UP,0
17366,,,,,,,,,,0.079,UP,0
17400,,,,,,,,,,0.08,UP,0
17433,,,,,,,,,,0.082,UP,0
17466,,,,,,,,,,0.086,UP,0
17500,,,,,,,,,,0.092,UP,0
17533,,,,,,,,,,0.098,UP,0
17566,,,,,,,,,,0.102,UP,0
17600,,,,,,,,,,0.105,UP,0
17633,,,,,,,,,,0.106,UP,0
17666,,,,,,,,,,0.103,UP,0
17700,,,,,,,,,,0.098,UP,0
17733,,,,,,,,,,0.093,UP,0
17766,,,,,,,,,,0.088,UP,0
17800,,,,,,,,,,0.084,UP,0
17833,,,,,,,,,,0.08,UP,0
17866,,,,,,,,,,0.076,UP,0
17900,,,,,,,,,,0.073,UP,0
17933,,,,,,,,,,0.07,UP,0
17966,,,,,,,,,,0.068,UP,0
18000,,,,,,,,,,0.066,UP,0
18033,,,,,,,,,,0.066,UP,0
18066,,,,,,,,,,0.067,UP,0
18100,,,,,,,,,,0.07,UP,0
18133,,,,,,,,,,0.073,UP,0
18166,,,,,,,,,,0.077,UP,0
18200,,,,,,,,,,0.081,UP,0
18233,,,,,,,,,,0.088,UP,0
18266,,,,,,,,,,0.095,UP,0
18300,,,,,,,,,,0.104,UP,0
18333,,,,,,,,,,0.115,UP,0
18366,,,,,,,,,,0.129,UP,0
18400,,,,,,,,,,0.144,UP,0
18433,,,,,,,,,,0.158,UP,0
18466,,,,,,,,,,0.168,UP,0
18500,,,,,,,,,,0.176,UP,0
18533,,,,,,,,,,0.178,UP,0
18566,,,,,,,,,,0.175,UP,0
18600,,,,,,,,,,0.169,UP,0
18633,,,,,,,,,,0.161,UP,0
18666,,,,,,,,,,0.154,UP,0
18700,,,,,,,,,,0.148,UP,0
18733,,,,,,,,,,0.143,UP,0
18766,,,,,,,,,,0.139,UP,0
18800,,,,,,,,,,0.135,UP,0
18833,,,,,,,,,,0.131,UP,0
18866,,,,,,,,,,0.126,UP,0
18900,,,,,,,,,,0.121,UP,0
18933,,,,,,,,,,0.116,UP,0
18966,,,,,,,,,,0.112,UP,0
19000,,,,,,,,,,0.11,UP,0
19033,,,,,,,,,,0.108,UP,0
19066,,,,,,,,,,0.107,UP,0
19100,,,,,,,,,,0.108,UP,0
19133,,,,,,,,,,0.109,UP,0
19166,,,,,,,,,,0.108,UP,0
19200,,,,,,,,,,0.107,UP,0
19233,,,,,,,,,,0.106,UP,0
19266,,,,,,,,,,0.102,UP,0
19300,,,,,,,,,,0.099,UP,0
19333,,,,,,,,,,0.096,UP,0
19366,,,,,,,,,,0.093,UP,0
19400,,,,,,,,,,0.09,UP,0
19433,,,,,,,,,,0.088,UP,0
19466,,,,,,,,,,0.086,UP,0
19500,,,,,,,,,,0.082,UP,0
19533,,,,,,,,,,0.079,UP,0
19566,,,,,,,,,,0.076,UP,0
19600,,,,,,,,,,0.074,UP,0
19633,,,,,,,,,,0.072,UP,0
19666,,,,,,,,,,0.07,UP,0
19700,,,,,,,,,,0.068,UP,0
19733,,,,,,,,,,0.066,UP,0
19766,,,,,,,,,,0.065,UP,0
19800,,,,,,,,,,0.063,UP,0
19833,,,,,,,,,,0.062,UP,0
19866,,,,,,,,,,0.061,UP,0
19900,,,,,,,,,,0.06,UP,0
19933,,,,,,,,,,0.059,UP,0
19966,,,,,,,,,,0.059,UP,0
20000,,,,,,,,,,0.058,UP,0
20033,,,,,,,,,,0.058,UP,0
20066,,,,,,,,,,0.058,UP,0
20100,,,,,,,,,,0.057,UP,0
20133,,,,,,,,,,0.056,UP,0
20166,,,,,,,,,,0.054,UP,0
20200,,,,,,,,,,0.052,UP,0
20233,,,,,,,,,,0.051,UP,0
20266,,,,,,,,,,0.05,UP,0
20300,,,,,,,,,,0.05,UP,0
20333,,,,,,,,,,0.05,UP,0
20366,,,,,,,,,,0.051,UP,0
20400,,,,,,,,,,0.053,UP,0
20433,,,,,,,,,,0.056,UP,0
20466,,,,,,,,,,0.062,UP,0
20500,,,,,,,,,,0.07,UP,0
20533,,,,,,,,,,0.079,UP,0
20566,,,,,,,,,,0.089,UP,0
20600,,,,,,,,,,0.099,UP,0
20633,,,,,,,,,,0.112,UP,0
20666,,,,,,,,,,0.124,UP,0
20700,,,,,,,,,,0.14,UP,0
20733,,,,,,,,,,0.157,UP,0
20766,,,,,,,,,,0.171,UP,0
20800,,,,,,,,,,0.182,UP,0
20833,,,,,,,,,,0.195,UP,0
20866,,,,,,,,,,0.206,UP,0
20900,,,,,,,,,,0.217,UP,0
20933,,,,,,,,,,0.229,UP,0
20966,,,,,,,,,,0.242,UP,0
21000,,,,,,,,,,0.254,UP,0
21033,,,,,,,,,,0.262,UP,0
21066,,,,,,,,,,0.272,UP,0
21100,,,,,,,,,,0.284,UP,0
21133,,,,,,,,,,0.291,UP,0
21166,,,,,,,,,,0.292,UP,0
21200,,,,,,,,,,0.291,UP,0
21233,,,,,,,,,,0.284,UP,0
21266,,,,,,,,,,0.274,UP,0
21300,,,,,,,,,,0.266,UP,0
21333,,,,,,,,,,0.262,UP,0
21366,,,,,,,,,,0.259,UP,0
21400,,,,,,,,,,0.258,UP,0
21433,,,,,,,,,,0.259,UP,0
21466,,,,,,,,,,0.263,UP,0
21500,,,,,,,,,,0.269,UP,0
21533,,,,,,,,,,0.28,UP,0
21566,,,,,,,,,,0.289,UP,0
21600,,,,,,,,,,0.298,UP,0
21633,,,,,,,,,,0.309,UP,0
21666,,,,,,,,,,0.313,UP,0
21700,,,,,,,,,,0.312,UP,0
21733,,,,,,,,,,0.308,UP,0
21766,,,,,,,,,,0.305,UP,0
21800,,,,,,,,,,0.295,UP,0
21833,,,,,,,,,,0.287,UP,0
21866,,,,,,,,,,0.281,UP,0
21900,,,,,,,,,,0.274,UP,0
21933,,,,,,,,,,0.268,UP,0
21966,,,,,,,,,,0.261,UP,0
22000,,,,,,,,,,0.258,UP,0
22033,,,,,,,,,,0.254,UP,0
22066,,,,,,,,,,0.251,UP,0
22100,,,,,,,,,,0.247,UP,0
22133,,,,,,,,,,0.243,UP,0
22166,,,,,,,,,,0.237,UP,0
22200,,,,,,,,,,0.231,UP,0
22233,,,,,,,,,,0.225,UP,0
22266,,,,,,,,,,0.218,UP,0
22300,,,,,,,,,,0.214,UP,0
22333,,,,,,,,,,0.212,UP,0
22366,,,,,,,,,,0.214,UP,0
22400,,,,,,,,,,0.221,UP,0
22433,,,,,,,,,,0.231,UP,0
22466,,,,,,,,,,0.239,UP,0
22500,,,,,,,,,,0.247,UP,0
22533,,,,,,,,,,0.255,UP,0
22566,,,,,,,,,,0.258,UP,0
22600,,,,,,,,,,0.26,UP,0
22633,,,,,,,,,,0.262,UP,0
22666,,,,,,,,,,0.258,UP,0
22700,,,,,,,,,,0.253,UP,0
22733,,,,,,,,,,0.248,UP,0
22766,,,,,,,,,,0.246,UP,0
22800,,,,,,,,,,0.241,UP,0
22833,,,,,,,,,,0.241,UP,0
22866,,,,,,,,,,0.24,UP,0
22900,,,,,,,,,,0.238,UP,0
22933,,,,,,,,,,0.234,UP,0
22966,,,,,,,,,,0.233,UP,0
23000,,,,,,,,,,0.231,UP,0
23033,,,,,,,,,,0.228,UP,0
23066,,,,,,,,,,0.225,UP,0
23100,,,,,,,,,,0.226,UP,0
23133,,,,,,,,,,0.231,UP,0
23166,,,,,,,,,,0.242,UP,0
23200,,,,,,,,,,0.258,UP,0
23233,,,,,,,,,,0.278,UP,0
23266,,,,,,,,,,0.3,UP,0
23300,,,,,,,,,,0.326,UP,0
23333,,,,,,,,,,0.353,UP,0
23366,,,,,,,,,,0.381,UP,0
23400,,,,,,,,,,0.409,UP,0
23433,,,,,,,,,,0.433,UP,0
23466,,,,,,,,,,0.451,UP,0
23500,,,,,,,,,,0.464,UP,0
23533,,,,,,,,,,0.473,UP,0
23566,,,,,,,,,,0.481,UP,0
23600,,,,,,,,,,0.488,UP,0
23633,,,,,,,,,,0.489,UP,0
23666,,,,,,,,,,0.487,UP,0
23700,,,,,,,,,,0.481,UP,0
23733,,,,,,,,,,0.472,UP,0
23766,,,,,,,,,,0.456,UP,0
23800,,,,,,,,,,0.44,UP,0
23833,,,,,,,,,,0.421,UP,0
23866,,,,,,,,,,0.402,UP,0
23900,,,,,,,,,,0.384,UP,0
23933,,,,,,,,,,0.369,UP,0
23966,,,,,,,,,,0.359,UP,0
24000,,,,,,,,,,0.355,UP,0
24033,,,,,,,,,,0.352,UP,0
24066,,,,,,,,,,0.349,UP,0
24100,,,,,,,,,,0.349,UP,0
24133,,,,,,,,,,0.351,UP,0
24166,,,,,,,,,,0.353,UP,0
24200,,,,,,,,,,0.359,UP,0
24233,,,,,,,,,,0.369,UP,0
24266,,,,,,,,,,0.382,UP,0
24300,,,,,,,,,,0.397,UP,0
24333,,,,,,,,,,0.413,UP,0
24366,,,,,,,,,,0.431,UP,0
24400,,,,,,,,,,0.449,UP,0
24433,,,,,,,,,,0.465,UP,0
24466,,,,,,,,,,0.479,UP,0
24500,,,,,,,,,,0.491,UP,0
24533,179.0,167.2,173.1,173.1,170.9,170.2,170.5,170.5,3.3,0.501,UP,0
24566,177.6,166.8,172.2,172.7,171.1,169.9,170.5,170.5,3.3,0.504,UP,0
24600,178.1,168.7,173.4,172.9,171.4,169.9,170.6,170.6,3.0,0.51,UP,0
24633,178.3,171.3,174.8,173.4,171.5,169.6,170.6,170.6,2.8,0.516,UP,0
24666,178.4,172.8,175.6,173.8,171.7,169.6,170.6,170.6,2.2,0.522,UP,0
24700,178.8,172.5,175.7,174.3,172.2,170.0,171.1,170.7,1.3,0.528,UP,0
24733,179.8,173.2,176.5,175.2,172.4,170.1,171.3,170.8,0.7,0.538,UP,0
24766,179.9,173.7,176.8,175.9,172.1,170.0,171.1,170.9,0.1,0.546,UP,0
24800,178.6,175.0,176.8,176.3,171.0,171.1,171.0,171.0,0.2,0.556,UP,0
24833,177.7,176.9,177.3,176.6,170.3,172.7,171.5,171.2,0.1,0.567,UP,0
24866,177.9,178.1,178.0,177.1,169.9,173.0,171.4,171.3,0.1,0.582,UP,0
24900,179.0,178.1,178.6,177.5,170.4,172.9,171.6,171.3,0.5,0.597,UP,0
24933,179.3,176.0,177.7,177.7,172.0,171.9,172.0,171.5,0.2,0.613,UP,0
24966,178.8,176.0,177.4,177.8,172.4,171.3,171.9,171.7,0.4,0.628,UP,0
25000,178.1,174.6,176.3,177.6,173.4,170.8,172.1,171.8,0.6,0.638,UP,0
25033,177.1,173.8,175.5,177.1,173.4,170.4,171.9,171.9,0.6,0.648,UP,0
25066,176.0,173.8,174.9,176.3,173.2,170.5,171.9,171.9,0.4,0.655,UP,0
25100,175.5,173.3,174.4,175.7,173.3,170.1,171.7,171.9,0.4,0.661,UP,0
25133,175.3,173.2,174.3,175.1,174.3,170.2,172.3,172.0,0.2,0.664,UP,0
25166,172.9,173.2,173.1,174.4,174.3,170.5,172.4,172.0,0.4,0.667,UP,0
25200,172.9,173.1,173.0,173.9,174.3,170.5,172.4,172.1,0.3,0.667,UP,0
25233,173.1,173.1,173.1,173.6,174.3,170.6,172.5,172.2,0.2,0.669,UP,0
25266,172.8,172.8,172.8,173.2,174.3,170.6,172.5,172.4,0.1,0.67,UP,0
25300,171.7,171.9,171.8,172.8,174.2,170.7,172.5,172.4,0.2,0.672,UP,0
25333,172.2,171.7,171.9,172.5,174.1,170.8,172.4,172.5,0.5,0.67,UP,0
25366,173.6,171.2,172.4,172.4,175.2,170.7,172.9,172.6,0.7,0.669,UP,0
25400,174.6,172.8,173.7,172.5,175.5,170.1,172.8,172.6,0.7,0.666,UP,0
25433,175.0,172.7,173.8,172.7,175.1,170.6,172.8,172.7,1.5,0.667,UP,0
25466,175.9,172.7,174.3,173.2,175.8,170.1,172.9,172.8,1.5,0.667,UP,0
25500,176.7,173.9,175.3,173.9,176.0,170.3,173.2,172.9,1.8,0.669,UP,0
25533,175.8,177.1,176.5,174.7,175.9,171.1,173.5,173.0,1.7,0.67,UP,0
25566,175.2,176.5,175.9,175.2,176.0,170.8,173.4,173.2,1.7,0.674,UP,0
25600,175.0,178.0,176.5,175.7,176.3,172.2,174.3,173.5,1.5,0.675,UP,0
25633,175.5,176.3,175.9,176.0,175.9,171.5,173.7,173.6,1.9,0.679,UP,0
25666,175.2,176.2,175.7,176.1,175.9,171.5,173.7,173.7,1.9,0.684,UP,0
25700,174.9,176.2,175.6,175.9,175.5,171.5,173.5,173.7,1.9,0.691,UP,0
25733,175.4,176.8,176.1,176.0,175.4,172.2,173.8,173.8,1.8,0.696,UP,0
25766,175.9,176.7,176.3,175.9,175.2,172.6,173.9,173.7,2.0,0.704,UP,0
25800,176.6,176.2,176.4,176.0,175.0,173.2,174.1,173.8,2.2,0.71,UP,0
25833,177.3,176.3,176.8,176.2,174.7,173.3,174.0,173.9,2.2,0.718,UP,0
25866,177.2,176.9,177.1,176.5,174.5,173.7,174.1,174.0,2.3,0.725,UP,0
25900,177.3,176.4,176.9,176.7,174.4,173.7,174.1,174.1,2.3,0.732,UP,0
25933,177.4,176.6,177.0,176.8,174.4,173.9,174.1,174.1,2.4,0.737,UP,0
25966,177.0,176.4,176.7,176.9,174.2,173.9,174.1,174.1,2.5,0.742,UP,0
26000,176.8,176.5,176.7,176.9,174.0,174.0,174.0,174.1,2.5,0.746,UP,0
26033,177.3,176.4,176.8,176.8,174.2,173.9,174.0,174.1,2.4,0.749,UP,0
26066,177.2,175.4,176.3,176.7,174.6,173.9,174.2,174.1,2.2,0.752,UP,0
26100,177.0,175.6,176.3,176.6,175.0,174.0,174.5,174.2,1.9,0.753,UP,0
26133,176.9,175.9,176.4,176.5,175.2,174.1,174.6,174.3,1.8,0.749,UP,0
26166,176.4,175.5,175.9,176.4,175.4,173.6,174.5,174.4,1.2,0.744,UP,0
26200,176.0,176.0,176.0,176.2,175.6,173.4,174.5,174.5,0.8,0.742,UP,0
26233,175.8,176.2,176.0,176.1,175.6,173.1,174.4,174.5,0.4,0.738,UP,0
26266,175.5,176.4,176.0,176.1,176.2,173.1,174.7,174.5,0.0,0.736,UP,0
26300,175.2,176.8,176.0,176.0,176.4,172.9,174.6,174.5,0.3,0.739,UP,0
26333,175.1,178.5,176.8,176.1,176.0,173.4,174.7,174.6,0.4,0.746,UP,0
26366,174.6,178.5,176.6,176.3,176.1,173.0,174.6,174.6,0.8,0.753,UP,0
26400,174.5,179.3,176.9,176.4,176.1,173.4,174.8,174.7,0.9,0.762,UP,0
26433,175.1,179.8,177.4,176.7,174.2,174.2,174.2,174.6,0.3,0.771,UP,0
26466,176.3,178.7,177.5,177.0,173.7,174.6,174.1,174.5,0.1,0.781,UP,0
26500,177.8,179.4,178.6,177.4,174.4,174.8,174.6,174.4,0.6,0.79,UP,0
26533,176.9,178.1,177.5,177.6,174.5,173.6,174.0,174.3,0.6,0.796,UP,0
26566,176.7,177.4,177.0,177.6,175.4,173.4,174.4,174.3,0.2,0.8,UP,0
26600,176.3,176.4,176.4,177.4,176.6,173.1,174.8,174.4,0.3,0.803,UP,0
26633,176.3,175.5,175.9,177.1,176.5,173.1,174.8,174.5,0.1,0.804,UP,0
26666,176.7,175.2,176.0,176.6,175.3,173.9,174.6,174.5,0.7,0.805,UP,0
26700,176.0,175.3,175.6,176.2,175.9,173.9,174.9,174.7,0.2,0.809,UP,0
26733,175.0,174.9,174.9,175.8,176.4,173.5,174.9,174.8,0.4,0.815,UP,0
26766,174.7,174.9,174.8,175.4,175.9,173.9,174.9,174.8,0.2,0.822,UP,0
26800,173.1,175.1,174.1,175.1,176.6,173.4,175.0,174.9,1.3,0.829,UP,0
26833,173.4,174.9,174.2,174.7,176.3,173.5,174.9,174.9,1.2,0.836,UP,0
26866,173.3,174.8,174.1,174.4,176.8,173.5,175.2,175.0,1.4,0.843,UP,0
26900,172.2,175.4,173.8,174.2,176.4,173.6,175.0,175.0,1.4,0.848,UP,0
26933,171.9,175.8,173.9,174.0,176.6,173.6,175.1,175.0,1.6,0.854,UP,0
26966,171.5,176.0,173.8,173.9,176.7,174.5,175.6,175.2,1.8,0.859,UP,0
27000,170.4,175.7,173.1,173.7,176.4,174.4,175.4,175.3,1.7,0.865,UP,0
27033,168.8,176.1,172.4,173.4,175.7,174.1,174.9,175.2,1.9,0.869,UP,0
27066,169.9,176.6,173.3,173.3,176.1,174.7,175.4,175.3,1.8,0.872,UP,0
27100,168.3,171.5,169.9,172.5,177.3,172.2,174.8,175.2,3.0,0.872,UP,0
27133,168.3,173.2,170.7,171.9,176.8,172.0,174.4,175.0,3.0,0.872,UP,0
27166,168.6,173.7,171.2,171.5,178.4,172.5,175.5,175.0,2.8,0.866,UP,0
27200,173.6,172.7,173.1,171.6,179.8,169.9,174.8,175.0,2.9,0.86,UP,0
27233,176.6,173.4,175.0,172.0,179.1,169.8,174.5,174.8,2.3,0.853,UP,0
27266,179.4,174.6,177.0,173.4,179.6,169.9,174.7,174.8,2.0,0.844,UP,0
27300,179.0,174.2,176.6,174.6,178.1,169.3,173.7,174.6,2.5,0.831,UP,0
27333,177.9,174.3,176.1,175.6,179.3,170.1,174.7,174.5,1.4,0.822,UP,0
27366,177.2,175.8,176.5,176.2,179.7,171.2,175.5,174.6,1.3,0.81,UP,0
27400,178.5,177.9,178.2,176.9,176.1,171.7,173.9,174.5,0.2,0.796,UP,0
27433,178.5,178.9,178.7,177.2,175.6,172.3,174.0,174.4,0.2,0.783,UP,0
27466,177.0,178.1,177.6,177.4,176.0,171.5,173.7,174.4,0.4,0.773,UP,0
27500,177.8,179.3,178.5,177.9,174.4,170.9,172.7,173.9,0.2,0.765,UP,0
27533,179.9,179.1,179.5,178.5,176.8,169.0,172.9,173.4,0.5,0.758,UP,0
27566,178.0,178.1,178.0,178.5,175.5,168.2,171.9,173.0,0.4,0.755,UP,0
27600,179.0,177.7,178.4,178.4,177.1,167.8,172.5,172.7,0.3,0.754,UP,0
27633,179.5,176.6,178.0,178.5,178.8,166.2,172.5,172.5,0.6,0.754,UP,0
27666,178.1,178.9,178.5,178.5,178.0,167.6,172.8,172.5,0.4,0.755,UP,0
27700,177.2,179.9,178.5,178.3,176.7,169.0,172.9,172.5,0.5,0.758,UP,0
27733,175.2,178.5,176.9,178.1,175.5,170.5,173.0,172.7,0.7,0.76,UP,0
27766,174.2,179.1,176.6,177.7,174.0,170.9,172.5,172.7,1.3,0.766,UP,0
27800,173.3,179.8,176.6,177.4,173.5,170.3,171.9,172.6,1.5,0.775,UP,0
27833,172.8,178.9,175.8,176.9,172.5,170.1,171.3,172.3,1.7,0.784,UP,0
27866,176.3,176.0,176.1,176.4,173.2,170.5,171.9,172.1,2.0,0.796,UP,0
27900,176.5,174.7,175.6,176.2,172.8,171.5,172.1,171.9,3.1,0.809,UP,0
27933,177.0,171.9,174.4,175.7,172.5,171.4,172.0,171.8,3.1,0.822,UP,0
27966,179.2,170.1,174.6,175.3,172.4,170.4,171.4,171.7,2.2,0.834,UP,0
28000,179.9,170.4,175.1,175.2,172.7,171.0,171.8,171.8,2.0,0.846,UP,0
28033,179.8,170.9,175.3,175.0,172.6,171.7,172.2,171.9,1.4,0.858,UP,0
28066,180.0,173.2,176.6,175.2,173.0,172.1,172.6,172.0,0.9,0.868,UP,0
28100,178.4,173.0,175.7,175.5,172.9,172.2,172.6,172.1,0.9,0.877,UP,0
28133,178.8,174.4,176.6,175.9,172.9,173.2,173.0,172.4,0.7,0.885,UP,0
28166,177.9,174.9,176.4,176.1,173.9,173.5,173.7,172.8,0.2,0.893,UP,0
28200,177.3,176.1,176.7,176.4,172.0,173.9,173.0,173.0,0.1,0.899,UP,0
28233,175.2,176.5,175.8,176.2,169.9,173.8,171.8,172.8,0.0,0.904,UP,0
28266,174.4,177.4,175.9,176.3,171.4,175.0,173.2,173.0,0.8,0.907,UP,0
28300,174.0,176.4,175.2,176.0,171.7,174.5,173.1,173.0,0.8,0.908,UP,0
28333,168.4,174.3,171.4,175.0,170.7,173.4,172.1,172.6,0.4,0.908,UP,0
28366,171.3,172.7,172.0,174.1,170.4,173.2,171.8,172.4,0.2,0.909,UP,0
28400,171.4,171.8,171.6,173.2,170.2,172.0,171.1,172.2,0.1,0.911,UP,0
28433,171.5,170.2,170.9,172.2,169.2,172.0,170.6,171.7,0.7,0.914,UP,0
28466,171.7,169.3,170.5,171.3,169.3,171.5,170.4,171.2,0.6,0.92,UP,0
28500,173.1,168.5,170.8,171.1,168.6,171.7,170.2,170.8,1.0,0.926,UP,0
28533,172.8,169.1,171.0,170.9,168.5,171.6,170.1,170.5,1.0,0.931,UP,0
28566,173.0,169.5,171.3,170.9,168.4,171.9,170.2,170.3,1.0,0.936,UP,0
28600,172.7,170.3,171.5,171.0,167.6,172.5,170.0,170.2,1.1,0.941,UP,0
28633,172.9,169.1,171.0,171.1,166.7,172.1,169.4,170.0,1.9,0.945,UP,0
28666,173.3,169.2,171.2,171.2,166.1,172.1,169.1,169.7,2.4,0.949,UP,0
28700,173.8,169.5,171.7,171.3,165.9,172.9,169.4,169.6,2.8,0.951,UP,0
28733,174.5,170.3,172.4,171.6,166.6,173.8,170.2,169.6,3.2,0.953,UP,0
28766,177.4,170.3,173.8,172.0,170.0,173.2,171.6,169.9,3.2,0.954,UP,0
28800,178.6,171.2,174.9,172.8,171.5,174.0,172.7,170.6,3.1,0.954,UP,0
28833,179.6,171.3,175.4,173.7,173.2,173.0,173.1,171.4,2.7,0.954,UP,0
28866,179.5,172.8,176.2,174.6,174.5,173.5,174.0,172.3,2.3,0.954,UP,0
28900,178.8,174.1,176.4,175.4,174.6,173.3,174.0,173.1,2.2,0.954,UP,0
28933,177.8,173.8,175.8,175.8,175.2,172.3,173.7,173.5,1.7,0.954,UP,0
28966,179.8,173.4,176.6,176.1,177.1,170.0,173.5,173.7,0.7,0.954,UP,0
29000,178.5,174.7,176.6,176.3,175.9,171.1,173.5,173.7,1.3,0.954,UP,0
29033,176.8,174.1,175.5,176.2,174.2,171.0,172.6,173.5,1.7,0.955,UP,0
29066,172.7,174.3,173.5,175.6,172.5,170.3,171.4,173.0,1.5,0.955,UP,0
29100,175.9,174.3,175.1,175.4,175.1,169.1,172.1,172.6,0.9,0.956,UP,0
29133,173.1,174.2,173.7,174.9,173.6,168.8,171.2,172.2,0.8,0.956,UP,0
29166,169.6,174.3,172.0,173.9,171.2,168.9,170.0,171.5,0.9,0.956,UP,0
29200,169.0,174.2,171.6,173.2,170.7,168.8,169.7,170.9,1.0,0.957,UP,0
29233,170.7,174.7,172.7,173.0,171.2,169.0,170.1,170.6,1.2,0.957,UP,0
29266,171.3,174.7,173.0,172.6,171.3,169.3,170.3,170.3,1.6,0.957,UP,0
29300,172.1,174.3,173.2,172.5,172.2,169.2,170.7,170.2,1.8,0.957,UP,0
29333,172.6,174.9,173.7,172.9,172.3,169.5,170.9,170.3,2.0,0.957,UP,0
29366,174.2,174.8,174.5,173.4,173.3,169.7,171.5,170.7,2.4,0.957,UP,0
29400,173.7,174.6,174.2,173.7,173.2,169.7,171.5,171.0,2.7,0.957,UP,0
29433,174.8,174.7,174.7,174.1,174.0,169.9,171.9,171.3,2.9,0.958,UP,0
29466,175.6,174.5,175.0,174.4,173.8,169.9,171.9,171.5,3.3,0.959,UP,0
29500,176.6,174.5,175.5,174.8,174.1,170.1,172.1,171.8,3.5,0.959,UP,0
29533,177.7,174.3,176.0,175.1,174.0,170.2,172.1,171.9,3.6,0.96,UP,0
29566,178.8,174.0,176.4,175.5,173.8,170.2,172.0,172.0,3.8,0.961,UP,0
29600,179.7,173.4,176.5,175.9,174.1,170.2,172.2,172.1,4.0,0.962,UP,0
29633,179.6,172.9,176.3,176.2,174.3,170.3,172.3,172.1,4.0,0.963,UP,0
29666,179.7,172.8,176.3,176.3,174.2,170.4,172.3,172.2,4.1,0.965,UP,0
29700,178.8,172.4,175.6,176.2,173.8,170.4,172.1,172.2,4.1,0.967,UP,0
29733,178.7,172.3,175.5,176.0,173.8,170.4,172.1,172.2,4.0,0.969,UP,0
29766,178.3,172.3,175.3,175.8,173.8,170.4,172.1,172.2,4.1,0.97,UP,0
29800,178.2,172.5,175.3,175.6,174.0,170.3,172.2,172.2,3.8,0.972,UP,0
29833,177.7,172.4,175.1,175.4,173.8,170.0,171.9,172.1,3.7,0.973,UP,0
29866,177.8,172.6,175.2,175.3,174.0,169.9,171.9,172.0,3.5,0.973,UP,0
29900,177.4,173.1,175.3,175.2,173.8,170.1,171.9,172.0,3.4,0.974,UP,0
29933,177.9,174.7,176.3,175.4,174.1,171.0,172.6,172.1,3.3,0.974,UP,0
29966,179.1,174.8,176.9,175.7,175.0,171.1,173.0,172.3,3.3,0.974,UP,0
30000,178.9,175.5,177.2,176.2,174.8,171.6,173.2,172.5,3.2,0.974,UP,0
30033,179.1,175.5,177.3,176.6,175.0,171.9,173.4,172.8,3.2,0.974,UP,0
30066,179.4,175.6,177.5,177.0,174.9,172.1,173.5,173.1,3.2,0.974,UP,0
30100,179.5,175.9,177.7,177.3,175.0,172.3,173.7,173.4,3.1,0.974,UP,0
30133,179.9,175.8,177.8,177.5,175.1,172.2,173.7,173.5,3.1,0.975,UP,0
30166,179.9,175.5,177.7,177.6,175.2,172.0,173.6,173.6,3.1,0.976,UP,0
30200,179.9,175.5,177.7,177.7,175.0,172.3,173.7,173.6,3.2,0.977,UP,0
30233,179.5,175.7,177.6,177.7,174.9,172.5,173.7,173.7,3.3,0.977,UP,0
30266,179.4,176.0,177.7,177.7,174.6,172.9,173.7,173.7,3.4,0.978,UP,0
30300,179.9,175.8,177.8,177.7,174.9,172.7,173.8,173.7,3.3,0.978,UP,0
30333,179.9,175.6,177.7,177.7,174.9,172.6,173.7,173.7,3.3,0.979,UP,0
30366,180.0,175.4,177.7,177.7,174.8,172.4,173.6,173.7,3.3,0.979,UP,0
30400,179.9,175.5,177.7,177.7,174.8,172.5,173.6,173.7,3.3,0.979,UP,0
30433,179.8,175.6,177.7,177.7,174.8,172.6,173.7,173.7,3.3,0.979,UP,0
30466,179.9,175.7,177.8,177.7,174.6,172.5,173.5,173.6,3.3,0.98,UP,0
30500,179.9,175.8,177.8,177.8,174.6,172.5,173.6,173.6,3.2,0.98,UP,0
30533,179.8,176.2,178.0,177.8,174.4,173.2,173.8,173.7,3.5,0.98,UP,0
30566,179.7,176.2,178.0,177.9,174.4,173.2,173.8,173.7,3.5,0.98,UP,0
30600,179.5,176.3,177.9,177.9,174.3,173.3,173.8,173.7,3.5,0.979,UP,0
30633,179.3,176.4,177.8,177.9,174.3,173.3,173.8,173.7,3.5,0.979,UP,0
30666,178.7,176.4,177.5,177.8,174.2,173.3,173.7,173.8,3.5,0.978,UP,0
30700,177.7,176.3,177.0,177.6,173.7,173.2,173.4,173.7,3.5,0.978,UP,0
30733,176.7,175.9,176.3,177.3,173.3,173.0,173.2,173.6,3.6,0.978,UP,0
30766,174.5,175.9,175.2,176.8,172.0,173.0,172.5,173.3,3.6,0.977,UP,0
30800,174.9,176.0,175.4,176.3,172.2,173.0,172.6,173.1,3.5,0.977,UP,0
30833,175.5,175.8,175.7,175.9,172.5,173.0,172.8,172.9,3.6,0.977,UP,0
30866,175.7,175.9,175.8,175.7,172.7,173.1,172.9,172.8,3.5,0.976,UP,0
30900,176.0,175.9,176.0,175.6,172.7,173.2,172.9,172.7,3.6,0.976,UP,0
30933,176.2,175.8,176.0,175.8,172.6,173.3,173.0,172.8,3.8,0.975,UP,0
30966,176.9,175.5,176.2,175.9,172.8,173.2,173.0,172.9,3.8,0.974,UP,0
31000,177.3,175.5,176.4,176.1,173.0,173.2,173.1,173.0,3.8,0.973,UP,0
31033,177.7,175.5,176.6,176.2,173.2,173.2,173.2,173.0,3.7,0.972,UP,0
31066,177.7,175.6,176.7,176.4,173.1,173.1,173.1,173.1,3.7,0.972,UP,0
31100,178.3,175.6,177.0,176.6,173.5,173.1,173.3,173.1,3.7,0.971,UP,0
31133,178.5,175.3,176.9,176.7,173.6,172.8,173.2,173.2,3.6,0.97,UP,0
31166,178.9,174.9,176.9,176.8,173.9,172.6,173.2,173.2,3.6,0.97,UP,0
31200,178.3,173.9,176.1,176.7,173.8,172.0,172.9,173.2,3.6,0.97,UP,0
31233,178.3,172.9,175.6,176.5,173.8,171.4,172.6,173.1,3.6,0.97,UP,0
31266,178.6,172.9,175.7,176.3,173.7,171.4,172.6,172.9,3.7,0.971,UP,0
31300,178.6,172.3,175.4,176.0,173.5,171.5,172.5,172.8,3.8,0.971,UP,0
31333,179.5,172.1,175.8,175.7,173.0,171.7,172.3,172.6,3.9,0.972,UP,0
31366,179.7,171.6,175.6,175.6,172.9,171.8,172.3,172.5,4.0,0.972,UP,0
31400,180.0,171.3,175.6,175.6,172.5,171.9,172.2,172.4,4.0,0.973,UP,0
31433,179.8,171.2,175.5,175.6,172.4,171.8,172.1,172.3,3.8,0.973,UP,0
31466,178.7,171.3,175.0,175.5,172.9,172.3,172.6,172.3,3.8,0.973,UP,0
31500,178.8,171.5,175.1,175.4,173.2,172.8,173.0,172.4,3.6,0.972,UP,0
31533,178.7,171.6,175.2,175.3,173.4,172.6,173.0,172.6,3.1,0.97,UP,0
31566,177.1,173.1,175.1,175.2,172.7,173.5,173.1,172.8,3.0,0.968,UP,0
31600,178.6,173.6,176.1,175.3,171.6,174.0,172.8,172.9,3.4,0.965,UP,0
31633,178.2,173.5,175.8,175.5,171.6,174.2,172.9,173.0,3.4,0.963,UP,0
31666,178.3,173.8,176.1,175.7,171.8,174.5,173.1,173.0,3.4,0.96,UP,0
31700,180.0,173.4,176.7,176.0,170.9,174.1,172.5,172.9,3.3,0.958,UP,0
31733,177.7,174.2,176.0,176.1,169.5,174.5,172.0,172.7,3.2,0.955,UP,0
31766,173.7,173.8,173.7,175.7,168.1,174.4,171.2,172.3,3.0,0.954,UP,0
31800,173.3,173.3,173.3,175.1,167.4,173.8,170.6,171.9,2.8,0.954,UP,0
31833,174.7,172.1,173.4,174.6,166.3,173.4,169.9,171.2,2.9,0.953,UP,0
31866,172.8,171.4,172.1,173.7,165.6,173.4,169.5,170.6,3.0,0.953,UP,0
31900,173.1,171.2,172.1,172.9,165.5,173.6,169.6,170.1,3.1,0.953,UP,0
31933,173.6,171.0,172.3,172.6,165.2,173.5,169.3,169.8,3.1,0.953,UP,0
31966,173.4,169.6,171.5,172.3,165.6,172.7,169.1,169.5,3.0,0.953,UP,0
32000,173.2,169.1,171.2,171.8,165.8,172.4,169.1,169.3,3.1,0.955,UP,0
32033,173.3,169.1,171.2,171.7,165.7,172.4,169.0,169.2,3.1,0.957,UP,0
32066,174.0,169.0,171.5,171.5,167.5,171.8,169.7,169.3,2.6,0.959,UP,0
32100,175.1,170.4,172.7,171.6,167.5,171.8,169.7,169.3,2.0,0.962,UP,0
32133,174.7,171.4,173.0,171.9,168.7,171.7,170.2,169.5,1.7,0.964,UP,0
32166,175.2,172.9,174.1,172.5,169.9,171.7,170.8,169.9,1.1,0.966,UP,0
32200,175.9,173.6,174.7,173.2,170.6,171.1,170.8,170.2,0.6,0.968,UP,0
32233,179.6,174.1,176.9,174.3,171.1,170.9,171.0,170.5,0.7,0.971,UP,0
32266,179.8,174.0,176.9,175.1,171.1,170.1,170.6,170.7,0.5,0.973,UP,0
32300,179.1,174.7,176.9,175.9,170.2,171.0,170.6,170.8,1.2,0.975,UP,0
32333,179.4,174.8,177.1,176.5,171.5,170.5,171.0,170.8,0.9,0.976,UP,0
32366,179.2,175.6,177.4,177.0,171.5,170.8,171.2,170.9,0.9,0.978,UP,0
32400,179.3,176.3,177.8,177.2,171.7,171.2,171.4,171.0,1.1,0.979,UP,0
32433,179.3,177.0,178.2,177.5,171.6,171.3,171.4,171.1,1.1,0.98,UP,0
32466,177.0,177.1,177.0,177.5,171.4,171.2,171.3,171.3,1.2,0.981,UP,0
32500,177.1,177.5,177.3,177.5,171.4,171.3,171.3,171.3,1.2,0.982,UP,0
32533,177.3,177.4,177.4,177.5,171.4,171.3,171.4,171.4,1.4,0.983,UP,0
32566,176.5,177.5,177.0,177.4,171.5,171.6,171.6,171.4,1.5,0.983,UP,0
32600,177.4,177.7,177.6,177.3,171.3,171.9,171.6,171.4,1.7,0.983,UP,0
32633,178.6,177.7,178.2,177.5,171.4,171.9,171.7,171.5,1.8,0.983,UP,0
32666,179.0,177.7,178.4,177.7,170.9,172.1,171.5,171.5,1.9,0.983,UP,0
32700,179.4,177.7,178.6,177.9,170.7,172.1,171.4,171.5,1.9,0.982,UP,0
32733,179.5,177.6,178.6,178.2,170.4,172.1,171.2,171.5,1.9,0.982,UP,0
32766,176.6,177.7,177.1,178.2,170.7,172.0,171.3,171.4,1.8,0.981,UP,0
32800,177.1,177.5,177.3,178.0,170.7,171.9,171.3,171.4,1.8,0.981,UP,0
32833,176.9,177.4,177.2,177.7,170.5,171.8,171.2,171.3,1.8,0.981,UP,0
32866,176.9,177.3,177.1,177.4,170.4,171.8,171.1,171.2,1.8,0.982,UP,0
32900,177.1,177.1,177.1,177.1,170.3,171.8,171.0,171.2,1.8,0.982,UP,0
32933,177.7,177.0,177.3,177.2,170.5,171.7,171.1,171.1,1.8,0.983,UP,0
32966,177.9,177.0,177.5,177.2,170.9,171.6,171.2,171.1,1.6,0.983,UP,0
33000,178.3,177.0,177.6,177.3,171.0,171.5,171.3,171.1,1.4,0.984,UP,0
33033,178.3,177.0,177.7,177.4,171.2,171.4,171.3,171.2,1.3,0.984,UP,0
33066,178.3,177.0,177.7,177.5,171.2,171.3,171.2,171.2,1.2,0.985,UP,0
33100,178.9,177.0,178.0,177.7,171.5,171.0,171.3,171.3,0.9,0.986,UP,0
33133,178.8,177.0,177.9,177.8,171.4,171.1,171.3,171.3,0.9,0.986,UP,0
33166,177.6,176.7,177.2,177.7,171.5,171.2,171.4,171.3,1.0,0.986,UP,0
33200,179.8,176.5,178.1,177.8,171.4,171.4,171.4,171.3,1.1,0.987,UP,0
33233,179.8,175.9,177.9,177.8,170.4,171.3,170.8,171.2,1.3,0.987,UP,0
33266,178.0,175.5,176.8,177.6,169.4,171.3,170.3,171.0,1.4,0.987,UP,0
33300,177.6,174.6,176.1,177.2,168.6,171.1,169.9,170.8,1.7,0.987,UP,0
33333,177.8,173.5,175.7,176.9,168.4,170.8,169.6,170.4,1.9,0.987,UP,0
33366,177.0,172.2,174.6,176.2,167.5,170.5,169.0,169.9,2.1,0.987,UP,0
33400,176.4,172.0,174.2,175.5,166.7,170.6,168.6,169.5,2.2,0.987,UP,0
33433,176.4,171.2,173.8,174.9,166.9,169.9,168.4,169.1,1.9,0.987,UP,0
33466,176.4,170.2,173.3,174.3,167.7,168.7,168.2,168.8,1.3,0.988,UP,0
33500,176.7,170.1,173.4,173.9,167.8,168.5,168.2,168.5,0.9,0.988,UP,0
33533,174.7,168.7,171.7,173.3,166.8,168.0,167.4,168.1,0.9,0.988,UP,0
33566,171.4,168.5,169.9,172.4,166.0,168.1,167.1,167.8,0.9,0.988,UP,0
33600,167.7,167.8,167.8,171.2,165.4,168.6,167.0,167.6,0.9,0.988,UP,0
33633,165.9,167.2,166.6,169.9,164.8,168.3,166.5,167.2,0.9,0.988,UP,0
33666,163.7,166.6,165.2,168.2,164.6,168.9,166.8,166.9,1.4,0.987,UP,0
33700,163.5,166.6,165.1,166.9,164.2,168.7,166.5,166.8,1.5,0.987,UP,0
33733,162.9,164.8,163.9,165.7,164.1,168.0,166.0,166.6,1.5,0.987,UP,0
33766,159.3,163.4,161.4,164.4,162.1,167.3,164.7,166.1,1.6,0.987,UP,0
33800,157.6,160.9,159.3,162.9,160.9,165.9,163.4,165.5,1.7,0.986,UP,0
33833,155.3,158.6,157.0,161.3,159.8,165.0,162.4,164.6,1.8,0.986,UP,0
33866,151.4,155.8,153.6,159.0,157.0,163.6,160.3,163.4,2.0,0.986,UP,0
33900,147.1,153.3,150.2,156.3,153.3,161.8,157.6,161.7,1.9,0.985,UP,0
33933,140.5,149.6,145.1,153.0,149.4,159.5,154.5,159.6,1.8,0.985,UP,0
33966,138.6,148.4,143.5,149.9,147.5,158.5,153.0,157.5,1.8,0.984,UP,0
34000,131.9,146.1,139.0,146.3,141.4,156.5,149.0,154.9,1.7,0.983,DOWN,0
34033,131.4,146.9,139.1,143.4,140.4,156.0,148.2,152.4,1.3,0.981,DOWN,0
34066,131.4,146.2,138.8,141.1,138.8,154.8,146.8,150.3,1.3,0.979,DOWN,0
34100,130.3,145.5,137.9,139.7,137.0,154.0,145.5,148.5,1.4,0.977,DOWN,0
34133,124.3,141.6,132.9,137.5,132.4,151.9,142.1,146.3,1.6,0.975,DOWN,0
34166,123.1,139.0,131.1,136.0,131.1,150.5,140.8,144.7,1.7,0.973,DOWN,0
34200,117.8,136.6,127.2,133.6,127.6,149.1,138.4,142.7,1.9,0.97,DOWN,0
34233,111.9,130.9,121.4,130.1,124.2,145.2,134.7,140.3,2.1,0.967,DOWN,0
34266,111.2,127.2,119.2,126.4,124.5,143.5,134.0,138.0,2.2,0.964,DOWN,0
34300,108.7,124.9,116.8,123.1,122.3,141.6,131.9,136.0,2.4,0.96,DOWN,0
34333,103.7,120.7,112.2,119.4,118.7,138.4,128.6,133.5,2.5,0.957,DOWN,0
34366,101.8,118.1,109.9,115.9,116.6,135.9,126.3,131.1,2.6,0.953,DOWN,0
34400,97.8,114.3,106.1,112.8,113.0,132.3,122.6,128.7,2.5,0.948,DOWN,0
34433,91.2,111.0,101.1,109.2,107.2,128.9,118.0,125.5,2.5,0.942,DOWN,0
34466,88.3,108.5,98.4,105.5,103.8,126.4,115.1,122.1,2.7,0.936,DOWN,0
34500,88.1,105.8,97.0,102.5,104.0,124.1,114.0,119.2,2.6,0.93,DOWN,0
34533,87.4,102.5,94.9,99.5,101.5,120.8,111.1,116.2,2.5,0.925,DOWN,0
34566,90.2,98.6,94.4,97.2,103.0,116.0,109.5,113.6,2.0,0.921,DOWN,0
34600,92.2,93.0,92.6,95.5,103.7,110.4,107.1,111.4,1.1,0.918,DOWN,0
34633,89.4,86.9,88.1,93.4,103.5,104.4,104.0,109.1,0.2,0.915,DOWN,0
34666,106.4,87.1,96.8,93.4,125.7,105.4,115.5,109.4,0.2,0.913,BOTTOM,0
34700,100.6,86.0,93.3,93.0,119.3,104.9,112.1,109.6,0.4,0.91,BOTTOM,0
34733,101.9,81.9,91.9,92.5,120.0,102.9,111.4,110.0,0.5,0.907,BOTTOM,0
34766,108.7,78.2,93.5,92.7,130.9,101.6,116.3,111.9,0.5,0.903,BOTTOM,0
34800,107.6,71.2,89.4,93.0,130.1,97.4,113.7,113.8,0.7,0.897,BOTTOM,0
34833,103.8,71.8,87.8,91.2,123.0,98.5,110.8,112.9,0.7,0.891,BOTTOM,0
34866,109.0,71.2,90.1,90.5,128.2,97.6,112.9,113.0,0.7,0.883,BOTTOM,0
34900,105.5,67.3,86.4,89.4,122.6,93.9,108.3,112.4,0.5,0.876,BOTTOM,0
34933,91.0,65.9,78.4,86.4,115.4,93.0,104.2,110.0,1.1,0.868,BOTTOM,0
34966,83.5,64.5,74.0,83.3,110.2,91.1,100.6,107.4,1.4,0.861,BOTTOM,0
35000,83.9,63.8,73.8,80.5,109.9,90.1,100.0,105.2,1.6,0.853,BOTTOM,0
35033,85.2,62.6,73.9,77.3,107.7,89.3,98.5,102.3,1.6,0.846,BOTTOM,0
35066,83.8,62.6,73.2,74.7,107.5,89.3,98.4,100.4,1.8,0.84,BOTTOM,0
35100,74.0,59.7,66.8,72.3,101.3,86.5,93.9,98.3,1.8,0.835,BOTTOM,0
35133,74.7,60.2,67.4,71.0,100.7,86.7,93.7,96.9,1.9,0.831,BOTTOM,0
35166,72.2,59.1,65.6,69.4,97.0,86.6,91.8,95.3,1.7,0.828,BOTTOM,0
35200,64.5,58.2,61.4,66.9,88.2,85.4,86.8,92.9,1.9,0.827,BOTTOM,0
35233,63.5,58.6,61.1,64.5,85.8,85.5,85.6,90.4,1.9,0.826,BOTTOM,0
35266,66.0,58.9,62.5,63.6,86.3,85.7,86.0,88.8,1.9,0.825,BOTTOM,0
35300,68.3,59.0,63.7,62.8,86.7,86.2,86.5,87.3,1.9,0.826,BOTTOM,0
35333,67.5,59.1,63.3,62.4,86.2,86.3,86.2,86.2,1.9,0.827,BOTTOM,0
35366,83.1,59.3,71.2,64.3,97.9,86.4,92.2,87.3,1.9,0.827,BOTTOM,0
35400,79.4,58.0,68.7,65.9,91.8,84.6,88.2,87.8,1.7,0.829,BOTTOM,0
35433,66.3,58.0,62.2,65.8,85.0,84.8,84.9,87.6,1.7,0.83,BOTTOM,0
35466,66.9,57.6,62.3,65.5,84.7,85.0,84.8,87.3,1.7,0.83,BOTTOM,0
35500,66.4,57.2,61.8,65.2,84.1,84.3,84.2,86.8,1.9,0.83,BOTTOM,0
35533,62.7,54.8,58.7,62.7,80.8,81.9,81.3,84.7,1.9,0.829,BOTTOM,0
35566,64.4,53.9,59.2,60.8,85.8,79.9,82.8,83.6,2.0,0.828,BOTTOM,0
35600,56.1,53.7,54.9,59.4,86.0,80.4,83.2,83.3,2.0,0.826,BOTTOM,0
35633,60.7,55.0,57.8,58.5,85.5,80.2,82.9,82.9,2.0,0.824,BOTTOM,0
35666,63.0,55.4,59.2,58.0,91.9,80.3,86.1,83.3,2.4,0.822,BOTTOM,0
35700,59.0,56.0,57.5,57.7,92.5,80.7,86.6,84.3,2.3,0.817,BOTTOM,0
35733,65.3,56.5,60.9,58.1,98.3,80.7,89.5,85.6,2.2,0.811,BOTTOM,0
35766,64.4,55.3,59.9,59.1,97.8,80.7,89.2,86.9,1.9,0.806,BOTTOM,0
35800,70.2,54.9,62.5,60.0,98.8,79.9,89.3,88.1,1.9,0.8,BOTTOM,0
35833,68.8,54.8,61.8,60.5,97.5,80.0,88.7,88.7,1.9,0.794,BOTTOM,0
35866,66.5,54.6,60.5,61.1,94.6,79.6,87.1,88.8,1.8,0.788,BOTTOM,0
35900,59.0,54.5,56.8,60.3,92.7,81.0,86.8,88.2,1.7,0.784,BOTTOM,0
35933,57.3,55.2,56.2,59.6,92.5,81.1,86.8,87.8,1.7,0.78,BOTTOM,0
35966,52.1,55.1,53.6,57.8,93.3,81.0,87.1,87.3,1.7,0.773,BOTTOM,0
36000,52.4,55.4,53.9,56.2,95.2,81.8,88.5,87.3,1.7,0.765,BOTTOM,0
36033,58.3,53.8,56.1,55.3,95.6,81.5,88.5,87.6,1.7,0.756,BOTTOM,0
36066,57.5,53.9,55.7,55.1,95.0,81.5,88.3,87.8,1.7,0.745,BOTTOM,0
36100,56.9,54.3,55.6,55.0,94.7,81.0,87.8,88.1,2.3,0.734,BOTTOM,0
36133,70.5,55.8,63.1,56.9,102.8,81.8,92.3,89.1,2.4,0.723,BOTTOM,0
36166,72.5,57.0,64.8,59.0,103.1,82.6,92.8,90.0,2.3,0.715,BOTTOM,0
36200,72.1,57.7,64.9,60.8,99.5,83.1,91.3,90.5,2.1,0.711,BOTTOM,0
36233,68.3,58.2,63.3,62.3,92.9,83.5,88.2,90.5,1.8,0.71,BOTTOM,0
36266,72.0,57.9,65.0,64.2,91.3,83.7,87.5,90.4,1.4,0.712,BOTTOM,0
36300,72.6,59.0,65.8,64.7,92.0,83.7,87.9,89.5,1.3,0.719,BOTTOM,0
36333,71.1,58.9,65.0,64.8,91.3,84.3,87.8,88.5,1.2,0.727,BOTTOM,0
36366,68.4,59.4,63.9,64.6,92.7,84.4,88.5,88.0,1.4,0.736,BOTTOM,0
36400,76.1,60.2,68.1,65.6,104.4,85.6,95.0,89.3,1.4,0.743,BOTTOM,0
36433,64.0,60.0,62.0,65.0,87.5,84.7,86.1,89.1,1.6,0.75,BOTTOM,0
36466,65.5,60.9,63.2,64.4,91.3,85.5,88.4,89.2,1.6,0.754,BOTTOM,0
36500,66.9,60.0,63.4,64.1,90.6,85.0,87.8,89.2,1.5,0.758,BOTTOM,0
36533,65.6,59.7,62.6,63.9,88.3,84.8,86.5,88.8,1.5,0.761,BOTTOM,0
36566,74.5,59.7,67.1,63.7,98.7,85.4,92.1,88.2,1.3,0.764,BOTTOM,0
36600,69.5,60.1,64.8,64.2,92.1,84.4,88.3,88.6,1.3,0.767,BOTTOM,0
36633,66.7,59.9,63.3,64.3,90.4,83.2,86.8,88.3,1.5,0.772,BOTTOM,0
36666,63.5,59.6,61.5,63.9,98.0,82.8,90.4,88.8,1.5,0.773,BOTTOM,0
36700,56.7,56.2,56.4,62.6,88.8,81.9,85.4,88.6,1.5,0.771,BOTTOM,0
36733,54.6,56.0,55.3,60.3,83.5,81.8,82.6,86.7,1.5,0.77,BOTTOM,0
36766,52.8,56.1,54.4,58.2,82.9,81.3,82.1,85.5,1.5,0.767,BOTTOM,0
36800,50.2,53.0,51.6,55.9,80.9,81.1,81.0,84.3,1.5,0.76,BOTTOM,0
36833,53.4,53.4,53.4,54.2,79.8,80.9,80.3,82.3,1.6,0.756,BOTTOM,0
36866,57.2,52.8,55.0,53.9,79.7,80.9,80.3,81.3,1.6,0.753,BOTTOM,0
36900,59.2,52.5,55.8,54.1,84.8,80.9,82.8,81.3,1.5,0.747,BOTTOM,0
36933,56.8,52.1,54.4,54.0,84.1,80.9,82.5,81.4,1.6,0.742,BOTTOM,0
36966,57.3,52.2,54.7,54.7,89.6,81.2,85.4,82.3,1.7,0.738,BOTTOM,0
37000,54.5,53.1,53.8,54.8,86.7,81.0,83.9,83.0,1.8,0.733,BOTTOM,0
37033,55.3,54.2,54.7,54.7,87.9,81.6,84.8,83.9,1.9,0.729,BOTTOM,0
37066,53.4,53.8,53.6,54.3,90.4,81.5,86.0,84.5,2.0,0.726,BOTTOM,0
37100,61.6,55.2,58.4,55.1,95.9,81.9,88.9,85.8,2.0,0.721,BOTTOM,0
37133,66.1,55.8,61.0,56.3,96.2,81.0,88.6,86.4,2.0,0.717,BOTTOM,0
37166,53.4,54.7,54.0,56.4,91.3,80.6,85.9,86.8,2.1,0.715,BOTTOM,0
37200,74.1,54.2,64.2,58.2,101.1,80.4,90.8,88.0,2.1,0.712,BOTTOM,0
37233,72.8,54.4,63.6,60.2,99.7,80.7,90.2,88.9,2.0,0.71,BOTTOM,0
37266,69.8,54.4,62.1,61.0,98.7,81.0,89.9,89.1,2.0,0.711,BOTTOM,0
37300,80.9,54.7,67.8,62.3,104.9,81.5,93.2,90.0,1.6,0.712,BOTTOM,0
37333,71.5,54.9,63.2,64.2,93.9,81.6,87.7,90.4,1.5,0.714,BOTTOM,0
37366,78.7,54.8,66.8,64.7,104.2,81.7,93.0,90.8,1.6,0.718,BOTTOM,0
37400,75.8,55.4,65.6,65.1,101.9,81.5,91.7,91.1,1.6,0.722,BOTTOM,0
37433,67.2,53.8,60.5,64.8,92.2,81.3,86.8,90.5,1.6,0.728,BOTTOM,0
37466,56.2,54.3,55.3,62.3,89.8,81.2,85.5,88.9,1.7,0.731,BOTTOM,0
37500,57.3,53.3,55.3,60.7,89.5,81.3,85.4,88.5,1.8,0.732,BOTTOM,0
37533,59.8,53.5,56.6,58.7,89.8,81.2,85.5,87.0,1.8,0.735,BOTTOM,0
37566,60.6,54.0,57.3,57.0,90.4,81.1,85.8,85.8,1.8,0.736,BOTTOM,0
37600,59.2,53.8,56.5,56.2,88.2,81.3,84.8,85.4,1.8,0.738,BOTTOM,0
37633,51.6,54.8,53.2,55.8,85.2,81.9,83.5,85.0,1.8,0.738,BOTTOM,0
37666,48.6,56.0,52.3,55.2,84.1,83.2,83.7,84.6,1.8,0.739,BOTTOM,0
37700,57.8,62.6,60.2,55.9,92.0,89.5,90.8,85.7,1.9,0.741,BOTTOM,0
37733,68.3,67.3,67.8,58.0,101.7,94.0,97.9,88.1,1.8,0.744,BOTTOM,0
37766,76.1,79.3,77.7,62.2,111.2,103.8,107.5,92.7,1.8,0.747,BOTTOM,0
37800,83.3,91.1,87.2,69.0,122.1,114.0,118.1,99.6,1.9,0.754,BOTTOM,0
37833,84.4,96.8,90.6,76.7,121.0,119.6,120.3,106.9,1.8,0.762,BOTTOM,0
37866,87.5,106.6,97.0,84.1,119.1,126.9,123.0,113.3,1.5,0.768,BOTTOM,0
37900,89.0,111.0,100.0,90.5,123.3,130.8,127.1,119.2,1.4,0.775,BOTTOM,0
37933,101.2,120.2,110.7,97.1,131.9,137.3,134.6,124.6,1.4,0.781,BOTTOM,0
37966,119.5,126.3,122.9,104.2,139.9,141.2,140.5,129.1,1.3,0.786,BOTTOM,0
38000,124.1,132.5,128.3,111.8,144.6,144.6,144.6,134.0,1.6,0.792,BOTTOM,0
38033,132.1,136.4,134.2,119.2,149.3,147.7,148.5,139.1,1.7,0.799,BOTTOM,0
38066,134.6,140.8,137.7,126.8,152.6,148.6,150.6,143.8,2.3,0.807,BOTTOM,0
38100,135.6,142.6,139.1,132.4,154.7,148.7,151.7,147.2,2.9,0.815,DOWN,0
38133,136.6,144.7,140.6,136.0,155.5,150.0,152.8,149.6,3.2,0.824,DOWN,0
38166,140.2,147.2,143.7,139.1,158.3,151.3,154.8,151.7,3.2,0.834,DOWN,0
38200,145.7,149.5,147.6,141.7,161.3,152.3,156.8,153.3,3.2,0.842,DOWN,0
38233,153.3,153.6,153.4,144.9,164.8,154.9,159.9,155.2,3.1,0.851,DOWN,0
38266,159.3,156.6,158.0,148.6,168.3,157.0,162.7,157.4,2.9,0.859,DOWN,0
38300,162.7,158.9,160.8,152.7,169.4,159.3,164.3,159.7,2.1,0.867,DOWN,0
38333,162.8,160.6,161.7,156.3,169.1,161.5,165.3,161.8,1.4,0.875,DOWN,0
38366,167.4,161.2,164.3,159.6,170.7,162.7,166.7,163.8,1.0,0.883,DOWN,0
38400,172.6,163.5,168.0,162.5,173.2,164.5,168.8,165.6,0.7,0.891,DOWN,0
38433,173.5,165.8,169.7,164.9,173.0,166.2,169.6,167.0,0.4,0.898,DOWN,0
38466,175.6,168.1,171.9,167.1,173.4,167.5,170.4,168.2,0.2,0.904,DOWN,0
38500,173.7,170.5,172.1,169.2,172.3,169.0,170.7,169.2,0.1,0.91,DOWN,0
38533,174.7,172.0,173.4,171.0,172.0,170.1,171.0,170.1,0.1,0.915,UP,1
38566,174.2,172.7,173.5,172.1,171.1,170.7,170.9,170.5,0.3,0.92,UP,1
38600,175.3,172.2,173.7,172.9,170.9,170.4,170.7,170.7,0.4,0.925,UP,1
38633,174.5,171.3,172.9,173.1,170.0,170.5,170.3,170.7,0.7,0.929,UP,1
38666,174.9,171.6,173.3,173.4,169.6,170.8,170.2,170.6,0.9,0.933,UP,1
38700,174.9,171.5,173.2,173.3,169.5,170.7,170.1,170.4,1.0,0.937,UP,1
38733,174.8,171.9,173.4,173.3,169.2,171.1,170.1,170.3,1.0,0.94,UP,1
38766,174.9,172.6,173.8,173.3,169.3,171.6,170.5,170.2,1.0,0.943,UP,1
38800,175.1,172.8,174.0,173.5,168.8,172.3,170.6,170.3,1.4,0.946,UP,1
38833,176.1,173.3,174.7,173.8,169.1,172.8,170.9,170.4,1.9,0.949,UP,1
38866,176.3,173.5,174.9,174.1,169.0,172.9,171.0,170.6,2.0,0.951,UP,1
38900,176.8,173.5,175.2,174.5,169.3,172.8,171.0,170.8,2.0,0.954,UP,1
38933,176.8,173.6,175.2,174.8,169.4,172.9,171.1,170.9,2.1,0.956,UP,1
38966,177.5,173.6,175.5,175.1,170.0,172.9,171.5,171.1,2.2,0.958,UP,1
39000,177.3,173.6,175.5,175.3,169.8,173.0,171.4,171.2,2.2,0.96,UP,1
39033,177.0,173.4,175.2,175.3,169.8,172.8,171.3,171.3,2.2,0.962,UP,1
39066,177.5,173.5,175.5,175.4,169.7,173.1,171.4,171.3,2.2,0.963,UP,1
39100,177.5,173.4,175.5,175.4,169.5,173.1,171.3,171.4,2.3,0.965,UP,1
39133,177.5,173.4,175.4,175.4,169.5,173.2,171.3,171.3,2.4,0.966,UP,1
39166,177.1,173.4,175.2,175.4,169.3,173.2,171.3,171.3,2.4,0.967,UP,1
39200,177.1,172.9,175.0,175.3,169.2,172.8,171.0,171.3,2.4,0.968,UP,1
39233,176.9,172.9,174.9,175.2,169.2,172.8,171.0,171.2,2.4,0.969,UP,1
39266,176.9,172.8,174.9,175.1,169.2,172.7,171.0,171.1,2.4,0.97,UP,1
39300,176.1,172.2,174.1,174.8,169.0,172.4,170.7,171.0,2.3,0.971,UP,1
39333,176.3,172.1,174.2,174.6,168.5,172.3,170.4,170.8,2.3,0.972,UP,1
39366,175.5,171.9,173.7,174.4,168.1,172.2,170.2,170.6,2.3,0.972,UP,1
39400,173.7,171.9,172.8,173.9,167.2,172.1,169.7,170.4,2.2,0.973,UP,1
39433,173.6,171.8,172.7,173.5,167.1,172.0,169.6,170.1,2.2,0.973,UP,1
39466,173.5,172.0,172.8,173.2,167.1,172.1,169.6,169.9,2.2,0.973,UP,1
39500,174.6,172.1,173.4,173.1,167.7,172.1,169.9,169.8,2.2,0.973,UP,1
39533,174.4,172.0,173.2,173.0,167.8,172.1,170.0,169.7,2.2,0.973,UP,1
39566,174.2,172.0,173.1,173.0,167.9,172.0,169.9,169.8,2.1,0.973,UP,1
39600,173.8,171.9,172.9,173.1,167.7,171.7,169.7,169.8,1.9,0.974,UP,1
39633,173.8,172.0,172.9,173.1,167.7,171.7,169.7,169.8,1.8,0.973,UP,1
39666,173.9,172.3,173.1,173.0,167.9,171.8,169.8,169.8,1.7,0.973,UP,1
39700,172.3,172.6,172.5,172.9,167.3,171.9,169.6,169.8,1.7,0.973,UP,1
39733,172.4,172.6,172.5,172.8,167.4,171.8,169.6,169.7,1.7,0.972,UP,1
39766,172.0,172.6,172.3,172.7,167.6,171.9,169.7,169.7,1.7,0.972,UP,1
39800,173.6,172.7,173.1,172.7,168.3,171.9,170.1,169.8,1.7,0.971,UP,1
39833,173.7,172.7,173.2,172.7,168.3,171.9,170.1,169.8,1.8,0.971,UP,1
39866,173.9,172.5,173.2,172.9,168.5,171.8,170.1,169.9,1.7,0.971,UP,1
39900,174.2,172.5,173.4,173.0,168.8,172.0,170.4,170.1,1.7,0.971,UP,1
39933,174.3,172.3,173.3,173.2,168.8,171.9,170.4,170.2,1.8,0.971,UP,1
39966,174.5,172.3,173.4,173.3,168.5,172.0,170.3,170.2,1.9,0.971,UP,1
40000,174.6,172.1,173.4,173.3,168.7,172.0,170.4,170.3,2.0,0.971,UP,1
40033,175.0,172.5,173.7,173.4,168.7,172.2,170.5,170.4,2.0,0.971,UP,1
40066,175.2,172.6,173.9,173.5,169.0,172.3,170.6,170.4,2.1,0.972,UP,1
40100,175.2,172.5,173.8,173.6,169.0,172.3,170.6,170.5,2.1,0.972,UP,1
40133,174.9,172.5,173.7,173.7,168.7,172.4,170.5,170.5,2.1,0.973,UP,1
40166,174.4,172.5,173.5,173.7,168.3,172.5,170.4,170.5,2.2,0.973,UP,1
40200,174.1,172.6,173.3,173.6,168.2,172.4,170.3,170.5,2.3,0.974,UP,1
40233,173.2,172.5,172.8,173.4,168.3,172.3,170.3,170.4,2.2,0.974,UP,1
40266,174.1,172.6,173.3,173.3,168.2,172.4,170.3,170.4,2.3,0.974,UP,1
40300,174.0,172.4,173.2,173.2,168.3,172.2,170.3,170.3,2.3,0.974,UP,1
40333,174.2,172.4,173.3,173.2,168.1,172.3,170.2,170.3,2.3,0.974,UP,1
40366,174.1,172.6,173.3,173.2,168.0,172.4,170.2,170.3,2.3,0.973,UP,1
40400,174.9,172.6,173.7,173.4,168.4,172.4,170.4,170.3,2.3,0.973,UP,1
40433,174.8,172.5,173.7,173.4,168.3,172.4,170.4,170.3,2.3,0.973,UP,1
40466,175.0,172.7,173.9,173.6,168.7,172.4,170.5,170.3,2.3,0.973,UP,1
40500,174.9,172.8,173.8,173.7,168.5,172.6,170.5,170.4,2.3,0.972,UP,1
40533,174.9,172.7,173.8,173.8,168.6,172.4,170.5,170.5,2.2,0.972,UP,1
40566,175.0,172.8,173.9,173.8,168.4,172.4,170.4,170.5,2.2,0.971,UP,1
40600,174.8,172.6,173.7,173.8,168.4,172.2,170.3,170.5,2.1,0.97,UP,1
40633,174.5,173.2,173.9,173.8,168.6,172.5,170.6,170.5,2.0,0.969,UP,1
40666,173.3,173.2,173.3,173.7,168.1,172.4,170.3,170.4,2.0,0.968,UP,1
40700,173.2,171.9,172.5,173.5,168.2,171.8,170.0,170.3,2.0,0.966,UP,1
40733,173.1,171.9,172.5,173.2,168.2,171.7,169.9,170.2,2.0,0.965,UP,1
40766,172.6,172.2,172.4,172.9,168.0,171.7,169.8,170.1,1.9,0.964,UP,1
40800,172.3,172.0,172.1,172.6,168.1,171.4,169.8,170.0,1.8,0.964,UP,1
40833,172.2,172.5,172.3,172.4,167.8,171.6,169.7,169.8,1.6,0.964,UP,1
40866,172.3,172.4,172.3,172.3,167.9,171.7,169.8,169.8,1.5,0.964,UP,1
40900,171.3,172.2,171.8,172.2,167.6,171.5,169.5,169.7,1.4,0.964,UP,1
40933,172.2,172.1,172.2,172.1,166.8,171.4,169.1,169.6,1.4,0.965,UP,1
40966,173.2,171.9,172.5,172.2,167.4,171.4,169.4,169.5,1.4,0.965,UP,1
41000,173.3,172.0,172.7,172.3,167.6,171.3,169.5,169.4,1.3,0.966,UP,1
41033,172.7,171.8,172.3,172.3,168.0,171.2,169.6,169.4,1.3,0.966,UP,1
41066,173.0,172.0,172.5,172.4,168.2,171.2,169.7,169.5,1.2,0.966,UP,1
41100,171.9,171.9,171.9,172.4,167.4,171.2,169.3,169.5,1.2,0.965,UP,1
41133,170.6,172.8,171.7,172.2,167.6,171.2,169.4,169.5,1.1,0.965,UP,1
41166,170.6,172.7,171.7,172.0,167.8,171.2,169.5,169.5,1.0,0.963,UP,1
41200,171.6,172.6,172.1,172.0,168.0,171.4,169.7,169.5,1.1,0.962,UP,1
41233,173.0,172.4,172.7,172.0,168.8,171.3,170.0,169.6,1.1,0.961,UP,1
41266,172.9,172.2,172.6,172.1,168.6,171.3,170.0,169.7,1.1,0.961,UP,1
41300,173.0,172.6,172.8,172.4,168.9,171.5,170.2,169.9,1.0,0.961,UP,1
41333,171.8,172.1,172.0,172.4,167.9,171.3,169.6,169.9,1.1,0.961,UP,1
41366,172.8,172.4,172.6,172.5,168.9,171.4,170.2,170.0,1.0,0.962,UP,1
41400,172.1,172.4,172.2,172.4,169.3,171.5,170.4,170.1,1.0,0.963,UP,1
41433,173.2,172.6,172.9,172.5,169.6,171.5,170.6,170.2,1.1,0.964,UP,1
41466,172.8,172.7,172.7,172.5,169.5,171.4,170.4,170.2,1.1,0.965,UP,1
41500,173.5,172.0,172.8,172.6,170.2,171.0,170.6,170.4,1.0,0.965,UP,1
41533,173.5,172.1,172.8,172.7,170.0,171.1,170.6,170.5,1.1,0.966,UP,1
41566,172.3,171.6,171.9,172.6,169.4,170.8,170.1,170.5,1.1,0.966,UP,1
41600,171.4,167.8,169.6,172.0,169.2,168.8,169.0,170.1,1.1,0.967,UP,1
41633,169.5,165.8,167.7,171.0,168.5,167.8,168.1,169.7,1.0,0.967,UP,1
41666,164.3,163.7,164.0,169.2,166.2,166.5,166.4,168.8,1.0,0.968,UP,1
41700,159.0,162.3,160.6,166.8,163.8,165.7,164.8,167.7,0.9,0.969,UP,1
41733,157.0,160.6,158.8,164.1,163.4,164.4,163.9,166.4,0.6,0.97,UP,1
41766,153.7,156.1,154.9,161.2,161.7,161.7,161.7,165.0,0.5,0.971,UP,1
41800,146.6,152.8,149.7,157.6,158.2,159.7,158.9,163.1,0.4,0.971,UP,1
41833,144.3,151.2,147.8,154.4,157.4,158.3,157.8,161.4,0.1,0.971,UP,1
41866,136.1,147.9,142.0,150.6,154.9,155.0,155.0,159.5,0.4,0.971,UP,1
41900,128.7,143.1,135.9,146.1,151.6,151.9,151.7,157.0,0.9,0.97,UP,1
41933,118.5,137.6,128.0,140.7,146.0,146.9,146.4,154.0,1.5,0.969,DOWN,1
41966,107.8,130.9,119.3,134.6,138.7,142.0,140.4,150.3,1.9,0.966,DOWN,1
42000,113.3,127.2,120.2,129.1,139.2,140.7,139.9,146.7,1.9,0.96,DOWN,1
42033,106.3,121.1,113.7,123.4,132.1,136.6,134.4,142.6,1.9,0.954,DOWN,1
42066,97.8,115.7,106.8,117.6,131.2,133.0,132.1,138.6,1.7,0.944,DOWN,1
42100,92.8,111.7,102.2,112.5,125.7,128.2,127.0,134.7,1.5,0.934,DOWN,1
42133,83.6,105.8,94.7,107.5,117.4,122.9,120.1,130.7,1.4,0.925,DOWN,1
42166,72.1,97.1,84.6,100.4,107.4,113.9,110.7,124.8,1.7,0.916,DOWN,1
42200,65.5,88.2,76.9,93.0,104.9,105.3,105.1,119.0,1.8,0.906,DOWN,1
42233,70.6,79.0,74.8,86.6,105.5,95.3,100.4,112.7,1.4,0.897,DOWN,1
42266,83.4,71.9,77.7,81.7,110.1,88.2,99.1,107.1,0.6,0.885,DOWN,1
42300,75.5,69.0,72.2,77.2,99.2,87.4,93.3,101.7,0.0,0.87,DOWN,1
42333,68.7,67.3,68.0,73.9,92.2,89.1,90.6,97.7,0.1,0.857,BOTTOM,1
42366,62.9,61.4,62.2,71.0,85.2,84.0,84.6,93.6,0.2,0.846,BOTTOM,1
42400,75.3,62.3,68.8,69.8,99.2,88.3,93.8,92.3,0.1,0.835,BOTTOM,1
42433,96.4,60.6,78.5,69.9,118.8,86.0,102.4,92.9,0.0,0.826,BOTTOM,1
42466,90.3,60.7,75.5,70.6,111.1,87.9,99.5,94.2,0.2,0.821,BOTTOM,1
42500,96.8,62.4,79.6,72.9,113.3,89.1,101.2,96.3,0.5,0.815,BOTTOM,1
42533,92.1,67.1,79.6,76.4,111.3,93.2,102.2,99.8,0.3,0.81,BOTTOM,1
42566,110.4,70.3,90.4,80.7,129.1,96.3,112.7,103.6,0.3,0.807,BOTTOM,1
42600,105.8,72.2,89.0,82.8,126.4,98.5,112.4,105.6,0.1,0.807,BOTTOM,1
42633,94.1,82.7,88.4,85.4,126.3,108.3,117.3,109.2,0.2,0.804,BOTTOM,1
42666,95.6,90.8,93.2,88.1,133.9,115.6,124.7,113.9,0.8,0.802,BOTTOM,1
42700,84.1,100.1,92.1,90.6,132.1,124.6,128.4,119.1,1.2,0.799,BOTTOM,1
42733,88.2,107.7,98.0,92.1,129.7,131.8,130.7,122.7,1.5,0.796,BOTTOM,1
42766,97.3,114.3,105.8,95.5,129.5,135.7,132.6,126.7,1.6,0.794,BOTTOM,1
42800,105.6,119.0,112.3,100.3,133.9,140.2,137.0,130.7,1.7,0.794,BOTTOM,1
42833,109.4,121.2,115.3,104.7,137.3,141.5,139.4,133.6,1.7,0.795,BOTTOM,1
42866,114.2,125.1,119.6,110.2,138.0,144.3,141.1,136.2,2.0,0.799,BOTTOM,1
42900,118.8,130.3,124.5,115.5,143.0,146.7,144.8,139.0,2.6,0.804,BOTTOM,1
42933,120.6,135.5,128.0,119.9,147.8,149.3,148.5,142.2,3.0,0.81,DOWN,1
42966,125.7,141.7,133.7,124.2,151.2,151.3,151.3,145.0,3.3,0.818,DOWN,1
43000,130.2,147.8,139.0,129.0,152.6,154.4,153.5,147.8,3.1,0.827,DOWN,1
43033,141.7,152.1,146.9,134.4,158.4,156.1,157.2,151.1,2.9,0.837,DOWN,1
43066,153.0,155.8,154.4,140.4,163.7,158.5,161.1,154.3,2.8,0.848,DOWN,1
43100,155.4,158.9,157.2,146.3,164.8,161.6,163.2,157.3,2.2,0.859,DOWN,1
43133,160.5,162.9,161.7,151.9,166.6,165.2,165.9,160.2,1.4,0.869,DOWN,1
43166,165.8,166.6,166.2,157.3,169.3,167.8,168.5,163.2,0.8,0.88,DOWN,1
43200,170.7,169.5,170.1,161.9,171.1,169.8,170.4,165.8,0.4,0.889,DOWN,1
43233,171.4,171.2,171.3,165.3,169.5,171.4,170.5,167.7,0.2,0.897,DOWN,1
43266,172.7,172.4,172.5,168.4,169.9,171.9,170.9,169.2,0.2,0.905,DOWN,1
43300,172.3,173.1,172.7,170.6,169.1,172.9,171.0,170.3,0.6,0.911,DOWN,1
43333,173.9,171.7,172.8,171.9,170.0,171.9,171.0,170.8,0.7,0.916,UP,2
43366,173.3,171.7,172.5,172.4,169.6,171.8,170.7,170.8,0.6,0.921,UP,2
43400,174.7,171.7,173.2,172.8,169.9,171.5,170.7,170.9,0.6,0.926,UP,2
43433,176.0,171.8,173.9,173.0,170.0,171.6,170.8,170.8,0.6,0.93,UP,2
43466,175.6,171.2,173.4,173.2,169.8,171.4,170.6,170.8,0.7,0.934,UP,2
43500,175.9,172.5,174.2,173.4,169.6,172.4,171.0,170.8,0.9,0.938,UP,2
43533,175.5,172.4,173.9,173.7,169.4,172.0,170.7,170.8,0.8,0.941,UP,2
43566,174.6,172.2,173.4,173.8,168.9,171.9,170.4,170.7,0.8,0.944,UP,2
43600,174.1,172.0,173.0,173.6,168.5,171.9,170.2,170.6,0.9,0.947,UP,2
43633,172.5,171.7,172.1,173.3,168.8,171.4,170.1,170.5,0.9,0.949,UP,2
43666,171.4,171.6,171.5,172.8,169.2,171.4,170.3,170.3,0.8,0.951,UP,2
43700,170.1,170.2,170.1,172.0,169.1,170.4,169.7,170.1,0.6,0.954,UP,2
43733,168.1,168.5,168.3,171.0,168.2,169.8,169.0,169.9,0.7,0.955,UP,2
43766,162.4,165.5,164.0,169.2,165.6,168.6,167.1,169.2,0.7,0.957,UP,2
43800,154.5,160.9,157.7,166.3,161.5,166.4,164.0,168.0,0.8,0.959,UP,2
43833,147.2,157.2,152.2,162.5,158.1,164.2,161.2,166.2,0.8,0.961,UP,2
43866,144.4,155.5,149.9,158.4,155.9,162.0,159.0,164.0,0.4,0.962,UP,2
43900,136.7,152.0,144.3,153.6,153.9,158.8,156.4,161.5,0.3,0.963,UP,2
43933,133.8,149.1,141.4,149.1,151.3,156.5,153.9,158.9,0.8,0.964,UP,2
43966,129.6,146.2,137.9,145.2,149.6,153.0,151.3,156.3,1.7,0.964,UP,2
44000,120.0,138.9,129.4,140.6,144.1,148.6,146.4,153.4,1.7,0.964,DOWN,2
44033,125.1,131.4,128.3,136.3,142.6,144.5,143.5,150.3,2.1,0.961,DOWN,2
44066,120.7,124.7,122.7,132.0,139.3,141.0,140.2,147.0,1.7,0.957,DOWN,2
44100,109.2,118.9,114.0,126.5,130.9,135.9,133.4,142.9,1.6,0.952,DOWN,2
44133,102.4,114.9,108.7,120.6,133.1,131.2,132.2,139.1,2.0,0.944,DOWN,2
44166,91.9,106.1,99.0,114.5,130.1,122.5,126.3,135.1,1.9,0.933,DOWN,2
44200,68.8,94.3,81.6,105.2,115.7,111.8,113.7,129.1,2.4,0.921,DOWN,2
44233,62.5,86.1,74.3,95.5,107.9,102.9,105.4,122.2,2.4,0.909,DOWN,2
44266,61.8,81.2,71.5,87.0,106.8,101.1,103.9,116.3,2.2,0.896,DOWN,2
44300,71.4,74.9,73.1,79.9,103.6,95.3,99.4,109.8,2.0,0.884,DOWN,2
44333,94.8,71.5,83.2,76.7,129.5,91.9,110.7,106.7,1.7,0.872,DOWN,2
44366,109.0,69.3,89.1,78.2,128.3,90.5,109.4,105.8,1.3,0.859,BOTTOM,2
44400,148.9,65.8,107.4,84.9,156.0,88.5,122.2,109.1,0.7,0.846,BOTTOM,2
44433,120.3,67.8,94.1,89.4,140.4,93.1,116.7,111.7,0.1,0.834,BOTTOM,2
44466,111.8,66.3,89.1,92.6,131.9,93.8,112.8,114.4,0.0,0.823,BOTTOM,2
44500,110.7,70.6,90.6,94.1,131.5,96.6,114.1,115.1,0.1,0.816,BOTTOM,2
44533,92.2,72.7,82.5,92.7,115.4,99.7,107.5,114.7,0.4,0.811,BOTTOM,2
44566,90.9,80.7,85.8,88.4,110.6,104.5,107.5,111.7,0.3,0.808,BOTTOM,2
44600,89.4,92.4,90.9,87.8,120.2,115.2,117.7,111.9,0.5,0.807,BOTTOM,2
44633,85.4,99.3,92.4,88.4,121.6,121.2,121.4,113.7,1.0,0.807,BOTTOM,2
44666,80.1,107.0,93.5,89.0,121.3,126.6,123.9,115.6,1.3,0.806,BOTTOM,2
44700,92.4,114.6,103.5,93.2,126.4,132.6,129.5,120.0,1.5,0.806,BOTTOM,2
44733,103.2,121.4,112.3,98.5,130.8,138.3,134.5,125.4,1.4,0.808,BOTTOM,2
44766,114.8,128.3,121.6,104.6,131.2,144.6,137.9,129.5,1.1,0.811,BOTTOM,2
44800,117.4,131.5,124.5,111.1,136.4,146.7,141.5,133.5,1.2,0.816,BOTTOM,2
44833,121.2,136.9,129.1,118.2,144.2,149.4,146.8,138.1,1.8,0.821,BOTTOM,2
44866,120.4,142.1,131.2,123.7,147.2,151.5,149.3,142.0,1.9,0.828,BOTTOM,2
44900,130.4,148.2,139.3,129.1,151.9,154.4,153.2,145.8,1.9,0.834,DOWN,2
44933,134.4,151.2,142.8,133.4,154.5,155.9,155.2,149.2,1.9,0.841,DOWN,2
44966,146.2,153.6,149.9,138.5,160.8,157.3,159.0,152.7,1.9,0.848,DOWN,2
45000,151.4,157.5,154.5,143.5,163.5,160.4,162.0,155.7,1.5,0.857,DOWN,2
45033,163.0,160.1,161.5,149.6,168.8,163.4,166.1,159.1,0.9,0.867,DOWN,2
45066,162.9,162.5,162.7,154.3,167.9,165.1,166.5,161.8,0.3,0.876,DOWN,2
45100,173.2,167.3,170.2,159.8,173.2,167.7,170.4,164.8,0.2,0.885,DOWN,2
45133,175.3,170.2,172.7,164.3,173.4,170.0,171.7,167.4,0.2,0.893,DOWN,2
45166,173.5,171.6,172.5,168.0,171.9,171.6,171.7,169.3,0.9,0.9,DOWN,2
45200,172.1,173.5,172.8,170.2,170.5,172.3,171.4,170.4,0.7,0.906,DOWN,2
45233,175.5,173.2,174.3,172.5,170.3,172.4,171.3,171.3,0.8,0.91,DOWN,2
45266,176.4,172.5,174.5,173.4,172.3,171.3,171.8,171.6,0.1,0.915,UP,3
45300,178.3,173.9,176.1,174.1,173.3,171.7,172.5,171.8,0.2,0.92,UP,3
45333,176.5,173.1,174.8,174.5,172.9,170.9,171.9,171.8,0.0,0.924,UP,3
45366,175.4,173.8,174.6,174.9,172.5,171.1,171.8,171.9,0.1,0.927,UP,3
45400,176.0,173.0,174.5,174.9,172.7,170.5,171.6,171.9,0.0,0.931,UP,3
45433,175.6,173.4,174.5,174.9,172.5,170.5,171.5,171.9,0.1,0.935,UP,3
45466,175.2,173.1,174.2,174.5,172.1,170.3,171.2,171.6,0.1,0.938,UP,3
45500,173.0,172.7,172.9,174.1,172.0,169.9,170.9,171.4,0.1,0.94,UP,3
45533,171.9,171.1,171.5,173.5,171.9,169.1,170.5,171.1,0.2,0.943,UP,3
45566,169.3,169.7,169.5,172.5,170.6,168.6,169.6,170.7,0.1,0.945,UP,3
45600,168.5,169.5,169.0,171.4,169.9,168.7,169.3,170.3,0.2,0.947,UP,3
45633,160.3,167.1,163.7,169.3,165.6,167.6,166.6,169.4,0.2,0.949,UP,3
45666,155.4,163.2,159.3,166.6,163.4,165.5,164.4,168.1,0.2,0.951,UP,3
45700,151.6,159.5,155.6,163.4,162.0,163.0,162.5,166.5,0.0,0.954,UP,3
45733,144.9,154.3,149.6,159.4,158.7,160.2,159.4,164.4,0.1,0.956,UP,3
45766,137.8,150.9,144.3,154.5,156.1,158.1,157.1,162.0,0.3,0.958,UP,3
45800,132.4,147.2,139.8,149.7,153.7,153.9,153.8,159.4,1.4,0.96,UP,3
45833,128.4,142.1,135.3,144.9,152.7,150.7,151.7,156.9,1.8,0.96,UP,3
45866,118.9,135.5,127.2,139.2,148.1,146.1,147.1,153.8,2.6,0.959,DOWN,3
45900,118.7,133.2,125.9,134.5,146.6,144.6,145.6,151.1,2.6,0.957,DOWN,3
45933,111.0,130.2,120.6,129.8,141.9,143.2,142.6,148.2,2.7,0.953,DOWN,3
45966,107.8,125.2,116.5,125.1,137.7,139.0,138.3,145.1,2.5,0.948,DOWN,3
46000,104.7,124.0,114.4,120.9,135.4,138.0,136.7,142.1,2.1,0.939,DOWN,3
46033,99.3,119.8,109.6,117.4,134.1,133.2,133.7,139.4,2.0,0.928,DOWN,3
46066,91.9,114.1,103.0,112.8,130.5,126.5,128.5,136.0,2.1,0.915,DOWN,3
46100,71.5,103.4,87.5,106.2,118.1,115.6,116.9,130.8,3.3,0.901,DOWN,3
46133,68.2,92.1,80.2,98.9,112.7,104.2,108.4,124.8,3.4,0.886,DOWN,3
46166,70.9,88.1,79.5,91.9,113.7,100.0,106.8,118.9,3.2,0.873,DOWN,3
46200,89.9,83.8,86.9,87.4,116.6,96.8,106.7,113.5,2.7,0.861,DOWN,3
46233,86.9,75.6,81.3,83.1,116.3,90.1,103.2,108.4,2.2,0.85,DOWN,3
46266,90.7,71.5,81.1,81.8,123.3,88.9,106.1,106.3,2.0,0.838,BOTTOM,3
46300,84.0,69.2,76.6,81.1,118.2,89.7,103.9,105.4,1.8,0.825,BOTTOM,3
46333,92.6,67.4,80.0,81.2,130.0,89.5,109.8,105.9,1.7,0.813,BOTTOM,3
46366,93.0,68.5,80.7,79.9,127.7,92.0,109.9,106.6,1.7,0.8,BOTTOM,3
46400,91.5,72.9,82.2,80.1,127.2,97.1,112.1,108.4,1.6,0.787,BOTTOM,3
46433,84.9,74.4,79.6,79.8,127.1,99.6,113.3,109.8,1.6,0.774,BOTTOM,3
46466,83.4,76.5,79.9,80.5,121.8,99.6,110.7,111.2,1.5,0.762,BOTTOM,3
46500,95.3,88.7,92.0,82.9,133.4,111.8,122.6,113.7,1.5,0.753,BOTTOM,3
46533,100.1,97.4,98.7,86.5,130.5,118.9,124.7,116.7,1.4,0.748,BOTTOM,3
46566,96.9,107.5,102.2,90.5,128.7,128.0,128.4,119.9,0.8,0.746,BOTTOM,3
46600,93.6,114.8,104.2,95.4,122.2,133.9,128.1,122.9,0.1,0.751,BOTTOM,3
46633,98.1,120.4,109.3,101.3,126.1,138.7,132.4,127.2,0.1,0.758,BOTTOM,3
46666,99.8,126.0,112.9,105.5,131.0,144.0,137.5,130.2,0.1,0.767,BOTTOM,3
46700,105.2,129.8,117.5,109.2,133.9,146.0,140.0,133.3,0.3,0.776,BOTTOM,3
46733,128.2,134.6,131.4,115.1,148.0,150.0,149.0,137.4,0.2,0.785,BOTTOM,3
46766,128.7,139.7,134.2,121.1,148.3,151.8,150.1,141.8,0.2,0.794,DOWN,3
46800,128.6,144.3,136.5,126.5,150.0,154.0,152.0,145.7,0.5,0.804,DOWN,3
46833,133.7,148.2,141.0,132.1,153.3,155.7,154.5,149.1,0.7,0.813,DOWN,3
46866,138.4,151.9,145.2,137.6,154.6,157.0,155.8,152.3,0.7,0.823,DOWN,3
46900,143.4,155.0,149.2,141.2,158.3,159.1,158.7,154.2,0.6,0.833,DOWN,3
46933,153.3,157.8,155.6,145.5,163.6,161.7,162.6,156.7,0.4,0.844,DOWN,3
46966,155.9,160.7,158.3,149.8,164.9,163.6,164.2,159.2,0.3,0.854,DOWN,3
47000,163.8,163.3,163.6,154.4,168.2,164.6,166.4,161.6,0.2,0.864,DOWN,3
47033,167.3,166.1,166.7,158.7,170.0,166.3,168.1,164.0,0.0,0.874,DOWN,3
47066,169.7,170.3,170.0,162.8,170.4,169.2,169.8,166.2,0.2,0.883,DOWN,3
47100,172.0,172.1,172.1,166.1,171.3,170.3,170.8,167.9,0.1,0.891,DOWN,3
47133,175.6,172.2,173.9,169.2,172.7,170.4,171.5,169.3,0.2,0.898,DOWN,3
47166,177.5,172.2,174.8,171.5,172.8,170.4,171.6,170.4,0.3,0.905,DOWN,3
47200,178.3,171.7,175.0,173.2,172.6,170.6,171.6,171.1,0.5,0.911,UP,4
47233,177.2,171.0,174.1,174.0,171.7,170.0,170.8,171.3,0.5,0.917,UP,4
47266,177.8,170.8,174.3,174.4,171.9,169.7,170.8,171.3,0.6,0.922,UP,4
47300,177.4,171.5,174.4,174.5,171.3,170.1,170.7,171.1,0.7,0.928,UP,4
47333,177.0,171.1,174.1,174.4,170.8,170.2,170.5,170.9,0.7,0.933,UP,4
47366,174.2,172.2,173.2,174.0,175.0,169.1,172.0,171.0,3.0,0.937,UP,4
47400,175.6,174.7,175.1,174.2,178.9,171.9,175.4,171.9,1.2,0.941,UP,4
47433,178.0,173.5,175.8,174.5,179.3,171.2,175.3,172.8,1.4,0.944,UP,4
47466,177.5,174.7,176.1,174.9,179.3,172.1,175.7,173.8,1.5,0.947,UP,4
47500,174.4,173.8,174.1,174.9,174.1,171.6,172.9,174.3,1.0,0.95,UP,4
47533,174.7,173.5,174.1,175.0,172.9,171.1,172.0,174.2,0.7,0.952,UP,4
47566,174.8,175.3,175.1,175.0,171.0,173.2,172.1,173.6,0.9,0.954,UP,4
47600,175.1,174.1,174.6,174.8,171.4,172.3,171.8,172.9,0.9,0.956,UP,4
47633,171.9,174.2,173.0,174.2,169.8,172.0,170.9,171.9,0.9,0.958,UP,4
47666,172.9,173.4,173.1,174.0,171.0,171.6,171.3,171.6,0.7,0.96,UP,4
47700,172.1,173.3,172.7,173.7,171.0,171.4,171.2,171.5,0.5,0.962,UP,4
47733,172.4,171.9,172.1,173.1,172.0,170.4,171.2,171.3,0.2,0.964,UP,4
47766,172.3,170.6,171.4,172.5,172.0,169.8,170.9,171.1,0.4,0.966,UP,4
47800,172.3,167.9,170.1,171.9,172.8,168.5,170.6,171.0,0.2,0.967,UP,4
47833,171.3,167.4,169.3,171.1,172.5,168.3,170.4,170.9,0.5,0.968,UP,4
47866,170.7,166.1,168.4,170.3,171.3,167.9,169.6,170.5,1.0,0.969,UP,4
47900,171.4,164.7,168.0,169.5,170.5,168.0,169.2,170.1,1.6,0.97,UP,4
47933,169.5,165.7,167.6,168.7,169.0,168.8,168.9,169.8,2.0,0.972,UP,4
47966,169.2,166.2,167.7,168.2,168.1,169.4,168.7,169.4,2.5,0.973,UP,4
48000,169.2,167.5,168.4,168.0,167.8,169.8,168.8,169.0,2.7,0.974,UP,4
48033,169.3,168.5,168.9,168.1,167.6,170.1,168.9,168.9,2.9,0.975,UP,4
48066,170.6,169.7,170.2,168.5,168.1,170.7,169.4,168.9,3.0,0.975,UP,4
48100,172.3,172.3,172.3,169.5,169.0,171.8,170.4,169.2,3.0,0.974,UP,4
48133,174.3,175.3,174.8,170.9,169.9,173.2,171.5,169.8,3.0,0.972,UP,4
48166,177.9,176.9,177.4,172.7,172.2,173.6,172.9,170.6,2.7,0.969,UP,4
48200,178.6,179.0,178.8,174.7,171.9,174.6,173.3,171.5,2.7,0.966,UP,4
48233,179.6,179.4,179.5,176.6,172.9,174.7,173.8,172.4,2.4,0.962,UP,4
48266,179.0,179.7,179.3,178.0,172.1,175.5,173.8,173.1,2.6,0.959,UP,4
48300,177.9,178.9,178.4,178.7,171.0,175.7,173.4,173.4,2.8,0.955,UP,4
48333,178.6,178.2,178.4,178.9,169.8,175.4,172.6,173.4,2.9,0.952,UP,4
48366,177.1,177.2,177.2,178.6,168.6,175.4,172.0,173.1,3.1,0.947,UP,4
48400,175.8,176.9,176.3,177.9,167.3,176.3,171.8,172.7,3.7,0.944,UP,4
48433,174.1,175.3,174.7,177.0,167.3,175.9,171.6,172.3,3.7,0.942,UP,4
48466,172.8,175.8,174.3,176.2,167.0,176.2,171.6,171.9,3.4,0.941,UP,4
48500,170.5,175.1,172.8,175.1,167.1,175.0,171.0,171.6,2.7,0.941,UP,4
48533,169.1,175.3,172.2,174.1,166.9,174.9,170.9,171.4,2.2,0.941,UP,4
48566,168.8,174.4,171.6,173.1,166.6,174.7,170.7,171.2,2.3,0.941,UP,4
48600,170.0,174.3,172.2,172.6,167.1,175.1,171.1,171.1,2.4,0.941,UP,4
48633,170.9,173.0,171.9,172.1,167.8,174.6,171.2,171.0,2.4,0.941,UP,4
48666,171.3,172.9,172.1,172.0,168.1,174.5,171.3,171.0,2.4,0.942,UP,4
48700,172.5,171.7,172.1,172.0,168.6,174.0,171.3,171.1,2.4,0.944,UP,4
48733,173.8,171.0,172.4,172.1,169.5,173.6,171.5,171.3,2.3,0.947,UP,4
48766,174.6,171.0,172.8,172.3,170.1,173.3,171.7,171.4,2.1,0.95,UP,4
48800,177.5,170.2,173.9,172.7,171.2,172.9,172.0,171.6,2.1,0.953,UP,4
48833,179.8,170.1,175.0,173.2,172.9,172.4,172.6,171.8,1.6,0.956,UP,4
48866,178.2,169.7,173.9,173.6,173.8,172.1,173.0,172.2,1.4,0.959,UP,4
48900,176.8,169.7,173.2,173.8,173.9,171.7,172.8,172.4,1.4,0.961,UP,4
48933,176.6,169.3,173.0,173.8,173.9,171.0,172.5,172.6,1.4,0.964,UP,4
48966,176.9,169.2,173.0,173.6,174.1,170.8,172.4,172.7,1.4,0.966,UP,4
49000,177.0,170.1,173.5,173.3,174.5,171.0,172.8,172.7,1.3,0.969,UP,4
49033,177.9,171.4,174.6,173.5,174.0,172.0,173.0,172.7,1.8,0.971,UP,4
49066,178.3,172.9,175.6,174.0,173.8,173.7,173.8,172.9,2.4,0.972,UP,4
49100,179.5,173.3,176.4,174.6,172.9,173.7,173.3,173.1,2.8,0.974,UP,4
49133,179.7,172.7,176.2,175.3,172.4,172.5,172.5,173.1,2.8,0.975,UP,4
49166,179.0,171.2,175.1,175.6,171.9,171.4,171.7,172.8,3.0,0.977,UP,4
49200,179.0,168.9,173.9,175.4,171.8,170.2,171.0,172.5,3.2,0.978,UP,4
49233,178.6,167.4,173.0,174.9,171.5,169.5,170.5,171.8,3.3,0.979,UP,4
49266,180.0,166.7,173.3,174.3,171.9,168.8,170.3,171.2,3.1,0.98,UP,4
49300,179.4,166.3,172.8,173.6,171.8,168.9,170.3,170.8,3.4,0.981,UP,4
49333,179.6,166.0,172.8,173.2,170.3,169.3,169.8,170.4,3.9,0.981,UP,4
49366,179.1,166.2,172.6,172.9,170.0,169.9,169.9,170.2,4.3,0.981,UP,4
49400,179.0,167.8,173.4,173.0,169.9,170.0,170.0,170.1,4.3,0.982,UP,4
49433,178.9,170.2,174.5,173.2,169.9,170.6,170.2,170.1,4.6,0.982,UP,4
49466,177.1,173.9,175.5,173.8,169.7,170.8,170.3,170.0,4.6,0.982,UP,4
49500,177.0,176.1,176.6,174.5,169.9,170.9,170.4,170.2,4.7,0.982,UP,4
49533,176.8,179.6,178.2,175.6,169.8,171.1,170.5,170.3,4.7,0.982,UP,4
49566,175.7,178.4,177.1,176.4,169.5,170.3,169.9,170.3,4.6,0.981,UP,4
49600,175.2,178.6,176.9,176.8,169.4,169.7,169.5,170.1,4.6,0.98,UP,4
49633,174.6,177.5,176.1,177.0,169.4,169.4,169.4,170.0,4.4,0.979,UP,4
49666,173.8,179.2,176.5,176.9,168.4,169.2,168.8,169.6,4.5,0.979,UP,4
49700,173.7,177.4,175.5,176.4,168.2,169.6,168.9,169.3,4.5,0.979,UP,4
49733,173.7,177.4,175.5,176.1,168.1,169.7,168.9,169.1,4.2,0.979,UP,4
49766,173.7,177.5,175.6,175.9,168.1,170.0,169.1,169.0,3.7,0.979,UP,4
49800,173.7,177.8,175.7,175.8,168.6,169.9,169.2,169.0,3.0,0.98,UP,4
49833,175.0,178.7,176.9,175.9,169.4,169.2,169.3,169.1,2.5,0.98,UP,4
49866,175.0,178.2,176.6,176.1,170.1,168.0,169.1,169.1,1.6,0.98,UP,4
49900,174.2,178.7,176.5,176.2,169.3,167.4,168.4,169.0,1.3,0.979,UP,4
49933,174.9,177.7,176.3,176.4,168.7,169.1,168.9,169.0,1.5,0.979,UP,4
49966,175.1,174.3,174.7,176.2,167.7,169.9,168.8,168.9,1.7,0.979,UP,4
50000,174.3,176.3,175.3,175.9,167.6,169.5,168.5,168.7,1.3,0.978,UP,4
50033,174.0,177.5,175.8,175.7,166.9,170.0,168.4,168.6,1.3,0.977,UP,4
50066,173.0,179.1,176.0,175.6,165.1,170.1,167.6,168.4,1.5,0.976,UP,4
50100,173.1,179.0,176.0,175.6,165.7,169.1,167.4,168.2,0.9,0.975,UP,4
50133,174.5,177.8,176.1,175.9,166.9,167.9,167.4,167.9,0.3,0.973,UP,4
50166,174.4,177.8,176.1,176.0,167.0,167.1,167.0,167.6,0.3,0.971,UP,4
50200,172.2,177.2,174.7,175.8,166.1,166.9,166.5,167.2,0.3,0.969,UP,4
50233,170.9,174.6,172.8,175.1,165.7,164.8,165.2,166.7,0.4,0.966,UP,4
50266,168.8,174.8,171.8,174.3,163.9,165.3,164.6,166.2,0.6,0.963,UP,4
50300,168.0,172.1,170.0,173.1,163.4,165.4,164.4,165.6,0.5,0.958,UP,4
50333,166.9,172.1,169.5,171.8,163.6,166.0,164.8,165.1,0.6,0.953,UP,4
50366,168.5,174.1,171.3,171.1,165.2,166.2,165.7,164.9,0.4,0.946,UP,4
50400,170.8,175.9,173.3,171.2,168.9,167.0,168.0,165.5,0.0,0.939,UP,4
50433,172.5,176.1,174.3,171.7,170.1,167.5,168.8,166.3,0.2,0.932,UP,4
50466,172.4,176.9,174.7,172.6,169.9,168.2,169.0,167.3,0.2,0.926,UP,4
50500,173.8,176.6,175.2,173.8,170.7,168.4,169.6,168.2,0.4,0.921,UP,4
50533,175.4,175.4,175.4,174.6,172.3,168.2,170.3,169.1,0.3,0.917,UP,4
50566,176.5,175.9,176.2,175.1,172.6,168.6,170.6,169.7,0.3,0.912,UP,4
50600,175.9,175.4,175.6,175.4,172.7,168.3,170.5,170.0,0.1,0.905,UP,4
50633,176.6,177.5,177.0,175.9,172.5,168.0,170.2,170.2,0.3,0.899,UP,4
50666,176.4,177.2,176.8,176.2,172.5,168.4,170.5,170.4,0.3,0.891,UP,4
50700,176.3,177.3,176.8,176.5,172.6,169.1,170.8,170.5,0.3,0.884,UP,4
50733,176.0,177.9,177.0,176.7,172.6,169.4,171.0,170.6,0.1,0.877,UP,4
50766,175.9,176.7,176.3,176.8,172.5,168.9,170.7,170.6,0.1,0.868,UP,4
50800,176.8,177.3,177.0,176.8,172.1,168.5,170.3,170.7,0.1,0.857,UP,4
50833,176.6,176.7,176.7,176.7,172.1,168.5,170.3,170.6,0.0,0.847,UP,4
50866,178.0,177.2,177.6,176.9,171.9,168.7,170.3,170.5,0.0,0.833,UP,4
50900,178.6,176.5,177.5,177.0,172.1,169.2,170.6,170.4,0.0,0.819,UP,4
50933,177.1,176.7,176.9,177.2,172.1,170.3,171.2,170.6,0.0,0.808,UP,4
50966,176.8,177.1,176.9,177.1,171.5,170.6,171.1,170.7,0.0,0.798,UP,4
51000,177.6,176.2,176.9,177.2,171.8,170.0,170.9,170.8,0.1,0.786,UP,4
51033,178.6,177.6,178.1,177.3,172.0,169.8,170.9,170.9,0.1,0.775,UP,4
51066,178.6,177.3,177.9,177.4,172.1,169.5,170.8,171.0,0.2,0.766,UP,4
51100,177.4,177.5,177.4,177.5,172.3,169.7,171.0,170.9,0.3,0.752,UP,4
51133,176.6,177.9,177.3,177.5,172.5,169.6,171.1,170.9,0.4,0.736,UP,4
51166,176.8,177.2,177.0,177.5,173.0,169.2,171.1,171.0,0.6,0.716,UP,4
51200,178.9,178.2,178.6,177.6,173.4,169.3,171.3,171.1,0.7,0.695,UP,4
51233,176.6,177.9,177.2,177.5,173.1,170.1,171.6,171.2,0.6,0.68,UP,4
51266,176.4,177.5,176.9,177.4,173.4,169.6,171.5,171.3,0.8,0.665,UP,4
51300,176.5,177.4,176.9,177.3,173.7,169.7,171.7,171.5,0.8,0.657,UP,4
51333,175.8,176.7,176.3,177.2,173.4,169.3,171.3,171.5,0.8,0.66,UP,4
51366,174.5,175.9,175.2,176.5,173.1,169.4,171.3,171.5,0.8,0.666,UP,4
51400,175.7,175.9,175.8,176.2,173.0,169.5,171.2,171.4,0.6,0.672,UP,4
51433,175.0,177.0,176.0,176.0,172.2,169.2,170.7,171.2,0.7,0.684,UP,4
51466,175.0,176.8,175.9,175.8,171.8,169.2,170.5,171.0,0.6,0.694,UP,4
51500,174.9,176.4,175.7,175.7,172.4,168.8,170.6,170.9,0.7,0.701,UP,4
51533,175.6,175.7,175.6,175.8,172.5,168.6,170.6,170.7,0.5,0.704,UP,4
51566,175.4,175.7,175.5,175.7,172.5,168.6,170.5,170.6,0.5,0.706,UP,4
51600,175.9,175.5,175.7,175.7,172.1,169.1,170.6,170.6,0.0,0.704,UP,4
51633,174.6,173.6,174.1,175.3,172.2,169.0,170.6,170.6,0.1,0.706,UP,4
51666,176.6,173.2,174.9,175.2,172.5,168.9,170.7,170.6,0.1,0.711,UP,4
51700,177.5,172.3,174.9,175.0,173.4,168.2,170.8,170.6,0.2,0.719,UP,4
51733,177.2,173.6,175.4,175.0,173.1,169.0,171.1,170.7,0.1,0.727,UP,4
51766,175.0,174.0,174.5,174.8,173.3,169.1,171.2,170.9,0.2,0.738,UP,4
51800,176.0,175.3,175.6,175.1,173.6,170.0,171.8,171.1,0.5,0.745,UP,4
51833,177.4,173.9,175.6,175.2,172.5,171.4,171.9,171.4,0.8,0.744,UP,4
51866,175.9,174.4,175.2,175.3,172.5,172.3,172.4,171.7,1.0,0.738,UP,4
51900,176.4,177.6,177.0,175.6,172.4,173.6,173.0,172.1,1.2,0.725,UP,4
51933,176.7,179.7,178.2,176.3,170.9,177.1,174.0,172.6,1.0,0.713,UP,4
51966,176.3,178.3,177.3,176.7,170.8,177.8,174.3,173.1,1.2,0.699,UP,4
52000,175.3,178.8,177.0,176.9,170.0,177.6,173.8,173.5,1.1,0.681,UP,4
52033,176.8,179.2,178.0,177.5,170.3,177.4,173.8,173.8,1.1,0.665,UP,4
52066,177.8,179.3,178.5,177.8,170.7,177.2,173.9,174.0,0.9,0.649,UP,4
52100,176.9,179.5,178.2,177.8,171.3,175.8,173.6,173.9,0.6,0.635,UP,4
52133,176.7,178.5,177.6,177.9,172.3,174.6,173.4,173.7,0.2,0.627,UP,4
52166,175.9,178.9,177.4,178.0,172.1,174.6,173.3,173.6,0.2,0.629,UP,4
52200,174.5,178.9,176.7,177.7,172.7,174.2,173.4,173.5,0.2,0.636,UP,4
52233,175.0,178.6,176.8,177.3,173.5,174.0,173.8,173.5,0.2,0.646,UP,4
52266,175.8,178.8,177.3,177.2,174.1,173.7,173.9,173.6,0.3,0.655,UP,4
52300,176.0,179.6,177.8,177.2,174.0,173.6,173.8,173.7,0.3,0.662,UP,4
52333,176.2,179.2,177.7,177.3,173.6,173.3,173.5,173.7,0.4,0.665,UP,4
52366,178.0,179.3,178.7,177.6,172.8,173.3,173.1,173.6,0.3,0.665,UP,4
52400,174.8,179.4,177.1,177.7,172.6,173.2,172.9,173.4,0.4,0.667,UP,4
52433,174.7,179.6,177.2,177.7,172.7,173.5,173.1,173.3,0.6,0.668,UP,4
52466,176.0,179.6,177.8,177.7,173.4,173.5,173.5,173.2,0.6,0.669,UP,4
52500,174.3,179.8,177.0,177.5,172.6,173.6,173.1,173.1,0.7,0.666,UP,4
52533,176.7,179.6,178.1,177.4,174.5,173.7,174.1,173.3,0.7,0.663,UP,4
52566,175.8,178.4,177.1,177.4,173.9,173.7,173.8,173.5,0.7,0.657,UP,4
52600,175.8,178.0,176.9,177.4,173.6,173.9,173.8,173.7,0.7,0.649,UP,4
52633,176.0,177.2,176.6,177.2,173.8,174.0,173.9,173.7,0.8,0.644,UP,4
52666,175.9,177.4,176.7,177.1,173.7,174.1,173.9,173.9,0.8,0.644,UP,4
52700,175.8,177.5,176.6,176.8,173.5,174.4,174.0,173.9,0.9,0.648,UP,4
52733,178.6,177.2,177.9,176.9,174.4,175.7,175.0,174.1,1.4,0.654,UP,4
52766,177.9,178.6,178.3,177.2,174.6,175.9,175.2,174.4,1.4,0.659,UP,4
52800,178.0,178.6,178.3,177.5,174.4,175.9,175.2,174.7,1.5,0.661,UP,4
52833,175.8,178.8,177.3,177.7,172.9,175.9,174.4,174.8,1.5,0.662,UP,4
52866,175.7,178.5,177.1,177.8,172.9,175.7,174.3,174.8,1.4,0.658,UP,4
52900,176.3,178.5,177.4,177.7,173.0,175.8,174.4,174.7,1.5,0.652,UP,4
52933,175.0,178.6,176.8,177.4,172.3,175.9,174.1,174.5,1.5,0.648,UP,4
52966,176.2,178.3,177.2,177.2,172.3,176.0,174.1,174.3,1.6,0.646,UP,4
53000,176.3,179.9,178.1,177.3,172.3,176.0,174.2,174.2,1.6,0.645,UP,4
53033,174.1,179.5,176.8,177.3,171.3,176.2,173.7,174.1,1.5,0.644,UP,4
53066,174.0,178.2,176.1,177.0,171.5,175.7,173.6,173.9,1.5,0.643,UP,4
53100,176.2,178.4,177.3,177.1,172.8,175.7,174.2,174.0,1.5,0.644,UP,4
53133,175.4,179.8,177.6,177.2,172.4,175.7,174.1,174.0,1.5,0.645,UP,4
53166,176.3,179.5,177.9,177.1,173.1,175.7,174.4,174.0,1.4,0.643,UP,4
53200,176.3,179.3,177.8,177.3,173.5,175.6,174.6,174.2,1.4,0.642,UP,4
53233,176.1,179.6,177.8,177.7,173.4,175.2,174.3,174.3,1.3,0.644,UP,4
53266,175.8,179.4,177.6,177.7,172.4,175.3,173.9,174.2,1.3,0.644,UP,4
53300,177.6,179.2,178.4,177.9,173.9,175.5,174.7,174.4,1.3,0.641,UP,4
53333,177.9,178.2,178.1,177.9,173.7,175.3,174.5,174.4,1.3,0.645,UP,4
53366,177.6,178.3,177.9,178.0,173.7,175.3,174.5,174.4,1.3,0.65,UP,4
53400,178.4,178.3,178.3,178.1,173.7,175.3,174.5,174.4,1.2,0.651,UP,4
53433,177.4,177.9,177.6,178.1,174.0,175.7,174.8,174.6,1.3,0.653,UP,4
53466,177.0,178.1,177.6,177.9,173.9,175.7,174.8,174.6,1.3,0.655,UP,4
53500,176.5,177.9,177.2,177.7,173.9,175.8,174.9,174.7,1.2,0.655,UP,4
53533,177.2,178.0,177.6,177.7,173.3,175.6,174.5,174.7,1.3,0.656,UP,4
53566,177.6,177.7,177.6,177.5,173.7,175.7,174.7,174.7,1.2,0.662,UP,4
53600,178.0,177.5,177.7,177.5,173.4,175.7,174.5,174.7,1.2,0.668,UP,4
53633,178.0,178.0,178.0,177.6,173.1,175.7,174.4,174.6,1.2,0.678,UP,4
53666,176.2,178.5,177.3,177.7,172.3,175.4,173.9,174.4,1.2,0.684,UP,4
53700,178.0,179.4,178.7,177.9,173.5,174.7,174.1,174.3,1.2,0.688,UP,4
53733,177.7,179.4,178.5,178.1,173.7,174.6,174.2,174.2,1.1,0.691,UP,4
53766,177.8,178.4,178.1,178.1,173.8,174.5,174.1,174.1,1.1,0.692,UP,4
53800,174.9,179.8,177.4,178.0,171.8,174.6,173.2,173.9,1.1,0.691,UP,4
53833,174.6,178.2,176.4,177.8,172.0,174.5,173.2,173.8,1.1,0.693,UP,4
53866,175.2,179.3,177.3,177.5,172.6,174.1,173.3,173.6,1.1,0.693,UP,4
53900,176.6,179.2,177.9,177.4,173.2,174.2,173.7,173.5,1.1,0.69,UP,4
53933,178.8,179.4,179.1,177.6,175.1,173.8,174.5,173.6,1.0,0.687,UP,4
53966,179.8,179.0,179.4,178.0,175.6,174.1,174.8,173.9,1.0,0.686,UP,4
54000,179.9,179.0,179.5,178.6,174.7,174.1,174.4,174.1,0.9,0.686,UP,4
54033,179.4,178.5,178.9,179.0,174.1,174.0,174.0,174.3,0.9,0.691,UP,4
54066,178.4,179.0,178.7,179.1,174.7,173.9,174.3,174.4,0.7,0.699,UP,4
54100,179.4,178.1,178.8,179.1,175.7,174.0,174.8,174.5,0.6,0.709,UP,4
54133,177.2,179.1,178.1,178.8,174.8,174.2,174.5,174.4,0.5,0.719,UP,4
54166,175.2,178.5,176.8,178.3,174.7,174.0,174.3,174.4,0.5,0.725,UP,4
54200,175.9,179.1,177.5,178.0,174.6,174.0,174.3,174.4,0.5,0.725,UP,4
54233,175.6,179.1,177.4,177.7,175.1,173.9,174.5,174.5,0.4,0.722,UP,4
54266,174.2,179.1,176.7,177.3,174.0,173.9,174.0,174.3,0.4,0.715,UP,4
54300,176.0,179.1,177.5,177.2,175.3,173.9,174.6,174.3,0.3,0.705,UP,4
54333,177.4,179.4,178.4,177.5,176.1,173.9,175.0,174.5,0.3,0.697,UP,4
54366,177.9,179.6,178.7,177.7,176.2,173.8,175.0,174.6,0.2,0.689,UP,4
54400,178.0,179.7,178.9,178.0,177.0,173.7,175.3,174.8,0.2,0.682,UP,4
54433,174.8,179.7,177.2,178.2,175.0,173.9,174.5,174.9,0.2,0.678,UP,4
54466,176.6,179.8,178.2,178.3,175.4,173.9,174.7,174.9,0.2,0.673,UP,4
54500,177.6,179.8,178.7,178.3,176.2,173.9,175.1,174.9,0.2,0.663,UP,4
54533,178.9,179.8,179.4,178.5,176.8,174.1,175.5,175.0,0.3,0.653,UP,4
54566,179.0,179.9,179.4,178.6,176.6,174.2,175.4,175.0,0.4,0.641,UP,4
54600,178.7,179.9,179.3,179.0,176.8,174.1,175.5,175.2,0.4,0.627,UP,4
54633,178.5,180.0,179.2,179.2,176.7,174.0,175.4,175.4,0.4,0.61,UP,4
54666,173.2,179.9,176.5,178.8,174.4,173.8,174.1,175.2,0.3,0.599,UP,4
54700,175.9,178.5,177.2,178.3,175.6,173.1,174.4,175.0,0.2,0.594,UP,4
54733,176.9,178.3,177.6,178.0,176.0,172.5,174.3,174.7,0.0,0.596,UP,4
54766,177.9,177.7,177.8,177.7,176.8,172.4,174.6,174.5,0.0,0.603,UP,4
54800,177.7,176.1,176.9,177.2,176.7,172.4,174.6,174.4,0.0,0.617,UP,4
54833,175.8,177.2,176.5,177.2,174.8,172.6,173.7,174.3,0.0,0.629,UP,4
54866,174.7,176.2,175.5,176.8,174.1,173.0,173.5,174.1,0.2,0.64,UP,4
54900,174.4,177.3,175.9,176.5,173.8,172.7,173.3,173.9,0.3,0.647,UP,4
54933,174.2,177.6,175.9,176.1,173.6,173.3,173.4,173.7,0.4,0.645,UP,4
54966,176.2,178.2,177.2,176.2,174.4,173.4,173.9,173.6,0.5,0.641,UP,4
55000,173.5,179.7,176.6,176.2,171.8,174.0,172.9,173.4,0.4,0.635,UP,4
55033,176.5,179.8,178.2,176.7,174.2,174.1,174.1,173.5,0.5,0.626,UP,4
55066,176.9,179.1,178.0,177.2,174.3,174.2,174.2,173.7,0.5,0.614,UP,4
55100,179.4,179.5,179.4,177.9,175.5,174.2,174.9,174.0,0.6,0.608,UP,4
55133,176.7,178.4,177.5,177.9,174.2,174.4,174.3,174.1,0.7,0.605,UP,4
55166,177.6,178.5,178.0,178.2,174.6,175.0,174.8,174.5,0.8,0.601,UP,4
55200,177.1,179.6,178.4,178.3,174.6,175.0,174.8,174.6,0.8,0.592,UP,4
55233,176.2,179.8,178.0,178.3,174.3,174.8,174.5,174.7,0.8,0.588,UP,4
55266,175.7,178.5,177.1,177.8,174.1,174.6,174.3,174.6,0.7,0.587,UP,4
55300,176.7,178.5,177.6,177.8,173.6,174.7,174.1,174.5,0.7,0.586,UP,4
55333,174.2,178.7,176.4,177.5,173.8,174.6,174.2,174.4,0.7,0.589,UP,4
55366,177.5,178.9,178.2,177.5,175.4,174.4,174.9,174.4,0.7,0.596,UP,4
55400,178.0,178.8,178.4,177.5,174.7,174.4,174.5,174.4,0.6,0.599,UP,4
55433,178.7,178.7,178.7,177.9,175.1,174.6,174.9,174.5,0.6,0.595,UP,4
55466,176.5,178.3,177.4,177.8,174.2,174.4,174.3,174.6,0.5,0.59,UP,4
55500,177.2,177.8,177.5,178.0,175.0,174.4,174.7,174.7,0.6,0.585,UP,4
55533,176.5,178.0,177.2,177.9,174.4,174.3,174.4,174.6,0.6,0.58,UP,4
55566,174.9,178.2,176.6,177.5,172.3,174.1,173.2,174.3,0.6,0.573,UP,4
55600,175.0,179.2,177.1,177.2,172.5,173.5,173.0,173.9,0.5,0.57,UP,4
55633,174.8,177.6,176.2,176.9,172.5,173.4,173.0,173.6,0.5,0.567,UP,4
55666,174.7,176.1,175.4,176.5,172.9,172.9,172.9,173.3,0.3,0.567,UP,4
55700,173.7,177.2,175.4,176.1,173.0,172.1,172.5,172.9,0.2,0.57,UP,4
55733,176.0,177.8,176.9,176.2,174.5,171.9,173.2,172.9,0.1,0.572,UP,4
55766,176.3,177.7,177.0,176.2,174.3,171.7,173.0,172.9,0.1,0.566,UP,4
55800,176.2,177.9,177.0,176.4,174.9,171.3,173.1,172.9,0.1,0.556,UP,4
55833,172.9,177.6,175.2,176.3,173.8,171.3,172.5,172.9,0.3,0.547,UP,4
55866,173.0,178.5,175.8,176.4,174.8,171.0,172.9,172.9,0.2,0.539,UP,4
55900,172.9,179.6,176.3,176.3,174.7,171.4,173.0,172.9,0.1,0.538,UP,4
55933,175.0,178.8,176.9,176.2,176.2,171.8,174.0,173.1,0.1,0.544,UP,4
55966,174.8,178.3,176.5,176.1,176.1,172.0,174.1,173.3,0.2,0.56,UP,4
56000,175.3,178.3,176.8,176.4,176.5,171.7,174.1,173.6,0.3,0.576,UP,4
56033,176.4,178.0,177.2,176.7,176.8,171.5,174.2,173.9,0.2,0.595,UP,4
56066,176.9,176.6,176.8,176.8,174.2,171.4,172.8,173.8,0.3,0.614,UP,4
56100,175.2,176.7,175.9,176.6,174.4,171.1,172.8,173.6,0.2,0.628,UP,4
56133,174.0,175.4,174.7,176.3,174.0,170.8,172.4,173.2,0.2,0.634,UP,4
56166,174.6,176.5,175.6,176.0,174.2,170.3,172.2,172.9,0.1,0.636,UP,4
56200,173.8,176.7,175.3,175.6,174.9,170.4,172.7,172.6,0.0,0.638,UP,4
56233,174.5,175.8,175.1,175.3,173.8,170.2,172.0,172.4,0.1,0.638,UP,4
56266,171.9,179.0,175.4,175.2,174.5,170.5,172.5,172.4,0.2,0.644,UP,4
56300,174.0,178.6,176.3,175.5,174.7,170.4,172.5,172.4,0.3,0.644,UP,4
56333,174.6,179.1,176.8,175.8,175.3,171.4,173.4,172.6,0.4,0.639,UP,4
56366,176.7,176.5,176.6,176.1,176.2,171.7,173.9,172.9,0.5,0.624,UP,4
56400,179.1,172.8,176.0,176.2,176.1,172.0,174.1,173.3,0.5,0.6,UP,4
56433,178.7,173.3,176.0,176.3,175.9,172.0,173.9,173.6,0.5,0.571,UP,4
56466,177.2,172.0,174.6,176.0,175.3,172.6,174.0,173.9,0.6,0.549,UP,4
56500,174.6,163.8,169.2,174.5,177.1,172.9,175.0,174.2,0.5,0.538,UP,4
56533,174.0,153.0,163.5,171.8,176.7,173.5,175.1,174.4,0.4,0.536,UP,4
56566,170.4,156.1,163.2,169.3,175.1,175.4,175.3,174.7,0.3,0.543,UP,4
56600,162.0,154.8,158.4,165.8,175.0,175.5,175.2,174.9,0.2,0.56,UP,4
56633,162.5,155.8,159.2,162.7,172.9,174.7,173.8,174.9,0.2,0.581,UP,4
56666,167.3,158.3,162.8,161.4,172.7,175.2,174.0,174.7,0.0,0.601,UP,4
56700,176.5,165.6,171.1,162.9,177.8,174.2,176.0,174.9,0.3,0.621,UP,4
56733,176.3,166.1,171.2,164.5,177.8,173.8,175.8,175.0,0.4,0.64,UP,4
56766,174.1,167.2,170.7,167.0,177.2,173.8,175.5,175.0,0.5,0.655,UP,4
56800,174.5,169.0,171.7,169.5,176.8,173.9,175.3,175.3,0.5,0.669,UP,4
56833,173.5,169.2,171.3,171.2,176.5,174.0,175.2,175.6,0.6,0.682,UP,4
56866,172.2,169.0,170.6,171.1,176.3,174.0,175.2,175.4,0.7,0.693,UP,4
56900,171.9,169.2,170.5,171.0,176.0,173.9,175.0,175.2,0.9,0.705,UP,4
56933,170.9,168.1,169.5,170.7,175.8,173.2,174.5,175.0,1.0,0.72,UP,4
56966,169.1,167.4,168.3,170.0,176.0,173.1,174.5,174.9,1.3,0.732,UP,4
57000,168.8,167.7,168.3,169.4,176.2,173.5,174.8,174.8,1.4,0.743,UP,4
57033,171.3,166.4,168.8,169.1,175.8,174.0,174.9,174.7,1.9,0.753,UP,4
57066,179.2,167.3,173.3,169.6,176.7,175.4,176.1,175.0,2.1,0.76,UP,4
57100,176.6,168.5,172.5,170.2,176.0,176.7,176.4,175.3,2.2,0.762,UP,4
57133,169.8,168.8,169.3,170.4,178.5,176.8,177.6,175.9,2.4,0.761,UP,4
57166,168.6,169.9,169.2,170.6,178.1,177.0,177.5,176.5,2.4,0.755,UP,4
57200,168.2,170.5,169.3,170.7,178.3,177.5,177.9,177.1,2.6,0.743,UP,4
57233,165.8,170.3,168.1,169.7,178.8,177.9,178.4,177.5,2.8,0.728,UP,4
57266,167.9,173.4,170.7,169.3,177.5,179.6,178.5,178.0,3.2,0.708,UP,4
57300,168.6,174.2,171.4,169.7,177.2,179.9,178.6,178.2,3.2,0.682,UP,4
57333,173.3,174.8,174.0,170.7,175.8,179.8,177.8,178.2,3.5,0.652,UP,4
57366,175.7,177.0,176.3,172.1,175.1,179.2,177.1,178.1,3.5,0.618,UP,4
57400,174.1,174.3,174.2,173.3,174.8,179.7,177.3,177.9,3.9,0.584,UP,4
57433,174.3,173.6,173.9,174.0,175.1,180.0,177.6,177.7,3.8,0.551,UP,4
57466,175.6,173.9,174.7,174.7,175.7,179.6,177.7,177.5,3.7,0.519,UP,4
57500,,,,,,,,,,0.493,UP,4
57533,,,,,,,,,,0.473,UP,4
57566,,,,,,,,,,0.454,UP,4
57600,,,,,,,,,,0.437,UP,4
57633,,,,,,,,,,0.421,UP,4
57666,,,,,,,,,,0.403,UP,4
57700,,,,,,,,,,0.383,UP,4
57733,,,,,,,,,,0.363,UP,4
57766,,,,,,,,,,0.347,UP,4
57800,,,,,,,,,,0.336,UP,4
57833,,,,,,,,,,0.331,UP,4
57866,,,,,,,,,,0.328,UP,4
57900,,,,,,,,,,0.331,UP,4
57933,,,,,,,,,,0.336,UP,4
57966,,,,,,,,,,0.345,UP,4
58000,,,,,,,,,,0.354,UP,4
58033,,,,,,,,,,0.372,UP,4
58066,,,,,,,,,,0.391,UP,4
58100,,,,,,,,,,0.412,UP,4
58133,,,,,,,,,,0.433,UP,4
58166,,,,,,,,,,0.459,UP,4
58200,,,,,,,,,,0.484,UP,4
58233,170.6,155.8,163.2,172.5,167.1,171.4,169.3,175.8,0.5,0.511,UP,4
58266,174.1,156.3,165.2,170.3,167.3,171.2,169.2,174.2,0.7,0.541,UP,4
58300,176.3,157.0,166.6,168.8,167.8,171.6,169.7,172.7,0.8,0.574,UP,4
58333,175.6,157.9,166.8,167.3,167.8,171.4,169.6,171.1,0.7,0.604,UP,4
58366,179.2,158.0,168.6,166.1,168.1,171.0,169.6,169.5,0.6,0.631,UP,4
58400,179.3,158.2,168.7,167.2,169.8,170.9,170.4,169.7,0.6,0.652,UP,4
58433,175.0,157.5,166.3,167.4,172.7,170.3,171.5,170.1,0.8,0.668,UP,4
58466,174.3,158.3,166.3,167.3,172.6,170.8,171.7,170.6,0.6,0.68,UP,4
58500,173.6,158.6,166.1,167.2,173.2,170.3,171.8,171.0,0.6,0.686,UP,4
58533,177.0,162.7,169.9,167.5,171.9,171.8,171.8,171.4,0.6,0.685,UP,4
58566,176.6,162.2,169.4,167.6,172.6,171.3,172.0,171.8,0.6,0.678,UP,4
58600,176.7,165.1,170.9,168.5,171.8,172.7,172.3,171.9,0.2,0.666,UP,4
58633,179.4,165.0,172.2,169.7,170.3,172.2,171.2,171.8,0.0,0.65,UP,4
58666,178.9,165.0,171.9,170.8,169.9,172.8,171.3,171.7,0.6,0.629,UP,4
58700,178.5,164.6,171.5,171.2,171.6,172.0,171.8,171.7,0.7,0.614,UP,4
58733,178.3,165.2,171.8,171.7,171.3,171.5,171.4,171.6,0.9,0.603,UP,4
58766,179.0,166.4,172.7,172.0,171.3,171.1,171.2,171.4,1.1,0.593,UP,4
58800,179.3,168.5,173.9,172.4,170.6,171.1,170.9,171.3,1.3,0.59,UP,4
58833,178.7,167.6,173.1,172.6,170.7,169.8,170.3,171.1,1.4,0.596,UP,4
58866,179.0,168.2,173.6,173.0,170.0,169.6,169.8,170.7,1.6,0.602,UP,4
58900,178.2,166.9,172.6,173.2,170.6,169.1,169.9,170.4,1.9,0.612,UP,4
58933,176.7,166.1,171.4,172.9,171.4,168.6,170.0,170.2,2.1,0.625,UP,4
58966,178.0,165.9,172.0,172.5,171.0,168.2,169.6,169.9,2.4,0.638,UP,4
59000,174.0,161.9,168.0,171.5,171.1,166.3,168.7,169.6,3.0,0.651,UP,4
59033,171.9,160.3,166.1,170.0,172.3,165.2,168.7,169.4,2.9,0.664,UP,4
59066,171.7,158.0,164.8,168.5,172.9,163.8,168.3,169.1,3.0,0.671,UP,4
59100,173.0,158.0,165.5,167.3,172.4,163.9,168.2,168.7,3.2,0.678,UP,4
59133,176.0,167.9,172.0,167.3,172.8,168.3,170.5,168.9,3.1,0.684,UP,4
59166,175.2,168.5,171.8,168.1,172.2,168.9,170.6,169.3,3.3,0.685,UP,4
59200,176.1,171.1,173.6,169.6,172.0,170.1,171.0,169.7,3.6,0.684,UP,4
59233,177.9,173.2,175.6,171.7,172.2,170.3,171.2,170.3,3.4,0.685,UP,4
59266,179.4,174.7,177.1,174.0,172.2,170.6,171.4,171.0,3.2,0.683,UP,4
59300,179.3,175.3,177.3,175.1,172.0,170.6,171.3,171.1,3.1,0.68,UP,4
59333,178.8,176.1,177.5,176.2,171.7,170.8,171.3,171.3,3.2,0.678,UP,4
59366,178.3,176.0,177.2,176.9,171.5,170.7,171.1,171.3,3.2,0.677,UP,4
59400,177.1,176.1,176.6,177.1,171.2,170.7,171.0,171.2,3.2,0.675,UP,4
59433,179.9,176.2,178.0,177.3,171.1,171.0,171.1,171.2,3.3,0.674,UP,4
59466,179.1,176.0,177.6,177.4,171.1,170.9,171.0,171.1,3.2,0.673,UP,4
59500,179.1,175.4,177.2,177.3,171.6,170.6,171.1,171.1,3.1,0.67,UP,4
59533,179.2,174.1,176.6,177.2,171.6,170.3,171.0,171.0,3.1,0.662,UP,4
59566,179.5,174.8,177.1,177.3,172.1,170.4,171.2,171.1,3.2,0.653,UP,4
59600,178.6,173.4,176.0,176.9,173.1,169.6,171.3,171.1,3.0,0.642,UP,4
59633,179.5,171.9,175.7,176.5,172.9,169.3,171.1,171.1,3.1,0.63,UP,4
59666,179.1,172.2,175.6,176.2,173.2,169.0,171.1,171.1,3.0,0.62,UP,4
59700,179.0,171.3,175.2,175.9,173.2,168.5,170.8,171.1,2.7,0.612,UP,4
59733,179.3,170.8,175.1,175.5,173.8,168.3,171.0,171.1,2.7,0.605,UP,4
59766,179.5,171.7,175.6,175.4,174.4,168.3,171.4,171.1,2.5,0.6,UP,4
59800,178.6,170.7,174.7,175.2,174.5,168.3,171.4,171.1,2.6,0.597,UP,4
59833,179.4,170.4,174.9,175.1,174.7,168.2,171.4,171.2,2.7,0.591,UP,4
59866,178.6,170.2,174.4,174.9,174.9,168.1,171.5,171.3,2.7,0.587,UP,4
59900,178.7,169.8,174.3,174.8,174.9,168.1,171.5,171.4,2.7,0.58,UP,4
59933,178.6,168.7,173.7,174.4,175.2,167.8,171.5,171.5,2.6,0.572,UP,4
59966,179.3,169.6,174.5,174.3,174.2,167.5,170.8,171.4,2.4,0.566,UP,4
0,179.2,175.1,177.1,177.1,173.7,168.0,170.9,170.9,0.5,0.984,UP,0
33,178.7,175.2,177.0,177.0,173.3,168.2,170.7,170.8,0.6,0.984,UP,0
66,179.3,175.4,177.3,177.1,172.1,168.5,170.3,170.6,0.7,0.985,UP,0
100,179.6,175.5,177.5,177.2,172.0,168.6,170.3,170.6,0.7,0.985,UP,0
133,179.2,175.6,177.4,177.3,171.4,168.9,170.1,170.5,0.9,0.985,UP,0
166,179.0,175.6,177.3,177.3,171.3,168.9,170.1,170.3,0.9,0.985,UP,0
200,178.9,175.9,177.4,177.4,171.2,169.1,170.1,170.2,0.9,0.985,UP,0
233,178.7,176.1,177.4,177.4,171.2,169.3,170.2,170.2,0.9,0.985,UP,0
266,178.4,176.1,177.2,177.4,171.2,169.4,170.3,170.2,0.9,0.985,UP,0
300,178.3,176.0,177.1,177.3,171.1,169.4,170.3,170.2,0.9,0.985,UP,0
333,177.5,176.1,176.8,177.2,170.8,169.5,170.2,170.2,0.9,0.985,UP,0
366,178.4,176.0,177.2,177.2,171.2,169.5,170.3,170.3,0.9,0.985,UP,0
400,178.3,176.1,177.2,177.1,171.0,169.6,170.3,170.3,0.9,0.985,UP,0
433,177.9,176.2,177.0,177.1,170.8,169.7,170.2,170.3,0.9,0.984,UP,0
466,177.6,176.2,176.9,177.0,170.9,169.6,170.3,170.3,0.8,0.984,UP,0
500,177.8,176.1,176.9,177.1,171.0,169.5,170.3,170.3,0.7,0.984,UP,0
533,178.2,176.0,177.1,177.0,171.0,169.4,170.2,170.2,0.7,0.984,UP,0
566,177.0,176.0,176.5,176.9,171.0,169.3,170.2,170.2,0.6,0.984,UP,0
600,177.9,175.9,176.9,176.9,170.7,169.1,169.9,170.2,0.6,0.984,UP,0
633,178.2,175.9,177.0,176.9,170.8,169.1,170.0,170.1,0.6,0.984,UP,0
666,177.9,175.9,176.9,176.9,170.3,169.1,169.7,170.0,0.5,0.984,UP,0
700,178.8,175.7,177.2,176.9,169.8,169.0,169.4,169.8,0.6,0.984,UP,0
733,179.4,175.6,177.5,177.1,170.1,168.9,169.5,169.7,0.6,0.984,UP,0
766,178.1,175.6,176.8,177.1,170.1,169.2,169.6,169.6,0.6,0.984,UP,0
800,178.3,175.6,177.0,177.1,170.3,169.2,169.8,169.6,0.6,0.985,UP,0
833,178.3,175.7,177.0,177.1,170.1,169.5,169.8,169.6,0.7,0.985,UP,0
866,178.3,175.6,177.0,177.1,170.1,169.5,169.8,169.7,0.7,0.985,UP,0
900,178.0,175.7,176.9,176.9,170.1,169.7,169.9,169.8,0.7,0.985,UP,0
933,178.4,175.4,176.9,176.9,170.3,169.9,170.1,169.9,0.8,0.985,UP,0
966,179.0,175.1,177.0,177.0,170.7,169.9,170.3,170.0,0.7,0.985,UP,0
1000,178.2,175.4,176.8,176.9,169.9,170.4,170.2,170.0,0.9,0.985,UP,0
1033,179.5,175.0,177.3,177.0,170.7,170.2,170.5,170.2,0.8,0.985,UP,0
1066,179.1,175.2,177.2,177.0,170.4,170.5,170.5,170.3,1.0,0.984,UP,0
1100,179.0,175.4,177.2,177.1,169.7,170.9,170.3,170.3,1.0,0.984,UP,0
1133,179.3,175.3,177.3,177.2,169.3,171.4,170.3,170.3,1.2,0.984,UP,0
1166,179.0,175.2,177.1,177.2,170.1,171.6,170.8,170.5,1.2,0.984,UP,0
1200,178.5,174.9,176.7,177.1,170.3,171.5,170.9,170.6,1.2,0.984,UP,0
1233,179.2,174.7,177.0,177.1,170.0,171.3,170.7,170.6,1.1,0.984,UP,0
1266,179.7,174.8,177.2,177.1,168.8,171.4,170.1,170.6,1.0,0.984,UP,0
1300,179.5,174.1,176.8,177.0,169.3,171.6,170.4,170.6,1.1,0.984,UP,0
1333,179.3,174.2,176.8,176.9,169.6,171.9,170.8,170.6,1.1,0.984,UP,0
1366,179.6,173.7,176.6,176.9,169.4,171.8,170.6,170.5,1.1,0.985,UP,0
1400,179.4,173.6,176.5,176.8,169.3,172.0,170.6,170.5,1.2,0.985,UP,0
1433,179.8,173.6,176.7,176.7,169.4,172.0,170.7,170.6,1.1,0.985,UP,0
1466,179.0,172.8,175.9,176.5,168.8,171.7,170.3,170.6,1.2,0.986,UP,0
1500,177.9,171.8,174.9,176.1,169.3,171.1,170.2,170.5,1.1,0.986,UP,0
1533,176.8,171.8,174.3,175.7,169.5,170.9,170.2,170.4,0.8,0.986,UP,0
1566,175.1,171.9,173.5,175.1,170.3,170.8,170.6,170.4,0.8,0.986,UP,0
1600,174.6,171.7,173.1,174.4,170.5,170.6,170.6,170.4,0.8,0.987,UP,0
1633,175.3,171.7,173.5,173.9,170.6,170.9,170.8,170.5,0.9,0.987,UP,0
1666,176.2,171.8,174.0,173.7,170.9,170.9,170.9,170.6,1.0,0.987,UP,0
1700,175.8,171.6,173.7,173.6,170.9,170.7,170.8,170.7,1.0,0.986,UP,0
1733,177.1,172.6,174.9,173.8,171.7,171.1,171.4,170.9,1.1,0.986,UP,0
1766,177.3,172.8,175.1,174.2,171.8,171.1,171.4,171.1,1.0,0.986,UP,0
1800,177.5,173.3,175.4,174.6,171.8,171.4,171.6,171.2,1.1,0.986,UP,0
1833,177.7,173.3,175.5,174.9,172.0,171.5,171.7,171.4,1.2,0.985,UP,0
1866,177.8,173.4,175.6,175.3,171.9,171.7,171.8,171.6,1.5,0.985,UP,0
1900,177.5,173.7,175.6,175.4,171.8,171.8,171.8,171.7,1.5,0.985,UP,0
1933,177.0,174.1,175.6,175.5,172.1,171.9,172.0,171.8,1.3,0.985,UP,0
1966,176.3,174.7,175.5,175.5,171.9,172.0,172.0,171.9,1.3,0.985,UP,0
2000,176.0,174.7,175.4,175.5,172.3,172.1,172.2,171.9,1.4,0.984,UP,0
2033,175.7,174.8,175.3,175.5,172.6,172.3,172.5,172.1,1.5,0.984,UP,0
2066,175.3,174.5,174.9,175.3,172.6,172.4,172.5,172.2,1.6,0.983,UP,0
2100,175.6,174.1,174.8,175.2,173.1,171.8,172.5,172.3,1.6,0.982,UP,0
2133,175.8,174.4,175.1,175.1,173.3,172.3,172.8,172.5,1.9,0.981,UP,0
2166,174.6,174.3,174.4,174.9,172.3,172.2,172.2,172.5,2.0,0.98,UP,0
2200,175.5,173.5,174.5,174.8,173.5,171.5,172.5,172.5,1.6,0.979,UP,0
2233,175.2,173.1,174.2,174.6,173.6,170.9,172.2,172.4,1.8,0.978,UP,0
2266,175.3,171.8,173.5,174.3,173.4,170.1,171.7,172.3,1.9,0.978,UP,0
2300,175.1,169.0,172.1,173.7,172.9,168.6,170.8,171.9,2.1,0.978,UP,0
2333,175.2,168.6,171.9,173.2,172.7,167.9,170.3,171.5,2.2,0.978,UP,0
2366,174.7,169.9,172.3,172.8,172.1,167.6,169.8,171.0,2.3,0.978,UP,0
2400,174.6,170.6,172.6,172.5,171.8,167.4,169.6,170.5,2.4,0.979,UP,0
2433,174.8,171.4,173.1,172.4,171.9,167.4,169.6,170.0,2.4,0.98,UP,0
2466,174.5,171.8,173.1,172.6,171.6,166.9,169.3,169.7,2.4,0.981,UP,0
2500,174.3,172.5,173.4,172.9,171.4,167.0,169.2,169.5,2.5,0.981,UP,0
2533,174.0,172.3,173.1,173.1,170.8,167.3,169.1,169.4,2.7,0.981,UP,0
2566,173.7,171.8,172.7,173.1,169.9,167.6,168.7,169.2,3.0,0.982,UP,0
2600,173.6,170.7,172.1,172.9,169.7,167.5,168.6,169.0,3.0,0.982,UP,0
2633,172.6,168.0,170.3,172.3,169.4,166.3,167.8,168.7,2.9,0.982,UP,0
2666,171.8,165.3,168.5,171.4,168.7,165.1,166.9,168.2,2.9,0.983,UP,0
2700,171.4,162.1,166.7,170.1,167.6,164.0,165.8,167.6,3.3,0.983,UP,0
2733,171.2,158.2,164.7,168.5,166.2,163.1,164.6,166.8,3.7,0.984,UP,0
2766,170.9,153.3,162.1,166.5,165.2,160.7,163.0,165.6,3.8,0.984,UP,0
2800,170.8,148.9,159.9,164.4,164.8,158.6,161.7,164.4,3.6,0.985,UP,0
2833,170.3,145.2,157.8,162.2,164.5,156.2,160.3,163.1,3.3,0.985,UP,0
2866,168.4,138.9,153.7,159.6,163.3,151.4,157.3,161.4,2.9,0.985,UP,0
2900,165.8,135.4,150.6,156.8,162.5,149.2,155.8,159.6,2.2,0.985,UP,0
2933,161.4,131.6,146.5,153.7,159.4,146.3,152.8,157.6,2.2,0.984,UP,0
2966,159.0,128.2,143.6,150.4,158.3,144.7,151.5,155.6,2.1,0.983,UP,0
3000,155.2,123.0,139.1,146.7,155.6,141.1,148.4,153.2,1.9,0.982,DOWN,0
3033,151.3,118.7,135.0,143.0,153.6,137.8,145.7,150.8,1.6,0.98,DOWN,0
3066,147.3,115.1,131.2,139.1,152.4,135.2,143.8,148.4,0.9,0.977,DOWN,0
3100,128.4,111.8,120.1,133.8,142.0,131.9,137.0,145.3,0.3,0.974,DOWN,0
3133,119.1,107.5,113.3,127.7,136.1,126.8,131.4,141.3,0.1,0.971,DOWN,0
3166,111.9,101.1,106.5,121.2,133.8,121.2,127.5,137.1,0.2,0.967,DOWN,0
3200,116.1,95.8,105.9,115.4,132.8,116.7,124.7,132.9,0.6,0.963,DOWN,0
3233,114.1,89.9,102.0,109.6,134.0,112.6,123.3,128.8,0.6,0.958,DOWN,0
3266,108.8,84.1,96.5,104.8,127.1,106.9,117.0,124.8,0.6,0.954,DOWN,0
3300,94.1,76.5,85.3,99.2,117.8,99.9,108.8,120.3,1.0,0.95,DOWN,0
3333,89.6,72.9,81.2,94.2,111.8,96.4,104.1,115.6,1.1,0.947,DOWN,0
3366,78.3,66.0,72.1,87.4,101.3,89.8,95.6,109.7,0.9,0.944,DOWN,0
3400,73.4,62.4,67.9,80.6,95.2,85.7,90.5,103.2,1.1,0.942,DOWN,0
3433,75.1,63.4,69.2,75.2,98.4,87.9,93.1,98.4,1.2,0.94,BOTTOM,0
3466,77.4,64.7,71.0,72.3,100.3,89.6,94.9,95.6,1.2,0.936,BOTTOM,0
3500,80.0,65.9,72.9,70.6,102.0,90.4,96.2,94.1,0.9,0.933,BOTTOM,0
3533,83.1,67.0,75.1,71.2,105.6,91.9,98.7,94.7,0.8,0.928,BOTTOM,0
3566,86.1,69.1,77.6,73.2,109.2,94.0,101.6,96.9,0.6,0.923,BOTTOM,0
3600,87.9,71.2,79.6,75.2,112.9,95.4,104.2,99.1,0.7,0.92,BOTTOM,0
3633,89.7,73.2,81.4,77.3,116.0,98.1,107.1,101.6,0.6,0.917,BOTTOM,0
3666,92.4,75.3,83.9,79.5,120.2,101.4,110.8,104.5,0.5,0.914,BOTTOM,0
3700,94.7,77.2,86.0,81.7,122.3,104.0,113.2,107.4,0.5,0.912,BOTTOM,0
3733,104.0,85.3,94.7,85.1,132.1,112.4,122.3,111.5,0.5,0.911,BOTTOM,0
3766,112.5,91.1,101.8,89.5,138.7,118.9,128.8,116.4,0.5,0.909,BOTTOM,0
3800,123.2,96.7,109.9,95.3,144.8,124.1,134.5,121.9,0.6,0.908,BOTTOM,0
3833,133.8,101.1,117.5,102.0,149.3,129.0,139.2,127.6,0.6,0.908,BOTTOM,0
3866,142.0,105.7,123.8,109.5,153.1,132.6,142.8,133.5,0.5,0.909,BOTTOM,0
3900,150.3,110.7,130.5,116.7,155.1,134.5,144.8,138.0,0.7,0.91,BOTTOM,0
3933,152.5,116.1,134.3,123.2,155.4,137.2,146.3,141.5,0.7,0.912,BOTTOM,0
3966,156.4,120.5,138.5,128.9,157.7,140.8,149.3,144.5,0.5,0.914,DOWN,0
4000,161.1,124.8,143.0,134.0,159.4,143.0,151.2,146.9,0.5,0.917,DOWN,0
4033,166.6,129.3,147.9,138.8,162.7,145.3,154.0,149.1,0.6,0.92,DOWN,0
4066,167.4,132.9,150.2,142.8,163.6,146.7,155.1,151.2,0.8,0.924,DOWN,0
4100,166.9,137.0,151.9,146.3,163.3,148.2,155.8,153.1,0.8,0.928,DOWN,0
4133,166.5,140.9,153.7,149.3,163.3,150.6,157.0,154.6,0.7,0.932,DOWN,0
4166,166.9,144.2,155.5,151.9,163.5,152.2,157.8,155.9,0.7,0.937,DOWN,0
4200,166.7,147.9,157.3,153.7,163.7,154.3,159.0,156.9,0.7,0.941,DOWN,0
4233,168.0,151.9,160.0,155.7,165.0,157.9,161.5,158.2,0.0,0.945,DOWN,0
4266,168.7,154.9,161.8,157.7,164.6,160.4,162.5,159.6,0.5,0.949,DOWN,0
4300,168.7,159.6,164.2,159.8,164.0,164.5,164.3,161.0,1.6,0.952,DOWN,0
4333,169.0,163.3,166.2,161.9,164.1,166.6,165.3,162.5,1.8,0.956,DOWN,0
4366,169.5,167.4,168.5,164.1,164.4,169.1,166.7,164.1,2.1,0.959,DOWN,0
4400,170.4,170.9,170.6,166.3,164.4,170.6,167.5,165.3,2.3,0.961,DOWN,0
4433,172.9,171.8,172.3,168.4,165.4,170.7,168.1,166.4,2.1,0.964,DOWN,0
4466,175.8,173.9,174.9,170.5,165.9,170.6,168.3,167.2,2.2,0.966,UP,1
4500,176.1,173.0,174.6,172.2,164.9,167.9,166.4,167.4,1.9,0.968,UP,1
4533,176.1,173.2,174.7,173.4,164.8,169.3,167.1,167.5,2.3,0.97,UP,1
4566,176.8,172.7,174.8,174.2,165.3,167.9,166.6,167.3,1.9,0.972,UP,1
4600,177.9,172.9,175.4,174.9,168.4,168.2,168.3,167.3,1.2,0.973,UP,1
4633,178.1,171.5,174.8,174.8,168.6,165.7,167.1,167.1,0.8,0.975,UP,1
4666,178.3,172.8,175.5,175.0,168.9,167.0,167.9,167.4,1.0,0.976,UP,1
4700,178.4,172.1,175.3,175.2,169.3,166.9,168.1,167.6,1.0,0.977,UP,1
4733,179.0,171.8,175.4,175.3,169.3,166.9,168.1,167.9,1.3,0.977,UP,1
4766,178.8,171.7,175.2,175.3,169.2,167.1,168.2,167.9,1.4,0.978,UP,1
4800,179.5,171.9,175.7,175.4,169.7,167.8,168.7,168.2,1.5,0.979,UP,1
4833,179.1,172.0,175.6,175.4,169.1,168.1,168.6,168.3,1.5,0.979,UP,1
4866,178.4,171.9,175.2,175.4,168.4,168.5,168.4,168.4,1.8,0.98,UP,1
4900,178.6,171.8,175.2,175.4,168.2,168.5,168.3,168.4,1.9,0.981,UP,1
4933,178.6,171.8,175.2,175.4,168.1,168.7,168.4,168.5,2.0,0.981,UP,1
4966,178.9,171.6,175.2,175.3,168.6,168.7,168.6,168.5,2.1,0.982,UP,1
5000,179.6,171.2,175.4,175.3,170.5,167.3,168.9,168.5,1.3,0.983,UP,1
5033,179.7,172.5,176.1,175.4,170.3,169.2,169.7,168.8,1.8,0.983,UP,1
5066,178.8,172.5,175.7,175.5,169.2,169.4,169.3,169.0,2.2,0.983,UP,1
5100,177.4,172.2,174.8,175.4,168.7,169.0,168.9,169.1,1.9,0.983,UP,1
5133,176.8,172.9,174.9,175.4,169.0,170.1,169.5,169.3,2.2,0.983,UP,1
5166,178.6,172.3,175.5,175.4,170.3,174.1,172.2,169.9,1.5,0.982,UP,1
5200,173.8,176.7,175.2,175.2,175.9,169.9,172.9,170.6,1.1,0.98,UP,1
5233,177.6,170.2,173.9,174.9,169.7,168.5,169.1,170.5,1.4,0.979,UP,1
5266,174.6,168.0,171.3,174.2,166.5,168.1,167.3,170.2,2.1,0.978,UP,1
5300,174.6,166.8,170.7,173.3,165.4,168.5,167.0,169.7,3.3,0.977,UP,1
5333,171.4,165.7,168.6,172.0,164.5,167.5,166.0,168.5,3.0,0.978,UP,1
5366,170.9,164.7,167.8,170.5,164.5,166.6,165.6,167.0,2.8,0.979,UP,1
5400,170.6,164.0,167.3,169.1,164.3,166.7,165.5,166.3,2.9,0.979,UP,1
5433,169.4,162.4,165.9,168.0,162.9,165.5,164.2,165.6,3.1,0.98,UP,1
5466,168.8,162.4,165.6,167.0,163.0,166.3,164.6,165.2,3.1,0.981,UP,1
5500,169.0,161.8,165.4,166.4,163.8,165.6,164.7,164.9,2.8,0.982,UP,1
5533,168.7,159.0,163.8,165.6,164.2,163.7,164.0,164.6,2.4,0.982,UP,1
5566,167.7,155.6,161.7,164.5,164.2,159.4,161.8,163.9,1.2,0.983,UP,1
5600,167.0,153.1,160.0,163.3,164.5,157.3,160.9,163.2,0.4,0.984,UP,1
5633,165.4,151.3,158.4,161.9,164.2,155.5,159.8,162.2,0.1,0.984,UP,1
5666,162.1,149.7,155.9,159.9,162.5,154.8,158.6,161.0,0.1,0.985,UP,1
5700,159.8,145.0,152.4,157.7,161.1,152.6,156.8,159.6,0.0,0.986,UP,1
5733,158.2,142.6,150.4,155.4,159.2,152.4,155.8,158.4,0.4,0.986,UP,1
5766,157.9,141.2,149.6,153.3,158.7,152.1,155.4,157.3,0.7,0.986,UP,1
5800,155.6,137.4,146.5,151.0,156.1,149.6,152.8,155.9,1.0,0.986,DOWN,1
5833,154.7,133.4,144.1,148.6,154.6,147.5,151.0,154.4,1.2,0.986,DOWN,1
5866,148.6,131.0,139.8,146.1,150.6,146.7,148.6,152.7,1.3,0.985,DOWN,1
5900,148.2,129.1,138.6,143.7,150.0,145.7,147.9,151.1,1.5,0.983,DOWN,1
5933,148.0,126.6,137.3,141.3,150.0,143.5,146.8,149.4,1.5,0.982,DOWN,1
5966,148.4,127.4,137.9,139.5,150.6,143.9,147.3,148.3,1.6,0.98,DOWN,1
6000,149.1,126.8,138.0,138.3,151.4,143.3,147.4,147.6,1.8,0.978,DOWN,1
6033,149.3,125.2,137.3,137.8,151.7,141.8,146.8,147.2,1.8,0.976,DOWN,1
6066,149.3,124.1,136.7,137.4,151.0,140.9,146.0,146.8,1.9,0.974,DOWN,1
6100,149.5,122.4,135.9,137.2,151.6,139.9,145.8,146.6,2.0,0.971,DOWN,1
6133,148.9,119.8,134.4,136.4,150.9,138.4,144.6,146.1,1.9,0.968,DOWN,1
6166,147.0,118.9,133.0,135.4,150.0,137.6,143.8,145.4,2.0,0.964,DOWN,1
6200,147.1,117.9,132.5,134.5,150.2,136.9,143.5,144.7,2.1,0.961,DOWN,1
6233,147.3,117.1,132.2,133.6,150.1,136.7,143.4,144.2,2.2,0.958,DOWN,1
6266,149.8,116.4,133.1,133.0,151.2,136.9,144.0,143.9,2.2,0.955,DOWN,1
6300,150.4,116.1,133.3,132.8,152.1,137.4,144.7,143.9,2.0,0.952,DOWN,1
6333,147.5,116.0,131.8,132.6,151.2,136.9,144.0,143.9,1.9,0.95,DOWN,1
6366,147.6,116.4,132.0,132.5,151.3,137.2,144.2,144.1,1.9,0.947,DOWN,1
6400,148.3,116.7,132.5,132.5,151.7,137.5,144.6,144.3,2.0,0.945,DOWN,1
6433,150.4,116.8,133.6,132.6,153.2,137.8,145.5,144.6,2.0,0.943,DOWN,1
6466,149.6,117.0,133.3,132.6,152.8,138.0,145.4,144.7,2.0,0.942,DOWN,1
6500,150.4,117.2,133.8,133.1,153.2,138.3,145.8,145.1,1.9,0.941,DOWN,1
6533,150.5,118.3,134.4,133.5,153.6,139.2,146.4,145.5,1.9,0.94,DOWN,1
6566,152.2,119.1,135.7,134.2,154.1,140.1,147.1,146.0,1.9,0.94,DOWN,1
6600,152.3,120.2,136.3,134.7,153.7,141.1,147.4,146.4,1.8,0.94,DOWN,1
6633,152.7,122.4,137.6,135.5,153.9,142.8,148.3,147.0,1.8,0.941,DOWN,1
6666,156.8,126.1,141.5,137.1,155.7,145.7,150.7,148.0,2.0,0.942,DOWN,1
6700,157.1,128.4,142.7,138.7,155.5,146.8,151.2,148.9,1.9,0.943,DOWN,1
6733,158.5,131.6,145.0,140.6,156.4,147.9,152.1,149.9,1.6,0.945,DOWN,1
6766,161.6,137.0,149.3,143.2,159.1,150.9,155.0,151.5,1.2,0.947,DOWN,1
6800,163.9,142.5,153.2,146.3,160.5,153.1,156.8,153.2,1.1,0.95,DOWN,1
6833,164.2,146.1,155.1,149.1,160.6,155.2,157.9,154.6,0.8,0.952,DOWN,1
6866,166.2,150.6,158.4,152.2,162.2,158.4,160.3,156.4,0.9,0.954,DOWN,1
6900,166.2,152.5,159.4,155.1,162.6,158.5,160.5,158.1,0.5,0.957,DOWN,1
6933,166.6,156.2,161.4,157.5,163.4,159.3,161.4,159.4,0.2,0.959,DOWN,1
6966,167.7,160.1,163.9,159.6,165.0,162.2,163.6,160.7,0.2,0.961,DOWN,1
7000,169.0,163.5,166.3,161.9,165.1,165.4,165.2,162.2,1.0,0.963,DOWN,1
7033,169.2,165.7,167.5,163.7,165.1,166.9,166.0,163.3,1.6,0.965,DOWN,1
7066,171.1,167.6,169.4,165.7,165.6,168.0,166.8,164.6,2.0,0.967,DOWN,1
7100,172.6,169.3,170.9,167.6,165.7,170.4,168.0,165.9,3.0,0.969,DOWN,1
7133,174.3,170.8,172.5,169.3,166.1,172.2,169.2,167.0,3.8,0.971,UP,1
7166,175.3,171.8,173.5,170.8,166.6,172.7,169.6,167.9,3.9,0.973,UP,1
7200,177.8,174.6,176.2,172.5,167.4,174.1,170.7,168.9,4.1,0.975,UP,1
7233,177.6,175.4,176.5,173.9,167.2,174.4,170.8,169.7,4.0,0.976,UP,1
7266,178.6,176.6,177.6,175.3,168.6,174.5,171.6,170.4,3.6,0.977,UP,1
7300,178.7,175.2,177.0,176.2,169.6,172.9,171.3,170.8,2.9,0.977,UP,1
7333,179.1,175.5,177.3,176.9,169.7,173.8,171.7,171.2,3.0,0.978,UP,1
7366,179.5,174.9,177.2,177.1,171.2,172.7,171.9,171.5,2.4,0.978,UP,1
7400,179.9,174.0,176.9,177.2,171.4,171.9,171.7,171.6,2.3,0.978,UP,1
7433,178.8,174.0,176.4,177.0,171.5,172.0,171.7,171.7,2.3,0.978,UP,1
7466,179.0,173.7,176.3,176.8,171.3,172.1,171.7,171.8,2.6,0.978,UP,1
7500,179.3,173.4,176.3,176.7,171.0,172.1,171.5,171.7,2.7,0.979,UP,1
7533,179.4,173.2,176.3,176.5,170.7,171.9,171.3,171.6,2.7,0.979,UP,1
7566,179.4,173.2,176.3,176.3,170.9,171.9,171.4,171.5,2.7,0.979,UP,1
7600,179.5,172.9,176.2,176.3,170.9,171.7,171.3,171.5,2.7,0.979,UP,1
7633,178.4,172.9,175.7,176.2,169.7,171.6,170.6,171.2,2.7,0.979,UP,1
7666,176.5,172.7,174.6,175.8,168.5,171.3,169.9,170.9,2.7,0.98,UP,1
7700,176.6,172.5,174.5,175.5,168.7,171.2,170.0,170.6,2.6,0.98,UP,1
7733,176.6,172.6,174.6,175.1,169.0,171.0,170.0,170.4,2.6,0.98,UP,1
7766,176.8,172.5,174.7,174.8,169.1,170.9,170.0,170.1,2.5,0.981,UP,1
7800,176.6,172.5,174.6,174.6,169.1,170.6,169.9,170.0,2.5,0.981,UP,1
7833,176.4,172.7,174.6,174.6,169.0,170.6,169.8,169.9,2.5,0.981,UP,1
7866,177.1,172.7,174.9,174.7,168.9,170.6,169.7,169.9,2.5,0.982,UP,1
7900,177.2,172.7,175.0,174.7,168.7,170.6,169.6,169.8,2.5,0.982,UP,1
7933,176.7,172.7,174.7,174.7,168.4,170.5,169.4,169.7,2.5,0.982,UP,1
7966,176.8,172.7,174.7,174.8,168.4,170.5,169.4,169.6,2.5,0.982,UP,1
8000,176.8,172.4,174.6,174.8,168.4,170.2,169.3,169.5,2.5,0.982,UP,1
8033,176.8,172.8,174.8,174.8,168.5,170.8,169.6,169.5,2.6,0.982,UP,1
8066,176.7,172.9,174.8,174.7,168.4,170.8,169.6,169.5,2.7,0.983,UP,1
8100,176.9,173.1,175.0,174.8,168.4,170.9,169.6,169.5,2.6,0.983,UP,1
8133,176.2,173.2,174.7,174.8,168.2,171.0,169.6,169.5,2.6,0.983,UP,1
8166,176.5,173.5,175.0,174.8,168.2,171.3,169.8,169.6,2.7,0.983,UP,1
8200,176.2,173.7,175.0,174.9,167.9,171.5,169.7,169.7,2.8,0.983,UP,1
8233,175.9,173.9,174.9,174.9,167.8,171.8,169.8,169.7,2.8,0.983,UP,1
8266,175.6,174.1,174.8,174.9,167.7,172.1,169.9,169.8,2.9,0.982,UP,1
8300,175.3,174.5,174.9,174.9,167.6,172.7,170.1,169.9,3.1,0.982,UP,1
8333,176.1,174.7,175.4,175.0,167.8,172.9,170.3,170.0,3.2,0.983,UP,1
8366,177.5,174.8,176.1,175.2,168.5,173.0,170.7,170.2,3.2,0.983,UP,1
8400,177.4,174.8,176.1,175.5,168.3,173.0,170.7,170.4,3.3,0.983,UP,1
8433,177.3,174.8,176.1,175.7,168.4,173.1,170.7,170.5,3.3,0.984,UP,1
8466,177.3,174.8,176.0,176.0,168.4,173.0,170.7,170.6,3.3,0.984,UP,1
8500,177.0,174.6,175.8,176.0,168.3,173.0,170.6,170.7,3.3,0.985,UP,1
8533,177.1,174.5,175.8,176.0,168.2,173.0,170.6,170.7,3.4,0.985,UP,1
8566,177.2,174.5,175.8,175.9,168.4,172.9,170.7,170.7,3.3,0.985,UP,1
8600,176.9,174.4,175.7,175.8,168.2,172.9,170.5,170.6,3.3,0.985,UP,1
8633,175.8,174.1,175.0,175.6,167.6,172.8,170.2,170.5,3.3,0.985,UP,1
8666,175.9,174.1,175.0,175.5,167.6,172.8,170.2,170.4,3.3,0.984,UP,1
8700,175.7,173.8,174.8,175.2,167.6,172.3,170.0,170.3,3.3,0.984,UP,1
8733,175.7,173.8,174.7,175.0,167.6,172.4,170.0,170.2,3.3,0.984,UP,1
8766,175.5,173.5,174.5,174.8,167.6,172.3,170.0,170.1,3.2,0.984,UP,1
8800,174.9,173.1,174.0,174.6,167.3,171.9,169.6,169.9,3.2,0.984,UP,1
8833,175.3,173.1,174.2,174.4,167.4,171.9,169.7,169.8,3.2,0.984,UP,1
8866,175.2,172.9,174.0,174.3,167.4,171.5,169.5,169.7,3.2,0.984,UP,1
8900,175.5,173.2,174.3,174.2,167.1,172.0,169.5,169.6,3.4,0.984,UP,1
8933,175.3,173.3,174.3,174.2,167.5,171.7,169.6,169.6,3.3,0.985,UP,1
8966,175.5,173.3,174.4,174.2,167.5,171.6,169.5,169.6,3.2,0.985,UP,1
9000,175.5,173.2,174.3,174.3,167.5,171.5,169.5,169.5,3.2,0.985,UP,1
9033,173.8,172.6,173.2,174.1,166.8,171.1,168.9,169.4,3.2,0.985,UP,1
9066,174.1,172.6,173.3,173.9,166.8,171.2,169.0,169.3,3.2,0.985,UP,1
9100,174.3,172.6,173.5,173.8,166.9,171.1,169.0,169.2,3.2,0.985,UP,1
9133,174.4,172.5,173.5,173.6,166.8,171.2,169.0,169.1,3.2,0.985,UP,1
9166,174.3,172.4,173.3,173.4,166.8,171.1,169.0,169.0,3.3,0.985,UP,1
9200,174.8,172.4,173.6,173.4,166.9,171.1,169.0,169.0,3.3,0.985,UP,1
9233,174.8,172.4,173.6,173.5,166.9,171.1,169.0,169.0,3.3,0.985,UP,1
9266,174.9,172.4,173.6,173.5,167.0,171.1,169.1,169.0,3.3,0.985,UP,1
9300,175.0,172.3,173.6,173.6,167.2,171.1,169.1,169.0,3.3,0.985,UP,1
9333,175.2,172.3,173.8,173.6,167.1,171.1,169.1,169.1,3.3,0.985,UP,1
9366,174.6,172.3,173.5,173.6,167.0,171.1,169.0,169.1,3.3,0.985,UP,1
9400,174.7,172.6,173.6,173.6,167.0,171.2,169.1,169.1,3.3,0.985,UP,1
9433,174.9,172.6,173.7,173.7,167.2,171.2,169.2,169.1,3.3,0.985,UP,1
9466,175.0,172.5,173.8,173.7,167.2,171.2,169.2,169.1,3.2,0.985,UP,1
9500,173.8,172.3,173.0,173.5,166.7,171.1,168.9,169.1,3.2,0.985,UP,1
9533,173.3,172.1,172.7,173.4,166.5,171.0,168.7,169.0,3.2,0.985,UP,1
9566,173.3,172.0,172.6,173.2,166.3,171.1,168.7,168.9,3.2,0.985,UP,1
9600,173.9,170.9,172.4,172.9,166.7,170.7,168.7,168.8,3.3,0.985,UP,1
9633,174.3,169.8,172.0,172.6,166.8,170.3,168.5,168.7,3.4,0.985,UP,1
9666,173.7,168.4,171.1,172.2,166.7,169.6,168.2,168.6,3.4,0.985,UP,1
9700,172.6,166.8,169.7,171.6,166.4,168.8,167.6,168.3,3.5,0.985,UP,1
9733,171.3,165.2,168.3,170.7,165.7,168.4,167.0,168.0,3.5,0.985,UP,1
9766,169.8,163.6,166.7,169.6,165.1,167.8,166.4,167.6,3.6,0.986,UP,1
9800,168.4,161.7,165.1,168.2,164.2,166.9,165.6,167.0,3.7,0.986,UP,1
9833,168.3,160.1,164.2,166.8,163.6,166.2,164.9,166.3,3.8,0.986,UP,1
9866,167.3,157.7,162.5,165.3,162.3,164.6,163.4,165.5,3.7,0.986,UP,1
9900,166.6,155.6,161.1,163.9,162.3,163.3,162.8,164.6,3.4,0.985,UP,1
9933,166.0,152.5,159.2,162.4,162.2,161.5,161.8,163.7,3.1,0.985,UP,1
9966,164.5,147.8,156.2,160.6,161.6,159.0,160.3,162.7,2.9,0.984,UP,1
10000,162.2,145.5,153.9,158.6,159.6,157.4,158.5,161.4,2.5,0.983,UP,1
10033,161.4,143.3,152.3,156.5,158.8,155.8,157.3,160.2,2.2,0.982,UP,1
10066,160.4,142.3,151.3,154.6,158.0,154.9,156.4,158.9,2.0,0.98,UP,1
10100,158.5,139.6,149.0,152.5,157.4,153.1,155.2,157.6,1.6,0.978,UP,1
10133,157.3,136.4,146.8,150.7,156.3,152.1,154.2,156.3,1.9,0.976,DOWN,1
10166,153.6,134.3,144.0,148.7,154.6,151.4,153.0,155.3,2.1,0.973,DOWN,1
10200,151.8,133.4,142.6,146.8,153.6,151.4,152.5,154.3,2.3,0.97,DOWN,1
10233,151.8,131.9,141.9,144.9,153.6,151.5,152.5,153.5,2.3,0.967,DOWN,1
10266,151.5,130.4,140.9,143.2,153.4,151.0,152.2,152.9,2.4,0.964,DOWN,1
10300,151.1,129.1,140.1,141.9,152.9,150.8,151.9,152.4,2.5,0.961,DOWN,1
10333,151.3,130.2,140.7,141.2,153.4,151.2,152.3,152.3,2.5,0.959,DOWN,1
10366,150.6,126.5,138.6,140.4,152.7,149.2,150.9,152.0,2.6,0.957,DOWN,1
10400,150.3,126.1,138.2,139.7,152.6,149.1,150.9,151.6,2.6,0.956,DOWN,1
10433,150.5,126.9,138.7,139.3,152.8,149.6,151.2,151.4,2.7,0.955,DOWN,1
10466,150.5,127.5,139.0,139.0,152.8,149.7,151.3,151.3,2.6,0.955,DOWN,1
10500,149.7,127.9,138.8,138.7,152.6,149.8,151.2,151.1,2.5,0.955,DOWN,1
10533,148.8,128.0,138.4,138.6,152.2,149.8,151.0,151.1,2.6,0.955,DOWN,1
10566,148.5,128.3,138.4,138.7,152.1,149.8,151.0,151.1,2.5,0.956,DOWN,1
10600,148.0,128.0,138.0,138.5,152.1,149.8,150.9,151.1,2.5,0.956,DOWN,1
10633,148.1,128.1,138.1,138.3,151.8,149.5,150.7,150.9,2.4,0.956,DOWN,1
10666,148.2,128.6,138.4,138.2,151.7,149.6,150.7,150.8,2.4,0.957,DOWN,1
10700,147.7,128.9,138.3,138.2,151.0,149.6,150.3,150.7,2.4,0.957,DOWN,1
10733,147.9,128.9,138.4,138.2,151.5,149.5,150.5,150.6,2.3,0.957,DOWN,1
10766,148.4,129.3,138.9,138.4,152.0,149.5,150.8,150.6,2.2,0.958,DOWN,1
10800,150.0,130.2,140.1,138.8,152.1,149.7,150.9,150.6,2.1,0.958,DOWN,1
10833,150.7,132.0,141.4,139.4,152.4,150.1,151.3,150.7,1.9,0.959,DOWN,1
10866,153.0,135.2,144.1,140.6,154.2,150.9,152.6,151.2,1.8,0.959,DOWN,1
10900,155.5,137.8,146.7,142.2,155.7,152.1,153.9,151.9,1.8,0.96,DOWN,1
10933,159.8,141.5,150.6,144.6,157.7,154.1,155.9,152.9,1.8,0.961,DOWN,1
10966,163.2,144.5,153.8,147.3,160.0,156.1,158.0,154.3,1.7,0.962,DOWN,1
11000,163.5,147.8,155.6,150.2,159.9,158.5,159.2,155.9,1.9,0.963,DOWN,1
11033,165.1,150.6,157.8,152.9,161.1,160.3,160.7,157.5,2.1,0.965,DOWN,1
11066,165.7,153.2,159.5,155.5,162.0,162.4,162.2,159.2,2.3,0.967,DOWN,1
11100,168.1,154.4,161.2,157.6,163.7,163.2,163.4,160.7,2.2,0.968,DOWN,1
11133,168.9,158.6,163.8,159.6,163.8,166.2,165.0,162.1,2.8,0.97,DOWN,1
11166,169.4,160.9,165.1,161.5,163.7,167.5,165.6,163.4,3.2,0.971,DOWN,1
11200,170.5,163.8,167.1,163.3,164.0,168.7,166.4,164.5,3.3,0.972,DOWN,1
11233,171.0,165.9,168.4,165.1,164.0,169.5,166.8,165.4,3.5,0.973,DOWN,1
11266,173.0,168.3,170.6,167.0,165.1,170.9,168.0,166.3,3.7,0.974,DOWN,1
11300,174.7,169.6,172.2,168.7,165.8,171.5,168.7,167.1,3.9,0.975,UP,1
11333,176.7,171.9,174.3,170.5,166.8,172.5,169.6,167.9,3.9,0.976,UP,1
11366,176.8,174.9,175.9,172.3,166.9,173.7,170.3,168.7,3.8,0.977,UP,1
11400,177.7,176.2,176.9,174.0,167.6,174.4,171.0,169.5,3.8,0.978,UP,1
11433,177.8,176.7,177.3,175.3,167.8,174.6,171.2,170.2,3.7,0.979,UP,1
11466,178.6,177.0,177.8,176.4,168.4,174.6,171.5,170.7,3.6,0.98,UP,1
11500,178.5,176.8,177.7,177.1,168.3,174.5,171.4,171.1,3.6,0.981,UP,1
11533,178.4,176.5,177.4,177.4,168.4,174.2,171.3,171.3,3.4,0.982,UP,1
11566,178.4,176.1,177.3,177.5,168.2,173.8,171.0,171.3,3.4,0.982,UP,1
11600,178.4,176.1,177.3,177.5,168.2,173.8,171.0,171.2,3.4,0.983,UP,1
11633,178.5,175.8,177.1,177.4,168.3,173.6,171.0,171.1,3.4,0.984,UP,1
11666,178.5,175.6,177.0,177.2,168.2,173.6,170.9,171.0,3.5,0.984,UP,1
11700,178.5,175.4,176.9,177.1,168.2,173.4,170.8,170.9,3.5,0.984,UP,1
11733,178.5,175.3,176.9,177.1,168.4,173.4,170.9,170.9,3.5,0.985,UP,1
11766,178.5,175.3,176.9,177.0,168.4,173.4,170.9,170.9,3.5,0.985,UP,1
11800,178.3,175.3,176.8,176.9,168.4,173.3,170.9,170.9,3.5,0.986,UP,1
11833,178.4,175.1,176.7,176.9,168.4,173.3,170.8,170.9,3.5,0.986,UP,1
11866,178.3,174.9,176.6,176.8,168.4,173.1,170.7,170.8,3.5,0.987,UP,1
11900,178.4,174.9,176.6,176.7,168.5,173.1,170.8,170.8,3.5,0.987,UP,1
11933,178.3,174.8,176.5,176.7,168.4,173.0,170.7,170.8,3.5,0.987,UP,1
11966,178.3,174.7,176.5,176.6,168.3,172.9,170.6,170.7,3.5,0.988,UP,1
12000,178.3,174.7,176.5,176.6,168.3,172.9,170.6,170.7,3.5,0.988,UP,1
12033,178.3,174.6,176.5,176.5,168.4,172.9,170.6,170.7,3.5,0.988,UP,1
12066,178.2,174.5,176.4,176.5,168.3,172.8,170.5,170.6,3.5,0.988,UP,1
12100,177.9,174.4,176.1,176.4,168.0,172.9,170.5,170.6,3.6,0.989,UP,1
12133,177.7,174.4,176.0,176.3,167.9,173.0,170.4,170.5,3.7,0.989,UP,1
12166,176.4,173.8,175.1,176.0,167.1,172.7,169.9,170.4,3.7,0.989,UP,1
12200,174.0,172.0,173.0,175.3,166.1,171.7,168.9,170.0,3.7,0.989,UP,1
12233,171.8,169.3,170.5,174.2,165.3,170.1,167.7,169.5,3.6,0.989,UP,1
12266,168.6,166.2,167.4,172.4,163.9,168.3,166.1,168.6,3.5,0.989,UP,1
12300,167.7,162.2,164.9,170.2,163.6,166.6,165.1,167.5,3.4,0.989,UP,1
12333,166.5,160.5,163.5,167.9,162.8,165.5,164.1,166.4,3.2,0.988,UP,1
12366,166.5,158.1,162.3,165.7,162.6,163.9,163.2,165.3,3.0,0.988,UP,1
12400,166.6,155.6,161.1,163.8,162.7,162.0,162.3,164.2,2.7,0.988,UP,1
12433,166.0,153.3,159.7,162.3,162.5,159.2,160.9,163.1,2.0,0.987,UP,1
12466,166.0,152.6,159.3,161.2,163.0,158.2,160.6,162.2,1.6,0.987,UP,1
12500,164.5,150.3,157.4,160.0,161.2,156.9,159.1,161.2,1.8,0.986,UP,1
12533,163.4,148.0,155.7,158.6,159.7,156.2,157.9,160.2,1.9,0.985,UP,1
12566,162.0,143.7,152.8,157.0,158.5,154.1,156.3,159.0,1.7,0.985,UP,1
12600,159.4,138.1,148.7,154.8,156.4,150.8,153.6,157.5,1.4,0.983,UP,1
12633,154.3,134.3,144.3,151.8,153.8,149.2,151.5,155.7,1.4,0.982,DOWN,1
12666,151.2,131.1,141.2,148.5,152.8,147.7,150.3,153.9,1.5,0.98,DOWN,1
12700,148.9,130.5,139.7,145.3,152.1,148.0,150.0,152.3,1.7,0.978,DOWN,1
12733,147.6,128.3,138.0,142.4,151.6,147.6,149.6,151.0,1.8,0.976,DOWN,1
12766,148.2,127.6,137.9,140.2,152.1,147.7,149.9,150.3,1.9,0.975,DOWN,1
12800,148.2,127.6,137.9,138.9,151.5,147.6,149.5,149.9,2.0,0.973,DOWN,1
12833,149.6,126.9,138.2,138.3,152.1,147.5,149.8,149.8,2.0,0.971,DOWN,1
12866,150.7,127.4,139.0,138.2,153.3,147.5,150.4,149.8,1.9,0.97,DOWN,1
12900,149.6,127.1,138.4,138.3,152.9,147.4,150.1,149.9,2.0,0.968,DOWN,1
12933,150.8,126.2,138.5,138.4,153.8,147.1,150.4,150.1,1.9,0.967,DOWN,1
12966,149.9,126.9,138.4,138.5,153.3,147.6,150.5,150.2,1.9,0.966,DOWN,1
13000,150.9,127.1,139.0,138.6,153.7,147.8,150.8,150.4,1.9,0.966,DOWN,1
13033,151.2,127.7,139.4,138.7,153.7,148.4,151.0,150.6,2.0,0.965,DOWN,1
13066,152.0,129.9,141.0,139.2,154.5,149.9,152.2,151.0,1.9,0.965,DOWN,1
13100,154.6,134.7,144.7,140.5,155.1,151.6,153.3,151.6,1.8,0.964,DOWN,1
13133,158.1,140.0,149.0,142.6,156.7,154.2,155.5,152.6,1.7,0.965,DOWN,1
13166,161.8,145.2,153.5,145.5,158.6,156.8,157.7,154.0,1.7,0.965,DOWN,1
13200,163.9,148.3,156.1,148.8,160.6,158.3,159.4,155.6,1.4,0.966,DOWN,1
13233,166.8,153.3,160.0,152.7,162.1,160.7,161.4,157.5,1.5,0.967,DOWN,1
13266,167.1,156.5,161.8,156.1,162.4,162.5,162.4,159.3,1.6,0.968,DOWN,1
13300,167.1,160.7,163.9,159.1,162.8,164.8,163.8,160.9,1.5,0.969,DOWN,1
13333,167.7,161.7,164.7,161.3,163.8,165.2,164.5,162.3,1.4,0.971,DOWN,1
13366,169.7,164.8,167.2,163.5,165.2,167.1,166.1,163.6,1.6,0.973,DOWN,1
13400,172.0,168.2,170.1,165.5,166.4,169.3,167.8,164.9,1.9,0.974,DOWN,1
13433,174.6,171.2,172.9,167.8,167.6,170.8,169.2,166.3,2.0,0.976,DOWN,1
13466,174.9,172.4,173.6,169.7,167.4,171.2,169.3,167.4,2.1,0.977,UP,1
13500,175.4,174.4,174.9,171.7,167.4,171.5,169.4,168.4,1.9,0.978,UP,1
13533,177.3,175.3,176.3,173.6,168.5,172.2,170.4,169.2,1.9,0.979,UP,1
13566,177.5,175.4,176.4,174.8,168.9,172.0,170.5,169.8,1.6,0.98,UP,1
13600,177.4,176.0,176.7,175.6,169.0,172.6,170.8,170.1,1.7,0.981,UP,1
13633,177.4,176.3,176.8,176.2,168.7,173.0,170.8,170.4,1.9,0.982,UP,1
13666,177.1,175.9,176.5,176.6,168.4,172.5,170.5,170.6,1.9,0.983,UP,1
13700,176.9,176.3,176.6,176.6,168.1,173.0,170.6,170.6,2.1,0.983,UP,1
13733,177.1,175.8,176.4,176.6,168.1,172.8,170.4,170.6,2.2,0.984,UP,1
13766,178.0,175.6,176.8,176.6,167.5,173.2,170.3,170.5,2.7,0.984,UP,1
13800,178.2,175.8,177.0,176.7,168.1,173.1,170.6,170.5,2.7,0.984,UP,1
13833,178.1,175.6,176.9,176.7,168.0,173.0,170.5,170.5,2.7,0.985,UP,1
13866,178.3,175.7,177.0,176.8,168.2,173.1,170.6,170.5,2.7,0.985,UP,1
13900,178.5,175.6,177.1,176.9,168.3,173.0,170.6,170.6,2.7,0.985,UP,1
13933,178.7,175.1,176.9,177.0,168.5,172.7,170.6,170.6,2.7,0.986,UP,1
13966,178.6,174.2,176.4,176.9,168.4,172.3,170.4,170.6,2.7,0.986,UP,1
14000,178.6,174.3,176.4,176.8,168.2,172.4,170.3,170.5,2.9,0.987,UP,1
14033,179.2,174.5,176.9,176.7,168.4,172.6,170.5,170.5,3.0,0.987,UP,1
14066,179.0,174.3,176.6,176.7,168.4,172.5,170.4,170.4,3.0,0.988,UP,1
14100,178.4,173.4,175.9,176.4,167.8,172.2,170.0,170.3,3.1,0.988,UP,1
14133,177.9,171.4,174.7,176.1,167.5,171.4,169.4,170.1,3.2,0.988,UP,1
14166,176.0,168.9,172.4,175.3,166.9,170.0,168.4,169.8,3.3,0.988,UP,1
14200,171.4,165.2,168.3,173.6,164.9,168.3,166.6,169.0,3.2,0.988,UP,1
14233,168.6,162.7,165.6,171.4,163.5,167.1,165.3,167.9,3.3,0.988,UP,1
14266,166.6,160.5,163.6,168.9,162.6,165.7,164.2,166.8,3.2,0.988,UP,1
14300,165.5,160.2,162.9,166.6,162.0,164.7,163.4,165.6,2.7,0.988,UP,1
14333,165.5,159.2,162.4,164.6,161.6,163.7,162.7,164.4,2.6,0.988,UP,1
14366,165.5,157.8,161.7,163.2,161.5,162.3,161.9,163.5,2.1,0.988,UP,1
14400,165.2,154.3,159.8,162.0,161.6,159.4,160.5,162.5,1.6,0.988,UP,1
14433,165.8,151.5,158.6,161.1,162.6,157.5,160.0,161.7,1.2,0.987,UP,1
14466,164.4,148.2,156.3,159.7,161.5,155.5,158.5,160.7,1.1,0.987,UP,1
14500,163.9,143.9,153.9,158.0,161.2,153.1,157.2,159.6,0.8,0.986,UP,1
14533,160.8,140.8,150.8,155.9,159.3,150.7,155.0,158.3,0.5,0.985,UP,1
14566,157.9,140.7,149.3,153.8,157.1,149.7,153.4,156.8,0.5,0.984,UP,1
14600,155.3,138.0,146.6,151.4,157.6,148.3,153.0,155.4,0.4,0.982,DOWN,1
14633,153.0,134.4,143.7,148.9,156.2,147.1,151.6,154.0,0.4,0.98,DOWN,1
14666,151.7,131.3,141.5,146.4,155.2,146.4,150.8,152.8,0.6,0.977,DOWN,1
14700,152.4,129.2,140.8,144.4,156.3,145.7,151.0,152.0,0.6,0.973,DOWN,1
14733,150.5,127.8,139.1,142.4,155.1,144.8,150.0,151.3,0.8,0.969,DOWN,1
14766,150.5,126.4,138.5,140.7,155.9,144.3,150.1,150.7,0.8,0.965,DOWN,1
14800,149.5,125.6,137.6,139.5,154.9,143.9,149.4,150.3,1.0,0.961,DOWN,1
14833,149.4,125.7,137.6,138.7,154.3,144.3,149.3,149.9,1.2,0.957,DOWN,1
14866,148.9,125.8,137.4,138.0,154.2,144.5,149.3,149.6,1.2,0.953,DOWN,1
14900,149.2,126.7,137.9,137.8,154.8,145.2,150.0,149.6,1.3,0.95,DOWN,1
14933,149.7,127.0,138.3,137.7,155.1,145.6,150.3,149.7,1.4,0.948,DOWN,1
14966,150.0,128.6,139.3,138.1,155.1,145.5,150.3,149.9,1.4,0.946,DOWN,1
15000,152.1,133.6,142.9,139.2,156.2,148.3,152.3,150.5,1.6,0.944,DOWN,1
15033,154.5,137.4,145.9,140.9,158.2,150.1,154.1,151.4,1.2,0.944,DOWN,1
15066,153.6,140.0,146.8,142.7,157.5,151.3,154.4,152.3,1.2,0.945,DOWN,1
15100,155.6,142.4,149.0,144.8,157.9,152.7,155.3,153.3,1.1,0.946,DOWN,1
15133,157.9,147.7,152.8,147.5,159.2,155.5,157.3,154.7,1.2,0.948,DOWN,1
15166,162.8,151.2,157.0,150.3,162.6,157.5,160.0,156.2,1.2,0.951,DOWN,1
15200,163.8,156.5,160.2,153.2,163.6,160.6,162.1,157.8,1.4,0.954,DOWN,1
15233,164.7,158.3,161.5,156.1,163.0,162.8,162.9,159.5,2.2,0.957,DOWN,1
15266,165.5,161.6,163.6,159.0,163.6,165.6,164.6,161.4,2.6,0.96,DOWN,1
15300,166.0,164.6,165.3,161.5,163.2,167.5,165.4,163.0,3.1,0.962,DOWN,1
15333,167.1,167.9,167.5,163.6,163.7,169.6,166.6,164.3,3.4,0.965,DOWN,1
15366,168.0,170.4,169.2,165.4,163.9,170.7,167.3,165.4,3.4,0.967,DOWN,1
15400,169.3,172.5,170.9,167.3,164.4,171.7,168.1,166.4,3.4,0.969,DOWN,1
15433,170.6,174.5,172.5,169.1,165.0,172.8,168.9,167.3,3.5,0.971,UP,1
15466,173.0,175.1,174.0,170.8,166.1,173.0,169.5,168.1,3.5,0.973,UP,1
15500,174.2,177.0,175.6,172.5,167.4,173.5,170.5,168.8,3.1,0.975,UP,1
15533,174.5,177.1,175.8,173.8,167.4,173.6,170.5,169.5,3.1,0.976,UP,1
15566,175.3,176.0,175.7,174.7,167.4,172.9,170.1,169.9,3.0,0.977,UP,1
15600,175.9,175.4,175.6,175.3,167.4,171.9,169.7,170.1,2.8,0.978,UP,1
15633,176.2,176.5,176.3,175.8,167.4,172.4,169.9,170.1,2.7,0.979,UP,1
15666,176.1,176.9,176.5,176.0,167.4,172.6,170.0,170.0,2.7,0.98,UP,1
15700,176.3,176.5,176.4,176.1,166.8,172.3,169.5,169.9,2.6,0.98,UP,1
15733,176.5,176.1,176.3,176.2,166.8,172.0,169.4,169.7,2.6,0.98,UP,1
15766,176.3,175.7,176.0,176.3,166.7,171.7,169.2,169.6,2.6,0.981,UP,1
15800,176.4,175.5,176.0,176.2,166.8,171.6,169.2,169.5,2.6,0.981,UP,1
15833,176.4,175.5,175.9,176.1,166.7,171.6,169.2,169.3,2.6,0.981,UP,1
15866,176.6,175.2,175.9,176.0,167.4,171.7,169.6,169.3,2.6,0.981,UP,1
15900,175.0,175.3,175.1,175.8,166.8,171.7,169.2,169.3,2.6,0.982,UP,1
15933,175.2,175.2,175.2,175.6,166.5,171.8,169.1,169.3,2.7,0.982,UP,1
15966,174.8,175.2,175.0,175.4,166.7,171.9,169.3,169.3,2.8,0.983,UP,1
16000,175.5,174.9,175.2,175.3,167.1,171.8,169.5,169.3,2.8,0.984,UP,1
16033,175.3,174.3,174.8,175.1,166.9,171.7,169.3,169.3,2.9,0.984,UP,1
16066,172.9,172.2,172.6,174.5,166.3,170.7,168.5,169.1,2.9,0.985,UP,1
16100,170.4,169.5,170.0,173.5,165.2,169.4,167.3,168.8,2.9,0.985,UP,1
16133,167.6,166.3,167.0,171.9,164.0,167.7,165.8,168.1,2.8,0.986,UP,1
16166,164.9,165.5,165.2,169.9,162.9,166.9,164.9,167.2,2.7,0.986,UP,1
16200,163.3,164.2,163.8,167.7,162.5,166.0,164.3,166.2,2.7,0.986,UP,1
16233,163.0,160.9,162.0,165.6,161.8,164.0,162.9,165.0,2.6,0.986,UP,1
16266,163.1,159.4,161.3,163.8,161.4,163.3,162.4,164.1,2.8,0.986,UP,1
16300,163.2,156.5,159.9,162.4,161.6,161.7,161.6,163.2,2.6,0.986,UP,1
16333,166.2,155.5,160.8,161.6,163.4,159.8,161.6,162.6,2.2,0.986,UP,1
16366,164.7,153.9,159.3,160.7,163.5,158.1,160.8,161.9,2.0,0.986,UP,1
16400,163.7,150.1,156.9,159.6,162.5,156.4,159.5,161.2,2.1,0.986,UP,1
16433,163.1,147.6,155.3,158.4,160.7,155.3,158.0,160.3,2.3,0.986,UP,1
16466,162.5,146.1,154.3,157.3,159.5,154.7,157.1,159.4,2.4,0.986,UP,1
16500,162.0,144.4,153.2,155.8,158.0,154.2,156.1,158.3,2.5,0.985,UP,1
16533,161.7,142.9,152.3,154.4,158.1,154.0,156.0,157.3,2.5,0.984,DOWN,1
16566,160.2,140.6,150.4,153.1,158.2,152.4,155.3,156.5,2.1,0.984,DOWN,1
16600,155.1,139.7,147.4,151.5,156.5,151.1,153.8,155.7,2.0,0.983,DOWN,1
16633,154.9,139.0,146.9,150.0,156.3,151.4,153.8,155.0,2.0,0.982,DOWN,1
16666,155.7,139.4,147.6,148.9,156.5,151.7,154.1,154.6,1.8,0.981,DOWN,1
16700,155.7,140.1,147.9,148.0,156.6,152.5,154.5,154.3,1.9,0.98,DOWN,1
16733,157.2,140.7,148.9,147.8,156.8,152.8,154.8,154.2,1.8,0.979,DOWN,1
16766,159.0,143.1,151.1,148.5,157.4,155.0,156.2,154.7,1.9,0.978,DOWN,1
16800,161.4,145.3,153.3,149.8,158.8,156.4,157.6,155.4,1.9,0.977,DOWN,1
16833,162.3,147.5,154.9,151.2,159.8,158.2,159.0,156.4,2.2,0.977,DOWN,1
16866,165.6,151.5,158.6,153.4,161.9,161.3,161.6,157.8,2.8,0.977,DOWN,1
16900,166.6,155.1,160.9,155.7,162.4,163.4,162.9,159.5,2.9,0.978,DOWN,1
16933,170.3,159.2,164.8,158.5,163.9,165.4,164.7,161.2,3.1,0.979,DOWN,1
16966,169.8,161.5,165.6,160.9,163.9,166.8,165.4,162.7,3.3,0.98,DOWN,1
17000,169.8,164.6,167.2,163.4,164.4,168.5,166.4,164.2,3.3,0.98,DOWN,1
17033,169.7,168.3,169.0,165.5,164.1,170.1,167.1,165.3,3.3,0.981,DOWN,1
17066,172.2,170.7,171.4,167.6,165.3,171.4,168.3,166.4,3.4,0.982,DOWN,1
17100,176.3,173.0,174.7,169.6,167.5,172.4,169.9,167.4,3.4,0.983,UP,1
17133,176.9,174.8,175.9,171.6,167.5,173.6,170.6,168.5,3.5,0.983,UP,1
17166,176.5,175.2,175.8,173.4,167.5,173.5,170.5,169.3,3.2,0.984,UP,1
17200,178.2,175.1,176.6,174.9,167.2,173.5,170.3,169.9,3.2,0.984,UP,1
17233,178.1,175.0,176.5,175.9,167.5,173.2,170.4,170.3,3.2,0.985,UP,1
17266,178.2,175.1,176.7,176.3,167.2,173.0,170.1,170.4,3.1,0.985,UP,1
17300,177.6,175.4,176.5,176.4,167.4,173.2,170.3,170.3,3.0,0.985,UP,1
17333,178.1,175.0,176.5,176.6,167.4,172.9,170.1,170.3,3.0,0.985,UP,1
17366,177.7,174.9,176.3,176.5,167.4,172.9,170.1,170.2,3.0,0.986,UP,1
17400,178.8,174.7,176.7,176.5,168.0,172.8,170.4,170.2,3.1,0.986,UP,1
17433,178.9,174.6,176.8,176.6,168.3,172.9,170.6,170.3,3.1,0.986,UP,1
17466,179.1,174.6,176.9,176.6,168.2,173.1,170.6,170.4,3.3,0.987,UP,1
17500,179.1,174.7,176.9,176.7,168.3,173.2,170.8,170.5,3.4,0.987,UP,1
17533,179.1,174.6,176.9,176.8,168.2,173.3,170.8,170.6,3.5,0.987,UP,1
17566,178.9,174.7,176.8,176.9,168.0,173.4,170.7,170.7,3.6,0.988,UP,1
17600,178.7,174.6,176.6,176.8,167.7,173.4,170.6,170.7,3.6,0.988,UP,1
17633,178.4,174.2,176.3,176.7,167.6,173.2,170.4,170.6,3.7,0.988,UP,1
17666,175.0,171.4,173.2,176.0,166.0,171.7,168.9,170.3,3.6,0.989,UP,1
17700,172.7,169.7,171.2,174.8,165.0,170.7,167.8,169.7,3.6,0.989,UP,1
17733,171.4,167.1,169.2,173.3,164.7,169.4,167.1,168.9,3.6,0.989,UP,1
17766,169.2,164.3,166.7,171.3,164.0,167.9,166.0,168.0,3.5,0.989,UP,1
17800,167.3,162.8,165.1,169.1,163.4,166.5,165.0,166.9,3.1,0.989,UP,1
17833,164.5,161.7,163.1,167.1,162.0,165.4,163.7,165.9,2.7,0.989,UP,1
17866,164.6,160.5,162.5,165.3,161.5,164.3,162.9,164.9,2.4,0.989,UP,1
17900,164.4,158.6,161.5,163.8,161.5,162.6,162.0,163.9,1.9,0.988,UP,1
17933,163.8,155.3,159.6,162.4,161.0,160.3,160.6,162.9,1.6,0.988,UP,1
17966,163.5,154.3,158.9,161.1,161.0,160.2,160.6,162.0,1.4,0.987,UP,1
18000,162.6,151.2,156.9,159.9,159.9,159.0,159.4,161.1,1.7,0.987,UP,1
18033,162.8,149.9,156.4,158.7,159.1,158.1,158.6,160.3,1.6,0.986,UP,1
18066,160.0,148.4,154.2,157.2,156.2,156.4,156.3,159.1,1.7,0.985,UP,1
18100,159.5,147.2,153.3,156.0,156.8,155.5,156.2,158.2,1.5,0.984,UP,1
18133,155.9,147.5,151.7,154.5,155.9,154.6,155.3,157.2,1.2,0.983,DOWN,1
18166,152.3,146.5,149.4,153.0,154.4,154.0,154.2,156.1,1.1,0.981,DOWN,1
18200,150.3,146.4,148.4,151.4,154.4,153.8,154.1,155.2,0.9,0.98,DOWN,1
18233,148.9,145.9,147.4,150.0,154.4,153.3,153.8,154.7,0.9,0.978,DOWN,1
18266,149.0,145.8,147.4,148.8,153.8,153.4,153.6,154.2,0.8,0.976,DOWN,1
18300,149.5,147.3,148.4,148.2,154.3,154.1,154.2,154.0,0.7,0.975,DOWN,1
18333,151.5,148.0,149.7,148.3,155.3,154.8,155.1,154.2,0.7,0.973,DOWN,1
18366,152.5,148.8,150.6,148.7,155.3,155.2,155.2,154.4,0.5,0.972,DOWN,1
18400,155.6,150.9,153.2,149.9,157.6,157.6,157.6,155.1,0.9,0.971,DOWN,1
18433,159.8,151.5,155.6,151.5,160.7,158.0,159.4,156.3,0.5,0.971,DOWN,1
18466,160.3,154.6,157.4,153.3,161.0,159.6,160.3,157.5,0.6,0.972,DOWN,1
18500,163.7,157.5,160.6,155.5,163.3,161.8,162.5,159.0,0.8,0.973,DOWN,1
18533,163.9,160.7,162.3,157.8,163.1,164.6,163.8,160.7,1.4,0.974,DOWN,1
18566,165.8,164.1,164.9,160.2,163.7,167.1,165.4,162.3,2.0,0.975,DOWN,1
18600,170.7,167.7,169.2,162.9,165.8,169.1,167.5,163.9,2.2,0.976,DOWN,1
18633,174.9,171.1,173.0,166.0,167.6,170.8,169.2,165.7,2.5,0.977,DOWN,1
18666,176.5,173.0,174.7,168.8,167.3,172.5,169.9,167.2,3.2,0.977,DOWN,1
18700,175.6,173.5,174.6,171.3,167.2,172.4,169.8,168.4,3.3,0.978,UP,1
18733,175.6,174.5,175.1,173.3,167.6,171.9,169.7,169.2,2.8,0.979,UP,1
18766,176.0,176.4,176.2,174.7,168.4,172.3,170.3,169.8,2.4,0.98,UP,1
18800,175.6,177.8,176.7,175.4,168.7,172.8,170.7,170.1,2.3,0.98,UP,1
18833,175.1,178.3,176.7,175.8,169.4,171.9,170.6,170.2,1.7,0.981,UP,1
18866,174.4,178.2,176.3,176.2,169.1,171.8,170.5,170.4,1.8,0.981,UP,1
18900,174.6,178.4,176.5,176.5,169.7,171.7,170.7,170.6,1.8,0.981,UP,1
18933,173.8,178.7,176.3,176.5,169.3,172.3,170.8,170.7,2.2,0.981,UP,1
18966,171.9,179.1,175.5,176.3,168.5,172.8,170.6,170.6,2.3,0.981,UP,1
19000,172.2,179.4,175.8,176.1,168.4,173.2,170.8,170.7,2.6,0.981,UP,1
19033,172.0,178.4,175.2,175.9,168.9,173.0,170.9,170.8,2.6,0.981,UP,1
19066,171.5,176.7,174.1,175.4,168.3,172.0,170.2,170.7,2.9,0.981,UP,1
19100,171.8,173.5,172.6,174.6,169.7,170.5,170.1,170.5,2.5,0.981,UP,1
19133,172.0,171.1,171.6,173.9,169.8,169.8,169.8,170.4,2.5,0.981,UP,1
19166,172.6,170.4,171.5,173.0,170.2,170.0,170.1,170.2,2.6,0.981,UP,1
19200,171.5,170.5,171.0,172.2,169.7,170.5,170.1,170.0,2.9,0.981,UP,1
19233,171.5,171.2,171.3,171.6,170.0,170.6,170.3,170.1,2.7,0.981,UP,1
19266,172.4,173.5,172.9,171.7,170.5,172.2,171.4,170.3,2.7,0.979,UP,1
19300,172.5,175.0,173.7,172.1,171.0,173.2,172.1,170.8,2.6,0.977,UP,1
19333,172.5,176.4,174.5,172.7,171.0,174.2,172.6,171.3,2.7,0.975,UP,1
19366,172.9,177.4,175.2,173.5,171.4,174.6,173.0,171.9,2.6,0.971,UP,1
19400,173.0,178.5,175.7,174.4,171.5,175.5,173.5,172.5,2.5,0.968,UP,1
19433,173.0,179.2,176.1,175.0,172.1,176.0,174.1,173.1,2.2,0.963,UP,1
19466,173.3,179.4,176.4,175.6,172.7,176.3,174.5,173.5,1.9,0.96,UP,1
19500,173.1,179.2,176.1,175.9,173.1,176.4,174.8,174.0,1.7,0.956,UP,1
19533,172.5,179.2,175.9,176.0,173.8,176.8,175.3,174.4,1.4,0.953,UP,1
19566,172.3,178.8,175.5,176.0,174.1,177.4,175.8,174.9,1.4,0.949,UP,1
19600,175.6,178.5,177.0,176.2,175.3,177.3,176.3,175.3,0.8,0.947,UP,1
19633,178.1,177.9,178.0,176.5,176.5,177.5,177.0,175.8,0.3,0.944,UP,1
19666,175.9,178.6,177.3,176.7,175.9,178.5,177.2,176.3,0.2,0.942,UP,1
19700,169.0,176.7,172.9,176.1,174.5,178.6,176.5,176.6,0.5,0.938,UP,1
19733,170.7,176.6,173.6,175.8,174.1,178.6,176.4,176.7,0.4,0.935,UP,1
19766,170.9,177.0,173.9,175.1,173.7,179.1,176.4,176.7,0.5,0.93,UP,1
19800,172.7,176.6,174.7,174.5,174.0,178.3,176.1,176.5,0.2,0.926,UP,1
19833,172.5,175.6,174.1,173.8,174.3,177.5,175.9,176.2,0.3,0.922,UP,1
19866,171.2,174.3,172.7,173.8,173.9,176.6,175.2,176.0,0.6,0.921,UP,1
19900,172.1,174.0,173.1,173.7,173.8,176.4,175.1,175.7,0.7,0.921,UP,1
19933,175.0,173.1,174.0,173.7,173.7,175.7,174.7,175.4,0.9,0.922,UP,1
19966,175.6,173.1,174.3,173.6,173.7,175.2,174.4,175.1,1.1,0.925,UP,1
20000,176.4,172.9,174.7,173.8,173.8,174.6,174.2,174.7,1.2,0.929,UP,1
20033,176.5,172.3,174.4,174.1,173.4,174.3,173.9,174.5,1.3,0.933,UP,1
20066,177.1,172.1,174.6,174.4,173.7,174.1,173.9,174.2,1.3,0.938,UP,1
20100,176.8,172.2,174.5,174.5,173.4,174.2,173.8,174.1,1.1,0.942,UP,1
20133,177.2,172.0,174.6,174.6,172.5,174.3,173.4,173.8,0.5,0.946,UP,1
20166,177.9,171.6,174.8,174.6,172.1,174.3,173.2,173.6,0.2,0.95,UP,1
20200,178.7,171.0,174.9,174.7,171.6,174.0,172.8,173.4,0.3,0.953,UP,1
20233,179.2,170.8,175.0,174.8,171.3,173.7,172.5,173.1,0.5,0.956,UP,1
20266,178.7,170.7,174.7,174.8,171.6,173.4,172.5,172.9,0.5,0.959,UP,1
20300,178.3,170.5,174.4,174.8,172.2,173.7,172.9,172.8,0.7,0.961,UP,1
20333,177.0,171.0,174.0,174.6,172.6,173.7,173.1,172.8,0.8,0.964,UP,1
20366,178.8,171.5,175.1,174.7,171.5,173.1,172.3,172.7,0.4,0.966,UP,1
20400,179.1,171.0,175.0,174.7,171.9,172.9,172.4,172.7,0.5,0.968,UP,1
20433,179.3,170.0,174.7,174.6,171.8,172.7,172.3,172.6,0.8,0.969,UP,1
20466,179.4,170.0,174.7,174.7,169.8,172.6,171.2,172.3,0.8,0.969,UP,1
20500,180.0,169.1,174.5,174.8,169.8,172.3,171.1,171.8,1.3,0.969,UP,1
20533,178.6,168.6,173.6,174.5,170.2,172.7,171.4,171.7,1.6,0.969,UP,1
20566,178.7,167.4,173.1,174.1,171.2,172.1,171.6,171.5,1.4,0.968,UP,1
20600,176.9,167.8,172.3,173.6,170.5,172.0,171.3,171.3,1.5,0.968,UP,1
20633,176.3,168.8,172.6,173.2,170.5,172.4,171.5,171.4,1.7,0.968,UP,1
20666,176.8,171.3,174.0,173.1,171.3,173.2,172.2,171.6,1.4,0.969,UP,1
20700,176.7,173.9,175.3,173.5,171.3,173.8,172.6,171.8,1.5,0.97,UP,1
20733,175.9,176.3,176.1,174.1,170.9,174.9,172.9,172.1,1.5,0.97,UP,1
20766,176.3,178.5,177.4,175.1,171.7,175.6,173.6,172.6,1.2,0.971,UP,1
20800,175.4,178.4,176.9,176.0,171.6,176.4,174.0,173.1,0.9,0.971,UP,1
20833,175.9,176.1,176.0,176.4,171.1,176.8,173.9,173.4,0.7,0.97,UP,1
20866,174.6,175.7,175.2,176.3,170.6,176.8,173.7,173.6,0.6,0.968,UP,1
20900,175.2,176.6,175.9,176.3,171.2,176.7,174.0,173.8,0.2,0.965,UP,1
20933,173.4,177.1,175.2,175.8,171.9,175.9,173.9,173.9,0.2,0.962,UP,1
20966,173.1,178.3,175.7,175.6,171.9,174.9,173.4,173.8,0.5,0.958,UP,1
21000,173.4,178.7,176.1,175.6,172.1,174.2,173.1,173.6,0.8,0.954,UP,1
21033,172.4,177.1,174.8,175.5,171.7,174.3,173.0,173.5,0.8,0.952,UP,1
21066,168.4,178.9,173.6,175.1,170.8,173.4,172.1,173.1,0.7,0.95,UP,1
21100,167.6,178.4,173.0,174.6,170.5,172.4,171.4,172.6,0.6,0.948,UP,1
21133,167.2,179.5,173.3,174.2,170.9,172.1,171.5,172.2,0.7,0.943,UP,1
21166,163.7,177.6,170.6,173.1,170.3,172.3,171.3,171.9,0.7,0.931,UP,1
21200,162.2,178.5,170.3,172.2,169.1,172.3,170.7,171.4,0.5,0.919,UP,1
21233,164.2,178.4,171.3,171.7,169.0,172.1,170.5,171.1,0.3,0.907,UP,1
21266,165.6,179.9,172.7,171.7,168.4,172.8,170.6,170.9,0.2,0.892,UP,1
21300,166.7,177.6,172.1,171.4,168.7,172.1,170.4,170.7,0.2,0.875,UP,1
21333,169.2,177.2,173.2,171.9,168.7,171.6,170.2,170.5,0.6,0.861,UP,1
21366,171.7,175.1,173.4,172.6,169.4,171.5,170.4,170.4,0.9,0.839,UP,1
21400,173.7,174.4,174.1,173.1,169.9,170.9,170.4,170.4,1.2,0.807,UP,1
21433,176.4,169.9,173.1,173.2,171.2,169.3,170.2,170.3,1.4,0.77,UP,1
21466,176.5,170.5,173.5,173.5,171.4,169.2,170.3,170.3,1.7,0.731,UP,1
21500,176.0,179.4,177.7,174.4,171.1,169.3,170.2,170.3,2.1,0.693,UP,1
21533,174.7,177.9,176.3,174.9,171.0,169.3,170.2,170.2,2.4,0.654,UP,1
21566,176.2,176.5,176.3,175.4,170.8,169.7,170.3,170.2,2.6,0.623,UP,1
21600,179.6,174.3,177.0,176.2,171.2,169.9,170.6,170.3,2.6,0.595,UP,1
21633,179.9,173.9,176.9,176.8,171.0,170.0,170.5,170.3,2.6,0.568,UP,1
21666,179.5,171.9,175.7,176.4,171.4,170.1,170.7,170.4,2.6,0.537,UP,1
21700,174.3,176.4,175.3,176.2,171.4,170.1,170.7,170.6,2.5,0.51,UP,1
21733,,,,,,,,,,0.486,UP,1
21766,,,,,,,,,,0.463,UP,1
21800,,,,,,,,,,0.444,UP,1
21833,,,,,,,,,,0.432,UP,1
21866,,,,,,,,,,0.424,UP,1
21900,,,,,,,,,,0.413,UP,1
21933,,,,,,,,,,0.403,UP,1
21966,,,,,,,,,,0.391,UP,1
22000,,,,,,,,,,0.381,UP,1
22033,,,,,,,,,,0.369,UP,1
22066,,,,,,,,,,0.358,UP,1
22100,,,,,,,,,,0.35,UP,1
22133,,,,,,,,,,0.339,UP,1
22166,,,,,,,,,,0.325,UP,1
22200,,,,,,,,,,0.312,UP,1
22233,,,,,,,,,,0.296,UP,1
22266,,,,,,,,,,0.28,UP,1
22300,,,,,,,,,,0.267,UP,1
22333,,,,,,,,,,0.263,UP,1
22366,,,,,,,,,,0.263,UP,1
22400,,,,,,,,,,0.263,UP,1
22433,,,,,,,,,,0.265,UP,1
22466,,,,,,,,,,0.266,UP,1
22500,,,,,,,,,,0.264,UP,1
22533,,,,,,,,,,0.263,UP,1
22566,,,,,,,,,,0.265,UP,1
22600,,,,,,,,,,0.268,UP,1
22633,,,,,,,,,,0.273,UP,1
22666,,,,,,,,,,0.274,UP,1
22700,,,,,,,,,,0.272,UP,1
22733,,,,,,,,,,0.27,UP,1
22766,,,,,,,,,,0.266,UP,1
22800,,,,,,,,,,0.26,UP,1
22833,,,,,,,,,,0.254,UP,1
22866,,,,,,,,,,0.248,UP,1
22900,,,,,,,,,,0.242,UP,1
22933,,,,,,,,,,0.235,UP,1
22966,,,,,,,,,,0.23,UP,1
23000,,,,,,,,,,0.224,UP,1
23033,,,,,,,,,,0.22,UP,1
23066,,,,,,,,,,0.214,UP,1
23100,,,,,,,,,,0.209,UP,1
23133,,,,,,,,,,0.205,UP,1
0,,,,,,,,,,0.0,UP,0
33,,,,,,,,,,0.0,UP,0
66,,,,,,,,,,0.0,UP,0
100,,,,,,,,,,0.0,UP,0
133,,,,,,,,,,0.0,UP,0
166,,,,,,,,,,0.0,UP,0
200,,,,,,,,,,0.0,UP,0
233,,,,,,,,,,0.0,UP,0
266,,,,,,,,,,0.0,UP,0
300,,,,,,,,,,0.0,UP,0
333,,,,,,,,,,0.0,UP,0
366,,,,,,,,,,0.0,UP,0
400,,,,,,,,,,0.0,UP,0
433,,,,,,,,,,0.0,UP,0
466,,,,,,,,,,0.0,UP,0
500,,,,,,,,,,0.0,UP,0
533,,,,,,,,,,0.0,UP,0
566,,,,,,,,,,0.0,UP,0
600,,,,,,,,,,0.0,UP,0
633,,,,,,,,,,0.0,UP,0
666,,,,,,,,,,0.0,UP,0
700,,,,,,,,,,0.0,UP,0
733,,,,,,,,,,0.0,UP,0
766,,,,,,,,,,0.0,UP,0
800,,,,,,,,,,0.0,UP,0
833,,,,,,,,,,0.02,UP,0
866,,,,,,,,,,0.041,UP,0
900,,,,,,,,,,0.066,UP,0
933,,,,,,,,,,0.094,UP,0
966,,,,,,,,,,0.123,UP,0
1000,,,,,,,,,,0.132,UP,0
1033,,,,,,,,,,0.111,UP,0
1066,,,,,,,,,,0.086,UP,0
1100,,,,,,,,,,0.085,UP,0
1133,,,,,,,,,,0.081,UP,0
1166,,,,,,,,,,0.075,UP,0
1200,,,,,,,,,,0.097,UP,0
1233,,,,,,,,,,0.116,UP,0
1266,,,,,,,,,,0.107,UP,0
1300,,,,,,,,,,0.099,UP,0
1333,,,,,,,,,,0.091,UP,0
1366,,,,,,,,,,0.083,UP,0
1400,,,,,,,,,,0.076,UP,0
1433,,,,,,,,,,0.069,UP,0
1466,,,,,,,,,,0.063,UP,0
1500,,,,,,,,,,0.058,UP,0
1533,,,,,,,,,,0.054,UP,0
1566,,,,,,,,,,0.05,UP,0
1600,,,,,,,,,,0.046,UP,0
1633,,,,,,,,,,0.043,UP,0
1666,,,,,,,,,,0.041,UP,0
1700,,,,,,,,,,0.038,UP,0
1733,,,,,,,,,,0.036,UP,0
1766,,,,,,,,,,0.034,UP,0
1800,,,,,,,,,,0.032,UP,0
1833,,,,,,,,,,0.03,UP,0
1866,,,,,,,,,,0.029,UP,0
1900,,,,,,,,,,0.028,UP,0
1933,,,,,,,,,,0.027,UP,0
1966,,,,,,,,,,0.026,UP,0
2000,,,,,,,,,,0.024,UP,0
2033,,,,,,,,,,0.024,UP,0
2066,,,,,,,,,,0.023,UP,0
2100,,,,,,,,,,0.022,UP,0
2133,,,,,,,,,,0.021,UP,0
2166,,,,,,,,,,0.02,UP,0
2200,,,,,,,,,,0.019,UP,0
2233,,,,,,,,,,0.018,UP,0
2266,,,,,,,,,,0.017,UP,0
2300,,,,,,,,,,0.017,UP,0
2333,,,,,,,,,,0.017,UP,0
2366,,,,,,,,,,0.018,UP,0
2400,,,,,,,,,,0.019,UP,0
2433,,,,,,,,,,0.02,UP,0
2466,,,,,,,,,,0.021,UP,0
2500,,,,,,,,,,0.022,UP,0
2533,,,,,,,,,,0.023,UP,0
2566,,,,,,,,,,0.024,UP,0
2600,,,,,,,,,,0.025,UP,0
2633,,,,,,,,,,0.029,UP,0
2666,,,,,,,,,,0.034,UP,0
2700,,,,,,,,,,0.04,UP,0
2733,,,,,,,,,,0.045,UP,0
2766,,,,,,,,,,0.051,UP,0
2800,,,,,,,,,,0.055,UP,0
2833,,,,,,,,,,0.058,UP,0
2866,,,,,,,,,,0.059,UP,0
2900,,,,,,,,,,0.06,UP,0
2933,,,,,,,,,,0.06,UP,0
2966,,,,,,,,,,0.06,UP,0
3000,,,,,,,,,,0.061,UP,0
3033,,,,,,,,,,0.062,UP,0
3066,,,,,,,,,,0.064,UP,0
3100,,,,,,,,,,0.067,UP,0
3133,,,,,,,,,,0.072,UP,0
3166,,,,,,,,,,0.074,UP,0
3200,,,,,,,,,,0.077,UP,0
3233,,,,,,,,,,0.079,UP,0
3266,,,,,,,,,,0.08,UP,0
3300,,,,,,,,,,0.08,UP,0
3333,,,,,,,,,,0.08,UP,0
3366,,,,,,,,,,0.08,UP,0
3400,,,,,,,,,,0.079,UP,0
3433,,,,,,,,,,0.077,UP,0
3466,,,,,,,,,,0.075,UP,0
3500,,,,,,,,,,0.074,UP,0
3533,,,,,,,,,,0.072,UP,0
3566,,,,,,,,,,0.071,UP,0
3600,,,,,,,,,,0.071,UP,0
3633,,,,,,,,,,0.071,UP,0
3666,,,,,,,,,,0.072,UP,0
3700,,,,,,,,,,0.073,UP,0
3733,,,,,,,,,,0.074,UP,0
3766,,,,,,,,,,0.074,UP,0
3800,,,,,,,,,,0.073,UP,0
3833,,,,,,,,,,0.071,UP,0
3866,,,,,,,,,,0.068,UP,0
3900,,,,,,,,,,0.064,UP,0
3933,,,,,,,,,,0.061,UP,0
3966,,,,,,,,,,0.058,UP,0
4000,,,,,,,,,,0.056,UP,0
4033,,,,,,,,,,0.054,UP,0
4066,,,,,,,,,,0.052,UP,0
4100,,,,,,,,,,0.051,UP,0
4133,,,,,,,,,,0.048,UP,0
4166,,,,,,,,,,0.046,UP,0
4200,,,,,,,,,,0.045,UP,0
4233,,,,,,,,,,0.044,UP,0
4266,,,,,,,,,,0.044,UP,0
4300,,,,,,,,,,0.046,UP,0
4333,,,,,,,,,,0.047,UP,0
4366,,,,,,,,,,0.049,UP,0
4400,,,,,,,,,,0.05,UP,0
4433,,,,,,,,,,0.052,UP,0
4466,,,,,,,,,,0.054,UP,0
4500,,,,,,,,,,0.056,UP,0
4533,,,,,,,,,,0.058,UP,0
4566,,,,,,,,,,0.06,UP,0
4600,,,,,,,,,,0.061,UP,0
4633,,,,,,,,,,0.06,UP,0
4666,,,,,,,,,,0.059,UP,0
4700,,,,,,,,,,0.058,UP,0
4733,,,,,,,,,,0.056,UP,0
4766,,,,,,,,,,0.055,UP,0
4800,,,,,,,,,,0.054,UP,0
4833,,,,,,,,,,0.053,UP,0
4866,,,,,,,,,,0.051,UP,0
4900,,,,,,,,,,0.049,UP,0
4933,,,,,,,,,,0.048,UP,0
4966,,,,,,,,,,0.046,UP,0
5000,,,,,,,,,,0.045,UP,0
5033,,,,,,,,,,0.044,UP,0
5066,,,,,,,,,,0.043,UP,0
5100,,,,,,,,,,0.042,UP,0
5133,,,,,,,,,,0.041,UP,0
5166,,,,,,,,,,0.041,UP,0
5200,,,,,,,,,,0.041,UP,0
5233,,,,,,,,,,0.042,UP,0
5266,,,,,,,,,,0.043,UP,0
5300,,,,,,,,,,0.045,UP,0
5333,,,,,,,,,,0.047,UP,0
5366,,,,,,,,,,0.049,UP,0
5400,,,,,,,,,,0.051,UP,0
5433,,,,,,,,,,0.053,UP,0
5466,,,,,,,,,,0.055,UP,0
5500,,,,,,,,,,0.058,UP,0
5533,,,,,,,,,,0.061,UP,0
5566,,,,,,,,,,0.064,UP,0
5600,,,,,,,,,,0.067,UP,0
5633,,,,,,,,,,0.07,UP,0
5666,,,,,,,,,,0.073,UP,0
5700,,,,,,,,,,0.074,UP,0
5733,,,,,,,,,,0.073,UP,0
5766,,,,,,,,,,0.074,UP,0
5800,,,,,,,,,,0.073,UP,0
5833,,,,,,,,,,0.072,UP,0
5866,,,,,,,,,,0.073,UP,0
5900,,,,,,,,,,0.075,UP,0
5933,,,,,,,,,,0.077,UP,0
5966,,,,,,,,,,0.081,UP,0
6000,,,,,,,,,,0.085,UP,0
6033,,,,,,,,,,0.087,UP,0
6066,,,,,,,,,,0.09,UP,0
6100,,,,,,,,,,0.091,UP,0
6133,,,,,,,,,,0.091,UP,0
6166,,,,,,,,,,0.09,UP,0
6200,,,,,,,,,,0.09,UP,0
6233,,,,,,,,,,0.09,UP,0
6266,,,,,,,,,,0.092,UP,0
6300,,,,,,,,,,0.094,UP,0
6333,,,,,,,,,,0.096,UP,0
6366,,,,,,,,,,0.096,UP,0
6400,,,,,,,,,,0.095,UP,0
6433,,,,,,,,,,0.091,UP,0
6466,,,,,,,,,,0.086,UP,0
6500,,,,,,,,,,0.081,UP,0
6533,,,,,,,,,,0.08,UP,0
6566,,,,,,,,,,0.079,UP,0
6600,,,,,,,,,,0.078,UP,0
6633,,,,,,,,,,0.076,UP,0
6666,,,,,,,,,,0.075,UP,0
6700,,,,,,,,,,0.07,UP,0
6733,,,,,,,,,,0.065,UP,0
6766,,,,,,,,,,0.061,UP,0
6800,,,,,,,,,,0.058,UP,0
6833,,,,,,,,,,0.055,UP,0
6866,,,,,,,,,,0.053,UP,0
6900,,,,,,,,,,0.052,UP,0
6933,,,,,,,,,,0.054,UP,0
6966,,,,,,,,,,0.06,UP,0
7000,,,,,,,,,,0.072,UP,0
7033,,,,,,,,,,0.091,UP,0
7066,,,,,,,,,,0.111,UP,0
7100,,,,,,,,,,0.139,UP,0
7133,,,,,,,,,,0.17,UP,0
7166,,,,,,,,,,0.203,UP,0
7200,,,,,,,,,,0.239,UP,0
7233,,,,,,,,,,0.279,UP,0
7266,,,,,,,,,,0.322,UP,0
7300,,,,,,,,,,0.364,UP,0
7333,,,,,,,,,,0.409,UP,0
7366,,,,,,,,,,0.452,UP,0
7400,,,,,,,,,,0.496,UP,0
7433,174.1,173.9,174.0,174.0,166.7,170.7,168.7,168.7,4.5,0.537,UP,0
7466,174.6,176.4,175.5,174.8,165.8,169.0,167.4,168.1,4.1,0.577,UP,0
7500,174.7,174.8,174.8,174.8,165.3,169.4,167.4,167.8,4.1,0.614,UP,0
7533,174.4,176.4,175.4,174.9,163.6,169.0,166.3,167.4,3.5,0.646,UP,0
7566,174.3,177.7,176.0,175.1,163.8,167.7,165.8,167.1,3.5,0.675,UP,0
7600,175.4,175.3,175.4,175.4,162.5,170.5,166.5,166.7,0.7,0.701,UP,0
7633,176.1,174.7,175.4,175.4,163.7,166.9,165.3,166.2,0.7,0.724,UP,0
7666,177.0,172.3,174.6,175.3,167.4,161.8,164.6,165.7,0.8,0.742,UP,0
7700,178.5,173.8,176.1,175.5,169.9,159.9,164.9,165.4,0.6,0.757,UP,0
7733,175.5,168.2,171.8,174.7,166.4,164.7,165.6,165.4,0.9,0.769,UP,0
7766,175.6,172.5,174.0,174.4,165.1,167.8,166.5,165.4,1.8,0.78,UP,0
7800,178.6,177.2,177.9,174.9,170.7,169.7,170.2,166.4,0.6,0.79,UP,0
7833,179.7,176.6,178.1,175.6,172.2,167.7,169.9,167.4,0.5,0.801,UP,0
7866,174.4,171.7,173.1,175.0,166.4,171.4,168.9,168.2,2.2,0.813,UP,0
7900,178.7,172.1,175.4,175.7,172.9,159.5,166.2,168.3,6.1,0.813,UP,0
7933,177.7,178.8,178.3,176.6,166.1,168.1,167.1,168.5,10.0,0.806,UP,0
7966,179.0,170.6,174.8,175.9,167.9,167.4,167.7,168.0,9.1,0.8,UP,0
8000,170.5,171.8,171.1,174.5,166.3,169.3,167.8,167.5,4.3,0.791,UP,0
8033,164.5,166.5,165.5,173.0,168.1,172.2,170.1,167.8,1.1,0.78,UP,0
8066,165.7,162.3,164.0,170.7,168.9,171.9,170.4,168.6,2.0,0.78,UP,0
8100,168.0,163.8,165.9,168.3,170.2,175.1,172.7,169.7,3.6,0.786,UP,0
8133,165.5,179.5,172.5,167.8,166.3,170.2,168.2,169.8,3.7,0.794,UP,0
8166,165.1,178.8,172.0,168.0,164.6,163.9,164.3,169.1,3.6,0.804,UP,0
8200,169.7,179.1,174.4,169.8,165.5,165.9,165.7,168.2,3.2,0.818,UP,0
8233,169.1,179.0,174.1,171.8,163.2,166.9,165.0,167.2,2.9,0.832,UP,0
8266,171.9,179.6,175.7,173.7,163.7,165.5,164.6,165.6,2.6,0.846,UP,0
8300,172.0,179.3,175.7,174.4,163.3,165.1,164.2,164.7,2.3,0.857,UP,0
8333,171.4,166.8,169.1,173.8,163.0,160.5,161.7,164.2,1.6,0.867,UP,0
8366,176.1,170.5,173.3,173.6,163.4,163.9,163.6,163.8,0.5,0.876,UP,0
8400,179.3,170.1,174.7,173.7,166.0,163.4,164.7,163.8,0.7,0.883,UP,0
8433,177.4,171.1,174.2,173.4,165.2,164.1,164.7,163.8,1.5,0.889,UP,0
8466,177.7,170.3,174.0,173.1,166.3,163.6,164.9,163.9,1.5,0.895,UP,0
8500,177.9,170.2,174.1,174.1,167.1,163.4,165.3,164.6,1.0,0.9,UP,0
8533,177.7,170.8,174.3,174.2,166.7,162.4,164.6,164.8,0.8,0.904,UP,0
8566,177.7,172.1,174.9,174.3,166.6,162.7,164.7,164.8,0.8,0.908,UP,0
8600,176.0,171.9,174.0,174.2,165.7,162.7,164.2,164.7,0.6,0.911,UP,0
8633,176.1,171.3,173.7,174.2,165.9,163.0,164.5,164.6,0.8,0.915,UP,0
8666,177.8,171.3,174.5,174.3,165.4,162.6,164.0,164.4,0.9,0.919,UP,0
8700,177.4,172.0,174.7,174.4,164.3,164.3,164.3,164.3,1.6,0.923,UP,0
8733,177.3,170.7,174.0,174.2,162.9,165.1,164.0,164.2,1.8,0.926,UP,0
8766,177.5,171.5,174.5,174.3,163.0,164.9,163.9,164.1,1.6,0.928,UP,0
8800,177.8,172.2,175.0,174.5,162.7,165.2,163.9,164.0,1.7,0.929,UP,0
8833,176.2,172.8,174.5,174.5,160.7,165.5,163.1,163.9,2.1,0.93,UP,0
8866,175.9,172.8,174.4,174.5,159.9,166.4,163.2,163.6,3.0,0.93,UP,0
8900,174.2,173.6,173.9,174.4,157.9,167.7,162.8,163.4,4.3,0.931,UP,0
8933,173.6,171.9,172.8,174.1,156.3,168.2,162.2,163.1,5.8,0.932,UP,0
8966,173.9,173.4,173.7,173.8,156.1,169.2,162.6,162.8,6.5,0.934,UP,0
9000,174.0,171.4,172.7,173.5,155.9,170.7,163.3,162.8,6.8,0.936,UP,0
9033,173.8,174.2,174.0,173.4,155.9,171.8,163.8,163.0,6.7,0.938,UP,0
9066,172.3,170.4,171.3,172.9,156.8,170.4,163.6,163.1,4.5,0.939,UP,0
9100,169.6,173.6,171.6,172.7,156.2,167.3,161.8,163.0,2.1,0.94,UP,0
9133,169.7,175.8,172.7,172.5,158.5,166.7,162.6,163.0,0.2,0.94,UP,0
9166,168.9,177.5,173.2,172.6,158.6,167.8,163.2,163.0,1.1,0.937,UP,0
9200,170.1,178.0,174.1,172.6,159.2,167.9,163.6,162.9,1.8,0.934,UP,0
9233,173.1,178.3,175.7,173.5,159.6,167.5,163.5,162.9,2.3,0.929,UP,0
9266,173.8,178.0,175.9,174.3,159.7,167.3,163.5,163.3,2.2,0.922,UP,0
9300,172.2,177.3,174.7,174.7,157.8,167.3,162.5,163.3,1.6,0.912,UP,0
9333,170.4,176.1,173.2,174.7,157.9,166.6,162.3,163.1,1.5,0.905,UP,0
9366,166.3,174.8,170.6,174.0,155.2,165.7,160.5,162.5,1.2,0.9,UP,0
9400,168.7,171.3,170.0,172.9,156.0,163.2,159.6,161.7,0.2,0.896,UP,0
9433,172.0,169.7,170.8,171.9,160.5,160.0,160.2,161.0,1.0,0.896,UP,0
9466,172.7,169.2,170.9,171.1,161.2,160.1,160.7,160.7,0.5,0.898,UP,0
9500,172.5,168.5,170.5,170.6,162.6,159.6,161.1,160.4,0.7,0.901,UP,0
9533,171.0,168.3,169.6,170.4,162.3,158.9,160.6,160.5,0.8,0.902,UP,0
9566,169.2,168.5,168.8,170.1,159.9,158.7,159.3,160.4,0.1,0.902,UP,0
9600,158.1,159.2,158.7,167.7,153.6,153.4,153.5,159.1,0.5,0.903,UP,0
9633,141.7,149.8,145.7,162.7,141.2,148.9,145.1,155.9,0.0,0.904,UP,0
9666,132.3,146.3,139.3,156.4,128.6,143.9,136.3,151.0,1.7,0.902,UP,0
9700,127.5,151.9,139.7,150.4,124.2,149.4,136.8,146.2,2.1,0.897,UP,0
9733,122.7,129.6,126.1,141.9,118.3,141.5,129.9,140.3,4.0,0.888,UP,0
9766,102.3,92.6,97.5,129.7,98.3,123.3,110.8,131.8,4.7,0.874,UP,0
9800,85.9,50.1,68.0,114.1,84.9,124.7,104.8,123.7,4.4,0.85,DOWN,0
9833,73.7,48.1,60.9,98.4,74.6,111.2,92.9,115.0,3.4,0.824,DOWN,0
9866,74.5,53.1,63.8,83.3,76.3,113.4,94.8,106.6,3.5,0.799,DOWN,0
9900,79.6,64.1,71.8,72.4,82.4,115.7,99.0,100.5,3.6,0.774,DOWN,0
9933,90.2,85.7,87.9,70.5,92.3,122.0,107.2,99.7,3.4,0.751,DOWN,0
9966,95.7,94.2,95.0,75.9,97.7,124.0,110.8,101.0,3.1,0.736,BOTTOM,0
10000,112.6,113.4,113.0,86.3,115.1,134.5,124.8,107.3,2.7,0.728,BOTTOM,0
10033,124.6,134.4,129.5,99.4,128.3,138.2,133.2,115.0,1.7,0.726,BOTTOM,0
10066,132.4,138.5,135.4,112.2,135.0,141.2,138.1,122.8,1.1,0.729,BOTTOM,0
10100,138.3,140.6,139.4,122.5,140.7,143.0,141.9,129.8,0.8,0.738,BOTTOM,0
10133,144.1,140.0,142.1,131.9,145.3,144.7,145.0,136.6,1.1,0.753,BOTTOM,0
10166,150.0,146.3,148.2,138.9,149.7,148.6,149.2,141.5,0.7,0.769,BOTTOM,0
10200,161.8,154.8,158.3,144.7,156.0,153.7,154.9,145.8,0.7,0.786,DOWN,0
10233,175.4,156.9,166.1,150.8,161.7,158.3,160.0,150.2,1.0,0.802,DOWN,0
10266,178.2,177.6,177.9,158.5,163.4,156.6,160.0,153.8,0.5,0.816,DOWN,0
10300,178.2,174.8,176.5,165.4,162.5,159.0,160.7,157.0,0.4,0.829,DOWN,0
10333,177.9,176.0,177.0,171.2,162.4,161.4,161.9,159.5,0.0,0.84,DOWN,0
10366,179.6,174.2,176.9,174.9,163.7,161.4,162.6,161.0,0.2,0.849,DOWN,0
10400,178.5,174.5,176.5,177.0,164.7,161.7,163.2,161.7,0.2,0.858,DOWN,0
10433,177.5,174.7,176.1,176.6,165.3,161.6,163.5,162.4,0.4,0.865,UP,1
10466,178.3,175.9,177.1,176.7,165.2,162.5,163.8,163.0,0.6,0.871,UP,1
10500,179.7,174.9,177.3,176.8,164.6,162.2,163.4,163.3,0.5,0.875,UP,1
10533,179.3,174.2,176.7,176.7,164.6,161.9,163.3,163.4,0.5,0.878,UP,1
10566,178.3,175.5,176.9,176.8,165.0,162.6,163.8,163.6,0.5,0.879,UP,1
10600,178.3,176.5,177.4,177.1,164.8,163.2,164.0,163.7,0.4,0.879,UP,1
10633,177.9,176.9,177.4,177.1,164.7,163.7,164.2,163.7,0.3,0.879,UP,1
10666,178.2,176.4,177.3,177.1,164.0,164.1,164.0,163.9,0.0,0.879,UP,1
10700,178.1,175.7,176.9,177.2,163.5,164.0,163.7,164.0,0.3,0.881,UP,1
10733,178.3,175.6,177.0,177.2,163.2,163.9,163.6,163.9,0.4,0.884,UP,1
10766,178.4,176.0,177.2,177.2,163.7,164.1,163.9,163.9,0.3,0.889,UP,1
10800,178.3,176.0,177.1,177.1,164.1,164.3,164.2,163.9,0.3,0.894,UP,1
10833,178.1,176.4,177.2,177.1,164.7,164.3,164.5,164.0,0.2,0.898,UP,1
10866,178.0,177.1,177.5,177.2,165.0,164.3,164.6,164.2,0.0,0.902,UP,1
10900,177.3,177.2,177.3,177.3,165.4,163.5,164.5,164.3,0.2,0.905,UP,1
10933,177.3,176.7,177.0,177.2,165.2,163.2,164.2,164.4,0.2,0.908,UP,1
10966,176.3,176.1,176.2,177.0,165.7,162.8,164.3,164.4,0.2,0.91,UP,1
11000,176.2,172.7,174.5,176.5,165.7,161.7,163.7,164.2,0.2,0.913,UP,1
11033,177.7,171.4,174.5,175.9,165.1,161.3,163.2,164.0,0.2,0.916,UP,1
11066,177.8,170.4,174.1,175.3,164.6,160.5,162.5,163.6,0.2,0.919,UP,1
11100,178.9,170.2,174.5,174.8,164.2,160.6,162.4,163.2,0.1,0.921,UP,1
11133,179.7,168.5,174.1,174.3,163.7,159.9,161.8,162.7,0.1,0.923,UP,1
11166,177.8,167.3,172.5,174.0,163.2,159.3,161.3,162.2,0.2,0.925,UP,1
11200,174.4,170.4,172.4,173.5,162.1,156.8,159.4,161.5,0.2,0.924,UP,1
11233,171.3,171.2,171.2,173.0,160.6,154.5,157.5,160.5,0.3,0.924,UP,1
11266,157.9,147.6,152.7,168.6,158.0,152.8,155.4,159.1,0.6,0.923,UP,1
11300,151.0,145.5,148.3,163.4,152.3,146.8,149.5,156.6,1.0,0.922,UP,1
11333,136.1,140.4,138.2,156.6,138.0,148.4,143.2,153.0,0.0,0.918,UP,1
11366,123.8,124.6,124.2,146.9,125.7,136.4,131.1,147.3,0.4,0.911,UP,1
11400,120.6,108.3,114.5,135.6,119.5,136.5,128.0,141.4,0.9,0.898,UP,1
11433,99.6,90.6,95.1,124.0,98.7,133.4,116.0,133.6,0.2,0.878,UP,1
11466,90.1,60.0,75.0,109.4,89.9,125.2,107.5,125.2,1.1,0.847,DOWN,1
11500,79.0,51.6,65.3,94.8,81.1,116.0,98.6,116.2,0.7,0.813,DOWN,1
11533,71.2,43.4,57.3,81.4,74.5,109.5,92.0,108.4,0.5,0.776,DOWN,1
11566,76.2,46.8,61.5,70.8,79.8,107.3,93.5,101.5,0.5,0.739,DOWN,1
11600,81.7,62.6,72.1,66.3,86.1,99.3,92.7,96.9,0.4,0.707,DOWN,1
11633,88.6,69.8,79.2,67.1,96.0,105.5,100.8,95.5,0.3,0.685,BOTTOM,1
11666,93.4,81.4,87.4,71.5,99.1,109.5,104.3,96.7,0.5,0.669,BOTTOM,1
11700,104.9,88.9,96.9,79.4,111.1,116.3,113.7,101.0,0.6,0.66,BOTTOM,1
11733,115.2,106.1,110.7,89.3,121.1,125.5,123.3,107.0,0.8,0.659,BOTTOM,1
11766,122.9,119.2,121.0,99.0,125.5,130.8,128.2,114.0,0.2,0.662,BOTTOM,1
11800,133.4,133.0,133.2,109.8,134.0,134.2,134.1,120.7,0.5,0.67,BOTTOM,1
11833,139.1,144.7,141.9,120.7,138.5,140.4,139.5,127.7,0.8,0.678,BOTTOM,1
11866,151.4,150.7,151.0,131.6,148.5,142.7,145.6,134.1,1.3,0.692,BOTTOM,1
11900,159.2,151.4,155.3,140.5,155.0,144.4,149.7,139.4,1.4,0.709,BOTTOM,1
11933,164.8,162.7,163.8,149.0,156.4,152.1,154.2,144.6,0.7,0.726,DOWN,1
11966,171.4,166.7,169.1,156.2,160.2,151.8,156.0,149.0,0.8,0.744,DOWN,1
12000,177.1,172.9,175.0,162.8,163.4,153.9,158.7,152.8,2.7,0.765,DOWN,1
12033,177.6,166.9,172.2,167.1,163.1,152.1,157.6,155.2,2.1,0.781,DOWN,1
12066,177.9,168.7,173.3,170.7,161.8,154.6,158.2,156.9,1.2,0.794,DOWN,1
12100,179.6,173.3,176.5,173.2,162.3,157.7,160.0,158.1,0.7,0.805,DOWN,1
12133,178.2,177.9,178.1,175.0,162.8,159.1,161.0,159.1,0.4,0.814,UP,2
12166,178.0,178.1,178.0,175.6,163.1,161.3,162.2,159.8,0.2,0.82,UP,2
12200,177.6,175.6,176.6,176.5,163.6,160.7,162.1,160.7,0.3,0.827,UP,2
12233,177.3,175.0,176.2,177.1,164.1,160.7,162.4,161.5,0.1,0.834,UP,2
12266,176.2,175.0,175.6,176.9,166.0,161.0,163.5,162.2,0.4,0.842,UP,2
12300,176.0,175.9,176.0,176.5,166.5,160.9,163.7,162.8,0.4,0.85,UP,2
12333,174.7,175.1,174.9,175.9,167.2,161.4,164.3,163.2,0.4,0.859,UP,2
12366,174.5,175.2,174.8,175.5,167.2,162.3,164.8,163.7,0.1,0.867,UP,2
12400,175.6,176.0,175.8,175.4,167.1,162.9,165.0,164.3,0.0,0.874,UP,2
12433,178.0,175.6,176.8,175.7,165.8,162.5,164.2,164.4,0.1,0.878,UP,2
12466,179.4,175.4,177.4,176.0,165.7,162.3,164.0,164.4,0.2,0.882,UP,2
12500,178.2,176.4,177.3,176.4,165.3,160.2,162.8,164.1,0.1,0.886,UP,2
12533,174.0,175.9,174.9,176.4,164.1,156.4,160.3,163.2,0.8,0.885,UP,2
12566,163.9,164.4,164.2,174.1,159.1,152.5,155.8,161.4,0.6,0.885,UP,2
12600,152.5,161.2,156.8,170.1,150.5,151.9,151.2,158.8,0.3,0.886,UP,2
12633,148.3,144.7,146.5,163.9,146.4,146.6,146.5,155.3,0.2,0.883,UP,2
12666,140.1,139.3,139.7,156.4,138.8,149.3,144.0,151.5,0.3,0.871,UP,2
12700,117.8,79.9,98.8,141.2,119.8,132.8,126.3,144.8,0.2,0.858,UP,2
12733,99.7,77.0,88.4,126.1,104.6,121.6,113.1,136.2,0.7,0.837,UP,2
12766,76.3,52.7,64.5,107.6,81.8,107.8,94.8,125.0,0.1,0.809,UP,2
12800,71.5,49.8,60.7,90.4,77.5,109.2,93.4,114.3,0.0,0.78,DOWN,2
12833,74.6,57.2,65.9,75.7,82.4,109.6,96.0,104.7,0.2,0.755,DOWN,2
12866,78.6,73.1,75.9,71.1,87.5,113.7,100.6,99.6,0.2,0.732,DOWN,2
12900,87.0,89.7,88.4,71.1,96.4,116.9,106.6,98.3,0.5,0.715,DOWN,2
12933,97.3,96.5,96.9,77.6,105.5,120.7,113.1,101.9,0.8,0.704,DOWN,2
12966,113.6,118.6,116.1,88.6,120.6,133.7,127.2,108.7,0.9,0.695,BOTTOM,2
13000,120.3,124.0,122.1,99.9,127.2,136.3,131.8,115.9,0.2,0.691,BOTTOM,2
13033,130.9,128.9,129.9,110.7,136.0,136.9,136.5,123.0,0.1,0.691,BOTTOM,2
13066,139.6,135.3,137.4,120.5,143.3,140.9,142.1,130.1,0.4,0.696,BOTTOM,2
13100,150.2,147.4,148.8,130.9,149.5,151.9,150.7,137.6,1.4,0.706,BOTTOM,2
13133,156.7,161.8,159.3,139.5,150.8,159.2,155.0,143.2,3.2,0.722,BOTTOM,2
13166,166.8,176.2,171.5,149.4,158.5,157.6,158.1,148.5,1.9,0.74,DOWN,2
13200,173.4,175.9,174.6,158.3,162.3,159.7,161.0,153.4,1.9,0.758,DOWN,2
13233,176.0,175.9,176.0,166.0,164.4,160.6,162.5,157.5,1.7,0.776,DOWN,2
13266,176.5,179.2,177.9,171.8,165.7,161.8,163.8,160.1,1.9,0.791,DOWN,2
13300,178.5,179.3,178.9,175.8,166.1,162.5,164.3,161.9,2.6,0.807,DOWN,2
13333,179.2,179.5,179.4,177.3,167.9,161.2,164.6,163.2,2.6,0.821,DOWN,2
13366,179.5,175.3,177.4,177.9,166.8,161.5,164.1,163.9,3.1,0.834,UP,3
13400,179.9,178.0,179.0,178.5,166.6,165.9,166.2,164.6,3.3,0.846,UP,3
13433,179.7,176.8,178.3,178.6,166.1,168.6,167.3,165.3,3.0,0.857,UP,3
13466,176.1,178.1,177.1,178.2,165.0,170.8,167.9,166.0,3.0,0.866,UP,3
13500,173.6,179.7,176.6,177.7,164.8,172.1,168.5,166.8,2.2,0.872,UP,3
13533,174.7,179.1,176.9,177.6,166.5,171.5,169.0,167.8,1.2,0.879,UP,3
13566,174.3,179.6,176.9,177.2,165.5,169.9,167.7,168.1,0.5,0.885,UP,3
13600,178.1,179.6,178.8,177.3,168.7,169.2,168.9,168.4,0.4,0.89,UP,3
13633,179.5,178.8,179.2,177.7,169.8,168.7,169.3,168.7,0.9,0.895,UP,3
13666,176.0,179.6,177.8,177.9,170.6,169.2,169.9,169.0,1.8,0.901,UP,3
13700,172.0,179.4,175.7,177.7,170.5,169.0,169.7,169.1,2.9,0.905,UP,3
13733,171.7,180.0,175.8,177.5,168.2,172.0,170.1,169.6,1.2,0.907,UP,3
13766,170.3,174.4,172.4,176.2,168.6,168.6,168.6,169.5,2.5,0.908,UP,3
13800,175.5,174.7,175.1,175.4,171.8,167.7,169.7,169.6,3.0,0.907,UP,3
13833,176.9,175.0,175.9,175.0,172.4,166.8,169.6,169.6,3.5,0.904,UP,3
13866,176.5,175.6,176.1,175.1,172.3,166.5,169.4,169.5,3.7,0.897,UP,3
13900,177.9,175.6,176.8,175.2,172.2,166.8,169.5,169.4,3.6,0.887,UP,3
13933,178.4,177.8,178.1,176.4,172.0,169.1,170.5,169.8,2.8,0.874,UP,3
13966,178.6,178.4,178.5,177.1,175.2,169.1,172.2,170.2,2.9,0.858,UP,3
14000,179.9,179.6,179.7,177.8,173.8,170.4,172.1,170.7,1.8,0.843,UP,3
14033,177.2,176.9,177.0,178.0,175.6,165.6,170.6,171.0,2.9,0.834,UP,3
14066,172.0,177.4,174.7,177.6,170.6,167.0,168.8,170.8,1.4,0.827,UP,3
14100,146.0,173.1,159.6,173.9,167.8,165.3,166.5,170.0,0.4,0.819,UP,3
14133,172.4,174.5,173.4,172.9,166.2,170.1,168.2,169.2,2.1,0.812,UP,3
14166,176.6,170.7,173.7,171.7,169.3,169.2,169.3,168.7,2.5,0.801,UP,3
14200,179.2,171.0,175.1,171.3,165.1,168.3,166.7,167.9,1.8,0.79,UP,3
14233,178.2,173.9,176.0,171.6,166.5,169.2,167.9,167.7,0.7,0.779,UP,3
14266,178.2,176.3,177.3,175.1,167.9,169.9,168.9,168.2,0.7,0.772,UP,3
14300,174.5,175.6,175.1,175.4,166.4,169.2,167.8,168.1,0.4,0.764,UP,3
14333,173.5,165.2,169.4,174.6,166.5,159.7,163.1,166.9,1.6,0.759,UP,3
14366,175.2,161.3,168.2,173.2,166.8,160.1,163.4,166.2,1.7,0.746,UP,3
14400,179.9,164.2,172.1,172.4,171.3,161.0,166.2,165.9,2.9,0.731,UP,3
14433,179.7,166.8,173.2,171.6,172.6,162.6,167.6,165.6,4.1,0.71,UP,3
14466,178.2,171.2,174.7,171.5,169.1,160.7,164.9,165.1,4.7,0.69,UP,3
14500,177.2,165.7,171.4,171.9,169.7,160.0,164.9,165.4,3.2,0.663,UP,3
14533,178.2,163.7,170.9,172.5,173.8,156.5,165.1,165.7,3.2,0.631,UP,3
14566,144.9,123.5,134.2,164.9,173.0,143.0,158.0,164.1,3.3,0.595,UP,3
14600,143.6,117.8,130.7,156.4,164.6,118.5,141.5,158.9,3.0,0.566,UP,3
14633,163.3,129.4,146.3,150.7,165.5,127.3,146.4,155.2,4.9,0.537,UP,3
14666,177.0,171.0,174.0,151.2,173.4,158.9,166.2,155.4,8.1,0.508,UP,3
14700,,,,,,,,,,0.489,UP,3
14733,,,,,,,,,,0.475,UP,3
14766,,,,,,,,,,0.459,UP,3
14800,,,,,,,,,,0.445,UP,3
14833,,,,,,,,,,0.433,UP,3
14866,,,,,,,,,,0.419,UP,3
14900,,,,,,,,,,0.403,UP,3
14933,,,,,,,,,,0.386,UP,3
14966,,,,,,,,,,0.371,UP,3
15000,,,,,,,,,,0.357,UP,3
15033,,,,,,,,,,0.343,UP,3
15066,,,,,,,,,,0.33,UP,3
15100,,,,,,,,,,0.318,UP,3
15133,,,,,,,,,,0.305,UP,3
15166,,,,,,,,,,0.293,UP,3
15200,,,,,,,,,,0.283,UP,3
15233,,,,,,,,,,0.275,UP,3
15266,,,,,,,,,,0.267,UP,3
15300,,,,,,,,,,0.26,UP,3
15333,,,,,,,,,,0.256,UP,3
15366,,,,,,,,,,0.251,UP,3
15400,,,,,,,,,,0.248,UP,3
15433,,,,,,,,,,0.247,UP,3
15466,,,,,,,,,,0.246,UP,3
15500,,,,,,,,,,0.245,UP,3
15533,,,,,,,,,,0.245,UP,3
15566,,,,,,,,,,0.247,UP,3
15600,,,,,,,,,,0.249,UP,3
15633,,,,,,,,,,0.251,UP,3
15666,,,,,,,,,,0.25,UP,3
15700,,,,,,,,,,0.253,UP,3
15733,,,,,,,,,,0.26,UP,3
15766,,,,,,,,,,0.268,UP,3
15800,,,,,,,,,,0.282,UP,3
15833,,,,,,,,,,0.302,UP,3
15866,,,,,,,,,,0.325,UP,3
15900,,,,,,,,,,0.349,UP,3
15933,,,,,,,,,,0.376,UP,3
15966,,,,,,,,,,0.408,UP,3
16000,,,,,,,,,,0.441,UP,3
16033,,,,,,,,,,0.472,UP,3
16066,167.4,161.5,164.5,149.9,161.1,166.4,163.7,155.2,4.3,0.502,UP,3
16100,176.7,158.3,167.5,156.6,160.8,164.8,162.8,156.1,3.6,0.529,UP,3
16133,179.7,170.8,175.2,165.5,164.5,174.6,169.6,161.7,3.0,0.546,UP,3
16166,176.2,174.1,175.2,171.3,166.1,173.6,169.9,166.4,0.3,0.564,UP,3
16200,175.1,174.2,174.7,171.4,165.6,172.5,169.0,167.0,0.4,0.58,UP,3
16233,174.5,176.2,175.3,173.6,164.7,173.2,169.0,168.0,0.1,0.597,UP,3
16266,178.5,174.8,176.6,175.4,164.5,172.4,168.5,169.2,0.5,0.617,UP,3
16300,177.9,172.5,175.2,175.4,161.4,170.8,166.1,168.5,1.1,0.643,UP,3
16333,172.4,167.8,170.1,174.4,158.2,169.6,163.9,167.3,3.1,0.667,UP,3
16366,171.2,164.5,167.9,173.0,157.1,167.6,162.4,166.0,4.5,0.687,UP,3
16400,170.9,164.3,167.6,171.5,156.7,165.4,161.1,164.4,5.1,0.702,UP,3
16433,173.2,169.7,171.4,170.4,158.1,163.4,160.7,162.8,4.5,0.715,UP,3
16466,175.9,160.0,167.9,169.0,160.3,160.6,160.4,161.7,0.6,0.725,UP,3
16500,179.6,165.8,172.7,169.5,163.4,156.9,160.1,160.9,3.2,0.734,UP,3
16533,176.7,170.4,173.6,170.6,165.2,159.9,162.5,161.0,2.8,0.745,UP,3
16566,178.3,171.3,174.8,172.1,164.7,161.5,163.1,161.4,3.1,0.759,UP,3
16600,179.9,170.9,175.4,172.9,163.7,160.6,162.2,161.7,3.4,0.773,UP,3
16633,178.2,168.7,173.4,174.0,162.4,157.4,159.9,161.6,3.5,0.785,UP,3
16666,177.5,167.3,172.4,173.9,161.4,153.9,157.6,161.1,3.2,0.793,UP,3
16700,171.0,166.0,168.5,172.9,156.4,152.9,154.7,159.5,2.8,0.8,UP,3
16733,162.9,161.1,162.0,170.3,151.2,149.6,150.4,156.9,2.7,0.804,UP,3
16766,158.4,158.2,158.3,166.9,147.7,145.4,146.6,153.8,2.3,0.805,UP,3
16800,150.5,156.5,153.5,162.9,144.8,147.2,146.0,151.1,2.3,0.805,UP,3
16833,147.1,155.6,151.3,158.7,143.6,146.2,144.9,148.5,2.0,0.804,UP,3
16866,143.7,150.6,147.1,154.5,143.3,143.8,143.5,146.3,2.1,0.798,UP,3
16900,143.7,145.9,144.8,151.0,143.9,139.5,141.7,144.5,2.3,0.79,UP,3
16933,140.9,135.3,138.1,147.0,141.9,137.0,139.5,143.1,2.4,0.773,UP,3
16966,134.5,132.1,133.3,142.9,137.0,135.9,136.5,141.2,2.2,0.752,DOWN,3
17000,134.6,124.3,129.5,138.6,136.1,132.2,134.1,139.1,2.2,0.73,DOWN,3
17033,133.5,118.0,125.7,134.3,134.5,129.7,132.1,136.8,2.3,0.712,DOWN,3
17066,132.2,116.7,124.5,130.2,133.5,127.2,130.3,134.5,2.5,0.697,DOWN,3
17100,128.5,109.8,119.1,126.4,128.1,124.5,126.3,131.9,1.8,0.69,DOWN,3
17133,126.6,109.8,118.2,123.4,125.7,120.7,123.2,129.2,1.9,0.69,DOWN,3
17166,121.2,102.4,111.8,119.9,120.1,113.6,116.8,125.8,2.1,0.687,DOWN,3
17200,117.4,99.9,108.6,116.4,116.1,109.4,112.8,121.9,2.1,0.683,DOWN,3
17233,114.6,94.3,104.5,112.4,113.1,107.4,110.2,117.9,2.0,0.677,DOWN,3
17266,107.8,89.6,98.7,108.4,107.6,105.6,106.6,113.9,1.9,0.672,DOWN,3
17300,107.2,89.9,98.6,104.4,106.7,104.8,105.8,110.4,1.8,0.663,DOWN,3
17333,104.3,78.1,91.2,100.3,103.9,102.5,103.2,107.7,1.9,0.656,DOWN,3
17366,104.7,81.0,92.8,97.2,104.8,103.8,104.3,106.0,1.9,0.653,DOWN,3
17400,103.1,81.1,92.1,94.7,103.0,102.9,103.0,104.6,1.7,0.652,DOWN,3
17433,101.9,82.0,91.9,93.3,103.0,102.3,102.6,103.8,1.7,0.652,DOWN,3
17466,102.8,91.3,97.1,93.0,103.7,103.5,103.6,103.3,1.5,0.654,DOWN,3
17500,102.8,88.1,95.4,93.9,104.5,103.6,104.1,103.5,1.7,0.659,BOTTOM,3
17533,102.2,89.9,96.0,94.5,103.8,104.0,103.9,103.4,1.7,0.664,BOTTOM,3
17566,105.6,102.8,104.2,96.9,107.0,105.0,106.0,104.0,2.2,0.671,BOTTOM,3
17600,110.5,109.6,110.1,100.6,112.2,108.6,110.4,105.6,2.3,0.68,BOTTOM,3
17633,119.0,105.9,112.5,103.6,120.9,117.1,119.0,108.7,2.6,0.691,BOTTOM,3
17666,127.2,118.3,122.8,109.1,130.3,120.6,125.5,113.0,3.5,0.703,BOTTOM,3
17700,133.0,128.3,130.6,116.0,135.3,126.1,130.7,118.3,3.6,0.713,BOTTOM,3
17733,136.9,134.3,135.6,122.3,140.3,130.2,135.3,124.2,3.8,0.72,DOWN,3
17766,141.5,139.1,140.3,128.3,145.6,133.5,139.6,130.0,4.3,0.727,DOWN,3
17800,144.8,144.1,144.5,134.7,148.4,137.5,142.9,134.8,4.0,0.73,DOWN,3
17833,146.2,145.3,145.7,139.3,149.3,138.9,144.1,138.5,3.5,0.734,DOWN,3
17866,148.4,146.6,147.5,142.7,151.0,140.4,145.7,141.5,3.3,0.739,DOWN,3
17900,153.0,148.9,150.9,145.8,153.3,142.8,148.1,144.1,2.7,0.744,DOWN,3
17933,156.4,151.1,153.8,148.5,153.7,145.9,149.8,146.1,1.8,0.749,DOWN,3
17966,157.1,153.7,155.4,150.7,151.9,148.5,150.2,147.6,1.0,0.756,DOWN,3
18000,160.8,160.2,160.5,153.6,152.7,152.4,152.5,149.3,0.3,0.764,DOWN,3
18033,163.5,162.9,163.2,156.8,153.0,155.1,154.0,150.9,0.4,0.773,DOWN,3
18066,162.4,166.6,164.5,159.5,152.4,147.6,150.0,151.3,0.9,0.781,DOWN,3
18100,177.6,172.7,175.2,163.7,177.3,165.9,171.6,155.7,1.7,0.791,DOWN,3
18133,170.4,153.8,162.1,165.1,166.3,180.0,173.1,160.3,0.6,0.801,DOWN,3
18166,166.4,146.4,156.4,164.3,166.1,178.0,172.1,164.2,0.3,0.809,DOWN,3
18200,168.9,143.4,156.1,162.9,164.7,177.1,170.9,167.5,0.5,0.818,DOWN,3
18233,172.5,153.2,162.8,162.5,162.9,173.2,168.1,171.2,0.2,0.826,UP,4
18266,173.0,162.1,167.6,161.0,164.6,169.0,166.8,170.2,0.6,0.835,UP,4
18300,171.7,154.5,163.1,161.2,165.4,167.9,166.7,168.9,0.7,0.84,UP,4
18333,170.9,158.1,164.5,162.8,166.1,167.5,166.8,167.8,0.7,0.845,UP,4
18366,171.8,164.4,168.1,165.2,165.7,165.7,165.7,166.8,0.4,0.849,UP,4
18400,173.1,170.8,172.0,167.1,165.4,163.9,164.7,166.1,0.4,0.851,UP,4
18433,173.3,176.9,175.1,168.6,165.1,163.1,164.1,165.6,0.2,0.854,UP,4
18466,173.4,178.5,176.0,171.1,164.8,162.7,163.8,165.0,0.1,0.86,UP,4
18500,173.7,179.0,176.4,173.5,164.8,162.7,163.8,164.4,0.1,0.865,UP,4
18533,173.9,177.9,175.9,175.1,164.7,162.6,163.6,164.0,0.1,0.87,UP,4
18566,173.9,177.1,175.5,175.8,164.6,162.5,163.6,163.8,0.0,0.875,UP,4
18600,174.3,175.4,174.8,175.7,164.4,162.5,163.5,163.6,0.1,0.878,UP,4
18633,174.3,175.2,174.7,175.5,164.4,162.5,163.4,163.6,0.2,0.88,UP,4
18666,173.9,174.7,174.3,175.1,164.4,161.6,163.0,163.4,0.0,0.881,UP,4
18700,174.2,176.5,175.3,175.0,164.1,161.2,162.6,163.2,0.1,0.881,UP,4
18733,174.3,177.7,176.0,175.0,164.0,160.7,162.4,163.0,0.1,0.881,UP,4
18766,175.0,177.2,176.1,175.3,162.6,159.4,161.0,162.5,0.1,0.882,UP,4
18800,175.7,178.6,177.1,175.8,162.6,159.3,160.9,162.0,0.2,0.882,UP,4
18833,176.8,178.0,177.4,176.4,159.4,158.4,158.9,161.2,0.3,0.884,UP,4
18866,177.3,177.6,177.4,176.8,159.3,158.5,158.9,160.4,0.3,0.887,UP,4
18900,177.4,176.8,177.1,177.0,159.3,158.7,159.0,159.8,0.4,0.89,UP,4
18933,178.5,174.5,176.5,177.1,157.6,159.0,158.3,159.2,0.7,0.894,UP,4
18966,178.4,172.8,175.6,176.8,159.0,158.9,159.0,158.8,0.4,0.899,UP,4
19000,178.8,172.1,175.4,176.4,159.2,158.9,159.0,158.8,0.4,0.902,UP,4
19033,177.0,169.9,173.4,175.6,156.7,157.8,157.2,158.5,0.5,0.906,UP,4
19066,172.8,176.9,174.9,175.2,173.4,172.7,173.0,161.3,0.3,0.906,UP,4
19100,171.0,171.4,171.2,174.1,169.5,166.8,168.1,163.3,0.2,0.906,UP,4
19133,166.1,167.3,166.7,172.3,152.3,153.3,152.8,162.0,0.9,0.904,UP,4
19166,174.8,175.1,174.9,172.2,164.2,167.7,166.0,163.4,0.7,0.9,UP,4
19200,162.3,155.9,159.1,169.4,154.1,152.5,153.3,162.6,0.6,0.894,UP,4
19233,156.4,158.4,157.4,165.9,149.0,149.1,149.0,157.8,0.3,0.884,UP,4
19266,148.7,146.4,147.5,161.1,147.0,145.8,146.4,153.5,1.3,0.865,UP,4
19300,147.5,131.0,139.3,155.7,145.9,142.7,144.3,151.8,1.6,0.838,UP,4
19333,142.6,116.7,129.7,146.6,142.4,138.4,140.4,146.7,1.5,0.804,UP,4
19366,142.2,114.8,128.5,140.5,140.8,137.5,139.1,143.9,1.1,0.764,UP,4
19400,142.4,103.9,123.1,133.6,140.7,135.8,138.2,141.7,1.4,0.719,UP,4
19433,146.6,111.6,129.1,129.9,144.6,133.6,139.1,140.2,1.7,0.677,DOWN,4
19466,141.1,113.2,127.2,127.5,140.4,131.6,136.0,138.6,1.8,0.641,DOWN,4
19500,142.7,110.6,126.7,126.9,141.0,129.4,135.2,137.5,2.2,0.606,DOWN,4
19533,143.6,109.4,126.5,126.5,142.4,127.4,134.9,136.7,2.8,0.571,DOWN,4
19566,144.2,109.3,126.7,127.2,142.7,128.0,135.3,136.1,2.8,0.54,DOWN,4
19600,147.4,120.8,134.1,128.2,145.5,129.3,137.4,135.8,2.7,0.512,DOWN,4
19633,,,,,,,,,,0.485,DOWN,4
19666,,,,,,,,,,0.465,DOWN,4
19700,,,,,,,,,,0.452,DOWN,4
19733,,,,,,,,,,0.444,DOWN,4
19766,,,,,,,,,,0.442,DOWN,4
19800,,,,,,,,,,0.443,DOWN,4
19833,,,,,,,,,,0.446,DOWN,4
19866,,,,,,,,,,0.453,DOWN,4
19900,,,,,,,,,,0.467,DOWN,4
19933,,,,,,,,,,0.481,DOWN,4
19966,,,,,,,,,,0.495,DOWN,4
20000,150.3,135.4,142.8,131.4,149.2,140.6,144.9,137.5,1.5,0.509,DOWN,4
20033,155.2,142.1,148.6,135.8,150.9,144.0,147.5,140.0,1.2,0.521,DOWN,4
20066,155.6,147.9,151.7,140.8,149.8,147.8,148.8,142.8,0.4,0.531,DOWN,4
20100,157.9,157.3,157.6,147.0,150.0,152.6,151.3,146.0,0.2,0.542,DOWN,4
20133,157.5,156.5,157.0,151.6,145.7,153.8,149.7,148.4,1.5,0.557,DOWN,4
20166,157.8,166.3,162.1,155.4,154.6,143.4,149.0,149.3,4.0,0.578,DOWN,4
20200,176.9,165.6,171.3,159.9,169.7,169.1,169.4,153.7,3.4,0.599,DOWN,4
20233,170.3,178.5,174.4,164.5,173.8,168.8,171.3,158.2,2.4,0.622,DOWN,4
20266,173.9,176.2,175.1,168.0,154.7,158.0,156.4,159.2,0.0,0.647,DOWN,4
20300,167.7,177.4,172.6,171.1,153.3,159.4,156.4,160.5,0.8,0.672,DOWN,4
20333,173.8,178.2,176.0,173.9,152.9,160.4,156.6,162.0,0.8,0.694,DOWN,4
20366,171.3,179.7,175.5,174.7,151.7,161.1,156.4,159.4,1.0,0.715,UP,4
20400,168.1,176.0,172.1,174.2,150.3,159.5,154.9,156.1,0.8,0.734,UP,4
20433,174.5,168.3,171.4,173.5,164.4,154.5,159.4,156.7,1.6,0.75,UP,4
20466,171.0,176.0,173.5,173.7,152.6,168.1,160.3,157.5,2.3,0.764,UP,4
20500,176.2,175.5,175.9,173.7,163.5,156.3,159.9,158.2,1.9,0.777,UP,4
20533,173.4,154.5,164.0,171.4,179.1,169.3,174.2,161.7,2.1,0.788,UP,4
20566,177.7,179.8,178.8,172.7,163.5,156.7,160.1,162.8,1.2,0.8,UP,4
20600,177.6,173.6,175.6,173.5,160.3,153.0,156.6,162.2,1.2,0.809,UP,4
20633,175.8,167.3,171.5,173.2,162.3,153.4,157.8,161.7,1.3,0.819,UP,4
20666,174.6,165.5,170.0,172.0,162.0,153.6,157.8,161.3,1.1,0.828,UP,4
20700,175.6,170.3,172.9,173.8,162.5,155.1,158.8,158.2,0.7,0.838,UP,4
20733,180.0,178.6,179.3,173.9,167.5,173.9,170.7,160.3,0.1,0.845,UP,4
20766,177.9,177.7,177.8,174.3,158.3,164.1,161.2,161.3,0.2,0.852,UP,4
20800,176.7,177.6,177.2,175.4,158.5,158.1,158.3,161.4,0.6,0.858,UP,4
20833,176.7,178.8,177.7,177.0,162.1,159.3,160.7,161.9,0.2,0.862,UP,4
20866,175.3,179.4,177.3,177.9,162.4,159.8,161.1,162.4,0.7,0.866,UP,4
20900,176.1,176.7,176.4,177.3,161.3,158.4,159.9,160.2,1.1,0.869,UP,4
20933,177.7,174.2,175.9,176.9,159.4,158.5,158.9,159.8,1.6,0.873,UP,4
20966,177.6,169.0,173.3,176.1,160.4,157.3,158.8,159.9,1.8,0.875,UP,4
21000,177.3,170.9,174.1,175.4,161.3,161.4,161.4,160.0,2.2,0.878,UP,4
21033,174.5,171.3,172.9,174.5,150.4,162.0,156.2,159.0,2.9,0.88,UP,4
21066,176.6,171.6,174.1,174.1,154.6,164.4,159.5,159.0,1.7,0.881,UP,4
21100,175.8,167.9,171.8,173.3,155.6,161.6,158.6,158.9,0.8,0.879,UP,4
21133,172.0,164.3,168.1,172.2,155.2,159.1,157.2,158.6,0.3,0.875,UP,4
21166,169.9,164.2,167.0,170.8,154.7,157.0,155.8,157.5,0.0,0.87,UP,4
21200,166.2,161.5,163.8,169.0,153.5,156.2,154.8,157.2,0.1,0.863,UP,4
21233,162.5,155.8,159.2,166.0,151.0,146.9,149.0,155.1,0.3,0.855,UP,4
21266,156.4,155.4,155.9,162.8,148.2,143.4,145.8,152.5,1.2,0.848,UP,4
21300,150.3,130.6,140.4,157.3,147.6,142.4,145.0,150.1,3.0,0.831,UP,4
21333,141.2,102.6,121.9,148.2,144.3,171.6,157.9,150.5,6.2,0.799,UP,4
21366,128.9,55.2,92.0,133.9,131.4,137.4,134.4,146.4,7.3,0.759,UP,4
21400,108.7,44.1,76.4,117.3,113.8,108.5,111.1,138.8,6.6,0.708,UP,4
21433,95.2,40.1,67.6,99.7,98.5,104.1,101.3,130.0,4.9,0.65,DOWN,4
21466,86.3,27.9,57.1,83.0,89.7,91.6,90.7,119.1,2.8,0.594,DOWN,4
21500,72.9,59.7,66.3,71.9,80.9,83.4,82.1,103.9,2.7,0.55,DOWN,4
21533,53.0,41.4,47.2,62.9,75.7,65.9,70.8,91.2,1.6,0.517,DOWN,4
21566,,,,,,,,,,0.496,DOWN,4
21600,,,,,,,,,,0.487,DOWN,4
21633,,,,,,,,,,0.49,DOWN,4
21666,,,,,,,,,,0.499,DOWN,4
21700,82.6,51.3,66.9,61.0,89.6,73.5,81.6,85.3,1.7,0.513,DOWN,4
21733,87.7,50.2,68.9,61.3,89.9,75.6,82.7,81.6,2.1,0.527,DOWN,4
21766,88.1,47.9,68.0,63.5,89.1,74.7,81.9,79.8,2.6,0.539,DOWN,4
21800,90.9,47.1,69.0,64.0,91.9,77.6,84.7,80.3,2.6,0.546,DOWN,4
21833,92.2,44.2,68.2,68.2,92.3,78.5,85.4,83.3,2.7,0.549,BOTTOM,4
21866,91.6,46.2,68.9,68.6,90.9,80.8,85.9,84.1,2.6,0.55,BOTTOM,4
21900,99.3,59.3,79.3,70.7,98.1,94.4,96.2,86.8,1.7,0.55,BOTTOM,4
21933,106.1,68.0,87.1,74.5,104.0,105.5,104.7,91.4,0.0,0.547,BOTTOM,4
21966,116.2,64.2,90.2,78.7,114.8,120.4,117.6,98.0,0.0,0.541,BOTTOM,4
22000,127.9,75.7,101.8,85.5,127.3,125.5,126.4,106.2,0.9,0.533,BOTTOM,4
22033,136.4,90.8,113.6,94.4,135.6,130.8,133.2,115.6,1.5,0.52,BOTTOM,4
22066,142.3,123.4,132.8,105.1,143.1,136.7,139.9,124.4,2.0,0.506,BOTTOM,4
22100,,,,,,,,,,0.499,BOTTOM,4
22133,167.8,158.8,163.3,120.3,154.8,144.4,149.6,133.3,2.0,0.505,BOTTOM,4
22166,163.5,164.0,163.8,135.1,153.7,152.1,152.9,140.4,2.2,0.521,BOTTOM,4
22200,167.9,164.8,166.4,148.0,159.6,150.6,155.1,146.1,2.7,0.549,BOTTOM,4
22233,179.9,170.8,175.4,160.3,161.1,163.9,162.5,152.0,1.3,0.583,BOTTOM,4
22266,174.6,172.9,173.7,168.5,157.3,156.7,157.0,155.4,0.3,0.616,DOWN,4
22300,173.8,170.0,171.9,170.2,158.3,154.7,156.5,156.8,0.3,0.646,DOWN,4
22333,175.5,169.7,172.6,172.0,159.8,154.2,157.0,157.6,0.3,0.671,DOWN,4
22366,176.4,169.4,172.9,173.3,160.1,154.0,157.1,158.0,0.3,0.693,DOWN,4
22400,175.6,170.1,172.9,172.8,160.0,155.1,157.5,157.0,0.3,0.713,DOWN,4
22433,175.8,172.1,174.0,172.8,161.3,155.4,158.4,157.3,0.5,0.731,UP,5
22466,177.7,170.6,174.2,173.3,161.1,154.5,157.8,157.6,0.6,0.747,UP,5
22500,178.0,170.9,174.5,173.7,161.5,154.4,158.0,157.8,0.7,0.763,UP,5
22533,175.3,163.8,169.5,173.0,160.5,151.7,156.1,157.6,1.2,0.778,UP,5
22566,162.2,170.4,166.3,171.7,151.6,159.3,155.4,157.1,0.6,0.792,UP,5
22600,153.0,166.4,159.7,168.8,149.2,157.0,153.1,156.1,1.1,0.806,UP,5
22633,173.4,153.9,163.6,166.7,172.3,149.7,161.0,156.7,1.1,0.815,UP,5
22666,147.1,122.9,135.0,158.8,145.1,136.1,140.6,153.2,1.5,0.82,UP,5
22700,137.6,108.7,123.2,149.6,144.6,136.8,140.7,150.2,2.0,0.817,UP,5
22733,130.6,102.6,116.6,139.6,139.0,134.4,136.7,146.4,1.7,0.809,UP,5
22766,136.2,111.0,123.6,132.4,141.6,138.1,139.8,143.8,1.8,0.794,UP,5
22800,138.4,100.7,119.6,123.6,141.8,135.5,138.6,139.3,1.9,0.774,DOWN,5
22833,125.7,92.7,109.2,118.4,134.8,131.9,133.3,137.8,1.7,0.748,DOWN,5
22866,129.9,95.2,112.5,116.3,136.2,129.6,132.9,136.3,2.0,0.725,DOWN,5
22900,133.0,98.7,115.8,116.1,137.2,131.2,134.2,135.8,1.9,0.701,DOWN,5
22933,132.3,100.7,116.5,114.7,136.2,131.1,133.6,134.5,1.8,0.68,DOWN,5
22966,131.9,89.8,110.9,113.0,135.0,128.5,131.8,133.2,1.8,0.662,DOWN,5
23000,133.8,84.2,109.0,112.9,136.1,127.3,131.7,132.8,2.1,0.645,DOWN,5
23033,132.7,83.1,107.9,112.0,135.5,126.8,131.1,132.5,2.1,0.626,DOWN,5
23066,133.5,81.5,107.5,110.4,136.8,126.3,131.5,132.0,2.6,0.607,DOWN,5
23100,133.6,97.6,115.6,110.2,137.6,127.9,132.7,131.8,2.5,0.588,DOWN,5
23133,133.5,100.4,116.9,111.4,137.6,128.0,132.8,132.0,2.4,0.574,DOWN,5
23166,133.6,98.2,115.9,112.8,138.1,127.8,132.9,132.2,2.5,0.564,DOWN,5
23200,133.1,97.6,115.3,114.3,138.1,129.3,133.7,132.7,2.3,0.557,DOWN,5
23233,135.4,101.2,118.3,116.4,140.2,130.6,135.4,133.5,2.2,0.555,DOWN,5
23266,137.6,103.4,120.5,117.4,142.9,133.7,138.3,134.6,2.2,0.556,DOWN,5
23300,135.5,103.1,119.3,117.9,142.5,135.9,139.2,135.9,2.1,0.557,DOWN,5
23333,137.5,100.4,118.9,118.5,144.9,137.9,141.4,137.6,2.1,0.554,DOWN,5
23366,138.3,96.9,117.6,118.9,145.9,138.9,142.4,139.3,2.1,0.551,DOWN,5
23400,139.0,102.2,120.6,119.4,146.5,140.7,143.6,141.0,2.0,0.546,DOWN,5
23433,149.4,119.2,134.3,122.2,152.4,143.8,148.1,142.9,1.9,0.539,DOWN,5
23466,155.2,136.4,145.8,127.5,155.8,146.6,151.2,145.3,1.6,0.534,DOWN,5
23500,161.3,137.9,149.6,133.6,158.3,147.4,152.8,147.6,1.0,0.536,DOWN,5
23533,165.4,150.1,157.7,141.6,159.8,151.2,155.5,150.2,0.3,0.545,DOWN,5
23566,168.8,156.2,162.5,150.0,157.9,151.8,154.9,152.5,0.7,0.559,DOWN,5
23600,178.5,155.1,166.8,156.5,169.0,157.7,163.3,155.5,1.9,0.579,DOWN,5
23633,168.1,157.3,162.7,159.9,161.1,159.7,160.4,157.4,1.8,0.599,DOWN,5
23666,168.9,160.2,164.6,162.9,158.8,159.8,159.3,158.7,1.8,0.62,DOWN,5
23700,173.9,166.4,170.1,165.3,159.8,160.4,160.1,159.6,1.3,0.642,DOWN,5
23733,176.8,167.7,172.3,167.3,162.2,160.2,161.2,160.9,0.9,0.664,DOWN,5
23766,178.9,168.4,173.6,168.7,162.6,160.0,161.3,160.4,1.1,0.685,DOWN,5
23800,179.7,174.0,176.8,171.5,162.9,162.4,162.7,160.9,1.1,0.705,UP,5
23833,176.8,173.7,175.3,173.6,164.6,161.7,163.2,161.7,0.8,0.723,UP,5
23866,177.4,177.9,177.6,175.1,163.9,161.3,162.6,162.2,0.8,0.74,UP,5
23900,177.0,176.5,176.8,176.0,164.0,161.0,162.5,162.4,0.9,0.757,UP,5
23933,176.8,178.3,177.6,176.8,163.7,162.1,162.9,162.8,1.0,0.771,UP,5
23966,176.7,176.9,176.8,176.8,163.4,161.6,162.5,162.7,1.1,0.785,UP,5
24000,176.4,174.8,175.6,176.9,163.6,161.8,162.7,162.6,1.1,0.799,UP,5
24033,176.0,177.6,176.8,176.7,163.7,161.6,162.6,162.6,1.2,0.812,UP,5
24066,176.2,178.5,177.3,176.8,163.5,163.2,163.4,162.8,1.1,0.824,UP,5
24100,175.9,178.1,177.0,176.7,163.7,163.0,163.4,162.9,1.1,0.836,UP,5
24133,176.3,179.9,178.1,177.0,163.7,163.1,163.4,163.1,1.1,0.846,UP,5
24166,176.8,177.8,177.3,177.3,163.6,162.8,163.2,163.2,1.0,0.855,UP,5
24200,177.4,179.6,178.5,177.6,163.3,162.2,162.7,163.2,0.9,0.863,UP,5
24233,176.6,179.4,178.0,177.8,163.7,162.0,162.8,163.1,0.9,0.87,UP,5
24266,177.5,179.1,178.3,178.0,163.6,161.9,162.7,163.0,0.6,0.875,UP,5
24300,179.0,179.2,179.1,178.2,162.9,162.5,162.7,162.8,0.6,0.878,UP,5
24333,179.4,176.0,177.7,178.3,162.9,162.5,162.7,162.7,0.5,0.88,UP,5
24366,179.1,175.0,177.0,178.0,162.8,162.6,162.7,162.7,0.7,0.882,UP,5
24400,179.1,176.0,177.6,177.9,162.7,163.4,163.0,162.8,0.7,0.884,UP,5
24433,177.8,176.7,177.2,177.7,162.9,163.2,163.0,162.8,0.6,0.883,UP,5
24466,177.0,174.9,175.9,177.1,163.4,162.9,163.2,162.9,0.6,0.883,UP,5
24500,177.1,177.9,177.5,177.1,163.9,163.6,163.8,163.1,0.3,0.884,UP,5
24533,176.4,177.1,176.7,177.0,164.0,163.5,163.8,163.4,0.3,0.885,UP,5
24566,176.4,175.9,176.1,176.7,163.9,162.7,163.3,163.4,0.4,0.886,UP,5
24600,176.2,177.2,176.7,176.6,163.9,162.8,163.4,163.5,0.5,0.888,UP,5
24633,176.5,177.7,177.1,176.8,163.5,163.0,163.3,163.5,0.6,0.89,UP,5
24666,176.6,176.3,176.4,176.6,163.3,162.7,163.0,163.4,0.7,0.891,UP,5
24700,175.7,177.6,176.6,176.6,163.5,162.6,163.0,163.2,0.7,0.891,UP,5
24733,175.7,176.4,176.0,176.6,163.4,161.7,162.5,163.0,0.7,0.889,UP,5
24766,175.8,176.4,176.1,176.5,163.4,162.0,162.7,162.9,0.8,0.886,UP,5
24800,175.8,176.3,176.0,176.3,163.5,161.7,162.6,162.8,0.8,0.882,UP,5
24833,175.8,170.2,173.0,175.6,163.5,160.9,162.2,162.6,0.7,0.875,UP,5
24866,176.3,178.2,177.3,175.7,163.4,160.2,161.8,162.4,0.7,0.864,UP,5
24900,179.3,174.1,176.7,175.8,160.4,157.6,159.0,161.6,0.8,0.853,UP,5
24933,168.7,164.9,166.8,174.0,160.9,159.2,160.0,161.1,0.6,0.845,UP,5
24966,177.0,167.2,172.1,173.2,156.4,153.1,154.8,159.6,1.0,0.839,UP,5
25000,173.4,163.9,168.7,172.3,154.8,151.2,153.0,157.7,0.1,0.836,UP,5
25033,156.1,151.1,153.6,167.6,162.8,178.5,170.6,159.5,2.3,0.835,UP,5
25066,161.0,141.7,151.3,162.5,153.6,141.9,147.7,157.2,1.5,0.83,UP,5
25100,150.1,133.0,141.5,157.5,147.3,140.1,143.7,154.0,0.9,0.823,UP,5
25133,144.8,118.4,131.6,149.4,143.3,140.3,141.8,151.4,1.2,0.808,UP,5
25166,143.6,130.9,137.2,143.1,142.0,135.5,138.8,148.5,1.1,0.791,UP,5
25200,148.1,121.2,134.7,139.3,146.9,134.3,140.6,142.5,1.4,0.773,UP,5
25233,144.4,112.5,128.4,134.7,145.1,132.9,139.0,140.8,1.8,0.755,DOWN,5
25266,139.3,109.5,124.4,131.3,141.8,133.5,137.7,139.6,1.7,0.73,DOWN,5
25300,138.4,102.1,120.3,129.0,141.5,131.5,136.5,138.5,1.9,0.708,DOWN,5
25333,138.0,101.1,119.5,125.5,140.7,131.2,136.0,138.0,2.1,0.682,DOWN,5
25366,134.1,97.2,115.7,121.7,138.0,131.7,134.9,136.8,2.0,0.65,DOWN,5
25400,135.0,99.3,117.1,119.4,138.6,131.9,135.2,136.0,2.2,0.621,DOWN,5
25433,135.3,98.3,116.8,117.9,138.4,130.9,134.7,135.4,2.3,0.597,DOWN,5
25466,137.5,99.7,118.6,117.6,140.1,131.2,135.6,135.3,2.3,0.576,DOWN,5
25500,137.0,100.0,118.5,117.3,139.2,130.9,135.1,135.1,2.3,0.561,DOWN,5
25533,138.5,99.3,118.9,118.0,140.7,130.2,135.5,135.2,2.5,0.55,DOWN,5
25566,137.5,99.7,118.6,118.3,139.8,129.3,134.6,135.1,2.6,0.538,DOWN,5
25600,136.8,93.4,115.1,117.9,140.1,128.5,134.3,135.0,2.7,0.525,DOWN,5
25633,136.9,94.5,115.7,117.4,140.2,128.6,134.4,134.8,2.7,0.511,DOWN,5
25666,,,,,,,,,,0.499,DOWN,5
25700,,,,,,,,,,0.492,DOWN,5
25733,,,,,,,,,,0.486,DOWN,5
25766,,,,,,,,,,0.484,DOWN,5
25800,,,,,,,,,,0.483,DOWN,5
25833,,,,,,,,,,0.484,DOWN,5
25866,,,,,,,,,,0.477,DOWN,5
25900,,,,,,,,,,0.468,DOWN,5
25933,,,,,,,,,,0.457,DOWN,5
25966,,,,,,,,,,0.441,DOWN,5
26000,,,,,,,,,,0.423,DOWN,5
26033,,,,,,,,,,0.407,DOWN,5
26066,,,,,,,,,,0.4,DOWN,5
26100,,,,,,,,,,0.396,DOWN,5
26133,,,,,,,,,,0.4,DOWN,5
26166,,,,,,,,,,0.405,DOWN,5
26200,,,,,,,,,,0.414,DOWN,5
26233,,,,,,,,,,0.415,DOWN,5
26266,,,,,,,,,,0.414,DOWN,5
26300,,,,,,,,,,0.405,DOWN,5
26333,,,,,,,,,,0.394,DOWN,5
26366,,,,,,,,,,0.379,DOWN,5
26400,,,,,,,,,,0.363,DOWN,5
26433,,,,,,,,,,0.347,DOWN,5
26466,,,,,,,,,,0.333,DOWN,5
26500,,,,,,,,,,0.32,DOWN,5
26533,,,,,,,,,,0.307,DOWN,5
26566,,,,,,,,,,0.298,DOWN,5
26600,,,,,,,,,,0.289,DOWN,5
26633,,,,,,,,,,0.281,DOWN,5
26666,,,,,,,,,,0.275,DOWN,5
26700,,,,,,,,,,0.271,DOWN,5
26733,,,,,,,,,,0.265,DOWN,5
26766,,,,,,,,,,0.26,DOWN,5
26800,,,,,,,,,,0.256,DOWN,5
26833,,,,,,,,,,0.253,DOWN,5
26866,,,,,,,,,,0.248,DOWN,5
26900,,,,,,,,,,0.246,DOWN,5
26933,,,,,,,,,,0.244,DOWN,5
26966,,,,,,,,,,0.242,DOWN,5
27000,,,,,,,,,,0.241,DOWN,5
27033,,,,,,,,,,0.241,DOWN,5
27066,,,,,,,,,,0.243,DOWN,5
27100,,,,,,,,,,0.246,DOWN,5
27133,,,,,,,,,,0.251,DOWN,5
27166,,,,,,,,,,0.257,DOWN,5
27200,,,,,,,,,,0.259,DOWN,5
27233,,,,,,,,,,0.26,DOWN,5
27266,,,,,,,,,,0.259,DOWN,5
27300,,,,,,,,,,0.257,DOWN,5
27333,,,,,,,,,,0.251,DOWN,5
27366,,,,,,,,,,0.246,DOWN,5
27400,,,,,,,,,,0.238,DOWN,5
27433,,,,,,,,,,0.23,DOWN,5
27466,,,,,,,,,,0.221,DOWN,5
27500,,,,,,,,,,0.214,DOWN,5
27533,,,,,,,,,,0.209,DOWN,5
27566,,,,,,,,,,0.204,DOWN,5
27600,,,,,,,,,,0.199,DOWN,5
27633,,,,,,,,,,0.194,DOWN,5
27666,,,,,,,,,,0.189,DOWN,5
27700,,,,,,,,,,0.184,DOWN,5
27733,,,,,,,,,,0.18,DOWN,5
27766,,,,,,,,,,0.177,DOWN,5
27800,,,,,,,,,,0.176,DOWN,5
27833,,,,,,,,,,0.177,DOWN,5
27866,,,,,,,,,,0.18,DOWN,5
27900,,,,,,,,,,0.185,DOWN,5
27933,,,,,,,,,,0.19,DOWN,5
27966,,,,,,,,,,0.195,DOWN,5
28000,,,,,,,,,,0.199,DOWN,5
28033,,,,,,,,,,0.205,DOWN,5
28066,,,,,,,,,,0.213,DOWN,5
28100,,,,,,,,,,0.222,DOWN,5
28133,,,,,,,,,,0.232,DOWN,5
28166,,,,,,,,,,0.245,DOWN,5
28200,,,,,,,,,,0.256,DOWN,5
28233,,,,,,,,,,0.271,DOWN,5
28266,,,,,,,,,,0.289,DOWN,5
28300,,,,,,,,,,0.31,DOWN,5
28333,,,,,,,,,,0.329,DOWN,5
28366,,,,,,,,,,0.353,DOWN,5
28400,,,,,,,,,,0.378,DOWN,5
28433,,,,,,,,,,0.404,DOWN,5
28466,,,,,,,,,,0.429,DOWN,5
28500,,,,,,,,,,0.46,DOWN,5
28533,,,,,,,,,,0.487,DOWN,5
28566,77.0,48.7,62.9,106.2,63.0,67.9,65.4,120.8,3.2,0.504,DOWN,5
28600,82.2,52.7,67.4,95.9,70.8,72.1,71.4,108.0,2.8,0.514,DOWN,5
28633,98.4,65.9,82.2,88.7,89.8,83.9,86.9,98.5,1.3,0.522,DOWN,5
28666,111.1,81.7,96.4,84.9,103.2,98.7,100.9,91.8,0.1,0.519,DOWN,5
28700,113.4,70.7,92.1,80.2,107.7,105.8,106.8,86.3,1.8,0.509,DOWN,5
28733,,,,,,,,,,0.494,DOWN,5
28766,,,,,,,,,,0.482,DOWN,5
28800,,,,,,,,,,0.464,DOWN,5
28833,,,,,,,,,,0.447,DOWN,5
28866,,,,,,,,,,0.437,DOWN,5
28900,,,,,,,,,,0.436,DOWN,5
28933,,,,,,,,,,0.438,DOWN,5
28966,,,,,,,,,,0.45,DOWN,5
29000,,,,,,,,,,0.469,DOWN,5
29033,,,,,,,,,,0.492,DOWN,5
29066,179.7,178.4,179.0,103.4,164.0,162.7,163.4,105.9,0.8,0.515,DOWN,5
29100,176.6,175.0,175.8,125.1,167.0,165.9,166.4,124.9,0.1,0.544,DOWN,5
29133,174.3,175.1,174.7,143.6,167.8,164.1,165.9,140.7,0.0,0.572,DOWN,5
29166,173.4,174.2,173.8,159.1,167.8,164.9,166.4,153.8,0.3,0.602,DOWN,5
29200,175.1,173.6,174.4,175.5,166.4,163.5,164.9,165.4,0.4,0.63,DOWN,5
29233,175.6,173.6,174.6,174.7,166.0,162.3,164.2,165.6,0.3,0.658,DOWN,5
29266,173.3,174.5,173.9,174.3,166.9,162.6,164.7,165.2,0.4,0.683,DOWN,5
29300,173.7,175.1,174.4,174.2,166.3,162.8,164.5,165.0,0.4,0.706,DOWN,5
29333,173.3,174.5,173.9,174.2,166.5,162.2,164.4,164.6,0.2,0.726,UP,5
29366,173.0,175.2,174.1,174.2,166.7,163.3,165.0,164.6,0.1,0.743,UP,5
29400,172.7,178.9,175.8,174.4,167.3,163.2,165.2,164.8,0.1,0.759,UP,5
29433,172.6,178.7,175.7,174.8,167.4,162.8,165.1,164.9,0.2,0.772,UP,5
29466,172.6,177.8,175.2,174.9,167.4,162.8,165.1,165.0,0.2,0.784,UP,5
29500,172.1,176.7,174.4,175.0,167.2,162.7,164.9,165.1,0.2,0.795,UP,5
29533,173.2,177.6,175.4,175.3,166.8,163.2,165.0,165.1,0.0,0.807,UP,5
29566,171.7,177.3,174.5,175.0,167.2,163.4,165.3,165.1,0.2,0.817,UP,5
29600,172.3,177.6,175.0,174.9,166.5,164.0,165.3,165.1,0.6,0.827,UP,5
29633,173.5,175.7,174.6,174.8,165.3,164.6,164.9,165.1,1.3,0.832,UP,5
29666,174.0,171.8,172.9,174.5,164.2,164.7,164.4,165.0,1.7,0.836,UP,5
29700,174.2,172.9,173.6,174.1,163.5,165.3,164.4,164.9,2.2,0.839,UP,5
29733,174.5,168.9,171.7,173.5,163.0,167.0,165.0,164.8,2.7,0.838,UP,5
29766,174.4,172.0,173.2,173.2,162.9,168.2,165.6,164.9,2.8,0.838,UP,5
29800,172.6,175.4,174.0,173.1,163.5,168.6,166.0,165.1,3.2,0.84,UP,5
29833,172.3,174.3,173.3,173.1,163.9,169.0,166.5,165.5,3.5,0.841,UP,5
29866,172.3,175.1,173.7,173.2,163.6,168.9,166.2,165.9,3.8,0.842,UP,5
29900,174.1,178.6,176.3,174.1,163.4,170.1,166.8,166.2,4.7,0.846,UP,5
29933,174.8,174.4,174.6,174.4,164.2,165.0,164.6,166.0,5.0,0.849,UP,5
29966,176.9,172.9,174.9,174.6,165.0,161.5,163.3,165.5,4.9,0.853,UP,5
30000,174.4,168.7,171.5,174.2,168.4,157.0,162.7,164.7,3.7,0.857,UP,5
30033,174.2,168.0,171.1,173.7,169.3,156.9,163.1,164.1,3.8,0.859,UP,5
30066,174.5,164.7,169.6,172.4,168.1,157.5,162.8,163.3,4.6,0.862,UP,5
30100,176.1,168.5,172.3,171.9,168.0,163.1,165.5,163.5,4.4,0.866,UP,5
30133,175.2,172.8,174.0,171.7,168.6,167.8,168.2,164.5,4.3,0.868,UP,5
30166,174.9,173.7,174.3,172.3,170.2,170.9,170.6,166.0,3.5,0.869,UP,5
30200,173.9,173.1,173.5,172.7,172.3,173.3,172.8,168.0,2.5,0.864,UP,5
30233,174.9,175.5,175.2,173.9,172.4,173.1,172.8,170.0,2.4,0.854,UP,5
30266,176.2,178.1,177.2,174.8,172.9,171.7,172.3,171.3,0.9,0.843,UP,5
30300,176.6,177.1,176.9,175.4,174.3,169.3,171.8,172.0,1.2,0.83,UP,5
30333,179.2,175.4,177.3,176.0,174.5,167.2,170.9,172.1,3.4,0.821,UP,5
30366,178.7,174.0,176.3,176.6,173.8,164.2,169.0,171.3,4.5,0.817,UP,5
30400,177.9,173.5,175.7,176.7,173.3,164.6,169.0,170.6,4.6,0.818,UP,5
30433,175.6,177.0,176.3,176.5,175.1,167.6,171.4,170.4,4.1,0.814,UP,5
30466,175.7,175.8,175.7,176.3,178.1,168.2,173.2,170.7,4.2,0.805,UP,5
30500,178.9,174.7,176.8,176.2,176.1,166.5,171.3,170.8,2.7,0.79,UP,5
30533,177.5,175.9,176.7,176.3,176.9,165.7,171.3,171.2,2.7,0.771,UP,5
30566,175.6,175.4,175.5,176.2,175.5,165.4,170.5,171.5,2.5,0.748,UP,5
30600,177.8,179.7,178.8,176.7,172.4,168.0,170.2,171.3,0.7,0.734,UP,5
30633,168.9,173.8,171.4,175.8,172.1,172.9,172.5,171.2,3.1,0.721,UP,5
30666,179.1,162.8,170.9,174.7,178.2,173.6,175.9,172.1,3.5,0.711,UP,5
30700,163.5,161.7,162.6,171.8,169.6,169.8,169.7,171.7,4.7,0.703,UP,5
30733,163.1,172.1,167.6,170.3,165.5,168.2,166.9,171.0,4.3,0.698,UP,5
30766,172.5,171.5,172.0,168.9,167.0,166.2,166.6,170.3,3.9,0.692,UP,5
30800,175.6,172.2,173.9,169.4,166.5,165.3,165.9,169.0,3.1,0.689,UP,5
30833,178.1,172.3,175.2,170.3,166.8,165.3,166.1,167.0,2.8,0.682,UP,5
30866,179.2,172.2,175.7,172.9,167.5,160.8,164.1,165.9,1.0,0.672,UP,5
30900,178.2,172.9,175.5,174.5,175.2,160.9,168.1,166.2,1.8,0.65,UP,5
30933,175.9,172.7,174.3,174.9,169.1,163.7,166.4,166.1,3.3,0.618,UP,5
30966,171.1,178.4,174.7,175.1,173.1,162.1,167.6,166.5,3.1,0.579,UP,5
31000,166.3,176.0,171.2,174.3,171.5,164.1,167.8,166.8,2.4,0.54,UP,5
31033,,,,,,,,,,0.497,UP,5
31066,,,,,,,,,,0.459,UP,5
31100,,,,,,,,,,0.429,UP,5
31133,,,,,,,,,,0.402,UP,5
31166,,,,,,,,,,0.378,UP,5
31200,,,,,,,,,,0.356,UP,5
31233,,,,,,,,,,0.336,UP,5
31266,,,,,,,,,,0.314,UP,5
31300,,,,,,,,,,0.295,UP,5
31333,,,,,,,,,,0.276,UP,5
31366,,,,,,,,,,0.261,UP,5
31400,,,,,,,,,,0.247,UP,5
31433,,,,,,,,,,0.234,UP,5
31466,,,,,,,,,,0.223,UP,5
31500,,,,,,,,,,0.215,UP,5
31533,,,,,,,,,,0.207,UP,5
31566,,,,,,,,,,0.2,UP,5
31600,,,,,,,,,,0.196,UP,5
31633,,,,,,,,,,0.193,UP,5
31666,,,,,,,,,,0.191,UP,5
31700,,,,,,,,,,0.19,UP,5
31733,,,,,,,,,,0.189,UP,5
31766,,,,,,,,,,0.186,UP,5
31800,,,,,,,,,,0.183,UP,5
31833,,,,,,,,,,0.182,UP,5
31866,,,,,,,,,,0.18,UP,5
31900,,,,,,,,,,0.178,UP,5
31933,,,,,,,,,,0.178,UP,5
31966,,,,,,,,,,0.178,UP,5
32000,,,,,,,,,,0.177,UP,5
32033,,,,,,,,,,0.173,UP,5
32066,,,,,,,,,,0.174,UP,5
32100,,,,,,,,,,0.179,UP,5
32133,,,,,,,,,,0.185,UP,5
32166,,,,,,,,,,0.193,UP,5
32200,,,,,,,,,,0.209,UP,5
32233,,,,,,,,,,0.228,UP,5
32266,,,,,,,,,,0.246,UP,5
32300,,,,,,,,,,0.267,UP,5
32333,,,,,,,,,,0.286,UP,5
32366,,,,,,,,,,0.301,UP,5
32400,,,,,,,,,,0.314,UP,5
32433,,,,,,,,,,0.324,UP,5
32466,,,,,,,,,,0.335,UP,5
32500,,,,,,,,,,0.348,UP,5
32533,,,,,,,,,,0.362,UP,5
32566,,,,,,,,,,0.381,UP,5
32600,,,,,,,,,,0.403,UP,5
32633,,,,,,,,,,0.428,UP,5
32666,,,,,,,,,,0.454,UP,5
32700,,,,,,,,,,0.485,UP,5
32733,177.1,174.7,175.9,174.3,161.5,171.3,166.4,167.3,6.0,0.512,UP,5
32766,178.0,171.9,175.0,174.2,163.4,169.7,166.6,167.0,5.3,0.537,UP,5
32800,179.6,174.2,176.9,174.7,165.2,166.1,165.6,166.8,4.4,0.559,UP,5
32833,177.4,171.5,174.4,174.7,162.2,163.0,162.6,165.8,4.9,0.58,UP,5
32866,179.6,173.5,176.5,175.7,176.4,160.4,168.4,165.9,4.4,0.599,UP,5
32900,178.7,174.1,176.4,175.9,175.9,157.6,166.7,166.0,2.0,0.617,UP,5
32933,160.5,173.8,167.1,174.3,179.2,164.2,171.7,167.0,2.3,0.633,UP,5
32966,173.7,163.3,168.5,172.6,168.9,158.5,163.7,166.6,2.8,0.649,UP,5
33000,172.3,162.0,167.1,171.1,169.4,157.0,163.2,166.7,3.4,0.663,UP,5
33033,174.8,167.1,170.9,170.0,168.8,157.5,163.1,165.7,3.4,0.672,UP,5
33066,175.8,162.7,169.3,168.6,168.6,159.2,163.9,165.1,2.2,0.679,UP,5
33100,176.8,172.4,174.6,170.1,173.7,168.5,171.1,165.0,0.1,0.686,UP,5
33133,174.3,176.0,175.1,171.4,178.8,177.9,178.3,167.9,2.5,0.688,UP,5
33166,172.2,169.8,171.0,172.2,177.6,174.9,176.3,170.5,2.3,0.688,UP,5
33200,169.7,170.9,170.3,172.1,155.1,161.2,158.1,169.5,1.3,0.691,UP,5
33233,172.8,174.6,173.7,172.9,169.0,174.5,171.8,171.1,5.5,0.695,UP,5
33266,179.1,168.9,174.0,172.8,163.6,159.1,161.3,169.2,3.2,0.701,UP,5
33300,176.6,172.2,174.4,172.7,163.6,161.4,162.5,166.0,3.3,0.712,UP,5
33333,175.7,172.9,174.3,173.4,164.0,162.1,163.0,163.4,2.8,0.727,UP,5
33366,179.6,169.8,174.7,174.2,162.6,161.6,162.1,164.2,2.3,0.739,UP,5
33400,178.1,164.3,171.2,173.7,175.5,150.8,163.1,162.4,5.5,0.748,UP,5
33433,176.1,166.6,171.3,173.2,165.5,148.4,156.9,161.5,2.0,0.759,UP,5
33466,170.0,176.2,173.1,172.9,161.7,169.6,165.7,162.2,1.9,0.767,UP,5
33500,170.9,179.5,175.2,173.1,159.8,168.1,163.9,162.3,2.5,0.773,UP,5
33533,172.2,177.4,174.8,173.1,160.6,170.0,165.3,163.0,2.7,0.78,UP,5
33566,173.8,178.6,176.2,174.1,160.9,170.3,165.6,163.5,2.4,0.788,UP,5
33600,172.7,178.8,175.8,175.0,160.8,169.0,164.9,165.1,2.3,0.794,UP,5
33633,173.1,179.5,176.3,175.7,160.7,168.8,164.7,164.9,1.4,0.801,UP,5
33666,174.4,179.5,177.0,176.0,158.7,169.8,164.3,165.0,0.3,0.807,UP,5
33700,178.0,179.9,179.0,176.9,171.9,169.3,170.6,166.0,3.3,0.813,UP,5
33733,179.7,178.7,179.2,177.5,166.2,174.0,170.1,166.9,3.6,0.814,UP,5
33766,179.4,179.4,179.4,178.2,166.8,179.5,173.1,168.6,3.7,0.811,UP,5
33800,176.1,164.5,170.3,177.0,161.6,179.6,170.6,169.7,4.8,0.809,UP,5
33833,174.8,173.0,173.9,176.4,160.3,172.8,166.6,170.2,4.9,0.805,UP,5
33866,177.5,176.3,176.9,175.9,161.7,170.1,165.9,169.3,4.6,0.799,UP,5
33900,179.5,175.3,177.4,175.6,161.9,170.1,166.0,168.4,4.5,0.795,UP,5
33933,179.7,176.8,178.3,175.3,162.2,169.2,165.7,167.0,4.0,0.789,UP,5
33966,178.6,165.3,171.9,175.7,162.5,165.9,164.2,165.7,2.2,0.781,UP,5
34000,170.2,178.9,174.6,175.8,159.7,162.6,161.1,164.6,0.6,0.778,UP,5
34033,172.2,175.6,173.9,175.2,157.9,157.2,157.6,162.9,2.2,0.779,UP,5
34066,176.7,173.4,175.1,174.8,162.1,157.2,159.7,161.7,3.3,0.784,UP,5
34100,177.4,177.8,177.6,174.6,162.5,158.9,160.7,160.6,4.4,0.796,UP,5
34133,176.6,171.3,173.9,175.0,159.3,175.5,167.4,161.3,3.4,0.808,UP,5
34166,179.0,163.8,171.4,174.4,157.2,161.5,159.4,160.9,4.2,0.814,UP,5
34200,177.2,160.4,168.8,173.4,160.6,158.7,159.6,161.3,4.3,0.817,UP,5
34233,177.2,168.2,172.7,172.9,159.9,154.4,157.2,160.8,2.6,0.82,UP,5
34266,178.2,160.6,169.4,171.3,174.3,165.6,169.9,162.7,1.4,0.822,UP,5
34300,169.4,175.7,172.5,171.0,146.5,165.3,155.9,160.4,3.2,0.826,UP,5
34333,169.3,173.3,171.3,171.0,145.8,165.4,155.6,159.6,2.7,0.832,UP,5
34366,178.6,167.0,172.8,171.8,169.5,173.2,171.4,162.0,0.3,0.837,UP,5
34400,175.8,179.6,177.7,172.8,153.7,170.7,162.2,163.0,1.9,0.841,UP,5
34433,177.3,175.6,176.5,174.2,158.4,168.0,163.2,161.6,0.2,0.847,UP,5
34466,177.6,169.7,173.6,174.4,160.0,171.1,165.6,163.6,2.3,0.849,UP,5
34500,176.3,178.9,177.6,175.6,168.2,159.0,163.6,165.2,3.0,0.85,UP,5
34533,179.2,176.0,177.6,176.6,166.7,157.5,162.1,163.3,3.8,0.851,UP,5
34566,179.8,171.8,175.8,176.2,169.6,154.7,162.1,163.3,5.5,0.851,UP,5
34600,177.0,178.5,177.8,176.5,172.8,156.0,164.4,163.6,6.2,0.85,UP,5
34633,175.7,176.8,176.2,177.0,172.5,154.7,163.6,163.2,6.4,0.85,UP,5
34666,179.6,179.8,179.7,177.4,171.0,154.3,162.6,163.0,6.8,0.848,UP,5
34700,177.0,176.5,176.8,177.3,170.6,154.2,162.4,163.0,6.2,0.849,UP,5
34733,179.1,174.2,176.7,177.4,168.4,154.2,161.3,162.8,5.8,0.851,UP,5
34766,179.8,178.8,179.3,177.7,167.6,155.3,161.4,162.3,4.5,0.852,UP,5
34800,178.1,178.8,178.5,178.2,165.6,157.2,161.4,161.8,3.3,0.852,UP,5
34833,177.4,179.8,178.6,178.0,163.8,158.8,161.3,161.6,2.5,0.85,UP,5
34866,176.9,179.9,178.4,178.3,163.8,159.8,161.8,161.4,2.2,0.848,UP,5
34900,177.3,179.1,178.2,178.6,163.7,160.0,161.9,161.6,1.9,0.844,UP,5
34933,176.7,177.9,177.3,178.2,163.8,159.7,161.8,161.6,2.1,0.842,UP,5
34966,176.4,178.6,177.5,178.0,162.7,160.0,161.3,161.6,1.6,0.843,UP,5
35000,175.8,177.8,176.8,177.6,161.8,161.3,161.6,161.7,0.5,0.847,UP,5
35033,175.4,176.9,176.1,177.2,160.5,161.9,161.2,161.5,1.2,0.851,UP,5
35066,174.1,174.0,174.0,176.4,158.6,161.5,160.0,161.2,2.8,0.855,UP,5
35100,175.3,172.4,173.9,175.7,160.3,160.5,160.4,160.9,3.0,0.857,UP,5
35133,176.9,171.3,174.1,175.0,161.6,159.9,160.7,160.8,2.9,0.86,UP,5
35166,176.9,171.6,174.3,174.5,161.5,159.7,160.6,160.6,2.6,0.863,UP,5
35200,176.9,171.0,174.0,174.1,162.1,159.0,160.6,160.5,2.0,0.867,UP,5
35233,177.4,171.6,174.5,174.1,163.0,158.4,160.7,160.6,0.6,0.872,UP,5
35266,177.6,171.2,174.4,174.2,165.1,157.0,161.1,160.7,1.8,0.874,UP,5
35300,179.4,171.5,175.5,174.5,166.3,156.9,161.6,160.9,3.4,0.876,UP,5
35333,178.5,170.6,174.6,174.6,164.5,156.7,160.6,160.9,3.6,0.878,UP,5
35366,177.6,170.5,174.1,174.6,164.1,157.1,160.6,160.9,3.8,0.877,UP,5
35400,177.6,171.8,174.7,174.6,164.3,157.1,160.7,160.9,3.7,0.876,UP,5
35433,176.9,170.3,173.6,174.5,163.6,156.5,160.0,160.7,3.4,0.876,UP,5
35466,174.1,174.6,174.3,174.2,162.8,157.2,160.0,160.4,3.2,0.876,UP,5
35500,173.4,173.2,173.3,174.0,161.8,157.2,159.5,160.2,2.4,0.877,UP,5
35533,173.3,172.3,172.8,173.7,161.1,157.8,159.4,159.9,1.6,0.879,UP,5
35566,171.9,171.6,171.7,173.1,160.0,158.2,159.1,159.6,0.7,0.882,UP,5
35600,164.7,170.1,167.4,171.9,155.6,159.6,157.6,159.1,0.7,0.885,UP,5
35633,171.1,163.7,167.4,170.5,164.4,160.6,162.5,159.6,2.1,0.889,UP,5
35666,169.8,159.5,164.6,168.8,161.8,152.5,157.1,159.2,0.3,0.893,UP,5
35700,173.0,163.4,168.2,167.9,162.2,155.1,158.6,159.0,0.1,0.896,UP,5
35733,169.8,161.4,165.6,166.6,161.9,155.7,158.8,158.9,0.0,0.897,UP,5
35766,170.1,158.8,164.4,166.1,163.9,153.1,158.5,159.1,1.2,0.897,UP,5
35800,151.4,173.2,162.3,165.0,154.6,174.9,164.7,159.6,0.8,0.892,UP,5
35833,160.7,154.8,157.7,163.7,161.8,148.1,154.9,159.1,2.6,0.888,UP,5
35866,162.9,168.4,165.7,163.2,176.0,174.8,175.4,162.5,0.6,0.881,UP,5
35900,136.7,169.2,153.0,160.6,157.0,175.6,166.3,164.0,0.6,0.867,UP,5
35933,137.1,105.4,121.3,152.0,144.3,134.9,139.6,160.2,0.2,0.841,UP,5
35966,105.6,53.8,79.7,135.5,120.4,113.9,117.1,150.7,1.7,0.806,UP,5
36000,92.1,47.5,69.8,117.9,103.1,103.1,103.1,140.3,1.3,0.761,UP,5
36033,71.5,35.2,53.3,95.4,79.3,91.0,85.2,122.3,1.9,0.713,UP,5
36066,80.2,32.8,56.5,76.1,83.1,91.2,87.1,106.4,0.7,0.665,DOWN,5
36100,79.4,33.4,56.4,63.1,81.3,89.2,85.2,95.6,0.4,0.626,DOWN,5
36133,80.2,36.9,58.6,58.9,83.5,91.3,87.4,89.6,0.8,0.597,DOWN,5
36166,87.2,45.8,66.5,58.3,92.6,98.2,95.4,88.1,1.8,0.571,DOWN,5
36200,90.6,50.3,70.5,61.7,98.1,102.3,100.2,91.1,1.5,0.549,DOWN,5
36233,99.2,49.0,74.1,65.2,105.3,107.2,106.2,94.9,1.7,0.532,BOTTOM,5
36266,116.9,51.8,84.3,70.8,122.8,121.9,122.3,102.3,1.7,0.512,BOTTOM,5
36300,,,,,,,,,,0.49,BOTTOM,5
36333,,,,,,,,,,0.472,BOTTOM,5
36366,,,,,,,,,,0.457,BOTTOM,5
36400,,,,,,,,,,0.454,BOTTOM,5
36433,,,,,,,,,,0.465,BOTTOM,5
36466,,,,,,,,,,0.488,BOTTOM,5
36500,179.5,171.6,175.6,94.2,166.4,169.1,167.7,118.4,0.0,0.518,BOTTOM,5
36533,165.1,167.3,166.2,114.1,177.5,159.1,168.3,133.0,1.1,0.555,BOTTOM,5
36566,171.7,162.0,166.9,133.4,169.1,148.2,158.7,144.7,2.4,0.587,BOTTOM,5
36600,174.5,166.8,170.7,152.7,166.0,149.6,157.8,155.0,2.5,0.618,BOTTOM,5
36633,176.0,169.6,172.8,170.4,164.9,150.7,157.8,162.1,2.5,0.646,BOTTOM,5
36666,176.2,171.6,173.9,170.1,164.7,151.2,158.0,160.1,2.8,0.672,DOWN,5
36700,177.6,175.5,176.6,172.2,164.5,154.5,159.5,158.3,2.0,0.693,DOWN,5
36733,173.7,169.3,171.5,173.1,165.3,155.4,160.3,158.7,1.2,0.711,DOWN,5
36766,174.8,176.4,175.6,174.1,165.3,158.6,161.9,159.5,0.7,0.727,DOWN,5
36800,174.1,176.6,175.4,174.6,165.6,160.0,162.8,160.5,0.4,0.741,DOWN,5
36833,173.9,176.1,175.0,174.8,166.7,160.1,163.4,161.6,0.8,0.755,UP,6
36866,174.6,177.5,176.1,174.7,165.5,161.3,163.4,162.4,0.3,0.769,UP,6
36900,175.2,177.8,176.5,175.7,165.4,162.2,163.8,163.1,0.0,0.783,UP,6
36933,176.5,178.1,177.3,176.0,165.7,163.1,164.4,163.6,0.2,0.797,UP,6
36966,176.7,178.0,177.3,176.4,165.8,163.2,164.5,163.9,0.1,0.808,UP,6
37000,178.0,177.9,178.0,177.0,165.8,163.5,164.7,164.2,0.2,0.819,UP,6
37033,178.6,177.2,177.9,177.4,165.4,163.6,164.5,164.4,0.0,0.828,UP,6
37066,179.6,177.4,178.5,177.8,164.7,164.3,164.5,164.5,0.2,0.837,UP,6
37100,179.2,175.8,177.5,177.8,164.4,163.5,163.9,164.4,0.0,0.845,UP,6
37133,178.9,172.5,175.7,177.5,164.1,161.7,162.9,164.1,0.2,0.851,UP,6
37166,178.1,171.0,174.5,176.8,163.0,160.0,161.5,163.5,0.4,0.855,UP,6
37200,175.2,166.1,170.6,175.4,161.4,157.9,159.6,162.5,0.4,0.86,UP,6
37233,170.5,163.1,166.8,173.0,158.5,156.6,157.6,161.1,0.5,0.862,UP,6
37266,162.7,168.4,165.6,170.6,151.5,158.9,155.2,159.4,0.5,0.866,UP,6
37300,164.7,168.8,166.8,168.9,154.6,156.3,155.5,157.9,0.1,0.868,UP,6
37333,159.3,145.8,152.6,164.5,153.8,147.8,150.8,155.7,0.4,0.866,UP,6
37366,154.1,161.0,157.5,161.8,150.4,145.5,148.0,153.4,0.2,0.861,UP,6
37400,156.2,135.7,145.9,157.7,152.4,142.5,147.4,151.4,0.8,0.849,UP,6
37433,142.0,110.1,126.0,149.8,144.2,131.1,137.6,147.9,1.6,0.824,UP,6
37466,135.6,101.0,118.3,140.1,139.0,126.8,132.9,143.3,1.8,0.793,UP,6
37500,130.0,92.3,111.1,131.8,136.1,122.0,129.1,139.0,1.7,0.757,UP,6
37533,131.0,75.0,103.0,120.9,135.3,125.0,130.1,135.4,1.5,0.713,DOWN,6
37566,126.0,70.2,98.1,111.3,129.0,125.3,127.2,131.4,1.4,0.669,DOWN,6
37600,121.6,61.5,91.6,104.4,127.7,121.2,124.5,128.7,1.4,0.628,DOWN,6
37633,121.3,62.7,92.0,99.2,127.4,119.4,123.4,126.8,1.5,0.591,DOWN,6
37666,121.1,77.8,99.5,96.8,128.6,118.5,123.5,125.7,2.1,0.56,DOWN,6
37700,127.6,79.8,103.7,97.0,134.4,123.6,129.0,125.5,2.5,0.537,DOWN,6
37733,128.6,87.3,107.9,98.9,135.3,124.8,130.1,126.1,2.4,0.519,DOWN,6
37766,129.1,100.9,115.0,103.6,135.5,126.5,131.0,127.4,2.0,0.507,DOWN,6
37800,,,,,,,,,,0.497,DOWN,6
37833,,,,,,,,,,0.49,DOWN,6
37866,,,,,,,,,,0.489,DOWN,6
37900,,,,,,,,,,0.495,DOWN,6
37933,150.1,143.8,146.9,114.6,149.8,143.7,146.8,132.1,0.6,0.505,DOWN,6
37966,156.9,149.4,153.1,125.3,153.8,147.2,150.5,137.5,0.6,0.523,DOWN,6
38000,162.6,150.7,156.7,135.9,157.0,147.4,152.2,142.1,0.0,0.544,DOWN,6
38033,173.4,162.6,168.0,147.9,169.6,162.2,165.9,149.3,0.0,0.57,DOWN,6
38066,177.2,153.5,165.4,158.0,168.4,153.5,161.0,155.3,0.3,0.595,DOWN,6
38100,177.3,160.5,168.9,162.4,164.6,152.4,158.5,157.6,0.3,0.621,DOWN,6
38133,177.4,169.4,173.4,166.5,163.7,153.6,158.7,159.2,0.5,0.646,DOWN,6
38166,177.9,175.2,176.6,170.4,166.8,156.0,161.4,161.1,1.1,0.671,DOWN,6
38200,178.5,175.1,176.8,172.2,166.2,157.8,162.0,160.3,0.8,0.693,DOWN,6
38233,178.8,175.0,176.9,174.5,165.8,159.9,162.8,160.7,0.6,0.713,UP,6
38266,177.0,174.7,175.8,175.9,166.3,160.1,163.2,161.6,0.6,0.733,UP,6
38300,177.0,174.2,175.6,176.3,166.2,161.0,163.6,162.6,0.4,0.75,UP,6
38333,177.3,174.6,175.9,176.2,165.3,162.0,163.7,163.1,0.0,0.766,UP,6
38366,177.4,177.0,177.2,176.3,164.9,164.2,164.5,163.6,0.3,0.781,UP,6
38400,177.8,177.7,177.7,176.5,164.8,164.5,164.7,163.9,0.2,0.794,UP,6
38433,176.6,179.7,178.1,176.9,165.3,165.7,165.5,164.4,0.3,0.805,UP,6
38466,176.6,179.9,178.2,177.4,165.3,165.7,165.5,164.8,0.2,0.816,UP,6
38500,176.8,179.1,177.9,177.8,165.2,165.5,165.3,165.1,0.2,0.825,UP,6
38533,176.1,179.0,177.5,177.9,165.3,165.3,165.3,165.3,0.4,0.834,UP,6
38566,176.2,178.7,177.4,177.8,165.2,165.1,165.2,165.4,0.5,0.84,UP,6
38600,176.2,178.1,177.2,177.7,165.1,164.7,164.9,165.2,0.5,0.844,UP,6
38633,176.9,175.9,176.4,177.3,165.3,164.9,165.1,165.2,0.4,0.847,UP,6
38666,177.9,176.2,177.0,177.1,165.2,165.4,165.3,165.1,0.2,0.848,UP,6
38700,177.4,178.0,177.7,177.1,165.8,165.6,165.7,165.2,0.1,0.851,UP,6
38733,177.3,178.7,178.0,177.3,165.7,165.6,165.6,165.3,0.2,0.854,UP,6
38766,178.1,178.8,178.5,177.5,165.5,165.6,165.6,165.5,0.1,0.859,UP,6
38800,178.1,178.8,178.4,177.9,165.5,165.4,165.5,165.5,0.1,0.866,UP,6
38833,177.9,179.0,178.5,178.2,165.5,165.6,165.5,165.6,0.1,0.872,UP,6
38866,178.5,177.1,177.8,178.2,165.2,165.5,165.4,165.5,0.1,0.876,UP,6
38900,178.1,178.1,178.1,178.2,165.5,164.9,165.2,165.4,0.1,0.879,UP,6
38933,178.2,178.5,178.3,178.2,166.0,164.3,165.2,165.3,0.2,0.881,UP,6
38966,178.0,179.1,178.5,178.2,165.9,164.2,165.1,165.3,0.2,0.881,UP,6
39000,177.9,178.8,178.3,178.2,165.8,164.0,164.9,165.1,0.3,0.882,UP,6
39033,178.2,179.3,178.7,178.4,165.8,163.6,164.7,165.0,0.5,0.883,UP,6
39066,177.8,178.5,178.1,178.4,166.1,163.3,164.7,164.9,0.5,0.884,UP,6
39100,177.8,178.5,178.1,178.4,166.4,163.6,165.0,164.9,0.7,0.884,UP,6
39133,176.7,178.7,177.7,178.2,166.9,164.0,165.5,165.0,0.6,0.883,UP,6
39166,177.7,177.4,177.5,178.1,166.6,164.3,165.4,165.1,0.7,0.876,UP,6
39200,176.4,177.9,177.2,177.7,167.6,164.5,166.0,165.3,0.7,0.869,UP,6
39233,175.4,178.1,176.8,177.5,168.1,164.4,166.3,165.6,0.7,0.862,UP,6
39266,174.4,178.2,176.3,177.1,168.4,163.6,166.0,165.8,1.0,0.855,UP,6
39300,175.6,176.7,176.2,176.8,168.5,162.5,165.5,165.8,0.9,0.85,UP,6
39333,175.8,176.6,176.2,176.5,168.4,162.5,165.5,165.8,0.9,0.849,UP,6
39366,176.0,176.2,176.1,176.3,168.1,162.7,165.4,165.7,0.8,0.85,UP,6
39400,176.8,175.4,176.1,176.2,167.7,162.6,165.2,165.5,0.8,0.852,UP,6
39433,177.0,178.4,177.7,176.5,167.1,163.3,165.2,165.3,0.4,0.855,UP,6
39466,175.9,177.9,176.9,176.6,167.8,163.6,165.7,165.4,0.4,0.857,UP,6
39500,175.9,176.4,176.2,176.6,167.6,163.0,165.3,165.4,0.4,0.857,UP,6
39533,175.3,177.0,176.1,176.6,168.0,163.2,165.6,165.4,0.4,0.857,UP,6
39566,173.6,174.4,174.0,176.2,168.8,162.8,165.8,165.5,0.6,0.857,UP,6
39600,173.3,173.5,173.4,175.3,169.4,162.7,166.0,165.7,0.7,0.855,UP,6
39633,173.8,172.0,172.9,174.5,169.7,161.9,165.8,165.7,0.7,0.855,UP,6
39666,173.7,174.8,174.3,174.1,169.6,162.3,165.9,165.8,0.7,0.856,UP,6
39700,173.9,174.3,174.1,173.7,169.2,162.4,165.8,165.9,0.4,0.857,UP,6
39733,173.5,174.5,174.0,173.7,169.1,162.7,165.9,165.9,0.2,0.857,UP,6
39766,172.9,174.9,173.9,173.8,168.7,163.2,165.9,165.9,0.1,0.859,UP,6
39800,173.1,172.5,172.8,173.8,168.0,163.2,165.6,165.8,0.4,0.86,UP,6
39833,174.5,170.6,172.6,173.5,167.1,163.2,165.2,165.7,0.9,0.861,UP,6
39866,175.9,171.1,173.5,173.4,165.6,165.0,165.3,165.6,2.0,0.861,UP,6
39900,177.0,171.6,174.3,173.4,162.5,166.2,164.4,165.3,4.0,0.859,UP,6
39933,179.3,171.9,175.6,173.8,161.3,165.7,163.5,164.8,5.5,0.858,UP,6
39966,179.6,169.1,174.3,174.1,162.3,162.7,162.5,164.2,6.0,0.858,UP,6
40000,177.8,166.9,172.4,174.0,164.5,159.2,161.9,163.5,5.2,0.857,UP,6
40033,165.4,173.1,169.3,173.2,163.6,169.2,166.4,163.7,4.0,0.856,UP,6
40066,160.1,176.0,168.0,171.9,157.6,166.8,162.2,163.3,5.2,0.854,UP,6
40100,176.2,179.7,177.9,172.4,171.0,177.6,174.3,165.5,7.9,0.851,UP,6
40133,179.3,172.6,175.9,172.7,166.3,169.9,168.1,166.6,6.7,0.849,UP,6
40166,176.4,175.9,176.1,173.5,171.1,178.1,174.6,169.1,5.4,0.845,UP,6
40200,178.1,172.7,175.4,174.7,169.9,177.8,173.9,170.6,5.0,0.841,UP,6
40233,176.9,171.3,174.1,175.9,169.2,176.0,172.6,172.7,4.4,0.835,UP,6
40266,177.2,173.0,175.1,175.3,168.6,176.4,172.5,172.3,3.2,0.83,UP,6
40300,179.3,179.4,179.4,176.0,168.8,178.1,173.4,173.4,2.5,0.823,UP,6
40333,176.8,178.2,177.5,176.3,179.1,170.2,174.7,173.4,0.6,0.813,UP,6
40366,172.7,176.8,174.7,176.1,171.6,172.6,172.1,173.0,1.1,0.804,UP,6
40400,164.3,169.1,166.7,174.7,166.6,173.4,170.0,172.5,2.7,0.796,UP,6
40433,159.8,172.4,166.1,172.9,166.8,170.3,168.5,171.8,4.1,0.785,UP,6
40466,162.6,174.9,168.8,170.7,168.8,169.7,169.2,170.9,4.1,0.77,UP,6
40500,170.0,177.2,173.6,170.0,171.1,169.1,170.1,170.0,3.9,0.756,UP,6
40533,171.8,176.3,174.0,169.8,169.4,171.4,170.4,169.7,2.7,0.739,UP,6
40566,171.5,178.7,175.1,171.5,170.6,176.8,173.7,170.4,3.4,0.722,UP,6
40600,174.7,176.0,175.3,173.4,166.4,175.8,171.1,170.9,1.9,0.705,UP,6
40633,179.1,178.8,178.9,175.4,170.5,178.3,174.4,171.9,1.7,0.692,UP,6
40666,172.7,170.3,171.5,175.0,171.5,178.8,175.2,173.0,0.6,0.685,UP,6
40700,179.0,179.4,179.2,176.0,177.4,178.3,177.9,174.4,2.1,0.68,UP,6
40733,179.4,178.6,179.0,176.8,172.3,169.2,170.7,173.9,2.7,0.678,UP,6
40766,177.4,177.9,177.7,177.3,167.3,168.1,167.7,173.2,2.3,0.68,UP,6
40800,170.3,174.8,172.6,176.0,166.0,169.5,167.7,171.8,1.7,0.681,UP,6
40833,171.7,170.8,171.2,175.9,165.5,166.0,165.7,170.0,2.1,0.684,UP,6
40866,168.7,160.2,164.5,173.0,163.2,170.0,166.6,167.7,1.1,0.69,UP,6
40900,175.7,159.6,167.7,170.7,161.0,169.7,165.4,166.6,1.1,0.699,UP,6
40933,171.4,170.2,170.8,169.4,162.3,167.8,165.1,166.1,2.2,0.707,UP,6
40966,173.7,173.3,173.5,169.5,161.2,171.0,166.1,165.8,3.8,0.714,UP,6
41000,175.7,162.2,169.0,169.1,162.0,173.7,167.9,166.2,3.8,0.714,UP,6
41033,178.8,164.3,171.6,170.5,164.0,173.4,168.7,166.6,3.3,0.705,UP,6
41066,175.8,165.8,170.8,171.1,160.2,171.8,166.0,166.7,3.9,0.692,UP,6
41100,175.1,173.1,174.1,171.8,165.1,171.6,168.4,167.4,3.4,0.674,UP,6
41133,163.0,172.8,167.9,170.7,168.4,170.3,169.4,168.1,3.1,0.656,UP,6
41166,159.6,170.1,164.8,169.8,165.8,169.8,167.8,168.0,2.2,0.636,UP,6
41200,166.2,169.1,167.7,169.1,166.2,169.8,168.0,167.9,1.1,0.622,UP,6
41233,171.5,170.8,171.2,169.1,161.5,168.7,165.1,167.7,1.4,0.606,UP,6
41266,173.9,171.4,172.6,168.8,161.7,166.0,163.9,166.8,0.0,0.593,UP,6
41300,169.8,172.8,171.3,169.5,167.3,164.8,166.0,166.2,1.1,0.576,UP,6
41333,173.5,168.6,171.0,170.8,163.2,165.4,164.3,165.5,0.9,0.562,UP,6
41366,179.8,166.7,173.3,171.9,161.8,165.3,163.6,164.6,1.1,0.55,UP,6
41400,171.5,169.1,170.3,171.7,168.3,165.2,166.7,164.9,1.9,0.535,UP,6
41433,174.6,173.6,174.1,172.0,167.0,164.5,165.7,165.3,1.3,0.52,UP,6
41466,,,,,,,,,,0.411,UP,6
41500,,,,,,,,,,0.304,UP,6
41533,,,,,,,,,,0.199,UP,6
41566,,,,,,,,,,0.098,UP,6
41600,,,,,,,,,,0.0,UP,6
41633,,,,,,,,,,0.0,UP,6
41666,,,,,,,,,,0.0,UP,6
41700,,,,,,,,,,0.0,UP,6
41733,,,,,,,,,,0.0,UP,6
41766,,,,,,,,,,0.0,UP,6
41800,,,,,,,,,,0.0,UP,6
41833,,,,,,,,,,0.0,UP,6
41866,,,,,,,,,,0.0,UP,6
41900,,,,,,,,,,0.0,UP,6
41933,,,,,,,,,,0.0,UP,6
41966,,,,,,,,,,0.0,UP,6
42000,,,,,,,,,,0.0,UP,6
42033,,,,,,,,,,0.0,UP,6
42066,,,,,,,,,,0.0,UP,6
42100,,,,,,,,,,0.0,UP,6
42133,,,,,,,,,,0.0,UP,6
42166,,,,,,,,,,0.0,UP,6
42200,,,,,,,,,,0.0,UP,6
42233,,,,,,,,,,0.0,UP,6
42266,,,,,,,,,,0.0,UP,6
42300,,,,,,,,,,0.0,UP,6
42333,,,,,,,,,,0.0,UP,6
42366,,,,,,,,,,0.0,UP,6
42400,,,,,,,,,,0.0,UP,6
42433,,,,,,,,,,0.0,UP,6
42466,,,,,,,,,,0.0,UP,6
42500,,,,,,,,,,0.0,UP,6
42533,,,,,,,,,,0.0,UP,6
42566,,,,,,,,,,0.0,UP,6
42600,,,,,,,,,,0.0,UP,6
42633,,,,,,,,,,0.0,UP,6
42666,,,,,,,,,,0.0,UP,6
42700,,,,,,,,,,0.0,UP,6
42733,,,,,,,,,,0.0,UP,6
42766,,,,,,,,,,0.0,UP,6
42800,,,,,,,,,,0.0,UP,6
42833,,,,,,,,,,0.0,UP,6
42866,,,,,,,,,,0.0,UP,6
42900,,,,,,,,,,0.0,UP,6
42933,,,,,,,,,,0.0,UP,6
42966,,,,,,,,,,0.0,UP,6
43000,,,,,,,,,,0.0,UP,6
43033,,,,,,,,,,0.0,UP,6
43066,,,,,,,,,,0.0,UP,6
43100,,,,,,,,,,0.0,UP,6
43133,,,,,,,,,,0.0,UP,6
43166,,,,,,,,,,0.0,UP,6
43200,,,,,,,,,,0.0,UP,6
43233,,,,,,,,,,0.0,UP,6
43266,,,,,,,,,,0.0,UP,6
43300,,,,,,,,,,0.0,UP,6
43333,,,,,,,,,,0.0,UP,6
43366,,,,,,,,,,0.0,UP,6
43400,,,,,,,,,,0.0,UP,6
43433,,,,,,,,,,0.0,UP,6
43466,,,,,,,,,,0.0,UP,6
43500,,,,,,,,,,0.0,UP,6
43533,,,,,,,,,,0.0,UP,6
43566,,,,,,,,,,0.0,UP,6
43600,,,,,,,,,,0.0,UP,6
43633,,,,,,,,,,0.0,UP,6
43666,,,,,,,,,,0.0,UP,6
43700,,,,,,,,,,0.0,UP,6
43733,,,,,,,,,,0.0,UP,6
43766,,,,,,,,,,0.0,UP,6
43800,,,,,,,,,,0.0,UP,6
43833,,,,,,,,,,0.0,UP,6
43866,,,,,,,,,,0.0,UP,6
43900,,,,,,,,,,0.0,UP,6
43933,,,,,,,,,,0.0,UP,6
43966,,,,,,,,,,0.0,UP,6
44000,,,,,,,,,,0.0,UP,6
44033,,,,,,,,,,0.0,UP,6
44066,,,,,,,,,,0.0,UP,6
44100,,,,,,,,,,0.0,UP,6
44133,,,,,,,,,,0.0,UP,6
44166,,,,,,,,,,0.0,UP,6
44200,,,,,,,,,,0.0,UP,6
44233,,,,,,,,,,0.0,UP,6
44266,,,,,,,,,,0.0,UP,6
44300,,,,,,,,,,0.0,UP,6
44333,,,,,,,,,,0.0,UP,6
44366,,,,,,,,,,0.0,UP,6
44400,,,,,,,,,,0.0,UP,6
44433,,,,,,,,,,0.0,UP,6
44466,,,,,,,,,,0.0,UP,6
44500,,,,,,,,,,0.0,UP,6
44533,,,,,,,,,,0.0,UP,6
44566,,,,,,,,,,0.0,UP,6
44600,,,,,,,,,,0.0,UP,6
44633,,,,,,,,,,0.0,UP,6
44666,,,,,,,,,,0.0,UP,6
44700,,,,,,,,,,0.0,UP,6
44733,,,,,,,,,,0.0,UP,6
44766,,,,,,,,,,0.0,UP,6
44800,,,,,,,,,,0.0,UP,6
44833,,,,,,,,,,0.0,UP,6
44866,,,,,,,,,,0.0,UP,6
44900,,,,,,,,,,0.0,UP,6
44933,,,,,,,,,,0.0,UP,6
44966,,,,,,,,,,0.0,UP,6
45000,,,,,,,,,,0.0,UP,6
45033,,,,,,,,,,0.0,UP,6
45066,,,,,,,,,,0.0,UP,6
45100,,,,,,,,,,0.0,UP,6
45133,,,,,,,,,,0.0,UP,6
45166,,,,,,,,,,0.0,UP,6
45200,,,,,,,,,,0.0,UP,6
45233,,,,,,,,,,0.0,UP,6
45266,,,,,,,,,,0.0,UP,6
45300,,,,,,,,,,0.0,UP,6
45333,,,,,,,,,,0.0,UP,6
45366,,,,,,,,,,0.0,UP,6
45400,,,,,,,,,,0.0,UP,6
45433,,,,,,,,,,0.0,UP,6
45466,,,,,,,,,,0.0,UP,6
45500,,,,,,,,,,0.0,UP,6
45533,,,,,,,,,,0.0,UP,6
45566,,,,,,,,,,0.0,UP,6
45600,,,,,,,,,,0.0,UP,6
45633,,,,,,,,,,0.0,UP,6
45666,,,,,,,,,,0.0,UP,6
45700,,,,,,,,,,0.0,UP,6
45733,,,,,,,,,,0.0,UP,6
45766,,,,,,,,,,0.0,UP,6
45800,,,,,,,,,,0.0,UP,6
45833,,,,,,,,,,0.0,UP,6
45866,,,,,,,,,,0.0,UP,6
45900,,,,,,,,,,0.0,UP,6
45933,,,,,,,,,,0.0,UP,6
45966,,,,,,,,,,0.0,UP,6
46000,,,,,,,,,,0.0,UP,6
46033,,,,,,,,,,0.0,UP,6
46066,,,,,,,,,,0.0,UP,6
46100,,,,,,,,,,0.0,UP,6
46133,,,,,,,,,,0.0,UP,6
46166,,,,,,,,,,0.0,UP,6
46200,,,,,,,,,,0.0,UP,6
46233,,,,,,,,,,0.0,UP,6
46266,,,,,,,,,,0.0,UP,6
46300,,,,,,,,,,0.0,UP,6
46333,,,,,,,,,,0.0,UP,6
46366,,,,,,,,,,0.0,UP,6
46400,,,,,,,,,,0.0,UP,6
46433,,,,,,,,,,0.0,UP,6
46466,,,,,,,,,,0.0,UP,6
46500,,,,,,,,,,0.0,UP,6
46533,,,,,,,,,,0.0,UP,6
46566,,,,,,,,,,0.0,UP,6
46600,,,,,,,,,,0.0,UP,6
46633,,,,,,,,,,0.0,UP,6
46666,,,,,,,,,,0.0,UP,6
46700,,,,,,,,,,0.0,UP,6
46733,,,,,,,,,,0.0,UP,6
46766,,,,,,,,,,0.0,UP,6
46800,,,,,,,,,,0.0,UP,6
46833,,,,,,,,,,0.0,UP,6
46866,,,,,,,,,,0.0,UP,6
46900,,,,,,,,,,0.0,UP,6
46933,,,,,,,,,,0.0,UP,6
46966,,,,,,,,,,0.0,UP,6
47000,,,,,,,,,,0.0,UP,6
47033,,,,,,,,,,0.0,UP,6
47066,,,,,,,,,,0.0,UP,6
47100,,,,,,,,,,0.0,UP,6
47133,,,,,,,,,,0.0,UP,6
47166,,,,,,,,,,0.0,UP,6
47200,,,,,,,,,,0.0,UP,6
47233,,,,,,,,,,0.0,UP,6
47266,,,,,,,,,,0.0,UP,6
47300,,,,,,,,,,0.0,UP,6
47333,,,,,,,,,,0.0,UP,6
47366,,,,,,,,,,0.0,UP,6
47400,,,,,,,,,,0.0,UP,6
47433,,,,,,,,,,0.0,UP,6
47466,,,,,,,,,,0.0,UP,6
47500,,,,,,,,,,0.0,UP,6
47533,,,,,,,,,,0.0,UP,6
47566,,,,,,,,,,0.0,UP,6
47600,,,,,,,,,,0.0,UP,6
47633,,,,,,,,,,0.0,UP,6
47666,,,,,,,,,,0.0,UP,6
47700,,,,,,,,,,0.0,UP,6
47733,,,,,,,,,,0.0,UP,6
47766,,,,,,,,,,0.0,UP,6
47800,,,,,,,,,,0.0,UP,6
47833,,,,,,,,,,0.0,UP,6
47866,,,,,,,,,,0.0,UP,6
47900,,,,,,,,,,0.0,UP,6
47933,,,,,,,,,,0.0,UP,6
47966,,,,,,,,,,0.0,UP,6
48000,,,,,,,,,,0.0,UP,6
48033,,,,,,,,,,0.0,UP,6
48066,,,,,,,,,,0.0,UP,6
48100,,,,,,,,,,0.0,UP,6
48133,,,,,,,,,,0.0,UP,6
48166,,,,,,,,,,0.0,UP,6
48200,,,,,,,,,,0.0,UP,6
48233,,,,,,,,,,0.0,UP,6
48266,,,,,,,,,,0.0,UP,6
48300,,,,,,,,,,0.0,UP,6
48333,,,,,,,,,,0.0,UP,6
48366,,,,,,,,,,0.0,UP,6
48400,,,,,,,,,,0.0,UP,6
48433,,,,,,,,,,0.0,UP,6
48466,,,,,,,,,,0.0,UP,6
48500,,,,,,,,,,0.0,UP,6
48533,,,,,,,,,,0.0,UP,6
48566,,,,,,,,,,0.0,UP,6
48600,,,,,,,,,,0.0,UP,6
48633,,,,,,,,,,0.0,UP,6
48666,,,,,,,,,,0.0,UP,6
48700,,,,,,,,,,0.0,UP,6
48733,,,,,,,,,,0.0,UP,6
48766,,,,,,,,,,0.0,UP,6
48800,,,,,,,,,,0.0,UP,6
48833,,,,,,,,,,0.0,UP,6
48866,,,,,,,,,,0.0,UP,6
48900,,,,,,,,,,0.0,UP,6
48933,,,,,,,,,,0.0,UP,6
48966,,,,,,,,,,0.0,UP,6
49000,,,,,,,,,,0.0,UP,6
49033,,,,,,,,,,0.0,UP,6
49066,,,,,,,,,,0.0,UP,6
49100,,,,,,,,,,0.0,UP,6
49133,,,,,,,,,,0.0,UP,6
49166,,,,,,,,,,0.0,UP,6
49200,,,,,,,,,,0.0,UP,6
49233,,,,,,,,,,0.0,UP,6
49266,,,,,,,,,,0.0,UP,6
49300,,,,,,,,,,0.0,UP,6
49333,,,,,,,,,,0.0,UP,6
49366,,,,,,,,,,0.0,UP,6
49400,,,,,,,,,,0.0,UP,6
49433,,,,,,,,,,0.0,UP,6
49466,,,,,,,,,,0.0,UP,6
49500,,,,,,,,,,0.0,UP,6
49533,,,,,,,,,,0.0,UP,6
49566,,,,,,,,,,0.0,UP,6
49600,,,,,,,,,,0.0,UP,6
49633,,,,,,,,,,0.0,UP,6
49666,,,,,,,,,,0.0,UP,6
49700,,,,,,,,,,0.0,UP,6
49733,,,,,,,,,,0.0,UP,6
49766,,,,,,,,,,0.0,UP,6
49800,,,,,,,,,,0.0,UP,6
49833,,,,,,,,,,0.0,UP,6
49866,,,,,,,,,,0.0,UP,6
49900,,,,,,,,,,0.0,UP,6
49933,,,,,,,,,,0.0,UP,6
49966,,,,,,,,,,0.0,UP,6
0,,,,,,,,,,0.0,UP,0
33,,,,,,,,,,0.0,UP,0
66,,,,,,,,,,0.0,UP,0
100,,,,,,,,,,0.0,UP,0
133,,,,,,,,,,0.0,UP,0
166,,,,,,,,,,0.0,UP,0
200,,,,,,,,,,0.0,UP,0
233,,,,,,,,,,0.0,UP,0
266,,,,,,,,,,0.0,UP,0
300,,,,,,,,,,0.0,UP,0
333,,,,,,,,,,0.0,UP,0
366,,,,,,,,,,0.0,UP,0
400,,,,,,,,,,0.0,UP,0
433,,,,,,,,,,0.0,UP,0
466,,,,,,,,,,0.0,UP,0
500,,,,,,,,,,0.0,UP,0
533,,,,,,,,,,0.0,UP,0
566,,,,,,,,,,0.0,UP,0
600,,,,,,,,,,0.0,UP,0
633,,,,,,,,,,0.0,UP,0
666,,,,,,,,,,0.0,UP,0
700,,,,,,,,,,0.0,UP,0
733,,,,,,,,,,0.0,UP,0
766,,,,,,,,,,0.0,UP,0
800,,,,,,,,,,0.0,UP,0
833,,,,,,,,,,0.0,UP,0
866,,,,,,,,,,0.0,UP,0
900,,,,,,,,,,0.0,UP,0
933,,,,,,,,,,0.0,UP,0
966,,,,,,,,,,0.0,UP,0
1000,,,,,,,,,,0.0,UP,0
1033,,,,,,,,,,0.0,UP,0
1066,,,,,,,,,,0.0,UP,0
1100,,,,,,,,,,0.076,UP,0
1133,,,,,,,,,,0.076,UP,0
1166,,,,,,,,,,0.076,UP,0
1200,,,,,,,,,,0.076,UP,0
1233,,,,,,,,,,0.076,UP,0
1266,,,,,,,,,,0.0,UP,0
1300,,,,,,,,,,0.0,UP,0
1333,,,,,,,,,,0.0,UP,0
1366,,,,,,,,,,0.082,UP,0
1400,,,,,,,,,,0.082,UP,0
1433,,,,,,,,,,0.082,UP,0
1466,,,,,,,,,,0.082,UP,0
1500,,,,,,,,,,0.082,UP,0
1533,,,,,,,,,,0.0,UP,0
1566,,,,,,,,,,0.0,UP,0
1600,,,,,,,,,,0.0,UP,0
1633,,,,,,,,,,0.0,UP,0
1666,,,,,,,,,,0.076,UP,0
1700,,,,,,,,,,0.146,UP,0
1733,,,,,,,,,,0.212,UP,0
1766,,,,,,,,,,0.276,UP,0
1800,,,,,,,,,,0.337,UP,0
1833,,,,,,,,,,0.324,UP,0
1866,,,,,,,,,,0.315,UP,0
1900,,,,,,,,,,0.31,UP,0
1933,,,,,,,,,,0.304,UP,0
1966,,,,,,,,,,0.304,UP,0
2000,,,,,,,,,,0.303,UP,0
2033,,,,,,,,,,0.242,UP,0
2066,,,,,,,,,,0.18,UP,0
2100,,,,,,,,,,0.122,UP,0
2133,,,,,,,,,,0.061,UP,0
2166,,,,,,,,,,0.0,UP,0
2200,,,,,,,,,,0.0,UP,0
2233,,,,,,,,,,0.0,UP,0
2266,,,,,,,,,,0.0,UP,0
2300,,,,,,,,,,0.056,UP,0
2333,,,,,,,,,,0.108,UP,0
2366,,,,,,,,,,0.155,UP,0
2400,,,,,,,,,,0.198,UP,0
2433,,,,,,,,,,0.238,UP,0
2466,,,,,,,,,,0.218,UP,0
2500,,,,,,,,,,0.199,UP,0
2533,,,,,,,,,,0.182,UP,0
2566,,,,,,,,,,0.165,UP,0
2600,,,,,,,,,,0.151,UP,0
2633,,,,,,,,,,0.139,UP,0
2666,,,,,,,,,,0.129,UP,0
2700,,,,,,,,,,0.119,UP,0
2733,,,,,,,,,,0.111,UP,0
2766,,,,,,,,,,0.104,UP,0
2800,,,,,,,,,,0.098,UP,0
2833,,,,,,,,,,0.093,UP,0
2866,,,,,,,,,,0.089,UP,0
2900,,,,,,,,,,0.086,UP,0
2933,,,,,,,,,,0.083,UP,0
2966,,,,,,,,,,0.08,UP,0
3000,,,,,,,,,,0.079,UP,0
3033,,,,,,,,,,0.078,UP,0
3066,,,,,,,,,,0.076,UP,0
3100,,,,,,,,,,0.076,UP,0
3133,,,,,,,,,,0.075,UP,0
3166,,,,,,,,,,0.073,UP,0
3200,,,,,,,,,,0.072,UP,0
3233,,,,,,,,,,0.07,UP,0
3266,,,,,,,,,,0.067,UP,0
3300,,,,,,,,,,0.065,UP,0
3333,,,,,,,,,,0.064,UP,0
3366,,,,,,,,,,0.063,UP,0
3400,,,,,,,,,,0.062,UP,0
3433,,,,,,,,,,0.063,UP,0
3466,,,,,,,,,,0.065,UP,0
3500,,,,,,,,,,0.067,UP,0
3533,,,,,,,,,,0.069,UP,0
3566,,,,,,,,,,0.072,UP,0
3600,,,,,,,,,,0.074,UP,0
3633,,,,,,,,,,0.076,UP,0
3666,,,,,,,,,,0.077,UP,0
3700,,,,,,,,,,0.078,UP,0
3733,,,,,,,,,,0.079,UP,0
3766,,,,,,,,,,0.079,UP,0
3800,,,,,,,,,,0.078,UP,0
3833,,,,,,,,,,0.078,UP,0
3866,,,,,,,,,,0.077,UP,0
3900,,,,,,,,,,0.075,UP,0
3933,,,,,,,,,,0.072,UP,0
3966,,,,,,,,,,0.07,UP,0
4000,,,,,,,,,,0.068,UP,0
4033,,,,,,,,,,0.067,UP,0
4066,,,,,,,,,,0.067,UP,0
4100,,,,,,,,,,0.068,UP,0
4133,,,,,,,,,,0.071,UP,0
4166,,,,,,,,,,0.072,UP,0
4200,,,,,,,,,,0.072,UP,0
4233,,,,,,,,,,0.072,UP,0
4266,,,,,,,,,,0.071,UP,0
4300,,,,,,,,,,0.069,UP,0
4333,,,,,,,,,,0.066,UP,0
4366,,,,,,,,,,0.063,UP,0
4400,,,,,,,,,,0.061,UP,0
4433,,,,,,,,,,0.058,UP,0
4466,,,,,,,,,,0.056,UP,0
4500,,,,,,,,,,0.054,UP,0
4533,,,,,,,,,,0.051,UP,0
4566,,,,,,,,,,0.049,UP,0
4600,,,,,,,,,,0.048,UP,0
4633,,,,,,,,,,0.047,UP,0
4666,,,,,,,,,,0.048,UP,0
4700,,,,,,,,,,0.049,UP,0
4733,,,,,,,,,,0.049,UP,0
4766,,,,,,,,,,0.049,UP,0
4800,,,,,,,,,,0.048,UP,0
4833,,,,,,,,,,0.045,UP,0
4866,,,,,,,,,,0.043,UP,0
4900,,,,,,,,,,0.042,UP,0
4933,,,,,,,,,,0.041,UP,0
4966,,,,,,,,,,0.041,UP,0
5000,,,,,,,,,,0.041,UP,0
5033,,,,,,,,,,0.042,UP,0
5066,,,,,,,,,,0.045,UP,0
5100,,,,,,,,,,0.047,UP,0
5133,,,,,,,,,,0.049,UP,0
5166,,,,,,,,,,0.052,UP,0
5200,,,,,,,,,,0.054,UP,0
5233,,,,,,,,,,0.055,UP,0
5266,,,,,,,,,,0.056,UP,0
5300,,,,,,,,,,0.057,UP,0
5333,,,,,,,,,,0.059,UP,0
5366,,,,,,,,,,0.06,UP,0
5400,,,,,,,,,,0.06,UP,0
5433,,,,,,,,,,0.06,UP,0
5466,,,,,,,,,,0.059,UP,0
5500,,,,,,,,,,0.058,UP,0
5533,,,,,,,,,,0.056,UP,0
5566,,,,,,,,,,0.055,UP,0
5600,,,,,,,,,,0.054,UP,0
5633,,,,,,,,,,0.053,UP,0
5666,,,,,,,,,,0.053,UP,0
5700,,,,,,,,,,0.052,UP,0
5733,,,,,,,,,,0.05,UP,0
5766,,,,,,,,,,0.049,UP,0
5800,,,,,,,,,,0.047,UP,0
5833,,,,,,,,,,0.046,UP,0
5866,,,,,,,,,,0.046,UP,0
5900,,,,,,,,,,0.047,UP,0
5933,,,,,,,,,,0.048,UP,0
5966,,,,,,,,,,0.05,UP,0
6000,,,,,,,,,,0.041,UP,0
6033,,,,,,,,,,0.031,UP,0
6066,,,,,,,,,,0.021,UP,0
6100,,,,,,,,,,0.01,UP,0
6133,,,,,,,,,,0.0,UP,0
6166,,,,,,,,,,0.0,UP,0
6200,,,,,,,,,,0.0,UP,0
6233,,,,,,,,,,0.0,UP,0
6266,,,,,,,,,,0.0,UP,0
6300,,,,,,,,,,0.0,UP,0
6333,,,,,,,,,,0.0,UP,0
6366,,,,,,,,,,0.0,UP,0
6400,,,,,,,,,,0.0,UP,0
6433,,,,,,,,,,0.0,UP,0
6466,,,,,,,,,,0.0,UP,0
6500,,,,,,,,,,0.0,UP,0
6533,,,,,,,,,,0.0,UP,0
6566,,,,,,,,,,0.0,UP,0
6600,,,,,,,,,,0.0,UP,0
6633,,,,,,,,,,0.0,UP,0
6666,,,,,,,,,,0.0,UP,0
6700,,,,,,,,,,0.0,UP,0
6733,,,,,,,,,,0.0,UP,0
6766,,,,,,,,,,0.0,UP,0
6800,,,,,,,,,,0.0,UP,0
6833,,,,,,,,,,0.0,UP,0
6866,,,,,,,,,,0.0,UP,0
6900,,,,,,,,,,0.0,UP,0
6933,,,,,,,,,,0.0,UP,0
6966,,,,,,,,,,0.0,UP,0
7000,,,,,,,,,,0.0,UP,0
7033,,,,,,,,,,0.026,UP,0
7066,,,,,,,,,,0.059,UP,0
7100,,,,,,,,,,0.102,UP,0
7133,,,,,,,,,,0.156,UP,0
7166,,,,,,,,,,0.221,UP,0
7200,,,,,,,,,,0.272,UP,0
7233,,,,,,,,,,0.324,UP,0
7266,,,,,,,,,,0.377,UP,0
7300,,,,,,,,,,0.424,UP,0
7333,,,,,,,,,,0.469,UP,0
7366,176.2,178.1,177.2,177.2,174.5,169.3,171.9,171.9,2.7,0.507,UP,0
7400,176.6,178.6,177.6,177.4,173.6,169.0,171.3,171.6,1.8,0.537,UP,0
7433,177.8,178.4,178.1,177.6,173.1,170.7,171.9,171.7,0.1,0.557,UP,0
7466,179.4,175.2,177.3,177.5,172.5,171.4,172.0,171.8,1.4,0.572,UP,0
7500,179.4,176.3,177.8,177.6,173.9,173.3,173.6,172.1,2.0,0.584,UP,0
7533,179.5,177.6,178.5,177.9,173.9,175.1,174.5,172.7,2.3,0.594,UP,0
7566,179.0,177.6,178.3,178.0,173.1,175.3,174.2,173.2,2.8,0.607,UP,0
7600,179.0,174.6,176.8,177.8,171.3,172.4,171.9,173.2,3.6,0.627,UP,0
7633,178.1,179.4,178.8,178.1,170.8,169.8,170.3,172.9,4.3,0.648,UP,0
7666,176.9,178.8,177.8,178.1,168.0,167.4,167.7,171.7,4.4,0.671,UP,0
7700,177.8,179.7,178.7,178.1,169.1,167.4,168.3,170.5,4.4,0.692,UP,0
7733,176.2,172.6,174.4,177.3,165.9,168.4,167.2,169.1,1.7,0.71,UP,0
7766,170.9,176.8,173.8,176.7,172.6,169.1,170.9,168.9,2.9,0.726,UP,0
7800,176.0,175.9,176.0,176.2,173.2,168.0,170.6,168.9,0.8,0.74,UP,0
7833,179.9,179.4,179.7,176.5,171.9,170.8,171.3,169.6,0.5,0.753,UP,0
7866,179.0,179.8,179.4,176.7,170.9,171.2,171.0,170.2,0.9,0.766,UP,0
7900,179.0,179.5,179.3,177.6,170.1,169.9,170.0,170.8,1.8,0.779,UP,0
7933,178.6,178.9,178.8,178.6,170.5,168.6,169.6,170.5,3.0,0.791,UP,0
7966,178.9,175.5,177.2,178.9,168.8,169.6,169.2,170.2,2.6,0.803,UP,0
8000,179.9,176.7,178.3,178.6,167.3,169.8,168.5,169.7,2.3,0.813,UP,0
8033,179.6,176.7,178.2,178.4,166.2,169.8,168.0,169.1,2.3,0.822,UP,0
8066,179.9,175.5,177.7,178.0,167.0,171.0,169.0,168.9,1.9,0.83,UP,0
8100,179.9,175.9,177.9,177.9,167.4,171.9,169.6,168.9,1.4,0.837,UP,0
8133,179.3,175.4,177.4,177.9,168.6,171.4,170.0,169.0,1.2,0.844,UP,0
8166,178.5,176.5,177.5,177.7,168.4,173.4,170.9,169.5,0.0,0.851,UP,0
8200,178.1,178.4,178.2,177.7,171.7,171.0,171.3,170.2,0.4,0.858,UP,0
8233,178.1,179.9,179.0,178.0,170.9,168.8,169.8,170.3,0.4,0.866,UP,0
8266,176.4,178.0,177.2,177.9,173.2,167.6,170.4,170.5,0.6,0.873,UP,0
8300,177.6,174.3,176.0,177.6,170.9,166.5,168.7,170.2,1.1,0.881,UP,0
8333,179.4,174.7,177.1,177.5,170.4,166.9,168.7,169.8,1.6,0.889,UP,0
8366,179.5,173.2,176.4,177.1,171.8,165.5,168.6,169.3,0.9,0.896,UP,0
8400,179.3,172.3,175.8,176.5,171.9,164.4,168.1,168.9,0.8,0.902,UP,0
8433,179.5,174.7,177.1,176.5,171.8,163.4,167.6,168.4,0.6,0.908,UP,0
8466,179.6,174.5,177.0,176.7,169.8,164.8,167.3,168.1,1.2,0.912,UP,0
8500,178.4,177.7,178.1,176.9,169.1,166.3,167.7,167.9,0.4,0.916,UP,0
8533,178.3,178.8,178.5,177.3,166.4,167.4,166.9,167.5,0.1,0.919,UP,0
8566,177.3,172.7,175.0,177.2,162.9,165.8,164.4,166.8,0.9,0.921,UP,0
8600,178.5,176.7,177.6,177.3,166.4,166.5,166.5,166.5,1.9,0.922,UP,0
8633,179.2,175.9,177.5,177.4,167.5,168.2,167.9,166.7,2.6,0.923,UP,0
8666,179.1,179.9,179.5,177.6,166.9,167.5,167.2,166.6,2.5,0.924,UP,0
8700,177.7,177.1,177.4,177.4,167.7,167.4,167.5,166.7,2.7,0.925,UP,0
8733,176.9,176.9,176.9,177.8,166.8,167.5,167.1,167.2,2.3,0.927,UP,0
8766,176.3,173.6,174.9,177.2,167.1,166.8,166.9,167.3,2.2,0.929,UP,0
8800,175.6,174.2,174.9,176.7,168.0,167.0,167.5,167.3,2.1,0.93,UP,0
8833,175.5,174.5,175.0,175.8,168.1,167.0,167.5,167.3,2.0,0.932,UP,0
8866,175.1,177.8,176.4,175.6,168.1,166.8,167.5,167.3,1.9,0.933,UP,0
8900,175.2,178.5,176.9,175.6,168.2,166.9,167.5,167.4,2.0,0.934,UP,0
8933,175.3,176.1,175.7,175.8,167.6,167.6,167.6,167.5,1.5,0.935,UP,0
8966,175.2,175.3,175.2,175.9,167.2,167.9,167.5,167.5,1.1,0.937,UP,0
9000,174.8,174.6,174.7,175.8,167.4,168.5,168.0,167.6,0.8,0.937,UP,0
9033,174.5,173.3,173.9,175.3,167.7,168.5,168.1,167.7,0.7,0.938,UP,0
9066,174.1,176.3,175.2,174.9,168.2,168.2,168.2,167.9,0.7,0.938,UP,0
9100,174.4,175.2,174.8,174.8,168.4,167.9,168.2,168.0,0.9,0.938,UP,0
9133,174.5,176.2,175.3,174.8,168.5,168.1,168.3,168.1,0.9,0.938,UP,0
9166,174.8,176.7,175.7,175.0,168.6,168.2,168.4,168.2,1.0,0.938,UP,0
9200,174.9,179.0,177.0,175.6,168.7,168.7,168.7,168.4,1.0,0.938,UP,0
9233,175.1,175.8,175.5,175.7,169.3,168.4,168.8,168.5,1.2,0.937,UP,0
9266,175.5,175.5,175.5,175.8,169.4,168.5,169.0,168.7,1.4,0.936,UP,0
9300,175.6,175.8,175.7,175.9,169.5,168.8,169.2,168.8,1.4,0.936,UP,0
9333,175.9,177.4,176.6,176.0,169.4,168.9,169.2,169.0,1.4,0.937,UP,0
9366,175.9,177.4,176.6,176.0,169.5,168.7,169.1,169.0,1.4,0.937,UP,0
9400,176.1,178.3,177.2,176.3,169.3,169.0,169.1,169.1,1.4,0.938,UP,0
9433,176.0,179.8,177.9,176.8,169.5,168.6,169.0,169.1,1.5,0.939,UP,0
9466,177.9,176.8,177.4,177.1,168.8,168.1,168.5,169.0,1.7,0.941,UP,0
9500,179.8,177.5,178.6,177.5,168.2,167.4,167.8,168.7,1.8,0.942,UP,0
9533,178.4,176.4,177.4,177.7,167.6,166.3,166.9,168.3,2.0,0.944,UP,0
9566,177.8,178.3,178.1,177.9,167.9,165.5,166.7,167.8,2.2,0.946,UP,0
9600,176.7,179.2,178.0,177.9,167.6,164.5,166.1,167.2,2.3,0.947,UP,0
9633,173.5,177.6,175.6,177.5,166.5,161.7,164.1,166.3,2.5,0.948,UP,0
9666,170.7,173.4,172.0,176.2,165.1,159.4,162.3,165.2,2.7,0.949,UP,0
9700,169.0,173.7,171.4,175.0,164.1,157.9,161.0,164.0,2.7,0.949,UP,0
9733,167.5,172.5,170.0,173.4,163.1,156.8,160.0,162.7,2.5,0.951,UP,0
9766,166.5,172.9,169.7,171.7,162.8,155.8,159.3,161.3,2.8,0.953,UP,0
9800,167.3,169.3,168.3,170.3,163.9,154.9,159.4,160.4,3.1,0.953,UP,0
9833,167.6,170.6,169.1,169.7,164.3,155.1,159.7,159.9,3.2,0.954,UP,0
9866,167.6,171.4,169.5,169.3,164.2,154.6,159.4,159.6,3.0,0.954,UP,0
9900,167.7,171.4,169.5,169.2,164.3,154.3,159.3,159.4,3.0,0.953,UP,0
9933,168.3,166.9,167.6,168.8,164.8,154.0,159.4,159.4,3.1,0.952,UP,0
9966,168.0,168.0,168.0,168.8,164.5,154.3,159.4,159.4,3.0,0.951,UP,0
10000,166.2,167.6,166.9,168.3,163.5,154.2,158.9,159.3,2.9,0.95,UP,0
10033,164.0,167.0,165.5,167.5,162.2,153.7,157.9,159.0,2.8,0.949,UP,0
10066,161.5,164.8,163.2,166.2,160.2,154.7,157.5,158.6,2.6,0.946,UP,0
10100,157.6,166.8,162.2,165.1,157.3,154.8,156.0,157.9,2.6,0.939,UP,0
10133,153.9,125.0,139.5,159.4,155.4,155.5,155.5,157.2,2.5,0.921,UP,0
10166,152.6,121.3,136.9,153.5,154.7,152.9,153.8,156.1,2.6,0.898,UP,0
10200,152.2,90.0,121.1,144.6,155.0,152.0,153.5,155.3,2.8,0.865,UP,0
10233,150.9,54.2,102.6,132.4,154.2,145.8,150.0,153.8,2.8,0.823,UP,0
10266,151.3,40.7,96.0,119.2,154.8,145.1,149.9,152.5,2.7,0.778,DOWN,0
10300,151.3,47.2,99.3,111.2,154.7,144.2,149.5,151.3,2.8,0.734,DOWN,0
10333,150.5,46.9,98.7,103.5,154.3,143.3,148.8,150.3,2.6,0.689,DOWN,0
10366,150.6,42.8,96.7,98.7,154.6,146.7,150.7,149.8,2.6,0.646,DOWN,0
10400,150.3,47.5,98.9,97.9,154.2,146.4,150.3,149.8,2.5,0.609,DOWN,0
10433,150.6,40.9,95.8,97.9,154.7,146.2,150.4,149.9,2.5,0.575,DOWN,0
10466,150.3,43.0,96.6,97.3,154.5,146.3,150.4,150.1,2.6,0.545,DOWN,0
10500,150.1,47.1,98.6,97.3,154.3,146.7,150.5,150.5,2.6,0.52,BOTTOM,0
10533,,,,,,,,,,0.496,BOTTOM,0
10566,,,,,,,,,,0.475,BOTTOM,0
10600,,,,,,,,,,0.455,BOTTOM,0
10633,,,,,,,,,,0.437,BOTTOM,0
10666,,,,,,,,,,0.417,BOTTOM,0
10700,,,,,,,,,,0.397,BOTTOM,0
10733,,,,,,,,,,0.378,BOTTOM,0
10766,,,,,,,,,,0.359,BOTTOM,0
10800,,,,,,,,,,0.342,BOTTOM,0
10833,,,,,,,,,,0.326,BOTTOM,0
10866,,,,,,,,,,0.314,BOTTOM,0
10900,,,,,,,,,,0.303,BOTTOM,0
10933,,,,,,,,,,0.294,BOTTOM,0
10966,,,,,,,,,,0.288,BOTTOM,0
11000,,,,,,,,,,0.283,BOTTOM,0
11033,,,,,,,,,,0.278,BOTTOM,0
11066,,,,,,,,,,0.273,BOTTOM,0
11100,,,,,,,,,,0.268,BOTTOM,0
11133,,,,,,,,,,0.262,BOTTOM,0
11166,,,,,,,,,,0.257,BOTTOM,0
11200,,,,,,,,,,0.257,BOTTOM,0
11233,,,,,,,,,,0.267,BOTTOM,0
11266,,,,,,,,,,0.29,BOTTOM,0
11300,,,,,,,,,,0.325,BOTTOM,0
11333,,,,,,,,,,0.369,BOTTOM,0
11366,,,,,,,,,,0.419,BOTTOM,0
11400,,,,,,,,,,0.468,BOTTOM,0
11433,172.8,177.7,175.3,113.0,165.0,158.9,161.9,152.7,2.6,0.515,BOTTOM,0
11466,174.9,177.0,175.9,128.4,164.0,160.7,162.3,155.1,2.3,0.558,BOTTOM,0
11500,174.7,178.8,176.7,144.6,161.7,166.8,164.2,157.9,2.3,0.597,BOTTOM,0
11533,174.6,174.1,174.3,160.2,161.8,163.1,162.5,160.3,2.1,0.632,BOTTOM,0
11566,175.4,170.0,172.7,175.0,162.8,163.0,162.9,162.8,1.9,0.662,DOWN,0
11600,178.6,169.7,174.1,174.8,164.8,163.6,164.2,163.2,1.5,0.69,DOWN,0
11633,179.5,169.9,174.7,174.5,166.6,163.7,165.2,163.8,1.7,0.715,DOWN,0
11666,179.5,169.7,174.6,174.1,166.7,164.4,165.5,164.1,1.6,0.737,DOWN,0
11700,179.2,171.2,175.2,174.3,166.7,165.0,165.9,164.7,1.5,0.757,DOWN,0
11733,177.8,171.1,174.5,174.6,167.8,165.0,166.4,165.4,1.5,0.776,UP,1
11766,177.3,175.9,176.6,175.1,168.2,166.2,167.2,166.0,1.6,0.794,UP,1
11800,176.5,174.8,175.7,175.3,169.0,166.4,167.7,166.5,1.7,0.809,UP,1
11833,176.5,177.8,177.2,175.8,169.0,166.9,168.0,167.0,1.6,0.824,UP,1
11866,176.1,176.6,176.4,176.0,169.3,166.9,168.1,167.5,1.6,0.837,UP,1
11900,176.2,178.0,177.1,176.6,169.3,166.9,168.1,167.8,1.6,0.849,UP,1
11933,176.1,176.0,176.0,176.5,169.4,166.8,168.1,168.0,1.6,0.859,UP,1
11966,175.3,173.0,174.2,176.2,169.7,166.9,168.3,168.1,1.6,0.868,UP,1
12000,175.4,173.6,174.5,175.6,169.7,166.9,168.3,168.2,1.6,0.877,UP,1
12033,175.4,171.7,173.5,175.1,169.7,167.0,168.3,168.2,1.6,0.884,UP,1
12066,175.2,172.4,173.8,174.4,169.7,167.6,168.7,168.3,1.5,0.891,UP,1
12100,175.4,172.6,174.0,174.0,169.5,168.0,168.8,168.5,1.4,0.897,UP,1
12133,175.6,179.0,177.3,174.6,168.9,167.6,168.2,168.5,1.2,0.902,UP,1
12166,175.7,178.7,177.2,175.2,168.1,168.1,168.1,168.4,0.7,0.907,UP,1
12200,175.4,179.2,177.3,175.9,167.9,168.6,168.3,168.4,0.3,0.911,UP,1
12233,175.7,177.9,176.8,176.5,167.4,168.7,168.0,168.3,0.1,0.914,UP,1
12266,174.4,173.5,173.9,176.5,164.2,176.3,170.3,168.6,0.3,0.917,UP,1
12300,175.7,176.6,176.2,176.3,163.7,168.7,166.2,168.2,0.2,0.919,UP,1
12333,173.9,178.3,176.1,176.1,163.1,166.3,164.7,167.5,0.8,0.921,UP,1
12366,169.0,170.8,169.9,174.6,161.1,160.7,160.9,166.0,1.4,0.921,UP,1
12400,161.1,168.5,164.8,172.2,157.9,155.2,156.5,163.7,2.1,0.922,UP,1
12433,154.7,167.3,161.0,169.6,154.4,155.1,154.8,160.6,2.9,0.921,UP,1
12466,147.9,156.5,152.2,164.8,150.7,153.5,152.1,157.8,3.7,0.913,UP,1
12500,144.5,138.5,141.5,157.9,147.7,152.4,150.0,154.9,4.3,0.897,UP,1
12533,137.4,84.7,111.0,146.1,141.6,155.2,148.4,152.4,4.1,0.871,UP,1
12566,117.0,19.3,68.1,126.8,124.2,138.0,131.1,147.3,4.0,0.834,UP,1
12600,89.8,174.3,132.1,121.0,98.8,99.2,99.0,136.1,2.0,0.789,UP,1
12633,82.0,178.5,130.2,116.6,87.5,87.8,87.7,123.2,0.5,0.747,DOWN,1
12666,67.0,168.9,118.0,111.9,70.3,77.4,73.9,108.0,2.0,0.716,DOWN,1
12700,59.2,158.9,109.0,111.5,61.3,69.6,65.5,91.4,2.3,0.698,DOWN,1
12733,46.5,44.6,45.6,107.0,46.9,50.4,48.7,74.9,2.0,0.683,DOWN,1
12766,28.2,33.0,30.6,86.7,35.0,23.6,29.3,61.0,2.6,0.678,DOWN,1
12800,21.3,45.8,33.5,67.3,24.9,24.3,24.6,48.4,1.9,0.681,DOWN,1
12833,21.2,57.0,39.1,51.6,27.1,22.6,24.9,38.6,0.6,0.684,DOWN,1
12866,24.0,29.4,26.7,35.1,29.5,26.6,28.1,31.1,0.9,0.685,DOWN,1
12900,32.9,7.0,19.9,30.0,36.9,24.7,30.8,27.5,0.5,0.693,BOTTOM,1
12933,40.6,54.2,47.4,33.3,41.6,42.0,41.8,30.0,0.7,0.702,BOTTOM,1
12966,48.8,80.7,64.8,39.6,46.0,56.1,51.1,35.3,1.7,0.708,BOTTOM,1
13000,51.0,87.2,69.1,45.6,47.5,54.8,51.1,40.6,1.8,0.713,BOTTOM,1
13033,53.0,118.2,85.6,57.4,48.4,61.8,55.1,46.0,2.1,0.719,BOTTOM,1
13066,54.9,117.6,86.3,70.6,49.1,62.5,55.8,51.0,2.4,0.727,BOTTOM,1
13100,55.8,122.2,89.0,78.9,49.6,63.2,56.4,53.9,2.6,0.735,BOTTOM,1
13133,57.7,116.4,87.1,83.4,52.3,66.7,59.5,55.6,2.6,0.741,BOTTOM,1
13166,65.5,152.2,108.8,91.4,61.3,78.9,70.1,59.4,2.0,0.746,BOTTOM,1
13200,88.1,40.9,64.5,87.1,85.9,97.7,91.8,66.7,1.2,0.74,BOTTOM,1
13233,111.0,27.0,69.0,83.7,108.4,135.9,122.1,80.0,1.0,0.722,BOTTOM,1
13266,128.7,79.1,103.9,86.7,127.2,138.5,132.9,95.3,0.2,0.697,BOTTOM,1
13300,141.3,163.9,152.6,99.8,138.7,160.1,149.4,113.3,0.2,0.668,BOTTOM,1
13333,147.8,159.6,153.7,108.7,146.3,160.2,153.3,129.9,0.7,0.638,BOTTOM,1
13366,154.0,165.0,159.5,127.7,152.5,158.2,155.4,142.6,1.2,0.619,BOTTOM,1
13400,159.2,165.6,162.4,146.4,155.8,157.4,156.6,149.5,0.6,0.617,BOTTOM,1
13433,167.0,172.0,169.5,159.5,161.8,158.4,160.1,154.9,1.0,0.627,BOTTOM,1
13466,173.3,173.6,173.4,163.7,163.8,160.0,161.9,157.4,0.7,0.646,DOWN,1
13500,177.1,172.2,174.7,167.9,165.6,162.3,163.9,159.6,1.1,0.67,DOWN,1
13533,178.3,174.0,176.1,171.2,166.7,165.5,166.1,161.7,0.9,0.698,DOWN,1
13566,178.9,178.7,178.8,174.5,167.4,166.2,166.8,163.8,0.8,0.724,DOWN,1
13600,179.9,176.5,178.2,176.3,169.1,166.4,167.7,165.3,1.2,0.747,DOWN,1
13633,178.0,174.2,176.1,176.8,169.8,165.6,167.7,166.4,1.1,0.766,UP,2
13666,178.4,176.7,177.5,177.4,169.4,165.7,167.5,167.2,1.1,0.784,UP,2
13700,177.6,176.1,176.8,177.5,169.5,164.9,167.2,167.4,1.1,0.799,UP,2
13733,178.0,177.0,177.5,177.2,169.3,165.3,167.3,167.5,1.1,0.813,UP,2
13766,177.6,175.4,176.5,176.9,169.2,166.0,167.6,167.5,1.1,0.825,UP,2
13800,177.5,176.7,177.1,177.1,169.6,166.3,167.9,167.5,1.4,0.837,UP,2
13833,178.0,177.2,177.6,177.1,168.8,167.0,167.9,167.6,1.2,0.848,UP,2
13866,176.3,179.0,177.6,177.3,169.8,168.1,169.0,167.9,1.0,0.857,UP,2
13900,175.9,179.8,177.8,177.3,169.3,168.8,169.1,168.3,0.7,0.866,UP,2
13933,175.5,179.8,177.7,177.6,169.3,168.9,169.1,168.6,0.7,0.873,UP,2
13966,176.0,179.9,177.9,177.7,168.9,169.0,168.9,168.8,0.7,0.88,UP,2
14000,175.5,178.3,176.9,177.6,168.6,169.4,169.0,169.0,0.5,0.886,UP,2
14033,174.4,177.7,176.0,177.3,169.3,169.7,169.5,169.1,0.6,0.892,UP,2
14066,174.1,178.2,176.1,176.9,169.3,169.9,169.6,169.2,0.5,0.897,UP,2
14100,173.9,179.1,176.5,176.7,169.5,169.7,169.6,169.3,0.6,0.902,UP,2
14133,173.9,178.1,176.0,176.3,169.5,169.7,169.6,169.5,0.6,0.907,UP,2
14166,174.1,178.7,176.4,176.2,169.4,169.6,169.5,169.6,0.6,0.912,UP,2
14200,174.4,179.7,177.1,176.4,169.6,169.4,169.5,169.6,0.8,0.916,UP,2
14233,175.5,178.9,177.2,176.6,169.1,169.7,169.4,169.5,0.6,0.92,UP,2
14266,178.9,177.4,178.2,177.0,167.6,168.9,168.2,169.2,0.7,0.923,UP,2
14300,179.0,178.0,178.5,177.5,166.7,167.8,167.3,168.8,0.8,0.925,UP,2
14333,175.4,178.2,176.8,177.5,165.5,165.6,165.6,168.0,1.3,0.926,UP,2
14366,168.6,175.5,172.1,176.5,162.5,160.3,161.4,166.4,1.6,0.927,UP,2
14400,162.3,170.9,166.6,174.4,160.1,155.5,157.8,164.0,2.3,0.927,UP,2
14433,156.2,170.2,163.2,171.4,157.2,157.1,157.2,161.8,3.2,0.922,UP,2
14466,146.9,173.0,159.9,167.7,151.9,155.9,153.9,159.2,3.6,0.906,UP,2
14500,140.5,72.2,106.3,153.6,147.6,154.8,151.2,156.3,3.4,0.881,UP,2
14533,135.7,104.3,120.0,143.2,143.1,153.3,148.2,153.7,3.3,0.848,UP,2
14566,126.7,99.3,113.0,132.5,133.7,148.2,140.9,150.3,3.1,0.806,UP,2
14600,115.7,53.4,84.5,116.8,123.8,140.2,132.0,145.2,3.0,0.758,UP,2
14633,105.0,37.1,71.0,99.0,113.4,120.1,116.8,137.8,2.7,0.713,DOWN,2
14666,95.3,41.4,68.4,91.4,101.4,107.5,104.4,128.5,1.4,0.673,DOWN,2
14700,83.2,29.2,56.2,78.6,89.6,96.7,93.1,117.5,1.2,0.633,DOWN,2
14733,69.4,177.8,123.6,80.7,75.3,85.8,80.5,105.4,0.1,0.608,DOWN,2
14766,60.4,172.3,116.4,87.1,63.5,78.5,71.0,93.2,1.3,0.599,DOWN,2
14800,50.4,104.7,77.5,88.4,51.1,74.7,62.9,82.4,2.9,0.599,BOTTOM,2
14833,42.4,142.8,92.6,93.3,44.0,66.4,55.2,72.6,2.3,0.608,BOTTOM,2
14866,34.3,39.8,37.0,89.4,36.8,32.5,34.6,60.9,2.0,0.623,BOTTOM,2
14900,30.9,47.6,39.2,72.6,31.8,29.4,30.6,50.9,1.5,0.634,BOTTOM,2
14933,25.0,117.8,71.4,63.5,29.4,35.5,32.4,43.2,0.2,0.644,BOTTOM,2
14966,18.1,120.8,69.5,61.9,28.1,37.6,32.9,37.1,1.2,0.659,BOTTOM,2
15000,18.4,122.5,70.4,57.5,27.1,38.3,32.7,32.6,1.5,0.672,BOTTOM,2
15033,19.3,121.1,70.2,64.1,26.5,37.5,32.0,32.1,1.6,0.69,BOTTOM,2
15066,19.8,114.0,66.9,69.7,26.3,39.2,32.7,32.5,1.7,0.711,BOTTOM,2
15100,20.6,102.4,61.5,67.7,26.8,39.3,33.0,32.7,1.6,0.729,BOTTOM,2
15133,21.2,118.8,70.0,67.8,27.3,43.8,35.5,33.2,1.5,0.746,BOTTOM,2
15166,25.9,1.5,13.7,56.5,28.1,22.7,25.4,31.7,1.6,0.756,BOTTOM,2
15200,24.9,67.6,46.3,51.7,27.5,34.4,30.9,31.5,1.6,0.765,BOTTOM,2
15233,25.8,67.9,46.8,47.7,27.6,33.7,30.7,31.1,1.5,0.773,BOTTOM,2
15266,25.4,70.6,48.0,45.0,27.2,32.9,30.1,30.5,1.6,0.779,BOTTOM,2
15300,25.8,45.2,35.5,38.1,26.9,27.5,27.2,28.9,1.6,0.783,BOTTOM,2
15333,25.2,64.0,44.6,44.2,26.3,29.6,27.9,29.4,1.7,0.792,BOTTOM,2
15366,24.8,53.8,39.3,42.8,25.8,28.6,27.2,28.6,1.7,0.799,BOTTOM,2
15400,24.9,63.2,44.1,42.3,25.9,30.7,28.3,28.1,1.7,0.806,BOTTOM,2
15433,24.7,52.9,38.8,40.4,24.4,28.8,26.6,27.4,1.7,0.811,BOTTOM,2
15466,24.6,51.2,37.9,40.9,24.5,28.7,26.6,27.3,1.7,0.816,BOTTOM,2
15500,24.8,52.4,38.6,39.7,24.5,29.3,26.9,27.1,1.8,0.82,BOTTOM,2
15533,25.4,53.5,39.5,39.8,24.3,27.0,25.6,26.8,1.3,0.823,BOTTOM,2
15566,26.2,52.9,39.5,38.9,24.2,25.8,25.0,26.1,1.3,0.824,BOTTOM,2
15600,26.3,55.8,41.1,39.3,24.6,30.0,27.3,26.3,1.0,0.827,BOTTOM,2
15633,26.9,63.8,45.3,40.8,24.7,31.2,27.9,26.6,1.0,0.83,BOTTOM,2
15666,26.9,57.6,42.2,41.5,25.0,29.1,27.0,26.6,1.1,0.833,BOTTOM,2
15700,30.3,38.1,34.2,40.5,28.8,39.9,34.3,28.3,0.9,0.835,BOTTOM,2
15733,39.7,48.4,44.0,41.4,37.2,48.3,42.7,31.9,0.5,0.835,BOTTOM,2
15766,57.2,63.4,60.3,45.2,53.6,66.9,60.2,38.5,2.1,0.829,BOTTOM,2
15800,79.5,147.7,113.6,58.9,75.4,103.3,89.3,50.7,2.1,0.82,BOTTOM,2
15833,101.6,28.3,65.0,63.4,96.4,133.2,114.8,68.3,1.5,0.801,BOTTOM,2
15866,120.8,88.8,104.8,77.5,114.9,148.6,131.8,87.8,1.2,0.773,BOTTOM,2
15900,134.4,126.7,130.6,94.8,128.1,160.6,144.3,108.1,1.1,0.741,BOTTOM,2
15933,143.4,135.5,139.4,110.7,136.9,164.5,150.7,126.2,1.0,0.707,BOTTOM,2
15966,149.8,171.8,160.8,120.1,141.5,167.2,154.4,139.2,0.8,0.68,BOTTOM,2
16000,154.6,176.1,165.4,140.2,145.6,173.2,159.4,148.1,0.5,0.664,BOTTOM,2
16033,171.2,177.9,174.6,154.2,160.7,179.6,170.1,155.8,0.8,0.663,BOTTOM,2
16066,170.4,174.5,172.4,162.5,159.8,178.0,168.9,160.7,1.0,0.674,DOWN,2
16100,175.1,174.3,174.7,169.6,163.3,174.5,168.9,164.3,2.2,0.695,DOWN,2
16133,179.4,177.1,178.3,173.1,165.2,173.2,169.2,167.3,2.7,0.716,DOWN,2
16166,179.6,179.3,179.4,175.9,165.8,173.7,169.7,169.4,3.3,0.739,DOWN,2
16200,179.5,178.1,178.8,176.7,179.2,165.6,172.4,169.8,3.3,0.757,DOWN,2
16233,169.1,179.6,174.3,177.1,171.6,174.7,173.2,170.7,5.5,0.773,UP,3
16266,173.9,177.4,175.7,177.3,168.9,169.7,169.3,170.8,5.3,0.786,UP,3
16300,176.7,175.5,176.1,176.9,168.7,167.3,168.0,170.5,4.4,0.793,UP,3
16333,177.5,171.2,174.4,175.9,178.3,172.1,175.2,171.6,3.4,0.794,UP,3
16366,179.6,177.6,178.6,175.8,178.7,178.7,178.7,172.9,1.8,0.794,UP,3
16400,174.1,178.6,176.4,176.2,170.3,169.9,170.1,172.3,2.9,0.79,UP,3
16433,178.3,171.8,175.0,176.1,173.8,167.6,170.7,172.5,0.1,0.781,UP,3
16466,172.9,173.6,173.2,175.5,172.6,169.4,171.0,173.2,0.1,0.771,UP,3
16500,174.8,174.9,174.8,175.6,171.4,169.3,170.4,172.2,1.6,0.757,UP,3
16533,174.8,178.8,176.8,175.2,170.2,170.2,170.2,170.5,1.4,0.738,UP,3
16566,174.9,175.2,175.1,175.0,172.0,165.8,168.9,170.2,3.3,0.715,UP,3
16600,172.1,169.9,171.0,174.2,170.4,165.9,168.2,169.7,1.6,0.693,UP,3
16633,174.1,170.7,172.4,174.0,171.4,165.7,168.5,169.2,2.1,0.67,UP,3
16666,174.0,174.0,174.0,173.9,174.6,170.2,172.4,169.6,3.0,0.65,UP,3
16700,178.2,173.5,175.8,173.7,174.7,175.8,175.2,170.6,0.5,0.629,UP,3
16733,171.0,178.1,174.5,173.6,179.2,169.2,174.2,171.7,1.8,0.608,UP,3
16766,,,,,,,,,,0.478,UP,3
16800,,,,,,,,,,0.352,UP,3
16833,,,,,,,,,,0.229,UP,3
16866,,,,,,,,,,0.111,UP,3
16900,,,,,,,,,,0.0,UP,3
16933,,,,,,,,,,0.0,UP,3
16966,,,,,,,,,,0.0,UP,3
17000,,,,,,,,,,0.0,UP,3
17033,,,,,,,,,,0.0,UP,3
17066,,,,,,,,,,0.0,UP,3
17100,,,,,,,,,,0.0,UP,3
17133,,,,,,,,,,0.0,UP,3
17166,,,,,,,,,,0.0,UP,3
17200,,,,,,,,,,0.0,UP,3
17233,,,,,,,,,,0.0,UP,3
17266,,,,,,,,,,0.0,UP,3
17300,,,,,,,,,,0.0,UP,3
17333,,,,,,,,,,0.0,UP,3
17366,,,,,,,,,,0.0,UP,3
17400,,,,,,,,,,0.0,UP,3
17433,,,,,,,,,,0.113,UP,3
17466,,,,,,,,,,0.23,UP,3
17500,,,,,,,,,,0.347,UP,3
17533,,,,,,,,,,0.467,UP,3
17566,178.0,176.3,177.2,174.8,168.3,164.5,166.4,171.4,4.7,0.594,UP,3
17600,179.2,174.6,176.9,175.7,161.1,161.7,161.4,169.9,4.0,0.614,UP,3
17633,179.0,172.3,175.6,176.0,173.1,170.1,171.6,169.8,2.7,0.632,UP,3
17666,179.2,177.5,178.3,176.5,163.1,162.8,163.0,167.3,3.2,0.655,UP,3
17700,175.0,177.8,176.4,176.9,161.3,163.7,162.5,165.0,2.9,0.677,UP,3
17733,162.7,179.7,171.2,175.7,166.2,179.6,172.9,166.3,3.2,0.696,UP,3
17766,169.4,157.7,163.6,173.0,167.7,165.7,166.7,167.3,2.7,0.711,UP,3
17800,163.2,162.6,162.9,170.5,157.6,152.6,155.1,164.0,4.6,0.726,UP,3
17833,154.4,167.1,160.8,167.0,157.2,148.8,153.0,162.0,5.3,0.74,UP,3
17866,149.3,159.5,154.4,162.6,152.9,148.1,150.5,159.6,4.9,0.753,UP,3
17900,148.2,155.2,151.7,158.7,150.5,146.7,148.6,154.8,4.5,0.764,UP,3
17933,150.1,151.7,150.9,156.1,151.3,146.8,149.1,151.3,3.9,0.775,UP,3
17966,152.8,156.9,154.8,154.5,152.8,147.8,150.3,150.3,3.7,0.786,UP,3
18000,157.7,160.2,159.0,154.2,154.6,148.3,151.5,150.0,3.3,0.798,UP,3
18033,165.5,163.4,164.5,156.2,158.1,150.3,154.2,150.7,3.4,0.81,DOWN,3
18066,166.4,170.2,168.3,159.5,159.4,155.1,157.3,152.5,2.4,0.821,DOWN,3
18100,178.3,177.2,177.8,164.9,175.0,177.2,176.1,157.9,0.6,0.826,DOWN,3
18133,175.1,171.4,173.2,168.6,164.9,173.4,169.2,161.6,2.3,0.829,DOWN,3
18166,175.1,169.1,172.1,171.2,161.0,172.1,166.6,164.7,2.4,0.831,DOWN,3
18200,177.7,170.8,174.3,173.1,158.7,171.1,164.9,166.8,2.2,0.831,DOWN,3
18233,178.5,174.5,176.5,174.8,159.1,169.3,164.2,168.2,1.7,0.831,UP,3
18266,179.4,175.1,177.2,174.7,158.9,170.3,164.6,165.9,2.0,0.835,UP,3
18300,178.5,175.8,177.1,175.4,160.9,170.2,165.6,165.2,1.5,0.839,UP,3
18333,178.6,179.0,178.8,176.8,161.9,169.4,165.7,165.0,1.1,0.843,UP,3
18366,178.5,178.2,178.4,177.6,162.9,169.8,166.4,165.3,0.9,0.847,UP,3
18400,178.9,179.4,179.1,178.1,163.2,169.3,166.2,165.7,0.8,0.851,UP,3
18433,178.9,179.5,179.2,178.5,163.8,169.1,166.4,166.1,0.7,0.856,UP,3
18466,179.0,179.8,179.4,179.0,163.8,169.1,166.4,166.2,0.8,0.862,UP,3
18500,179.1,179.7,179.4,179.1,164.0,169.2,166.6,166.4,0.8,0.866,UP,3
18533,179.0,180.0,179.5,179.3,164.1,169.6,166.8,166.5,0.8,0.871,UP,3
18566,178.7,180.0,179.4,179.4,164.7,169.4,167.0,166.7,0.6,0.875,UP,3
18600,178.3,179.8,179.1,179.3,165.0,168.9,166.9,166.8,0.4,0.878,UP,3
18633,178.1,179.6,178.9,179.2,165.5,168.7,167.1,166.9,0.0,0.879,UP,3
18666,177.6,177.8,177.7,178.9,166.0,167.4,166.7,166.9,0.5,0.88,UP,3
18700,177.2,176.8,177.0,178.4,166.2,167.1,166.6,166.9,0.6,0.879,UP,3
18733,176.9,175.7,176.3,177.8,165.9,166.7,166.3,166.7,0.5,0.878,UP,3
18766,177.3,178.2,177.7,177.5,164.7,168.8,166.7,166.7,0.4,0.876,UP,3
18800,179.6,176.0,177.8,177.3,159.9,169.9,164.9,166.3,0.3,0.874,UP,3
18833,177.5,169.1,173.3,176.4,157.7,168.1,162.9,165.5,0.9,0.874,UP,3
18866,176.2,171.8,174.0,175.8,179.4,152.1,165.8,165.3,0.5,0.874,UP,3
18900,178.0,172.7,175.4,175.6,177.1,156.3,166.7,165.4,2.2,0.874,UP,3
18933,175.0,178.5,176.7,175.4,171.1,173.5,172.3,166.5,5.9,0.876,UP,3
18966,174.2,174.1,174.2,174.7,169.7,171.0,170.4,167.6,5.3,0.876,UP,3
19000,176.2,176.7,176.4,175.3,171.0,173.2,172.1,169.4,3.8,0.872,UP,3
19033,177.2,178.3,177.8,176.1,173.4,172.7,173.0,170.9,4.8,0.865,UP,3
19066,179.7,178.2,179.0,176.8,174.7,171.6,173.2,172.2,4.8,0.857,UP,3
19100,176.1,175.0,175.6,176.6,179.5,164.6,172.0,172.1,3.0,0.847,UP,3
19133,177.5,179.5,178.5,177.4,177.6,175.8,176.7,173.4,3.6,0.839,UP,3
19166,173.0,179.4,176.2,177.4,167.5,168.6,168.1,172.6,0.5,0.832,UP,3
19200,170.5,178.6,174.6,176.8,175.5,171.9,173.7,172.7,0.4,0.824,UP,3
19233,174.5,178.4,176.5,176.3,174.8,172.7,173.7,172.8,1.4,0.815,UP,3
19266,178.4,174.4,176.4,176.4,167.9,169.9,168.9,172.2,1.9,0.801,UP,3
19300,178.1,175.8,176.9,176.1,175.9,172.6,174.2,171.7,1.0,0.777,UP,3
19333,179.9,179.5,179.7,176.8,176.0,174.7,175.4,173.2,0.5,0.749,UP,3
19366,,,,,,,,,,0.588,UP,3
19400,,,,,,,,,,0.43,UP,3
19433,,,,,,,,,,0.279,UP,3
19466,,,,,,,,,,0.135,UP,3
19500,,,,,,,,,,0.0,UP,3
19533,,,,,,,,,,0.0,UP,3
19566,,,,,,,,,,0.0,UP,3
19600,,,,,,,,,,0.0,UP,3
19633,,,,,,,,,,0.0,UP,3
19666,,,,,,,,,,0.0,UP,3
19700,,,,,,,,,,0.0,UP,3
19733,,,,,,,,,,0.0,UP,3
19766,,,,,,,,,,0.0,UP,3
19800,,,,,,,,,,0.0,UP,3
